compressor_id,operating_hour,discharge_temperature_C,discharge_pressure_bar,inlet_pressure_bar,oil_temperature_C,power_consumption_kw,efficiency,env_sensor_unitless,rul_hours
1,0,68.23443501558894,29.522907196281405,1.2121659013227897,54.576203510146044,43.20028749129462,0.8508070098258569,0.9742776059577556,1712
1,8,70.063343474851,30.251391391468463,1.2010328259459382,54.77207943736291,46.58206023135196,0.8460285663362945,1.1018002622102891,1704
1,16,69.98321662945891,29.55939015060164,1.1930174470600359,53.908477760204136,44.02410961369624,0.8347565257922265,1.169238431659547,1696
1,24,69.10613193252132,30.26255178002289,1.2020859369729235,57.063295266182436,42.89152047230784,0.8492980823966336,1.2833913073653715,1688
1,32,67.69571433392652,30.448029577128683,1.2025882252898206,53.89085144676398,48.40882224760032,0.8441228734331359,1.171083623818958,1680
1,40,70.64246100266716,29.969404868401945,1.205373864019623,57.27254682165945,47.80377168830964,0.849697121182559,1.4597490618566837,1672
1,48,69.54787438138003,28.60457804802427,1.2078250609126588,55.961300390244425,47.95304740504689,0.8630265588703033,1.2746450352679304,1664
1,56,68.10661603872938,30.848826563406835,1.2181502887084172,55.843494503149614,49.954456307751435,0.8615119892623458,1.249720610929559,1656
1,64,73.32233231208897,30.573359045424773,1.2162821151876626,55.20153182970516,52.64492493401599,0.8716321153675046,1.4365381469096559,1648
1,72,67.42240305407555,31.282471244117833,1.2251362864027833,54.73811808809494,50.47324490302059,0.8321281963339819,1.0759921784274322,1640
1,80,72.47278676713988,30.908221057689012,1.231750028970954,56.26395179949507,50.239320081299425,0.8369996714463345,1.1884413646154761,1632
1,88,70.27303204098195,29.500913883410462,1.222665048103224,57.44320037112905,52.13720410174871,0.8505718402709846,1.2274196009586333,1624
1,96,77.2728044931223,30.18997465059906,1.2157069244167051,54.231963286931084,50.40689144871315,0.8424738379675818,1.2428763426524745,1616
1,104,70.33683470227757,30.407011945752394,1.2321051563984622,55.86975710909104,51.33215126304068,0.8630046672049428,0.96955688111898,1608
1,112,75.49104201202792,30.131373770124313,1.2267827617212075,56.37874543862876,53.40375746221271,0.8347917078888047,0.9709078327019744,1600
1,120,74.8051765997614,29.379109747665478,1.2222680908367334,58.162110887726584,50.90057313650576,0.8148322160488128,0.6280972706230565,1592
1,128,71.34004029784208,30.00637786470824,1.2203201064919795,56.093441071996786,51.168305860257455,0.8509718768645498,0.6482990787539826,1584
1,136,74.54996562992548,29.46514014527129,1.2256375423083983,56.29996950205764,53.40384130876574,0.8263639694828692,0.5505730384237467,1576
1,144,72.95244058924241,29.02388562245978,1.243545806157362,57.752136941301906,49.64836496542318,0.8332462344122964,0.6191254631794544,1568
1,152,72.75140146437826,29.78200816748331,1.2404993877470214,62.48845802193565,51.849295846677165,0.8244102163195413,0.9449572583305287,1560
1,160,74.06087618369656,29.118837741529678,1.2392563557120286,59.24273108705675,47.82298051479693,0.8468700820818533,0.8411122185080857,1552
1,168,71.51989736542933,28.77556186969568,1.2537165027068646,58.21307154306358,50.13733219934127,0.8480543117935486,0.8922626890025925,1544
1,176,73.16683974637166,27.91737970323384,1.2348999445723505,59.838624883409935,48.27308923523383,0.8190408747886033,0.6215343067535629,1536
1,184,74.64528414455877,29.44002565383755,1.2494258377186507,59.02998227345795,49.86515961584872,0.827497677211992,1.0922855178094346,1528
1,192,73.12519798346757,27.884170356113522,1.2384844453368666,60.92695916038974,48.18787434420058,0.8443214119512903,0.9240996373712925,1520
1,200,72.87676930660474,27.3487712494914,1.2304897466198668,59.595071801907515,49.526328974705265,0.8310233326114295,0.9362400728534651,1512
1,208,68.72931936821236,27.334682042928165,1.2306368206268277,58.395252303157044,48.270787481498424,0.8280232213464701,0.9340209089713308,1504
1,216,76.07736449455216,26.923371494231006,1.2332117191526644,60.93144772493587,46.6982689265812,0.820266812018461,1.5521306954040401,1496
1,224,72.22983073256201,27.25983552289286,1.2339504016256486,63.35999201447061,49.07957611135004,0.8266336335266941,1.3601217120027993,1488
1,232,71.52313999955982,27.432496774323802,1.2270966331951847,64.67001255838909,44.68538837680132,0.8168969384504605,1.2124481572349515,1480
1,240,70.19198951548252,26.276528282725494,1.2349054034912141,60.66860928615178,47.97257589650307,0.8141160115938595,1.3930666223453587,1472
1,248,75.54867140020134,26.013544790510263,1.250831686389688,59.23355596442242,43.911191479369066,0.8017466565244707,1.340604992276971,1464
1,256,73.63027310548793,25.214353353811422,1.2529070961944688,56.99068479350089,45.57816106527466,0.8038878883392692,1.2969845690386794,1456
1,264,75.98470073780844,27.600593089286463,1.2415355880553354,60.3197187033241,44.73069619703659,0.8150797631161945,1.2361552740766801,1448
1,272,71.43046468908094,26.53060097311217,1.2384060087637911,60.71133291819182,42.69429529889396,0.8148911986631101,1.0806654678447378,1440
1,280,72.49831505448856,26.178154364730382,1.2220415414194787,61.281336920127956,45.444363455271834,0.8294074404894834,0.8606959476255198,1432
1,288,69.63735552431945,25.797567972892686,1.213085354473002,59.928008967993925,45.74685460278895,0.7969942883550202,0.9764858532805349,1424
1,296,74.84138486125367,26.300774199638628,1.21449444433894,62.962914720313535,48.3031711005856,0.8191220566169671,0.7741428372298768,1416
1,304,69.99056235819741,25.63310957711974,1.2213710563747688,60.741868332560394,46.712767013311016,0.8233425262124336,0.7408876795319832,1408
1,312,71.62694101024634,25.6916291868884,1.2091771884244198,62.23000102390717,43.275963503918376,0.7928117734730094,0.7558039311229459,1400
1,320,71.98263257755154,25.827397202795705,1.2076635715695934,62.04003911687123,46.857936374693246,0.7955642935789115,0.9286924285953871,1392
1,328,71.10575771708972,26.874335304686525,1.1912086534661817,62.143779350151334,45.657401466196205,0.7948076817397727,0.6286343712723317,1384
1,336,72.32125745353072,26.12203149362011,1.1988926053563762,63.354824404260214,46.274789166212535,0.7792915982596161,0.6342320081436787,1376
1,344,71.63531654859325,25.63058355439789,1.2041216196225557,60.152094523438706,45.98830230747718,0.7949372549756867,0.6784472792432583,1368
1,352,76.94613592014822,26.795624398266675,1.1993102025233933,64.30141771593172,50.1889189703901,0.8203812683887727,0.6807414602056356,1360
1,360,75.30095699448046,25.54118595073283,1.1989994311761314,64.65666956341876,49.96758087113264,0.7762968914851922,0.6829408125832567,1352
1,368,70.85513719756929,25.80553466070214,1.19711331815234,62.5973620768568,49.55897535486107,0.7946087487570432,0.8209577613525203,1344
1,376,70.0809375826201,26.73651631109043,1.1860969082244164,64.44505001338965,53.12492808425599,0.7608410247219338,0.7815730500704828,1336
1,384,73.04637626765386,26.49263821854788,1.1999901123022194,64.54623637555339,50.334872820222614,0.7558162538626019,1.0871101323329249,1328
1,392,71.14755666668867,26.49570522873743,1.2079266592332825,63.00340675408883,54.00883743959108,0.7942197258311493,1.1067621999961434,1320
1,400,72.0475056909471,28.162173993239822,1.213178660896943,63.66106121617862,51.93797125923883,0.7976788130231398,1.1669989767031272,1312
1,408,70.63865594702965,26.651491478938745,1.209947843479571,62.016998148603996,54.709795004689326,0.7917960019941683,1.066600471518547,1304
1,416,72.72674866415743,28.232797870297517,1.198063000073388,66.45234987472828,55.40348351793292,0.7588874678664007,1.2036716656708295,1296
1,424,75.46921481663951,26.92741067510806,1.1896629674613723,65.09328783694843,53.35837832786071,0.7601801655579583,1.1266955581024873,1288
1,432,73.573935632194,27.343429554472326,1.1891491687564435,63.81257939062376,57.5689381278128,0.7776244753075197,1.3587276161813675,1280
1,440,72.66106524815135,27.021909241594738,1.198185043933444,66.5713554966128,56.705553936771224,0.7622899089001881,1.06497579840467,1272
1,448,77.33415617261292,28.094159889969987,1.2089106354194674,65.22092992936231,55.68906676029579,0.7686093410244393,1.1866412191145939,1264
1,456,73.16825529021662,26.83807219558185,1.2205829600522162,65.10626125443488,58.3687830979176,0.754987416082939,1.3855949327692447,1256
1,464,74.59870515887971,27.233061227830515,1.2075606471092777,65.3158727519854,58.72018131796366,0.7810504882861335,1.0505885476837251,1248
1,472,74.02207767369093,27.168788725387923,1.2156472733583712,67.40717326380178,58.465745377922055,0.7488762918671606,0.9414686357909554,1240
1,480,75.93132770087344,26.867183584670396,1.2232277258904198,65.69962810633905,57.420964532739866,0.7390642420418022,0.9249688094477477,1232
1,488,76.05743593515554,27.147005066167424,1.225982522673047,68.04161284522785,58.12461589076947,0.7851361551182396,0.8574498609164294,1224
1,496,76.41774146366389,26.888655546218516,1.2207741176331761,65.86604348653724,62.522652757826386,0.7633350801625749,0.5413766119942298,1216
1,504,76.7824849893217,27.500805571826554,1.210702918098135,66.37136786290326,58.45379625971145,0.7397135195226039,0.8562680528776738,1208
1,512,79.71239324168828,26.250507239007323,1.2024456068578162,68.39926247132125,56.88718126418334,0.7540480212952246,0.7051559406727145,1200
1,520,80.78845085854864,26.646298908813772,1.1992668727062727,67.32414440096744,57.52887937139019,0.7345062885433639,0.7743255426485884,1192
1,528,80.41208642163349,26.23976734099588,1.2021871332499927,68.32285921850912,57.820675483037064,0.7712050195849623,0.8264407711741342,1184
1,536,80.21343651639864,26.676054049558676,1.2172023145692765,66.16011715288332,59.59102926234099,0.7215156819813145,0.7185936152497248,1176
1,544,80.28912702766539,26.030685540177625,1.2116191920639097,69.86187438984393,57.150067033934995,0.7370000593101242,0.5736498718985101,1168
1,552,81.8609622263231,26.634409771350885,1.1994102909396036,70.04576944079625,55.58044628737917,0.769005035878175,0.8260729952581939,1160
1,560,86.04863317858523,25.612708130307595,1.2048704360744615,67.0200160953953,53.77853242188826,0.7633280681036577,0.9808530850756253,1152
1,568,83.546719607363,24.486128815504724,1.2037966841586212,67.5124098934493,55.26785221405892,0.739712507766371,1.0587496920683193,1144
1,576,84.78408197693341,24.471344695534547,1.194350926979592,67.32493787025334,54.48488256990144,0.7314040603619071,0.9539594621786113,1136
1,584,86.66062703958642,25.64930369705553,1.1866814690161003,68.1312063497134,55.36947502725184,0.7204897932741056,0.8619675022972582,1128
1,592,84.87548134671154,23.482411310553235,1.177391638062407,70.38069624790148,56.36399462394725,0.7025362524156692,0.9009310954245577,1120
1,600,85.53404239599138,24.277910985208692,1.1853688202258177,69.93901780358165,53.08760775696996,0.731037696571337,1.3431561416072286,1112
1,608,87.66715694528304,22.66003557116681,1.180398640160465,67.48756955067473,53.786286018076886,0.7448458854074317,1.1354459959872991,1104
1,616,86.34594643540653,23.115299593921346,1.1714600925952676,71.40444873757076,53.19486308459063,0.7131077847963476,1.044274390958971,1096
1,624,85.13424197676613,24.05355691896277,1.1639182104401609,70.38260993763033,53.225232280243596,0.7149471272104875,1.3452779768146526,1088
1,632,86.65954026715833,22.68881482163149,1.1758752239179169,71.90329926982996,52.75583446710823,0.7039668816085619,1.418355628084365,1080
1,640,87.75126049789995,23.567077425948735,1.1871328303657698,70.95804444565792,51.80617978510664,0.7101985900724581,1.3855522823213684,1072
1,648,87.42865650687096,23.094912719662346,1.196001554706863,71.5038402753114,54.846653361881756,0.6947360668518688,1.2985186754544147,1064
1,656,87.69465117732443,22.296125904912316,1.1932399527996793,69.76749589999113,54.89321663968358,0.6919190197368453,1.2867442192555465,1056
1,664,88.5142893537682,22.271289719321256,1.169853740478297,72.76385622890939,50.220603692909094,0.6999376703940426,1.031769115494901,1048
1,672,90.43558026674586,22.08186695519346,1.1673209935936937,71.84677686852686,53.37233079141008,0.7082342454318717,1.0816834396346726,1040
1,680,89.55632320341397,21.976114621664344,1.1601758107982707,67.25987021468983,53.609207348994474,0.7130063235570103,0.9630395408789235,1032
1,688,88.13653788374586,22.326966854633483,1.1558752243620796,70.91830395808263,56.05271750255387,0.6617011948741649,1.1761247673931263,1024
1,696,88.05955237649857,22.374727000433758,1.1757383290163883,71.73958649966127,51.132626128521686,0.708717286402531,0.7324856094340431,1016
1,704,87.72507871158766,21.641841263428937,1.1720540422402461,73.07743645510928,54.51325361809889,0.713590832394816,0.8760938503188386,1008
1,712,87.24063196758485,23.266273744671796,1.176537203773006,72.3405217784561,53.6263467355145,0.7017738250688126,0.816721542904727,1000
1,720,89.08842133580656,22.578851087766544,1.1772798522132497,73.50141860658468,53.55529356596587,0.712900909803834,0.8814407477846216,992
1,728,90.02636531264504,23.28987219977007,1.1765518884954942,71.13472977283722,56.65968267873859,0.6660478556241671,0.9031470548043399,984
1,736,89.04001034573861,22.997134576434643,1.1785610135156648,71.8679655787215,54.552899584426854,0.7071754407481802,0.5139766802557051,976
1,744,88.4653081578647,23.39057507486568,1.1639317493541164,72.32092608967176,56.37982006807483,0.6828847978564205,0.8191413638369778,968
1,752,88.16187090104222,23.833107702974207,1.1612509476132928,73.834763816705,54.34917829930904,0.7073060872967112,0.7632722124082401,960
1,760,86.16437342374769,23.924897611714233,1.179085872486782,73.0990539393188,60.64481750872378,0.6769996940256097,0.697787682942542,952
1,768,93.13533654631662,23.844007429917962,1.1888077447809668,71.88423239979774,60.50364310431929,0.6882404268128078,0.9310994746811101,944
1,776,90.74443278053867,23.375901003995452,1.1867907957310475,73.18470211098476,59.31339533607936,0.6999297517443341,1.2094552592103385,936
1,784,89.9898709985995,24.70634722844245,1.1774174690802703,74.14649740609242,59.56444499309211,0.6579133155668883,1.297815290382035,928
1,792,89.12487917296448,24.470737641860566,1.1794164830249096,72.22620472297466,60.071272473927635,0.6840567877053024,1.446340129648241,920
1,800,87.21209608119761,25.69138013261618,1.1764987892260899,78.12849680127349,64.45921576749593,0.6616953626770646,1.318228902811877,912
1,808,89.71306249031433,25.097331003981,1.1843935322070962,77.80013019051599,60.81699084681452,0.6539682014646025,1.5509776735664895,904
1,816,89.5662116847223,25.375020921065143,1.167677282720116,79.6718643357033,63.0569872001577,0.6651651940293504,1.3213613300650895,896
1,824,87.56165970296138,24.835128319927207,1.1767386169017442,78.44698293535279,59.74895997197765,0.6557556496977858,1.2832215049847067,888
1,832,95.83293727403067,23.915914523715973,1.179406567912714,78.98279255876677,61.118072364009606,0.6825224106967446,1.315931767040573,880
1,840,90.31901540826614,24.465912970239902,1.172518229352171,75.37814531528815,67.01993911955438,0.6707377485303427,1.1494060885117319,872
1,848,86.27967152157908,24.929770217720346,1.1731310921317952,75.7447549779777,65.02485667899519,0.6830835282399096,1.086858214856607,864
1,856,90.01357684752612,23.954514794193187,1.1719414211667614,76.19285426374375,65.36505673754557,0.6578363004177893,1.3223207762025797,856
1,864,89.66211849710298,23.395304278616972,1.1697603668119212,75.11002558565683,67.48286746576258,0.6810825711854468,1.2703209201297243,848
1,872,85.56719956591573,24.477967833321262,1.1585845758288458,75.55077401872117,66.03670693643468,0.662392514881038,1.015001725334422,840
1,880,91.95147567826763,24.204623900622753,1.160074013346032,77.12351645942954,66.93773272050552,0.639864052174062,0.9912770997966874,832
1,888,87.32770454502999,24.835284458498112,1.1525196265545248,77.26723131550604,66.40426870494142,0.6592426774425256,0.8430149484209629,824
1,896,87.65100570814255,24.284489787321633,1.1422899879750132,78.01962768448472,66.31828734268773,0.6680528469134835,0.8326854135835725,816
1,904,87.31863851244921,23.07687850300967,1.1420720924986658,76.00019439423798,66.02440835692279,0.6521821729712228,0.6982210232115817,808
1,912,89.07287611455212,23.291215216077656,1.128428962137723,77.01819576566068,64.91981534461459,0.6603937176104885,0.5831633594112847,800
1,920,91.91172287679463,24.24994822371459,1.1221570630312645,78.19250442416282,66.10995921104946,0.6574869369936778,0.5467193377750673,792
1,928,91.36720481481665,22.4789739467965,1.1346328825617595,76.71801973833298,63.72577048579424,0.6579977632573347,0.9320827154566501,784
1,936,84.9337481149119,21.21641988493252,1.1278707193336175,79.53854748326246,65.48227684527588,0.6658632038440048,0.6737745947900283,776
1,944,87.86161607220816,21.80699744011822,1.113646361350861,76.39142485648425,62.23487531108063,0.6656346097880935,0.9132952085417929,768
1,952,93.61439012932014,20.931852057614257,1.1154878330751017,77.70697693389158,62.31584834474105,0.6310568454904325,0.8512703847134845,760
1,960,92.02744679022346,21.778579799620918,1.1241688601703386,77.4130410543349,61.7651943351863,0.6489672941323298,0.743455484928612,752
1,968,95.33024798567617,20.849891694133262,1.1165871334609376,80.52052507510592,62.04013279638952,0.6726928737726547,1.0942889534768165,744
1,976,91.45321646243782,21.517868596160945,1.1114780863064118,76.60687086363782,60.006361170851555,0.6649050796841578,0.9979839895431468,736
1,984,92.43159050809673,20.504123025525725,1.115380511676965,78.8831006513332,58.54436863210946,0.6405956126874475,1.2431723907091672,728
1,992,91.43859489625227,20.557949262490414,1.099390306603574,80.51946040487343,59.5382297397296,0.6136671956328179,1.663171510778462,720
1,1000,94.72855604850334,20.83329582154557,1.111758779221191,78.61506306252791,59.0033165114063,0.6644472652784692,1.1114259576983496,712
1,1008,92.96644611688386,20.09616240146909,1.1184983913527373,80.17316932091117,58.40932187292638,0.680784741869394,1.4374711913431566,704
1,1016,95.26732480772505,19.37477072733988,1.1100139175814385,78.15701839803539,59.26405294376787,0.6251682273747767,1.379999069189927,696
1,1024,91.78035613589847,20.099356096309524,1.1004961757339498,82.7551416406169,55.245950280037505,0.6478399363262144,1.3328521358145136,688
1,1032,95.01305047576679,19.482518267567603,1.1071639165980716,80.79184894371743,58.05186274907234,0.6269857100157401,1.299618770078193,680
1,1040,95.37304705390528,20.099706851874156,1.100126115400937,80.50403696255452,56.21600751694612,0.6748050892405625,1.1751251734515658,672
1,1048,94.7389121167258,19.95590425594753,1.1049402600536924,82.08343675131684,59.947797426077095,0.6553684312444056,0.8499242385039901,664
1,1056,95.53100076351858,20.1091785422951,1.097890117853103,81.10231170916963,60.87138199221967,0.6534736442282412,1.2092818121430844,656
1,1064,99.85911300195923,20.70171744065186,1.1008134440019564,87.9063922727335,57.32392221782102,0.6638409573473204,1.3475578751748918,648
1,1072,103.65899817918398,19.785123491520245,1.0876269959900815,83.68459295145085,59.01695471694335,0.6309673108518394,0.7994323556567916,640
1,1080,98.43991056715821,20.240750930095896,1.085297273595286,83.95184579277586,62.24812568918605,0.6311003618460834,0.79626429732339,632
1,1088,102.20422164493053,21.25150762749297,1.079580302594104,83.26351261986504,60.15600479960959,0.6318202494743608,0.880879738237252,624
1,1096,105.15373873466335,20.16243247292836,1.0691754463844727,83.30880782256644,59.330314928814126,0.6359384396470635,0.6310944531656448,616
1,1104,105.28444537766848,21.27824057799121,1.067431365179849,82.3953759001006,62.76315666165373,0.6309943553358188,0.6215933256504003,608
1,1112,103.07769905805611,20.710717684913597,1.06134427642007,83.11416075927121,62.40067207896995,0.6160526047590243,0.6267854246420618,600
1,1120,103.11528184728385,19.262934914342782,1.0843650412555466,81.89164039504874,64.28508724789573,0.6327052601708996,0.8848314082267204,592
1,1128,104.00546669641827,20.51395280593424,1.0974918136213676,83.50624389242392,61.390937582511896,0.608462180748492,0.7417094331435924,584
1,1136,108.13858063075993,20.259057441571912,1.0838404372710657,80.19131236871284,64.25849803808575,0.6424517250300475,0.7566291090114488,576
1,1144,104.9002194217649,21.54356428277395,1.071732052466389,82.52783293727344,63.30614675263149,0.6250253737191569,0.9032117335760813,568
1,1152,102.47771485398097,20.95554895533319,1.0817102510473726,84.90582804150068,68.0945448968842,0.6194538736295749,0.8780020339472716,560
1,1160,106.27187787371014,20.661077129051566,1.0887576538806327,82.86863135572331,65.59227059693444,0.5945910704275589,0.989280311222351,552
1,1168,109.08648345524021,21.4149429655343,1.091673981736377,87.23928307849543,71.16073078220367,0.5917494233236203,1.3654577212182997,544
1,1176,104.76014518748974,21.402597387823377,1.0838724216650295,85.11027209658569,67.81963950681357,0.6113566232793922,1.3356952344155955,536
1,1184,106.05288459438188,21.288640845385125,1.0868579233917284,81.92782628216008,66.79132979085429,0.6046457010996882,1.3776160946327265,528
1,1192,110.7681876441678,22.400820457467997,1.0959149168793072,83.48154180477638,70.83970045991455,0.6098942112743849,1.1433405513030457,520
1,1200,106.22445028127377,20.685663520014767,1.0949208487340965,82.92811851065844,67.33524808529324,0.6001788066276964,1.5129269306561273,512
1,1208,108.72081491669712,21.323790051585647,1.102383387842633,82.21891163110239,70.20007157129662,0.631411846127927,1.344428631113475,504
1,1216,107.5840509540061,22.22136547620382,1.109678717930029,84.83764098947246,69.89540284377594,0.6125888932887367,1.2476965790541352,496
1,1224,108.98792190539633,21.030008638399504,1.1174025208004565,85.92924979375049,71.75192269329281,0.616725495445091,1.3419453047370034,488
1,1232,110.91363501607167,21.266863179112196,1.119113435235283,84.39936701147539,71.25727820793243,0.6027431985687761,1.1449386381026763,480
1,1240,109.1575416005262,21.346422716927464,1.1110005904710525,85.5108124308376,71.5995449007691,0.6109775987784766,1.281257086443747,472
1,1248,108.23375747210856,21.18470629229011,1.1211780255543293,86.94398182631082,71.73660608223747,0.5840379303853086,0.8937523457535071,464
1,1256,109.66966341240541,21.16768726932303,1.1349301832363823,86.0194051639902,73.34462358753962,0.6263749894840391,1.0784423649111075,456
1,1264,107.4686042914351,20.287415240142288,1.1459743967070153,85.68452709707653,74.69794486696141,0.572326274671576,1.1424318819068129,448
1,1272,108.2902070072018,21.454164072935903,1.1352918612388787,85.90421759117157,74.42017335404059,0.5763696611973469,0.8205501473777956,440
1,1280,107.21130799742473,20.098981586842022,1.1327254369239106,86.37967323295584,71.80335529307088,0.5876756266068391,0.8029333897110658,432
1,1288,109.89202074189683,21.18302704947417,1.1307139078366382,87.51019689409938,72.72331788752383,0.5693671438406408,0.9064135952769861,424
1,1296,108.58932098838808,19.90918910587627,1.1393415986773885,86.80395057399801,69.96633569033398,0.5923852338723737,0.7216438836664254,416
1,1304,111.21663079513675,19.34119257739481,1.1410901370439683,89.9632601314401,69.18876031370638,0.5789359176624665,0.8400003381944443,408
1,1312,109.25829440238066,19.528956359233142,1.1275538910655623,87.92791601990716,71.68042407352746,0.569166053615512,0.7676114335760068,400
1,1320,108.09897427612412,19.327898590524025,1.1201597961053262,86.46287081742031,70.6019627546009,0.5746556504641661,0.7299640256050401,392
1,1328,111.36273821576751,19.59426354597472,1.126961133615929,87.10435350238762,73.71203319430933,0.5641318721739669,0.5440093807128845,384
1,1336,109.65436045612921,18.912157512835655,1.1252401563354062,89.85230636085973,71.53523203135694,0.5569113626564872,0.8714351341268751,376
1,1344,105.73387483934661,18.037628340492383,1.1379317395478623,86.59860830990044,66.42670090512905,0.5589463348460187,1.1079226138758165,368
1,1352,113.83049117379238,19.143886725464583,1.1406980350340052,85.87966415142213,69.46997148925743,0.5640908314213611,1.268552365961703,360
1,1360,111.37942178945005,18.279872050784434,1.1310502291229132,87.94582612741195,69.12400020031781,0.5802400618701027,1.2991725873804434,352
1,1368,109.87097283985057,17.27416460153581,1.132648314946862,86.54275341264758,66.27417148607917,0.5661902775298229,1.4448455102508493,344
1,1376,110.95833766588505,17.516228725456394,1.1313008354114475,89.96825232504085,67.5722422157609,0.5424006920165145,1.2186106135100854,336
1,1384,106.23501500768411,16.72652905659397,1.1448091224129966,87.25685326149093,66.41207113137192,0.5582218943288892,1.181786787068728,328
1,1392,107.29027983277327,16.664334777497455,1.1574136287118413,88.8804253876855,66.40822151494854,0.559560828529508,1.1559111592945763,320
1,1400,110.83040787602131,17.472959265231662,1.1777618859346946,88.76833677948498,65.12815142514248,0.5564512560547163,1.4698192477426595,312
1,1408,108.72004055028668,17.459866268779923,1.1781995779615697,86.24594724948491,66.64704938689084,0.530692105889447,1.1047278172849784,304
1,1416,107.88805702291894,18.045528642927483,1.164651557842182,91.35376273866623,66.8033842362151,0.5250136228436229,1.2801852177108812,296
1,1424,109.7458295465934,15.353597706931243,1.155376835971162,89.9437883893207,64.54721629676025,0.5402584993441961,1.2661589247097904,288
1,1432,113.56621847206992,17.242509140051837,1.1565049760167028,89.75984183085346,63.53957229190439,0.5436983036388314,1.162377157869854,280
1,1440,110.75184837741861,16.948169938338093,1.1596152073349328,91.04110700182633,65.46985189259364,0.5462375461754043,0.8854468431592917,272
1,1448,110.56993085393945,16.50002092403449,1.1851224627303538,88.00131976105686,66.52991768086842,0.53909070454637,1.1782534529420006,264
1,1456,113.50133327185043,17.341520157386014,1.1842479383763944,90.86146153898201,62.569837257337184,0.5176153782043528,0.8823973175700525,256
1,1464,111.13113450638409,17.62825671602034,1.1664447325103409,88.92373239832489,66.96164676448781,0.5455656932833518,0.6735970828558926,248
1,1472,112.59335174832049,17.44522073564777,1.1558883113872012,88.70859331695094,67.89998549830504,0.5232091241001712,0.7113905383899721,240
1,1480,111.20241482777016,18.51036600392985,1.1671864291980838,90.23890715453007,67.81793627310579,0.5352096006943661,0.4684545942002275,232
1,1488,110.27220370978448,17.79884845220265,1.169302546946477,90.80187244523992,71.35593229035251,0.5432157433442234,0.3234889404058713,224
1,1496,110.68644779927392,17.48469008129542,1.178714718230832,93.85175088990394,66.0933588127652,0.5292042888134154,0.6554508506204444,216
1,1504,107.33311980954974,18.423297450544965,1.1729741890072432,92.20703923950799,72.32172251891787,0.5003309689893236,0.5485431410647723,208
1,1512,114.04840358333543,18.225671561688984,1.1654561412327624,91.44082659745445,68.73149874765544,0.5382593688496266,0.7478293669691445,200
1,1520,117.56342682371458,18.174901242457636,1.1761177704113974,92.15493845056653,71.56189473973022,0.5173943872197709,0.7259167959210838,192
1,1528,110.43336359844747,17.740270363547747,1.1681287622373382,94.43327424863726,70.72982762638573,0.5414439507222968,0.8210362533830871,184
1,1536,114.18348903570897,18.133843499060973,1.1572387242000135,92.01600016601107,72.09930579017174,0.5402335836262735,0.9713437453633672,176
1,1544,113.58632501426786,17.961716682261944,1.14736547029156,90.4944556773457,76.39167059927468,0.5164826076826433,1.0090675952737658,168
1,1552,118.55339257886801,18.993393986735363,1.148770216383831,92.64188621952746,70.93961938122261,0.49776949872522414,1.3048595069103688,160
1,1560,116.66921771241658,19.22764422648686,1.1258340628767884,94.4226251909431,72.38978008604744,0.5064368264391377,1.171721702213495,152
1,1568,114.89836137395964,18.172806410866244,1.1210967849887912,95.87735359351854,76.88950511913731,0.5204539974886498,1.0045384713852594,144
1,1576,118.87367300541767,18.728781221622054,1.1445660481326265,94.5360315547056,76.62745275930469,0.4970680704155321,1.191136232789828,136
1,1584,120.1591983713516,18.280540841202757,1.1514594028750664,92.82771796169888,77.6628154637056,0.49777391102752877,1.3897884334240207,128
1,1592,120.47832362839154,17.77631660927101,1.1278249236720153,93.66173290474289,76.06350111807163,0.4737708171040606,1.0775747586581061,120
1,1600,120.61525033166735,18.233384287938584,1.1359624477796169,91.75125705072385,78.68065830876286,0.5158638785682148,1.3344554356425802,112
1,1608,122.603214081962,17.356590801548975,1.133828103833281,92.5168746682143,78.13306970724665,0.48972366431346587,1.2014985355173176,104
1,1616,123.59507590843984,19.436150231659592,1.120552522848496,95.45054711782453,78.20753003870475,0.49043081527238463,1.0027134147709496,96
1,1624,120.01701533231325,17.799369267346997,1.1010937096636428,93.34690508103729,76.87472278195615,0.4910759399057449,1.053319453874891,88
1,1632,121.72821865179891,18.077590710014103,1.100493516404806,97.14110642795634,73.77919867330027,0.4933474837867531,1.2128003896787343,80
1,1640,125.24833818609895,18.527352982495465,1.0934537642740039,94.02704299807448,80.36077682234563,0.49657082751706877,0.7962780395931038,72
1,1648,127.0897605336327,17.674555689872502,1.0981974629421716,94.26764130104729,79.94516309761359,0.4817295799529709,1.0859946576402857,64
1,1656,128.15700962054783,17.444865998924453,1.0996995927407165,95.46150395648804,79.41413871060071,0.4831439997287308,0.7095930264843726,56
1,1664,127.21485228135622,17.973537363132152,1.0991084629508414,95.85480561877742,77.79473412806477,0.4807277487807255,0.7523673709751705,48
1,1672,124.08033262106186,16.852023954425963,1.0783276433467208,94.58205840783475,77.35279566766212,0.4881647271554978,0.7780845261519311,40
1,1680,124.24430223532197,16.97262577421351,1.066865564646654,93.78642396514371,77.2209805119903,0.47273634828741357,0.6802266265182118,32
1,1688,127.16664169344072,15.206378763870491,1.0585034153056192,98.75037784823617,80.41804184439084,0.49117998193962187,0.6716548700815608,24
1,1696,126.90324996629256,16.773072839484684,1.0740986034826239,96.62281782074957,73.71134783458827,0.4679750885369806,0.8385940352581281,16
1,1704,130.77637340024287,16.232242804757213,1.0894253842605581,100.60676425315849,74.87311574135958,0.4813938536716734,0.998225639549925,8
1,1712,131.23183418730542,15.77367108592338,1.099462248694893,97.66358959952078,75.63832325657215,0.46453724980889455,0.8971954330021582,0
2,0,78.43929503936218,28.243985685260743,1.1779511529571371,55.77938478355929,46.55667082866203,0.834397094195756,0.7816288646286509,1712
2,8,78.96484395589955,28.698836974113405,1.1768531459572555,52.82430043376823,41.58470432924501,0.8630664951735003,1.1062321150277508,1704
2,16,75.33565312962595,27.496119829117,1.2066037641945266,52.44939482065657,46.70982884231406,0.8381967201679028,1.3526272968049378,1696
2,24,78.0366296204911,26.79784198181062,1.2040223167136734,53.01355808913505,46.093732857234684,0.8743226819538672,1.22939047458662,1688
2,32,78.82034879990934,27.753437028905463,1.196453716076705,52.34742017488424,48.05886324283112,0.8562244158615352,1.2550952464303724,1680
2,40,78.65525672073966,29.036634716003146,1.2057368143130678,55.404056382668514,44.51341808457166,0.8134858434060457,1.454225816265428,1672
2,48,78.60288671486565,27.167995707943774,1.2052382045842005,56.206417876951,47.385723757634935,0.8526992459961393,1.0825270578913126,1664
2,56,81.257320571001,27.380192534198898,1.195821836333786,56.57822016350319,48.198813298567714,0.8644063607079541,1.182792917789979,1656
2,64,79.56047424331796,28.543533462310652,1.1863163647367672,54.98231257350867,45.64748314261046,0.8275888339956589,1.2045735043723909,1648
2,72,79.83848466066506,28.64668127583491,1.1770004323584555,54.50674525814775,46.009454114375494,0.8269389964530306,1.293232103806308,1640
2,80,84.9279527274298,28.460277249163376,1.1657942120859723,54.05260783191633,46.11685606406214,0.8432416255499334,1.2146415610364292,1632
2,88,81.95473262424287,29.37348862640242,1.1805548301709348,54.814321232888005,49.640357680308476,0.8255815214082632,1.1330776976105543,1624
2,96,81.79290874176743,28.01911958801387,1.1679415388495036,54.797399667898425,50.95296687012686,0.8444595917412394,1.1292988129235806,1616
2,104,78.9468126521949,27.948823363410508,1.1648483957665647,57.41317222854676,47.97875472207363,0.8615778302856241,0.6397472871730332,1608
2,112,79.35471371293383,28.765598662619876,1.1550419718626201,52.75965855816862,51.334919196725224,0.8435151289577338,0.6178339948963457,1600
2,120,74.3728203201061,28.254544346438813,1.1749099005372738,55.83148942231151,48.68487883644847,0.8389323890607913,0.970487331348134,1592
2,128,76.32803844053326,28.72769165046894,1.1491465439625677,54.44133240049817,50.09308359976287,0.8755270657398051,0.9247680604229876,1584
2,136,74.85424405269106,27.367541161118375,1.1485919235341164,52.761762143278034,49.22413848397789,0.8113131652452609,0.937684554552144,1576
2,144,74.06180956270383,27.98382609072754,1.1389695514579061,53.45373654511666,50.26034224427093,0.8672943099027909,0.5014333887329755,1568
2,152,75.77064643927031,27.712519671533638,1.1301309640276107,53.60870209004353,49.58331551135688,0.8759451760712357,0.5781635990480071,1560
2,160,74.9585670793028,28.402943647142322,1.1154265553081313,54.58197949730668,47.424355303135144,0.8506753771643104,0.8299966618060658,1552
2,168,73.94675458250889,27.761655050913056,1.1098623547534567,55.91259261337441,48.50429072780405,0.8257615539070734,0.8823253156797163,1544
2,176,74.27288134132799,28.121778602269604,1.119846841417155,53.0895868779821,44.137851074464464,0.8212776940650528,0.921927544981382,1536
2,184,75.43066187443527,27.965353855197073,1.1212296835797175,56.83859676849345,45.16238772911693,0.8391639021286651,0.9918240035348106,1528
2,192,74.04681700251508,27.37030300757509,1.1244004802664762,55.66165365551598,43.728481430137776,0.8299924837253262,0.867092118161539,1520
2,200,73.78585030171548,28.268818083155914,1.1248380715916102,55.004909811405696,42.18795722905284,0.8376120925991629,1.214922139096982,1512
2,208,78.62982086875199,26.824441044220244,1.128944970630795,57.07484601371302,43.76372438159124,0.8262491399642289,1.1729084627915007,1504
2,216,78.54026162652586,27.76665041677652,1.1079932233659315,55.9552894168737,43.301931530381324,0.8839821811425336,1.1681505364852334,1496
2,224,78.10981420798723,27.308129866960073,1.1092786579267915,54.14678669491852,40.55003503354388,0.8081629968910127,1.0799933422555648,1488
2,232,75.0482759953149,26.946069111723205,1.094552741935615,57.82013966870323,40.131965480393596,0.8227828092017196,0.9236198920079077,1480
2,240,78.32374752345739,27.396020277489853,1.1040970414249665,57.806855003095805,43.87299556913408,0.8387803010219892,1.2466470038573798,1472
2,248,80.58439792547841,25.548205958190636,1.1125017697566832,57.226937542860725,41.28034448721175,0.8263165608123129,1.2939768743814655,1464
2,256,80.62647651399406,27.094358330480837,1.1175687394543488,54.33366114968265,39.68723694661138,0.8505704645813671,1.1739386698321894,1456
2,264,81.09556034090652,26.852939562927634,1.1083435536770783,56.46557006143403,40.056977814345025,0.8399707253986434,1.070361216298663,1448
2,272,80.82353253243157,25.816057199966256,1.0979680501554976,56.250189388754926,40.962535825138396,0.8241777057523347,1.1464229606787824,1440
2,280,79.8746737281288,26.15952833869677,1.0981330775601805,54.231832205682046,40.63662309087552,0.8222641864048865,1.3027748309477756,1432
2,288,84.5898296037523,24.116994014399403,1.0734444448872493,55.51010906984165,41.19455828872105,0.8500894299455674,1.1444917581567287,1424
2,296,86.56970751820447,25.34137927913199,1.0730937207561777,55.746861984616956,41.62603489760306,0.8259705285515119,0.7568297696284211,1416
2,304,82.87433974011984,26.134766922047152,1.091820024514634,56.69482114078797,41.5803632709255,0.833581797315208,0.799598779467436,1408
2,312,81.18739247698353,25.166336932902553,1.0875274396789476,57.267649190533,41.42428496497315,0.8026941212751934,0.877641986577566,1400
2,320,82.79131487171125,25.403975068719,1.1012378281796815,56.53340499566287,41.813841410232676,0.822152419187447,0.7203861759276652,1392
2,328,82.42247074045693,25.91396550619973,1.1045747924081224,53.51162804030529,42.24473589292357,0.8060108407317956,0.742382211895203,1384
2,336,83.84458757510421,25.18431188743041,1.1090481472747453,56.60971254123046,40.51212292100632,0.8389766607974101,0.6878132260222275,1376
2,344,82.70624308433501,25.39808979497996,1.0997203992967495,56.736270627703796,43.71942091895429,0.8011594107248483,0.8935449550397627,1368
2,352,78.55645522937301,25.268917902785343,1.106161610057418,57.64038882691194,40.647257497885064,0.8198179442877206,0.8690075821450756,1360
2,360,82.23711554987666,24.088663983783388,1.1078131466718992,58.46122828471294,44.13196960795655,0.8248672082825452,0.7231206390383448,1352
2,368,81.89243279024312,25.39214535229094,1.1040204044009772,57.489777352170144,42.99701935733313,0.829318248944016,0.881863041388646,1344
2,376,78.16698291889986,25.810879086526683,1.1034558375345662,54.69418130854995,42.97849299778502,0.804787547755537,0.9973528535581748,1336
2,384,75.28344387731556,25.519536795484946,1.1024660046321986,58.80192173273517,47.00039883103631,0.8194602854012866,1.1605580565263058,1328
2,392,79.86949348613658,23.841210670211687,1.086814854965297,56.28967845671965,46.7963337877574,0.7965298860811666,1.0326170681105855,1320
2,400,76.32118571855241,25.42467959975426,1.0817487988298562,59.580075877886124,47.79996054461965,0.8076390624815277,0.8808269956413419,1312
2,408,73.71920013981916,25.356870611343634,1.0783652515123292,55.69699494316793,48.64486246334721,0.7803730241136885,1.366213302082528,1304
2,416,74.37158283915076,25.115728310861066,1.0828781418924875,53.97583985829953,50.53405116088286,0.7891041836904666,1.05315212580471,1296
2,424,72.36883031574574,26.18073465345296,1.0857322554324305,54.88161247698008,48.70374872148178,0.8166200356458291,1.2554163709708686,1288
2,432,76.24716662586299,25.855716773970503,1.0907977434334395,59.58685204385317,47.448002866571514,0.766049643932531,1.0755864093986478,1280
2,440,74.59198676210026,25.194901571015638,1.109318041734851,56.64921965164761,48.978839461365475,0.7948410146372122,1.2202387197397044,1272
2,448,80.84671566460872,25.409102013002972,1.1198048685425628,59.278400540135245,52.49219636861136,0.8108121080575367,1.4355495382228225,1264
2,456,83.09702740032414,25.43410638308793,1.118427331029887,57.82605480145387,54.20910031256307,0.814135068796245,1.0646916825416162,1256
2,464,78.47543874635566,25.968284305312206,1.1204982438844666,56.91618157217959,51.79795204259898,0.7844263589242737,1.1061946830314426,1248
2,472,80.50690834852847,25.572225294035384,1.1230189591644628,55.893806363523225,51.276202312716066,0.8097928442739447,0.8941181172169774,1240
2,480,81.78929436530903,25.480295145352816,1.1335026349606496,57.18712612965302,52.2199301933874,0.7890514334364913,0.9452779777399071,1232
2,488,80.53072485296272,25.299605977496704,1.146099882494571,56.26035047070019,48.6503665947678,0.8023366665293009,0.8276484063472587,1224
2,496,79.67180203700197,24.75584728075376,1.1496185472618752,59.40082212086388,50.62280685255885,0.7981359954156704,0.9251560787780425,1216
2,504,84.88307844199537,26.609260028100767,1.1312181687268037,57.47589968474595,54.129223368523185,0.7865929529453106,0.8715491071618241,1208
2,512,84.40877068023401,26.24373091023642,1.119187186089243,58.28116144401642,47.70464815531507,0.7857196183321222,0.704090461843837,1200
2,520,86.50357299661366,26.275366074491924,1.1308317003491744,56.20511209917596,48.3187625422761,0.8079311371428483,0.7331307270003369,1192
2,528,84.56564444556346,26.374662821020294,1.124227121872278,55.743815861277895,50.86421048845507,0.7948598065769069,0.7710445564705963,1184
2,536,84.81635611474219,26.976802936919086,1.1228006937803496,56.77493088649411,50.65411400023466,0.7939605747903217,0.369893718076881,1176
2,544,83.89345439841351,27.39032089442843,1.1286348953221825,56.26073968237883,47.452279820723504,0.8311559701894413,0.5327812613294549,1168
2,552,82.58298241401333,27.508450525281553,1.1308251664524942,58.47084489751048,48.90585335155002,0.7962018098471463,1.0370037281622462,1160
2,560,84.47159928244868,27.728449753612267,1.1379255822182348,58.023171095908374,45.61613346788888,0.8123400656228488,0.6911024958040612,1152
2,568,84.34500948624448,27.878783168829543,1.1192876782936245,58.23692654581844,48.15776057046338,0.8069795221306524,0.9544209881407414,1144
2,576,85.61430601176001,27.225137428408573,1.1152827928636462,58.558755101749995,43.51575252670857,0.8089970477816595,0.7583977570849298,1136
2,584,82.13293874522053,26.69640245486722,1.1164204667658588,57.6838182963145,43.70205200218201,0.8015229512881303,0.9619479972022748,1128
2,592,86.30186514433454,28.15666256677026,1.1091661239651711,60.12959480928843,46.04175423742025,0.7857350714919811,1.0748043673352086,1120
2,600,82.32068047660653,26.9945224765635,1.110684657428963,58.89759067933582,43.966988735961614,0.8028050131745764,1.1075141538659699,1112
2,608,82.75502090716239,27.820267359250263,1.0888378335321884,58.61725506902371,44.47650574923179,0.8013166293309207,1.0569561128793148,1104
2,616,82.99210302280909,27.450028342647975,1.0907651804792289,58.263718561447845,44.31036657487347,0.8070704770772276,1.3996362209616706,1096
2,624,81.87262006291957,27.56265304937416,1.0906144330186536,57.85145185404467,41.064488547376016,0.8148157214565337,0.987161493072686,1088
2,632,77.45292884851952,27.410610977587563,1.0900546375030669,60.01210693683658,41.83203500117498,0.8157265943200789,1.5737726911407168,1080
2,640,76.74985930137582,27.678151985199783,1.0894897229928147,59.55110313859836,42.441580235687155,0.8260316091785254,1.279343021902713,1072
2,648,83.17714071426339,26.759359336189686,1.1146271926576248,59.76472208828423,45.56596558549253,0.7934231709524727,1.4698449258589479,1064
2,656,76.35732322860981,27.63802572772193,1.112584163614446,59.95832067990619,41.28011033723906,0.8151188122788309,1.1076675891186922,1056
2,664,76.37887140576765,26.930915763099133,1.102848103695946,55.57709750508554,42.12077475405638,0.8048652118921577,0.9680058421360945,1048
2,672,79.7809778398716,27.289699050843577,1.0800729397721653,58.05813143788652,43.442462238249384,0.7943986979131618,0.9803311401603749,1040
2,680,76.33646112852846,25.60114576142685,1.057091729838628,57.174987744754745,40.8193688011648,0.7914307012801743,1.0560501942289173,1032
2,688,80.07238065207594,26.18964031859146,1.050258290994413,58.424068983939286,42.52968829724133,0.8068128544440918,0.6284926506087964,1024
2,696,80.76359673178524,26.003508241403082,1.0468712050922755,55.49526217423091,42.40093703432567,0.7935157244080531,0.8554237234686788,1016
2,704,83.33384764632245,25.97797195025065,1.0422314116358,59.875629515039684,42.93468589788841,0.7991262314765418,0.6074076040337808,1008
2,712,82.5785147371207,26.012880770052565,1.0553108015636616,59.377651161755125,45.88175528182681,0.7997558459262174,0.5388451122056804,1000
2,720,83.0741679580879,26.33577349723484,1.0643002046210328,60.71816281705717,45.45923936109174,0.8134391012218507,0.6742734811592586,992
2,728,83.43830139519758,25.640611294875434,1.0586954969486126,60.4001334434655,50.820134492911485,0.7983605536041595,0.9357733605805159,984
2,736,83.31671443561497,25.85636844042411,1.0491592066112896,59.97235911483341,47.285167786757974,0.815168463784205,1.0229488959996262,976
2,744,82.4019793905333,26.224558132370714,1.0631473972778676,62.04937903480684,46.04472421000599,0.8078684681524809,0.6826648492512122,968
2,752,87.36772226690232,23.895557482191613,1.0630788347840958,60.634831203177214,47.581286221128195,0.7984721522134848,1.098539645410722,960
2,760,86.85042721114648,25.089941788834537,1.0442804380462154,60.56941798777671,49.62382660274186,0.8015506963766671,1.1441803811396412,952
2,768,86.39484858138962,24.210402419991254,1.0538300501664024,60.08691089839169,46.60500825888604,0.8007082667663041,0.8728861550561883,944
2,776,91.60322288668172,24.515626466254805,1.0564069114708672,58.88815621438334,49.517127299853115,0.8193296962594062,1.2394207917608875,936
2,784,89.70592171625529,25.534437222402474,1.0677740923492676,60.12944796616715,49.77352688753097,0.8045029789800384,1.4391753720814768,928
2,792,84.48529929958046,23.83510789552532,1.056773510480072,59.4419414125071,50.186377931660765,0.8263419658701542,1.1150686262553369,920
2,800,85.77499350527975,23.225957457029267,1.046978178316529,60.45193914134274,54.306444444145065,0.8164500010108438,1.1306353113140448,912
2,808,86.15495476065033,24.41290012590586,1.0393790960378373,59.259664499565325,53.25532191313336,0.7741724533490484,1.1296498684427934,904
2,816,89.15726572981563,24.43081639528221,1.026614704354682,62.429076157924015,52.915994989350374,0.8050708620072509,1.3020305294606471,896
2,824,88.38661823936685,23.707269187059936,1.0395198753594181,61.00115238764132,53.78690294565303,0.8307955952057582,1.2556696879379536,888
2,832,82.71547326551644,24.36640428449067,1.0443706870921234,58.75864077426822,50.11255375484007,0.8130967713880548,1.511240637868529,880
2,840,84.57499930569071,24.108166694423065,1.0436064372353946,59.14032547575087,51.51907014840596,0.8005208033306132,0.9358811035939794,872
2,848,84.07133746090388,22.809709171634694,1.0458361430177248,64.45172820512776,53.196485815601704,0.7642757477907581,1.3663804101671781,864
2,856,84.5232068126609,23.432147839916958,1.049947040101634,59.72799803158087,53.516325115079646,0.8040358183593486,0.927351840264937,856
2,864,82.28811847510144,23.13761696404504,1.0568989009589165,61.544290850632045,52.72597817922379,0.7915763138970775,1.0723194937809333,848
2,872,83.04726243305245,23.631624620617988,1.045687919319692,59.6025502776322,57.72352423126104,0.8068767773166351,1.1774270946320489,840
2,880,82.29557484165817,23.30064984355234,1.0399830280894198,59.850883740208374,53.17480774145448,0.8047452813683771,0.9218381212141256,832
2,888,83.81084407681317,23.115461534647874,1.0521184837569078,60.48080183786337,50.32065260115005,0.7900822912661111,0.8597605403349851,824
2,896,79.34151581156955,23.494057936333476,1.0397874052415044,62.87642441093275,52.95076518549974,0.7523614714698789,0.590324000077707,816
2,904,79.05896659441052,24.97188618077148,1.0349941012907595,59.36739046839409,51.89075911892018,0.7973071731554486,0.7195802357502378,808
2,912,82.87362101318267,23.466390950794825,1.0455041314861546,61.680052932764845,51.54706181828457,0.7922488830229459,0.8262662360879496,800
2,920,81.10909872166913,24.721474670024705,1.0635457517144258,62.15507137648299,53.13959562844718,0.7871465490889669,0.733643507776108,792
2,928,84.85190022479588,23.05454195085006,1.0785750549505673,61.437244084265615,48.00541597387657,0.7989657074321571,0.8057192085113639,784
2,936,82.27239030967172,24.69925587255962,1.0900513422965903,59.97132872430802,48.63970683113047,0.7486093373828037,0.7818408328626928,776
2,944,81.89184386340372,22.560340368253502,1.1021555334117972,59.64445533678514,48.84251117297957,0.7914973516334745,0.7436197726452126,768
2,952,83.36215067627738,24.226273016223285,1.112847908339874,61.07955171842729,49.53867305196758,0.7885300762866925,1.046335264224834,760
2,960,79.89100795997913,24.227347645867116,1.1058343271242677,64.46244013243022,46.314559730058086,0.7808045607789416,1.092717600551355,752
2,968,88.63690660753194,25.695739680050966,1.1146291836532285,60.26827100719318,46.680749030695196,0.7667625113436531,1.0700022183767952,744
2,976,87.14532781163877,24.170116876287615,1.1078488727364375,62.28951405039938,46.11431614599091,0.7454699147070704,1.1767587194856846,736
2,984,89.1469956119557,23.89379607860222,1.112294731417634,61.26765380611433,41.993519268185175,0.7691785649511442,1.0489246581158902,728
2,992,88.54085123216912,24.69838093696412,1.1335947692440493,60.1168873086076,45.36259509035993,0.7558815430340137,1.250221289973059,720
2,1000,90.07033217168416,24.239882189390617,1.1136589996597832,61.55717144394908,47.51787941313306,0.7446853204298294,1.460443082243338,712
2,1008,91.29128282306779,25.374735652705745,1.10221739801048,66.32278543660523,43.92811978178006,0.7695168660056383,1.4178813804376889,704
2,1016,91.89341534727639,23.932503495444006,1.0854830369008472,65.51333484713777,43.478567601749035,0.7692311733887369,1.4469631901664872,696
2,1024,90.48921432423552,25.67218626567601,1.069584793843791,63.47282533359843,45.26973948174765,0.7646195765844495,1.226907972301552,688
2,1032,91.02605498337306,26.040514859178217,1.0794911121189823,71.2663941734876,40.13451947844868,0.7577854330619767,1.2089611322698908,680
2,1040,87.85907784969521,25.233121277630175,1.0746386368802725,69.19211745612223,45.98004355296632,0.7807692906061958,0.816222660470526,672
2,1048,89.50244488150067,25.47266078767386,1.055027455600073,61.51862122944096,45.64215161506962,0.7322604555406638,1.2362473367938658,664
2,1056,87.42828455465025,25.07247220261521,1.0392324324757145,66.70440418391641,45.13791418763869,0.7694831963547416,0.7865656378209415,656
2,1064,91.67669982956697,25.095982549941322,1.028054867457343,64.08113785508804,46.537229784346685,0.771116553390244,1.0517099132660201,648
2,1072,85.64370124521292,25.952310781056614,1.018784316830307,63.56050020579392,43.960426294749944,0.7739850072157184,0.7903246453280697,640
2,1080,89.0386922139091,26.62021798973859,1.016063603729735,62.975091374486134,45.72572838848266,0.7932164076603228,1.1552120324909019,632
2,1088,86.85051307933648,26.694719005779966,1.0230228104536936,62.152718841033455,43.98760992522597,0.7377153794278155,0.6291878903487519,624
2,1096,87.90131445961437,25.81936608083036,1.0142459664046655,61.83343088588693,46.33797232278511,0.7692148245921492,0.8821559925784178,616
2,1104,85.70150334371287,25.501740867717512,1.0136556958000602,62.64765523151263,51.42109853505795,0.7690622853676529,0.7748541766165435,608
2,1112,82.83556215790534,25.98212198142631,1.020546578030886,63.765101926140254,47.450291775962285,0.7695374066364709,0.5929040542517945,600
2,1120,85.88616497141119,26.31037084030234,1.0210926486621148,64.30463116404626,45.77879309927721,0.7773964015473535,0.7800348435013112,592
2,1128,86.72260273637714,27.206589232577997,1.0280362959423452,64.21226554825374,50.789213471627946,0.7586983481429456,0.7463007963618515,584
2,1136,84.21796326072338,25.778429238158967,1.0118470733444032,65.26891108045692,50.65873720449418,0.7689859224152025,0.5553874378489447,576
2,1144,81.25404716062619,25.81834462189107,1.015860315608995,64.42216229678841,51.93915562537606,0.7500798411449645,1.062518981729077,568
2,1152,82.88449450504459,25.417253519736157,1.0287567299432416,61.47557635331074,54.1408174208545,0.7641442689190712,1.1649731168380666,560
2,1160,87.59194034916682,25.70089139667999,1.0520829101714415,65.15226656542278,52.12352436833619,0.7461584679464514,1.101900047024746,552
2,1168,89.210411543107,25.169080166554796,1.0382735970992472,62.17694307666008,52.67157299659601,0.7400706323213164,0.9856576483518337,544
2,1176,87.32106797988398,25.89601958096087,1.0390182473507332,64.33981743890907,50.96406020863411,0.7386866204888398,1.315819474456578,536
2,1184,87.39781733375087,25.07413815339572,1.054019328682577,62.24483877150502,55.64067762426368,0.7550032458085737,1.2648253167262178,528
2,1192,85.94443239556273,25.590039812517613,1.0822312800297977,65.46440427694019,54.572242093928125,0.7495499972958176,1.1544966790604734,520
2,1200,88.92451733143508,26.17762889667949,1.082674712023088,66.76672968535027,56.02107253431316,0.7519930611370589,1.319698691255179,512
2,1208,92.6819540136979,24.87305771388182,1.071574565317984,62.03630307783199,52.456139999690755,0.7274600787632607,1.1935944755813725,504
2,1216,89.30051564564009,24.31120192460096,1.0772546550744737,65.47886065691874,55.63390267034924,0.7661486148734823,1.4486833383678468,496
2,1224,90.50961762787077,24.93445462927136,1.0877161157715698,64.21857471336891,55.351623070437576,0.7613993532865985,1.3139262174313848,488
2,1232,93.33621427104808,23.688673626412083,1.087972515802184,62.15411733804769,58.75185723677875,0.7714614319599459,1.393552429649845,480
2,1240,96.50877866985638,23.44852305382066,1.098918107530318,63.096874748055164,55.52759006935945,0.7558569700667668,0.794666558921207,472
2,1248,94.00390473526376,24.218430574813045,1.0871660767394946,66.11233625466119,55.458177275639244,0.7430136195087342,1.0645978971577006,464
2,1256,93.39436113215613,22.508406630833907,1.1007091059650125,63.63702142756745,57.534452554065524,0.7762480099606073,0.7844381313406521,456
2,1264,95.12691388176677,23.475206095551155,1.0946703440136067,63.468242210951146,53.071731608989694,0.7698798464512493,0.7643216461878242,448
2,1272,96.46150915446542,23.449407480833667,1.1046932420300437,66.63896569858774,55.29215723321125,0.77635892151967,0.7103153073363178,440
2,1280,93.83336487632909,24.409155649000674,1.1011623960958188,62.561913102298675,56.182349204372464,0.7652505105297149,0.5126840485048512,432
2,1288,92.68239292628205,24.041831180226833,1.0844017558508585,66.4365312986223,55.334013152135995,0.7615544257317933,1.062097356688704,424
2,1296,90.42029993587866,23.651703191632336,1.062124327990421,64.08199871414163,50.91602755930113,0.7557438416217651,0.646344162425028,416
2,1304,91.54054997470809,22.547364810118143,1.0636018420904572,60.852479948883456,52.11857008253913,0.7342390489794699,0.370241800705308,408
2,1312,94.15870612968821,22.182147170866845,1.0498567519996356,64.47498805637936,52.45165344996805,0.7336522178675164,0.6398670146871782,400
2,1320,91.2509049723015,21.783295353667683,1.0533697889019755,67.57786451586882,54.04946568655422,0.7358865189010109,0.662680221336613,392
2,1328,92.78682861801343,23.855027957323706,1.0415543453178486,62.526017583733974,45.47109531343961,0.7277142452216353,0.819479138665319,384
2,1336,89.02015582775923,22.47673528567109,1.032939983542435,62.48551350700275,54.27831574045625,0.7512127140678944,1.2400284948509683,376
2,1344,89.06353446668139,21.98880051599504,1.0388700958778303,67.57702034574159,49.960627499780664,0.7696090228918173,0.7872322211460732,368
2,1352,87.26028149136181,22.453906436566722,1.0427466779504693,64.60171619960249,51.73344727937983,0.7655363029520639,0.9312416335923075,360
2,1360,86.81335689661661,22.541777942163435,1.0507283023798741,64.9431572286491,48.05453434424718,0.7445450610521286,1.314705727164014,352
2,1368,85.90357084158775,23.018230067360545,1.0503292418782944,64.14277478609023,47.370202805274495,0.7578080873325177,1.1702774140206542,344
2,1376,82.50785713306246,22.746887210861647,1.0452731540907103,67.39138857970552,47.56798827923073,0.76195779360992,1.250344122443221,336
2,1384,89.62678970234887,22.053052104901106,1.0357998542107607,64.66228626671187,46.254874825040794,0.7579774622097922,1.4239091347007569,328
2,1392,88.20800009082856,22.2669704210088,1.0263160546716799,66.83139706029527,46.76728742798742,0.7403327788885241,1.2048208012386896,320
2,1400,87.28002480683168,22.55251037766134,1.032841851353868,66.67215460996047,46.13395740056484,0.7455377706601206,1.4319260452214215,312
2,1408,87.99729507183142,21.90190347665855,1.0339842834409427,64.07451603802791,46.32278568330134,0.7812633148159203,1.207520094207033,304
2,1416,92.19043729656387,22.40566950457851,1.0455330511306775,65.84275520785336,48.72803839782937,0.7559091644812148,1.4654199712354945,296
2,1424,89.29808892674268,22.52367064024676,1.0372541076602984,66.93755338073734,47.58838167183848,0.7683471047740102,1.2058593176494445,288
2,1432,88.61006805162901,22.82329160052814,1.032208978283341,68.32227041301311,47.86330718939436,0.7792597015022951,1.0466205682045762,280
2,1440,91.66211612409657,22.211340133945317,1.0200428938413046,64.61727698394208,46.2218327977793,0.760499171865213,1.1169415466572872,272
2,1448,92.636655423842,22.17193429015917,1.0352911428881637,65.73716228220101,45.72355339972847,0.7331804196189107,0.9287458801857866,264
2,1456,93.14479322184583,22.94630626708464,1.0410717522002664,64.07567719296803,50.52346496685303,0.7288593135718398,0.7430904975275425,256
2,1464,95.94434574025681,23.46544655628771,1.0340050957535003,64.84817344275703,48.607478639434696,0.7288917225425354,0.9880949436847025,248
2,1472,91.79522834647257,22.40693442569828,1.0506000909544053,64.75618220508328,48.299405452798986,0.7300628598321435,0.8309007812228341,240
2,1480,98.5156643225012,22.896170645319998,1.0592948459494167,65.26257726113013,50.75134587232889,0.7364207946552954,0.6060624260959455,232
2,1488,97.24149385796281,22.70179830879578,1.0678704451767522,67.38472158263892,50.06048885616331,0.7545525050174128,1.0088880681640062,224
2,1496,97.30762460239451,23.73171777411123,1.0735886911427472,67.66478517659502,50.13166659325152,0.7276939578490131,1.0625727943570036,216
2,1504,97.13135073920404,23.366217262289936,1.0741114782580914,67.56938436041905,54.06667094533161,0.7392651732183374,0.6679150376560921,208
2,1512,96.77475196519923,24.17972603250496,1.0872394392528748,67.28777934756117,57.14721207491713,0.733618357644956,0.781255348649562,200
2,1520,94.81906452503605,23.879802957692576,1.081781210174741,66.5810234043401,56.82345030231785,0.7091268725495588,0.5961208393599807,192
2,1528,96.01621464833104,24.311278388387276,1.1046031379921715,66.32563998006498,55.65195012379623,0.7429688231577616,0.9712375039369294,184
2,1536,93.40437141166986,24.27283531725116,1.0873931818573535,66.55688052163403,55.54773954252192,0.7392401982983637,1.1667757949336939,176
2,1544,97.20168488417103,23.174852512428075,1.0852028341538518,68.22926010357689,54.016216754975574,0.7358045189390513,1.0866686054098633,168
2,1552,92.48671569333581,23.928845667947517,1.0647305746674804,66.19039620999908,56.829162338244885,0.7322622925997495,1.0934164718367698,160
2,1560,97.05125807720508,24.834978073293065,1.052601391667749,64.4198954115188,56.492514166043065,0.7318695830961224,1.2086892326451608,152
2,1568,92.73685700651212,23.946796964807916,1.063411468928134,66.03613002953027,57.83474061893525,0.7224399862422126,1.1859629954601496,144
2,1576,92.04614961236739,24.865915265627216,1.063785842773758,65.30574599909176,57.0665183143935,0.7154880789586114,1.0972823462382095,136
2,1584,93.34510814418763,25.714471056679653,1.0714804752343619,66.92743548266948,59.91032738746442,0.7112052617194885,1.575245263120216,128
2,1592,91.17899947296317,24.690917721459236,1.0780623043939452,65.33315122373756,58.049623018070136,0.7005907506960775,1.4670140574651482,120
2,1600,89.0467120361698,25.588991297906897,1.097832710899734,67.53899241422685,59.700360314866685,0.7090577166890867,1.0069443881899978,112
2,1608,91.77692032904143,24.446345362904104,1.0936574211380805,66.754207851235,59.05021424888826,0.7221465773136507,1.292551389764873,104
2,1616,88.84162233987455,24.479222819833492,1.1133212590784733,66.49902614286204,58.71470791168669,0.7193207076891235,1.1435695188820998,96
2,1624,91.19037688521747,24.19003198700666,1.1075452347094334,65.91038451382362,58.254835620798445,0.7057813252755534,1.1918013460382724,88
2,1632,92.62437438360716,23.46889478035673,1.106193105223717,70.38545308989715,58.535719510168235,0.7181951655588682,0.8474290765085954,80
2,1640,91.46951433270827,23.94014294821212,1.1111869848319924,66.05729831712665,57.28661316914783,0.7218804690659353,1.2986033413073783,72
2,1648,93.74714042571615,23.89407975446341,1.1157844692552397,67.63442591249482,57.22491033774512,0.6877596924734107,0.867391808454094,64
2,1656,96.03489089682792,25.082821181700446,1.120455896736329,67.51782859486288,60.14859157233502,0.7054961717960273,0.703869744376779,56
2,1664,94.47812530831197,23.693278904327837,1.1124175249892168,65.01601519141563,55.715098304622735,0.7241291489054077,0.6411627377361613,48
2,1672,94.35718733331109,23.936079244453484,1.0960985317973657,62.95662011314192,53.49772595539798,0.7059488588094872,0.7843449469045916,40
2,1680,95.2700422660625,23.662222652153332,1.0973426797361623,68.67707870265858,56.08043586799193,0.699594117027083,0.8710367344502317,32
2,1688,98.63323666366827,24.362435025044288,1.0884200795461088,67.89164068044757,55.8084527666111,0.7120594449470126,0.6426026966512948,24
2,1696,97.52152754864962,24.888623090084614,1.0996532429261048,67.98823773982915,52.06424366804534,0.701223629122085,0.8151620114985606,16
2,1704,98.98508519356582,22.70473413348591,1.0984306263841503,66.73415702444062,53.32948757562962,0.7251161486404442,0.8870500171969542,8
2,1712,100.20125846062682,23.846229246430273,1.1111012273262721,71.2579216182691,52.697385288689446,0.7053008031818714,0.7396675788482179,0
3,0,68.75092820441931,29.038140731828864,1.203634768523967,52.457749461618484,46.98409081708533,0.8625759629426099,0.8610987053334848,1376
3,8,73.48629984629385,30.130056245195536,1.217331805729437,51.79742632793757,46.07083996762054,0.83896148390567,1.1678993338196058,1368
3,16,71.5391797463224,28.192247924867623,1.2161540580455588,53.860891760407796,51.131919018919994,0.8415634392229201,1.1991252282850928,1360
3,24,77.25185235581068,30.370388837756565,1.2209288491271395,50.750394507647115,51.0889543083553,0.8829763332117125,1.1894787341726119,1352
3,32,72.60899921029237,29.140329265545613,1.2193437619016607,52.73846669911883,52.379171095407,0.8474770981737846,1.3804233706453566,1344
3,40,73.09455733533495,28.753497804113497,1.2233506168792059,52.60394112797948,50.9039202068463,0.8906483375525179,1.076861989600809,1336
3,48,72.8891394955319,29.277766113101997,1.2097950572221892,52.89054341677444,53.15703845042819,0.8366865665230809,1.2015705734910935,1328
3,56,79.25471445448,30.170485650560966,1.2102019883003954,54.431567344156434,53.59984340238532,0.8421218188188444,1.0162993853256481,1320
3,64,78.43090240786617,30.853459353175204,1.1908774217217712,52.86202642420237,52.850482872610414,0.8645420721093493,1.4392101166568623,1312
3,72,80.24426722737314,29.598301748925103,1.1931672242727551,52.53125795939877,52.45217609679146,0.872426917155353,1.169045234888804,1304
3,80,77.32684394205846,29.970717443339776,1.1915775913295845,53.33993797781832,54.45833266276429,0.8361747441008578,1.290455094921986,1296
3,88,75.97164816662452,29.458006967395395,1.204186387425307,51.87437404197896,53.12683757148957,0.8500673256592756,1.156710113311071,1288
3,96,75.55898572266194,30.41976509112854,1.207885149929438,53.03323886925488,52.586806241438175,0.8499866372402655,0.9274470764313454,1280
3,104,74.87625465811774,30.584282101489084,1.2220246115193134,53.60235133042576,57.723831831189116,0.8469875739201815,0.9363561630012861,1272
3,112,75.52654799602162,30.559059590277574,1.222811146706081,53.688211146823754,51.91379539548052,0.8248938206664314,0.820540822275634,1264
3,120,74.32934273069868,30.05052998289953,1.22079484672724,53.98441987246062,56.34065956120129,0.8352947546340812,0.534970077605726,1256
3,128,75.06153591544914,29.831785988382695,1.2156664410861817,53.834048433684806,56.04175511823731,0.8321067585487745,0.7241238217819678,1248
3,136,76.43927714292444,29.633477610491088,1.2330043918553577,53.13801119118436,54.72790917671166,0.8263157772518359,0.6386834388562664,1240
3,144,71.2971980368303,30.283928528715908,1.2271568267399884,54.07649767491858,55.94706777567373,0.8180599203217768,0.8797139557288567,1232
3,152,73.13792324035461,30.02849572974173,1.2288375084357912,54.88863517922451,56.79285612304409,0.8604800055069414,0.5368990724339193,1224
3,160,75.02487963318669,30.196604124094577,1.2291514703577933,51.9392821174588,57.72601194487176,0.841621122759379,1.0096565302153915,1216
3,168,70.93714665241122,30.81972147847199,1.2201055522859972,54.89642666096853,54.100934020378034,0.8481012710834294,0.7137879746364867,1208
3,176,73.78379591515251,30.683024640436273,1.221108350338931,54.338394698600645,56.39067307592152,0.8370111704553157,1.0877963268257416,1200
3,184,72.12844981228243,30.95218910739411,1.2291991108973566,55.58094919341174,56.940704113690245,0.8705943499181216,0.9769076131474771,1192
3,192,70.45344221033321,29.214669399614337,1.21983614048559,55.88948166614963,53.58312738621439,0.829150477269239,1.0884990417619607,1184
3,200,71.00062110180819,29.92401317260658,1.2208471336928677,52.54882570061277,55.60923468052014,0.843393357313506,1.1760775215641286,1176
3,208,75.91204517498328,29.09025325030962,1.2283832803352386,55.261301195220064,57.63014550691656,0.8582463884449111,1.0752888982113888,1168
3,216,69.29853835559065,29.57796579438915,1.2148406342339648,55.42367460244603,55.538993761887966,0.834356831944454,1.5228080671901765,1160
3,224,72.0658162643064,29.532165909296708,1.218341141159392,54.21172764216125,54.25644504844944,0.8287679785800933,1.3137150672123703,1152
3,232,70.8710103151156,29.18966095753934,1.2249123156544113,55.90389994704644,53.83817613582371,0.8206475148440154,1.3403238978169467,1144
3,240,71.00925671306767,28.995924190141636,1.213752798456863,56.36401754028937,55.89439174761038,0.8411842883650092,1.0893198870819056,1136
3,248,72.19517441829956,28.75966985907711,1.2154895392316338,55.912484322570464,58.12901835731249,0.836113338418718,1.4738100358155477,1128
3,256,71.50241554639166,28.886003050592283,1.211702357408877,54.177767837380166,54.587594417595845,0.8349677313947182,1.4879301873797068,1120
3,264,70.9404583111184,28.767609693934745,1.2070053543866581,55.82011725594816,54.700276786148,0.8315188110003342,1.1431419987698679,1112
3,272,66.83880109025962,29.742652016367295,1.2217030071699504,59.06798024105875,57.532771617140895,0.8227303710847478,1.1921624110252649,1104
3,280,77.04864167796062,29.276643520264912,1.2223034037230824,57.62832538298705,54.363563667360694,0.823117815324858,0.8977592732683652,1096
3,288,76.90672127577757,28.208977170912924,1.2281419960743054,56.37875422900271,53.123923855903975,0.8223946607022792,1.0077610817170648,1088
3,296,76.74645534013018,29.478957476446244,1.2137357332673748,59.37475157731166,56.097978643993756,0.8279570417696295,0.9354518178787125,1080
3,304,79.85925865340042,28.494813474130325,1.2223632797460846,58.63232044985516,51.92013363263104,0.8487882048685309,0.6016285400199095,1072
3,312,78.18837270879744,28.868234301688595,1.2308758929662897,56.607970795539806,52.7552326529201,0.813661129710639,0.983812935166278,1064
3,320,76.13389712031878,27.894987561272856,1.2303346212084423,58.510604090306074,47.296761984002224,0.802450020754386,1.093071425007289,1056
3,328,80.53565399213333,27.95588659256394,1.2356115178901574,58.59643092602799,51.49592394213359,0.8462192657714442,0.7121879438590693,1048
3,336,81.67448221408189,28.608826767372392,1.2504881970650243,57.33186245217801,52.666446193859684,0.805475904784732,0.6161361604443711,1040
3,344,80.13911971711916,26.89988670646966,1.2376758153758463,55.3819387258216,48.50686926625527,0.7993378468670452,0.7844896738522972,1032
3,352,83.48328534398445,27.251256457813255,1.2421978308467423,56.22748885549026,49.19110577592052,0.7807287324756271,0.6590956539984539,1024
3,360,82.35290982762358,27.002975490720086,1.239808762344182,58.2469682377102,48.72397265079232,0.8031760498587964,0.649099304526779,1016
3,368,82.03155121579833,26.00179601443047,1.2361386287829532,58.229628430991426,48.43587374916075,0.7945662166454605,0.9057520697111345,1008
3,376,83.58489107451246,28.019637135454914,1.2259235961760726,58.54550112514758,50.39814220036891,0.7935395672968175,0.7987649143728269,1000
3,384,83.04397909508761,26.382744830511523,1.2252505889815648,59.59635821507786,50.87546037534446,0.8134966979058623,1.042238473417059,992
3,392,83.88927709247427,25.96355324481174,1.2247786144634447,56.85001882114849,51.594826039071016,0.7652451928208263,1.2828598883658513,984
3,400,84.74598549992749,28.18587596477858,1.241849992242776,60.0573942091964,54.083575625306366,0.7807558336255811,1.1010995997819002,976
3,408,81.97852558004276,27.87245360410116,1.2669828324393275,58.833874049683395,47.28829106514416,0.8079551758710624,1.2579815030408745,968
3,416,79.71911047773322,25.91368751513832,1.2789634064701918,60.28664697998763,46.5269441093341,0.7564231117476002,1.1201916169343675,960
3,424,83.37879426372778,26.11495898764699,1.2865010639514614,59.97697598667168,50.69723717314018,0.7882228838568596,1.324764913051922,952
3,432,82.48439684451624,26.29603386802287,1.2790051837544933,59.99165089759231,47.71657763043025,0.7696987758655658,1.2694046256132663,944
3,440,80.07306400229399,24.759819356541424,1.27539852325093,59.99859210037334,50.508262179339255,0.7461011764006501,1.4628676928719127,936
3,448,79.67346380443095,25.394042680955405,1.280683506137026,60.0821687812461,51.05870376483163,0.7806207046017706,1.3880814243550859,928
3,456,79.71449931695929,26.089419931456383,1.2767768727223845,59.120020077734694,48.210428991531565,0.7684465342761287,1.3352521308545902,920
3,464,80.74830960381846,25.82333247785575,1.2645046266789826,58.853865010386436,52.96958692497471,0.7947852599286781,1.1546587910726378,912
3,472,80.0262545709829,25.418629219932296,1.2554965464430543,62.58203379104529,52.00611250945913,0.7610982604995108,0.9131008253763215,904
3,480,80.05179789417113,25.89795539229872,1.2719036894581062,63.01240892681238,49.093565340540685,0.7855322954904985,1.131155975769373,896
3,488,81.37419209869657,25.169281405144172,1.2732086963583444,59.75052080310061,47.93761829297836,0.7727937045420517,0.7201242897632802,888
3,496,82.57651484033977,24.49254880789649,1.2691216833607335,61.01960888720394,52.97196702708832,0.7724787092341061,0.8810999631632946,880
3,504,79.9782612134355,24.73216698228852,1.2724428683170295,60.60480123954066,51.79331024268656,0.7656042548697604,0.5930031753553704,872
3,512,81.08312880375905,25.74328040071272,1.2650095303775235,59.96548364282629,52.50946282363263,0.7418019250920963,0.6897663679851047,864
3,520,78.72573870795105,25.154116050592084,1.2766631694001682,62.62836510008794,50.73574984736603,0.7744176384464325,0.6279169655530731,856
3,528,78.09182421048983,25.557231583120576,1.2788750472405648,61.10529029930747,59.99731328878785,0.7660361220995168,0.5403507728539897,848
3,536,79.93849859436622,25.230847272462263,1.2889200532862999,64.12059454238437,55.03127692231954,0.7721294004591406,0.7264256139589262,840
3,544,77.95421363600003,23.973935775271272,1.2980908201697463,63.673508093378956,54.565443336839095,0.7326586232387783,0.49246112810583226,832
3,552,82.80890483046922,24.38893102858631,1.2932571422125068,64.73210733244927,53.56870821696211,0.7510304206780279,0.6645697791351245,824
3,560,80.99024939951785,23.937719551912203,1.2975331081967987,63.1578207375983,54.98932637125296,0.75760824248593,0.836501801707805,816
3,568,80.3312133451074,24.01617643638537,1.2804600276380633,62.45464606458735,57.551451772942706,0.7553130750323741,1.207690043656308,808
3,576,80.49296895277514,23.457881163261995,1.2848453383650655,62.09603015758838,51.978956315232224,0.7551094327208516,1.1321129098379132,800
3,584,83.23875916595856,24.43601698809663,1.2854521892787292,62.71371120887837,55.650258799539685,0.7587756146915342,1.1320520456794636,792
3,592,83.67400324593726,24.400715043684787,1.281977389935863,64.85686373268062,56.98157969284163,0.7501600386119689,1.2116347316180403,784
3,600,83.51762028269957,25.100346258532152,1.2693563518535105,63.09571900879527,59.76865797533784,0.7613772913576179,1.2392524917479104,776
3,608,86.64657149764541,24.161695617280674,1.268287164375438,64.57723641160852,59.47489734217674,0.7557841119129375,1.1622631421644862,768
3,616,84.83751053366612,23.255482630315793,1.274862753815226,63.87955585832103,57.414058090456074,0.7652940020967423,1.5166928816465253,760
3,624,84.62088042702877,23.237012145638133,1.275528101066656,63.26412945027397,61.405474426141794,0.7582978317420273,1.4008173349944293,752
3,632,89.64480275104309,24.781830560671157,1.2709417756736985,62.12207921374303,59.13027649883664,0.7379018005638478,1.1741749965486172,744
3,640,81.70842389819802,24.07194475772101,1.27851538202533,63.62170205862715,59.64262291118444,0.7534080133464084,1.4151005081467012,736
3,648,88.36440330448302,24.569729699100648,1.26226695738225,63.375912495047025,57.39070646681229,0.7719221389910373,1.0012151521729837,728
3,656,92.0891756749047,24.463068954532616,1.263196126661437,62.54836402584773,60.231930063693035,0.7527856786983035,1.1184034823558047,720
3,664,90.85683119324972,24.08227955210044,1.267680952088418,65.4643262377556,59.81431096127767,0.7409712105710176,1.1337728501149618,712
3,672,96.10645703477088,24.13248828337741,1.2366735721540145,65.49469641350991,61.423766422343846,0.7418970878566348,1.0868352571251068,704
3,680,87.80109560183088,23.81974225996892,1.2328508775424514,65.82690643886818,60.97337376627938,0.7535368798824695,1.20758413542532,696
3,688,86.04426163308004,23.748815498578466,1.2202376822536145,65.81380897393485,62.06974796998774,0.7291595706783248,0.7192074869646482,688
3,696,87.95270040603286,24.567371145544257,1.2125662793327197,63.52313422833968,65.81088294654388,0.757410582477407,0.6383919816543229,680
3,704,90.19569343133922,23.278978312940843,1.2204705933928737,64.1602031483316,65.24119214498164,0.7360044136563662,0.7319457900025169,672
3,712,92.53403765150317,24.277383993417512,1.2222432734847848,63.41449043507658,61.48931841084481,0.7495657170396607,0.7062778770157051,664
3,720,89.4527960009736,24.786490787454124,1.2343349255084792,65.24683560454608,65.85265219604449,0.7445245651244065,0.5771501572355981,656
3,728,89.41809587247077,24.191456247163664,1.23355719340208,67.48790049602437,63.37468861904331,0.7407103628388191,0.610784772311113,648
3,736,89.36650891163555,24.65601486132938,1.2448544757608833,65.72388849059637,64.48598342265308,0.7415468805216828,0.7611284385530219,640
3,744,88.2995006012046,24.086311766226185,1.2340013921327704,64.88172269664283,60.43672191756051,0.7199859788470196,1.0229511112642513,632
3,752,91.4184461750055,24.73379908681276,1.230148702015283,69.04750113796058,63.501901810739675,0.727032035008905,1.0105002515172914,624
3,760,91.76569703801702,24.586509035245633,1.2430816119952055,65.0162278679689,62.044620473220306,0.7343745198688946,1.0432804969874094,616
3,768,91.63633523395767,24.817374510985918,1.2552327585851681,65.03923572128492,60.551318944500615,0.7251376805907941,1.1231678237599625,608
3,776,88.15370371795869,24.51661426931381,1.2500442618508645,68.91294460061751,63.093376236024376,0.725073347464374,1.0338698899741778,600
3,784,87.54984340368108,24.82397223566297,1.2421541333465997,71.68626528181599,64.19097754747526,0.7367926907467274,1.131002690409318,592
3,792,87.55749809431549,24.56804176406122,1.225891285715854,74.87639576181304,62.66747520254985,0.7480179978980454,1.229376370813321,584
3,800,82.86391395477844,23.47849115908939,1.2175828972861904,70.94134642338204,60.069568790700046,0.7426695670973085,1.192250535039854,576
3,808,85.13191336824755,24.45777197163932,1.210416041420356,71.12744214496539,62.66887410562988,0.7588800946233222,1.3283596176619636,568
3,816,86.50138613089962,24.265219696984207,1.2218625626501112,70.80901349157736,63.11660779296681,0.7259058239375652,1.4276561087228694,560
3,824,85.93899804354314,25.01260494728117,1.2276689068531388,68.53506042665978,60.049356443715425,0.7425225246787718,1.3792017301125497,552
3,832,88.55356364900543,24.37573177689285,1.2276529080218093,66.95640717718923,60.314117118782484,0.7376627829513721,1.2724231089036022,544
3,840,87.05907608833115,23.588151026697318,1.2371802273744927,66.7536748506532,61.40193963185516,0.7094221925793671,1.4400101712737294,536
3,848,88.69019151959968,25.13479074705727,1.2392034631712774,66.90957022176241,62.094583877948644,0.7455415141720763,1.1930817824637714,528
3,856,88.68160427884459,24.921163107097026,1.2467788388347898,70.54103858852304,64.4305041045616,0.7224792617873493,1.151215242284866,520
3,864,87.72741553108229,25.499453575785612,1.2445415737805525,67.61378575642787,59.568144657070555,0.7347205943153308,1.0268830719411,512
3,872,87.91784348351152,25.873524432121354,1.2408234607472672,67.6030191807494,62.469839655126584,0.7349076954473835,0.8399427883487393,504
3,880,90.59895928117704,25.22795923420835,1.2480829953085815,65.08095100517386,60.31189689529209,0.715616703266366,0.773311400945807,496
3,888,91.68729214261512,25.38204114584105,1.26314831621755,69.15563432357703,59.072253578718694,0.726309681925875,0.48127030983418556,488
3,896,87.49820669404743,24.856453867264968,1.2637155772014896,72.0890372089715,57.875989649122445,0.7286825689323648,0.8374452540255733,480
3,904,90.63113795595049,26.097604562517635,1.266557402059638,65.81850160845323,58.88962796422549,0.7011654028930081,0.15086871685651704,472
3,912,92.63109879019973,26.137384766176492,1.2605795640620214,67.459939628381,64.79214386274677,0.7008172084344328,0.9351222858229722,464
3,920,91.98590872186249,24.728870626512162,1.2623827153565834,69.73663252421812,59.57183512803581,0.7182460719776861,0.6129051235075803,456
3,928,98.46057669280403,24.62762731188579,1.2607537580414214,68.77224597149612,59.582732478911694,0.6784645806318551,0.6490808955178812,448
3,936,93.47511539140433,25.649437981302228,1.2478004258148256,67.90699443710909,58.96957038103598,0.7334170218639535,0.8949308270832299,440
3,944,95.74697011352583,26.758680764555262,1.274609851442644,71.04037249433013,59.5377413571954,0.700948167450592,1.0565666960457651,432
3,952,97.89461794025198,24.403849923302534,1.2820390748674264,69.66056122471745,55.931761051231874,0.682202575386609,0.9101851133919351,424
3,960,98.50551073382005,25.595685012681464,1.270236884088718,70.93997762758895,56.31130482720273,0.7034244014200999,1.0878855980871929,416
3,968,97.67393829364524,24.927991986869475,1.2734529712129914,70.19147286372038,58.28781219143227,0.7099881909541291,1.1446793185544273,408
3,976,100.87799839109977,25.684979273361954,1.267002787417157,67.31425099910898,57.18877203446031,0.7170152347009722,1.3624826687169576,400
3,984,95.83847617640379,24.621087573132236,1.2634032320501067,68.2337429916832,55.55877461588253,0.6885106316130228,1.052189201690293,392
3,992,100.32759014146009,24.573201632816602,1.2622823032940536,69.26498797178962,57.14643271042326,0.719302315309384,1.25937592985427,384
3,1000,99.79581203903618,24.35471047119838,1.291243869822731,72.53032341250025,56.99556213680765,0.6756375353913203,1.324974899434924,376
3,1008,98.63741926178673,25.189653220158146,1.287637446501682,70.08689013099227,55.200117368011185,0.6633897330923707,1.3338253404875895,368
3,1016,101.09838284098161,24.007773074548172,1.2690447529670679,71.05860004589464,60.65762071250456,0.6922878609154743,1.303469941307687,360
3,1024,99.81286088337495,24.75052181239549,1.2820835238364476,70.30636194766565,60.587708549913266,0.7061660841028532,1.193970021419007,352
3,1032,99.54187313294668,24.530458870840697,1.2888606634108724,73.92726649820455,61.05518524518119,0.6621402949465108,1.1450034247974743,344
3,1040,97.90744791624529,25.191698373377612,1.2895860556698355,68.87111477889349,57.291548381777545,0.6843827963384784,1.02092235579191,336
3,1048,95.78179292282351,24.050256113158778,1.296706641634929,69.39521538837126,58.705586407523825,0.6999406935807325,1.1525126765327975,328
3,1056,95.0268922518395,24.064096070520936,1.2958002867076674,71.21468392204892,54.50425358355268,0.7007951850807097,0.9661349297475206,320
3,1064,100.01021138688793,22.81891792405138,1.29015858215302,69.59918754928876,58.66142745762445,0.6458864069791727,0.8262208554643405,312
3,1072,100.24323963202703,24.715441600415556,1.2708228644975061,70.36141042221006,56.126979315303,0.6878740460061064,1.0763605337858266,304
3,1080,95.43888722029853,24.065547214092042,1.2793589364270943,70.09008210940719,58.1219306760265,0.6664881338769976,0.7885312464467923,296
3,1088,96.92136511147072,23.056682769371484,1.2878529691151706,72.64039472888017,60.623280059041114,0.6737000254142389,0.904457871444408,288
3,1096,96.82734587153554,23.93810530257523,1.282558561294544,72.54346368808223,64.64076171485543,0.6796402601675314,0.7654514096699476,280
3,1104,93.20467608649112,23.152886960958714,1.27584451058078,72.07119507537746,63.76564814975147,0.6548737426313884,0.733483754709579,272
3,1112,95.26688562044576,23.178213665592875,1.262026333378779,71.90610183452416,64.88069333037646,0.6608256009592554,0.6575094469134214,264
3,1120,96.96740820483109,22.608373747446073,1.2591342115791462,74.79624900525653,63.96736764329109,0.670594277968259,0.8523584438682583,256
3,1128,91.29850803461386,22.87553113864817,1.2543674019903148,72.1483311773843,61.91532896954941,0.6670585182409049,0.8340694533982453,248
3,1136,94.58969111736297,22.944589223469645,1.2617991155759163,74.2680899367991,61.486820103820044,0.6620093120606717,0.8813529927155871,240
3,1144,95.06644703231443,23.380153262045784,1.2633402565783585,76.58464042825698,63.323622779826024,0.6604868663752834,0.9218310742570844,232
3,1152,92.57740447718155,22.9394792036129,1.267419007878488,78.35902488625523,64.27386457165889,0.7001850506752881,0.922244137201542,224
3,1160,98.717975526568,23.259421184538645,1.2733743061160925,80.57125408715095,65.23321514974575,0.6281208606069759,0.9436327360946715,216
3,1168,100.8550700423738,22.28433692499694,1.262582939204835,81.12264303871974,62.26457372570147,0.6595501813574376,1.1153837037848078,208
3,1176,96.6232227046821,22.223859054981308,1.2451295316864515,82.84250745222442,64.22601759124923,0.6611777637653949,1.2382812507474974,200
3,1184,100.33432255538283,21.38335751842637,1.2459048274865816,72.64101864838075,64.17017340414813,0.69251640143049,1.3839510483725035,192
3,1192,97.30433338256879,21.97064729242733,1.2476297521437953,75.84219445644078,72.13266558143808,0.6388357365196864,1.3085643642109046,184
3,1200,99.21820546974428,21.610232190705084,1.256274342043251,73.11784045392073,65.98023109938323,0.6646601727770434,1.3601706474854676,176
3,1208,98.01002400573303,23.050871323375517,1.2528551768000447,72.7896189448487,68.47032070435733,0.6528724808729409,1.532192645299595,168
3,1216,103.50485647148611,21.98241742608803,1.2638908123099926,75.6954050077831,66.55314780211788,0.6378299609514321,1.5451414748954528,160
3,1224,100.81079889408082,19.984971262536085,1.2516712005619826,75.61066948307568,70.64392424747594,0.6361522532219712,1.1970852554533793,152
3,1232,107.52246815959982,21.345557943175407,1.2558537697200538,77.25461545691138,68.77223229987253,0.6921364382083852,1.0915966504523833,144
3,1240,104.61995173734998,20.812080557731814,1.2578843833612279,75.79964869484417,69.84308974660615,0.6693722439618344,1.1641187676191742,136
3,1248,105.58528921369857,20.67185846418194,1.2581728233161684,76.4009796771879,71.59121773412714,0.618596110616853,0.8806601199004073,128
3,1256,106.93885412643925,21.34971135790137,1.257983784421495,74.21362865214057,70.75202072522124,0.6403376463608287,0.9881405068843818,120
3,1264,107.27806589304086,20.75675690865343,1.2631340736559864,75.18232274819722,68.4544386537704,0.6693968716328249,0.7837537094054274,112
3,1272,107.14580767337196,20.217677404311473,1.264689291671597,74.70035306407186,70.14802838873877,0.6403701857161711,1.0173876200000562,104
3,1280,112.02335469809465,20.62390224539669,1.2533527625778513,75.52045277268404,74.31904746772088,0.6352602820973179,0.9123243673128734,96
3,1288,110.13158609223146,19.435105228157994,1.25631052075504,77.16520552765161,67.71673447730159,0.6451437786435561,0.8590618662557469,88
3,1296,105.50596324253911,20.33187667569048,1.2528213428080444,77.26264191330067,72.42958069067039,0.6290089884050709,0.754597309412048,80
3,1304,109.45016110218258,20.231407923102587,1.2559369108109504,74.90946497610067,71.37198783315468,0.6448709823102885,0.9633741852987043,72
3,1312,108.8468025044379,19.412092343444165,1.2397487755010763,77.24431496522317,71.56375294806833,0.6197933551218741,0.6562589706687041,64
3,1320,110.5435011148386,20.51675936892938,1.2326775225616389,76.00633697684539,70.88103454468506,0.6261380405878477,0.7702251785425054,56
3,1328,111.44126530620375,20.066089805695935,1.218514187466512,76.20100802570913,71.47028303338962,0.637585526682195,0.7349547733045338,48
3,1336,109.50732525624484,19.63196252619052,1.2273718108703264,78.20795490556831,67.5496747394587,0.6099935677809555,1.1061255800935754,40
3,1344,107.30711897383449,20.314966291745332,1.2229530345938446,76.14214875055859,71.05716295337001,0.6303155394373493,1.0192358511454207,32
3,1352,111.4472949961972,20.093584170311996,1.195205399898162,74.17575976090886,71.24577577328607,0.617284702619071,1.1273995317974501,24
3,1360,107.06745103969291,19.100322895395006,1.1962371001331675,78.38029381048328,67.51120585128862,0.645020588056971,1.394407865489858,16
3,1368,109.27892550227665,20.19716968947837,1.2024424567976633,77.54970823980808,69.94240635450308,0.6337550460816254,1.0485442359616137,8
3,1376,108.02381705508311,19.650465141816618,1.2009339683498663,77.06775431574121,68.83602783568624,0.6244653221549966,1.1508480604203613,0
4,0,64.97788651919184,28.633905610750887,1.2122312059348246,58.08528902454129,52.94934254035413,0.8692722832983785,0.994623103005819,536
4,8,67.19180648759084,29.851307897457946,1.1997591151732303,59.264815075882474,56.356741113812255,0.8680628439495364,1.2609930957659476,528
4,16,68.05655369172283,28.968274413418364,1.208589156773107,58.58275060266039,53.00148115544215,0.8260141039192641,1.2389660030091298,520
4,24,69.41057705896387,29.968609833985305,1.208845124657779,60.56619100193635,58.31705693449166,0.8319028349835708,1.3727687846135692,512
4,32,73.0048505257511,29.61094802993952,1.194044236309601,60.90508099962958,58.695978283539105,0.84304891739228,1.5843511065327651,504
4,40,75.20586970857828,28.867311909158158,1.1885338239320526,61.38753802353902,56.22678896772399,0.8423326016702112,1.2913411508311612,496
4,48,72.32962883649346,30.131281503162874,1.1773823315761034,59.18826085378287,60.8838280024505,0.8317601386954868,1.2823310984992438,488
4,56,71.86306565254307,29.56984763938548,1.1733779807089824,63.67883935687858,60.98771641908117,0.8160719120552874,1.3995257554995024,480
4,64,74.55007189553798,29.751688064276024,1.1742474493938588,61.06755707612993,59.95425816620384,0.8142509417034632,1.251775362263386,472
4,72,74.42433859716606,29.03673198977203,1.177413070735301,62.44722318394185,61.27648437156282,0.8359860226434946,1.2359288063986724,464
4,80,75.47414417210658,28.688094734750905,1.1791825020042757,64.23110270315311,61.242516417384444,0.79600384853129,1.2638744311018664,456
4,88,72.78363268601478,27.709880951859244,1.1718864963244962,64.2581849096202,60.873791163196444,0.7927057845737743,1.0082568482003724,448
4,96,76.09168684337175,28.505529870595158,1.1786924505110044,65.55443924000444,62.44277392999955,0.8177503934694643,1.1908205759654753,440
4,104,73.14740598841485,28.669284618305504,1.1796929083868117,63.453769620036184,64.9664203390916,0.8022353086291397,1.0711249163814287,432
4,112,75.17053569474012,28.523798611810975,1.1846172703097309,68.03920705116487,62.933594239548114,0.7998592746355251,0.6039954716122836,424
4,120,74.23305519340245,27.620755956878362,1.194077020550611,63.96038773224036,65.12221464088816,0.8244595585454226,0.7676135626841508,416
4,128,67.2503000874732,27.592059178581987,1.1962243499134617,65.68552964473483,64.59090949578484,0.7964966396703888,0.9376621548249648,408
4,136,76.62557104459539,27.326593463721597,1.191958418568762,65.75407557486153,63.20703842224972,0.8106424315436889,0.7117786176605243,400
4,144,76.31309397057933,27.0533322918488,1.1936529948217809,67.04154203524773,64.56617643445776,0.7874204080656763,0.7483597574488094,392
4,152,75.8665194365492,28.68120570800981,1.184394015368414,68.2963937435819,62.186990729776774,0.8062731830561974,0.7623113888885863,384
4,160,69.45227446457615,27.1678377057502,1.1914225086343844,67.1456132625043,66.33655886748441,0.7841830651550203,0.8809698864773344,376
4,168,73.13497499213632,28.098870632044054,1.1879578376134472,69.25286382248022,66.01095740929564,0.7763560691586877,0.8009479586433651,368
4,176,72.01758852096657,26.68802980763128,1.1831085214006074,71.14067936337669,64.43069827457599,0.778479203707326,0.9753975830810333,360
4,184,76.35437357241021,27.66515953886141,1.1670850318704065,69.78485823130441,63.18674495873147,0.7453251431963419,1.0158839366207015,352
4,192,75.56165220284831,26.198858893253565,1.1717886122061274,71.35087907697718,64.26978417040665,0.7675172732855834,0.8972108311823521,344
4,200,75.05814643446664,26.584706633618854,1.1776082871928732,69.70857793105625,64.55463100967587,0.772558751246984,1.1272798914966022,336
4,208,80.65615483572509,26.855912212048302,1.165243308901962,68.75556561854799,63.921108202705575,0.7574616019083199,0.9115061543983742,328
4,216,79.3161368358139,25.187206608271442,1.1593018186330357,71.2934996305837,65.86182295553652,0.7684136369230444,1.0701808095356518,320
4,224,82.35247419422815,25.37651894219477,1.1567962241352483,71.13935697424007,60.50550070360755,0.7452215676067651,1.3912114264466495,312
4,232,85.60049039188777,23.656314062062982,1.1519136069297953,72.45957628988552,61.898442275313094,0.7537176814974191,1.3801791418205116,304
4,240,85.08762784048366,25.192457972608604,1.1532546818624687,71.27054729938732,66.7163077889031,0.7340686092317386,1.526915506926336,296
4,248,84.84350521181173,25.73453311624211,1.1405917258472826,72.61055785478112,60.317130360990014,0.7407766694398704,1.3434257480530867,288
4,256,86.20236390390258,24.871282069261824,1.1412735717065212,74.14957718535517,63.944731727442964,0.7215491697073496,0.9510008655000812,280
4,264,92.23872873129186,23.73351483982336,1.1384756322973741,73.80670656175982,61.10001132641493,0.755450808853056,1.1402919556792341,272
4,272,89.8638941335206,24.0143749653977,1.1262837729072432,74.72293048402409,60.85791944279488,0.7023524356542101,1.1832793570057347,264
4,280,93.46464497933965,23.04481142404682,1.1122090727664848,75.02603913440626,62.793561008334216,0.7043043927420308,1.133095720116229,256
4,288,91.89836358700786,23.276230304803427,1.1198592941869179,76.08119441602686,60.83113486597731,0.7062376036273565,1.0086323732048765,248
4,296,92.1041599149633,22.95571679806954,1.1256753011037235,74.53087100284436,62.19923999870186,0.7030056340506764,0.9011079417607386,240
4,304,93.52213780281285,22.151561301577207,1.1257090762639914,74.2983203303763,61.50803602496149,0.6917878031181206,0.8082471018414757,232
4,312,91.21988669278839,22.360328840544348,1.1308064191685259,74.81237801270538,62.142125885560134,0.7009727348087235,0.8984201076956836,224
4,320,94.80028073919588,22.113322946417647,1.1349344039195994,78.43140026013512,62.46262950870332,0.6796394151421896,0.8964915306766474,216
4,328,92.28043348714287,22.18735063673307,1.130640374061261,78.78752037002442,66.40503877199271,0.6756487240621323,0.67687771613996,208
4,336,91.62835532490661,21.5092020415574,1.1004500747585126,77.6964326719427,66.05720997466852,0.7160313892216279,0.726846259419495,200
4,344,92.06927939329138,21.10764628610907,1.093901105417272,81.28091459148052,64.62208574787131,0.6688104818013976,0.8387571232866364,192
4,352,91.56735532544202,21.311037121228136,1.0877965182334173,82.32627372404201,64.91288343576234,0.6635694190435305,0.7846807266722895,184
4,360,94.78755917452746,20.571180904167953,1.0802509853218252,78.72941826544023,66.11402378180313,0.6523636154143925,0.5851461744737811,176
4,368,93.45411807326686,20.691109173916523,1.0784016558989165,82.31512098572664,67.27943817661637,0.6849018682824872,1.0123506755968985,168
4,376,95.38032359653155,19.491149038985174,1.0554025466551813,83.9885420957007,67.08312812343195,0.6713154968681635,0.856186935733622,160
4,384,93.77323196507226,20.022286147004984,1.0578138503067807,81.94933172029718,65.5720624895991,0.6328666973031364,0.9705467428249236,152
4,392,96.43963453762909,20.049109356643594,1.0463763978914808,82.36439211105368,66.64715714093731,0.6474796552185946,0.7563317536418173,144
4,400,97.94813024031527,19.942044713280076,1.0363443573274163,83.42568524745387,69.1905232175525,0.6199804774803815,1.3108816657273432,136
4,408,92.25159634154042,20.620137899216658,1.0495357726636543,85.14155442829376,68.51603264714063,0.6150901688977471,1.239334423645975,128
4,416,98.17378757798558,18.57486230064768,1.059419957144416,85.66061607067378,72.90507878803254,0.6276738043078791,1.4980586275915546,120
4,424,99.97351980676417,20.026380312750486,1.0549603168509698,86.1782072893468,72.03731145951697,0.6312920237022022,1.3880025082538145,112
4,432,103.43928548074985,19.477677227187556,1.0466173868230375,85.68955860076505,70.11946327734287,0.5985012953352242,1.4823759290884446,104
4,440,104.87306529825656,19.99732909225793,1.0392201510817445,85.68561600532043,73.98749534382638,0.6243934953382472,1.3133021433820156,96
4,448,100.3063654469031,19.504445529333438,1.0472214024396653,89.45343074411501,72.70452059914673,0.5883566210036061,1.4059337804251322,88
4,456,106.58166093517414,19.408296549893972,1.0480674856363184,84.40594401216781,75.03652991501332,0.5657753932474516,1.2308704216822275,80
4,464,109.44648272411213,19.68245637365841,1.050780542733868,85.53605350449888,78.29600278588707,0.617375662843062,1.1407184609389733,72
4,472,109.31147713509155,18.93800975911177,1.0495882959855367,89.11654320359631,78.68563786606285,0.6055442744334126,1.0994481540301986,64
4,480,112.51960912441146,19.026573010732754,1.048474172564222,87.45406153682445,77.22005223331185,0.5699747081045294,0.7809079686434881,56
4,488,112.37016987105548,18.63989215792563,1.0224523459035932,87.35672982465664,77.28671839898708,0.5772206393117212,0.8228394606816738,48
4,496,112.07338769194287,19.0101116278392,1.034878680643128,88.96102750258795,79.6528211878359,0.5615960529762742,1.088087257110913,40
4,504,116.04209216946458,18.94446414775007,1.03508421589809,87.21796914045846,82.4587122590237,0.6002541508512015,0.7181793389431178,32
4,512,115.82737373437588,18.69614324451401,1.0282636635777682,90.6390036445597,82.21052610769887,0.5495179628486369,0.9920909462085133,24
4,520,118.02256910086555,18.75370297849711,1.024428537227934,91.55560012795155,83.01500845703931,0.5467060869569297,0.7120591003133572,16
4,528,116.63279193725796,18.964247751044894,1.0098619187051883,88.27969650421869,80.5712939055905,0.5700080430673541,0.6802263697260501,8
4,536,117.85505788633292,18.633132521603283,0.9997131429171434,92.60944973264323,78.94423255426979,0.5698258500621249,0.681022928836655,0
5,0,67.64640897816231,24.20729752709925,1.2321642497684375,59.65517572875565,44.995334143760665,0.9008974381716085,1.0402426076316884,1704
5,8,65.39764167024158,24.63564657775978,1.2505050054633151,59.79775603685647,45.302420431365256,0.9018123688438697,1.1224617190121096,1696
5,16,70.48144497618695,24.194898907571115,1.2321545527306825,59.3648040345815,43.7806301021659,0.9088374211895768,0.9856610413139513,1688
5,24,71.31351902170539,25.96153063969223,1.2448223376961811,59.766254803386595,45.150982074952,0.8707899742431804,1.1674224440454057,1680
5,32,66.69049796473821,26.084324313278373,1.259852215739971,59.31363804727203,44.95438148012585,0.9207265947850355,1.1419499093269738,1672
5,40,69.84850036160033,24.301675412120648,1.2712175250574282,60.98424384243686,45.4157740653784,0.892475092977071,1.0884799111317407,1664
5,48,68.89602787164398,25.055148758376973,1.2736383666494138,58.37292851479258,49.22560806659143,0.8869514318152919,1.0897293116658158,1656
5,56,70.58550293973185,24.561087735141946,1.2798394327981708,60.5318092982888,47.52994775952839,0.8884362159214437,1.374622291088896,1648
5,64,71.25961410147008,25.743184330217183,1.2823055208003673,58.31267738542911,49.85666833366979,0.8910936118487404,1.4587996342437013,1640
5,72,70.3803667837901,24.554731646754316,1.2947773919496297,62.78025051163494,48.90505688771621,0.9181255643883804,1.0243043126172118,1632
5,80,73.19583695720777,25.28505264266077,1.2937201384218235,60.571965660493206,49.90965618118195,0.9110354131311217,1.1204861871821779,1624
5,88,74.30986495157893,25.85847800684096,1.2931560786682739,58.88937801489701,48.16655194238143,0.8714212939159987,1.465723653144243,1616
5,96,71.37161046982457,25.78071717825789,1.2902336724231023,57.41809620370345,48.81559861853099,0.884930233780011,1.180919056770409,1608
5,104,69.14170054983875,25.39856938134693,1.297605616818285,59.26968387542651,49.7766931708839,0.8793928149678093,1.238056320194913,1600
5,112,69.09070924271143,25.47513299904527,1.3002687231844576,60.68273874622737,46.38874382939416,0.8892201602550469,0.4735699424022652,1592
5,120,65.41021916187309,25.17935363046478,1.311859511519253,60.077275165429775,49.49404850651214,0.8977417369532575,0.9193916435620413,1584
5,128,68.59375700217582,25.10752199727249,1.3000210437368325,59.6608201464343,50.45238869074409,0.8961367185662389,0.5457270751127969,1576
5,136,68.52997590687963,25.25018472127724,1.3196840112964834,59.09199179752616,49.07311483600332,0.9039953713024134,0.7759936331675534,1568
5,144,69.98014640857527,25.198388324510113,1.317954712557658,61.95167307745999,50.502055633808226,0.8849238783607805,0.5385326959992055,1560
5,152,67.46546722780138,26.038911251144707,1.3187043795421796,58.316430053132926,51.44379919135332,0.8976324530760773,0.8313083269548643,1552
5,160,67.68314683747835,25.614692327735625,1.3239531780950542,59.26580323323094,50.192902445285476,0.9009554452914778,0.6333496229810007,1544
5,168,66.80044743740699,26.42191280324862,1.3307063343202088,59.95902351128992,49.80240198788642,0.9015139754209079,0.7891900340159385,1536
5,176,66.5571417275983,24.983686263282333,1.3502761142325705,59.38049181443097,47.89764019107744,0.8803975599773547,0.9906151709705209,1528
5,184,63.39573727590782,24.824675058287454,1.3513256560377713,60.898977210397696,49.562877306063044,0.8674212723056922,0.6715823985344281,1520
5,192,64.88462108795619,23.55020767973055,1.360911731232577,57.882763664752396,51.65379868642893,0.8948227291111513,1.0346793999662165,1512
5,200,68.31291055185729,25.108153851708995,1.358851702215222,62.22634387620595,48.85642521701826,0.8948449394957679,1.0000074099723844,1504
5,208,67.30596914483745,24.712738273595555,1.3753175536838427,57.684008675499186,48.94611655214607,0.8880363104395839,1.2809734817408642,1496
5,216,63.58741676348803,24.5584052433281,1.3647037068146741,60.45489508201538,47.351851758072414,0.8746320463718981,1.5324949531433334,1488
5,224,66.26881707721907,24.817122960392886,1.3689627942624976,60.374231782508815,50.78672542341164,0.8876719606659683,1.2564401497928293,1480
5,232,63.40155284732687,23.974275261739525,1.369816203509248,59.1667882204049,49.33236344514845,0.9075778496239278,1.122224924948592,1472
5,240,66.69613075106359,23.466336886670323,1.372432259402109,61.36350056113244,46.60816747873587,0.8835639671646841,1.0625339737056443,1464
5,248,66.84802598113887,25.005875694045393,1.3751165565142036,61.80405426668064,47.81281983356719,0.8815406353547436,1.1788416302221103,1456
5,256,64.90348817968635,23.810029116370156,1.381380162913466,60.16105143549591,47.6280429659213,0.8763769285227921,1.1834530395462877,1448
5,264,70.77155614588635,23.495750446467916,1.3749531168969535,59.47391659548423,46.54051255981527,0.8833406478422732,1.5227396063451808,1440
5,272,70.53496625892576,23.063436343147142,1.3785447432432587,61.344266837925296,44.73064768450528,0.8697326338123862,1.1458528398143977,1432
5,280,70.2961140271726,24.032613739916314,1.3867696450003166,65.80965101491414,42.76486119587262,0.8945496975016771,1.1635706407109478,1424
5,288,70.5687045028186,22.552973040221794,1.3670576893100514,63.05121404846436,44.97480112647799,0.8610313634942395,1.1797001359643764,1416
5,296,72.6793123768843,23.95376748022419,1.369092444653999,61.76042298878406,44.47864826460172,0.8621704419166026,0.8461905207605989,1408
5,304,71.1355121939637,23.153456833363137,1.3636935225965874,61.7981057689447,42.178039241831456,0.8928450843285185,1.0241752712808452,1400
5,312,71.61481723275209,22.131685885975035,1.3403273755023561,61.41360564277709,41.99339421608253,0.8671501074484966,0.6733452415341024,1392
5,320,76.24396365110138,23.522124105028876,1.331499376262193,61.81004867427396,43.90136905540788,0.884074991898406,0.8720916250930677,1384
5,328,75.64537084397313,23.184557085431912,1.3364702724498874,59.762578221475785,41.37807415812165,0.9004780244526212,0.4360759768299748,1376
5,336,73.97223134174446,22.3521938257219,1.3329743992116179,62.66880046940266,44.02824141936408,0.8785038790469947,0.5868052863499092,1368
5,344,71.71981741390489,22.150158593936514,1.3412223575288038,63.56523706565692,42.313084088648964,0.8786608015870635,0.8668368295796913,1360
5,352,74.98416935084876,21.954521248813112,1.3683202515245638,60.75630825424323,40.29885731347553,0.8724453843507703,0.7024171187866,1352
5,360,76.40596923648633,22.07516056459908,1.3748159278031395,63.49553951384688,43.89092898784125,0.8618057457600816,0.6827180548153222,1344
5,368,73.16562907464395,21.488296140657965,1.3665683347599509,62.00906084797162,44.736823036924335,0.8413172627444734,1.0884735904208542,1336
5,376,72.70954140531099,22.630593906776777,1.3655131800575435,62.477108338840836,41.78606083507366,0.8855208425025162,1.084246134336623,1328
5,384,75.13908292916798,22.817955498250342,1.3567858192445539,62.900427387367614,43.19032585777847,0.8664097936653042,1.1356230775341585,1320
5,392,74.33285710232427,22.795539395160095,1.3579285416537532,64.60051628453739,36.9052110294065,0.8663068070736059,1.0319698926609027,1312
5,400,72.02982992358235,21.40551204736996,1.3661946941856318,61.593632964280225,40.319519071054515,0.8725795139797416,1.3416534035102787,1304
5,408,70.62147377900021,22.821771822444536,1.386748533259527,62.64925216577119,45.4697611669724,0.869331055274581,1.3422936754253318,1296
5,416,73.50455841754557,22.69475691613469,1.3947062135550823,62.39717088840918,43.29417236187919,0.8458282057667654,1.4033897645003846,1288
5,424,70.99211416321184,23.20932801328117,1.4098476552006114,61.13174388933666,43.352102663514586,0.8665271626853932,1.4401291046672482,1280
5,432,72.19181976514608,22.91085424467018,1.4143619067166464,61.79440121036269,44.18881144556711,0.8571006970885046,1.3203711865950745,1272
5,440,71.30442736823944,21.700106250793848,1.4275413643727948,62.33229412644627,42.478681010754094,0.8584251665028412,1.259690024801133,1264
5,448,71.78981842962382,21.938935598472593,1.4129385304242343,64.4581152715665,40.857652646333314,0.862599789801432,1.3212170085597663,1256
5,456,71.26112089191717,21.665069556630424,1.4081809896649533,62.31818598584377,44.03253022205994,0.8639894236564281,1.1353769828351068,1248
5,464,68.40528556520331,22.4124300750747,1.4193671113502058,64.23373502450347,46.26700885582855,0.8768144990065094,0.9881176087973464,1240
5,472,65.79987350304758,22.926965665800594,1.4062570876747493,66.26582264934136,42.09651759253829,0.8672008499019724,1.1328447189620021,1232
5,480,68.73759842093652,23.06156389915731,1.3924670677919124,62.339090499124204,46.73179275853558,0.8475795244227443,0.8841579896479654,1224
5,488,71.5993723386507,24.001435364362965,1.3778318490360837,63.55893991924324,42.765051085305004,0.8507734968913411,0.8123198437890093,1216
5,496,65.90192883948457,23.055502390387797,1.398445063095508,62.086877152755555,48.232428334860636,0.8449777895658409,0.8158266493638117,1208
5,504,70.17961869457223,23.0342329358515,1.3953157019668334,60.766349215502714,48.133297831444985,0.8765169209420814,0.8705767705958346,1200
5,512,66.7953407394019,23.88801135022416,1.413313522568879,63.10476213254747,45.16343125168458,0.8407039780588287,0.7912830865644488,1192
5,520,67.0087529610284,22.964859952050784,1.42359016814806,62.34968397033741,47.16293406451654,0.8603647046112209,0.8933347574938513,1184
5,528,67.35299281896634,24.001305177269927,1.4157578476100365,67.23647328981046,46.03365765241883,0.8600512462984018,0.5770251845480435,1176
5,536,68.75119896562317,24.007953979067835,1.418603776805808,67.51124446228022,50.06460694473716,0.8462912432783152,0.6770956323288504,1168
5,544,69.23361147838713,23.989091416311616,1.415265811468857,65.36153256237672,47.71424786898976,0.8478180433277502,0.9384150593685365,1160
5,552,74.1338371534475,23.765494231863023,1.3943189943079635,63.17159429036583,48.08654032809834,0.8435868131714521,0.8933950469059185,1152
5,560,68.10636758626245,23.389941263493302,1.390403451531566,62.185456276609834,50.25893703521544,0.8518887675654739,0.9879267404287353,1144
5,568,68.95566760207308,23.30819065095951,1.389724699053872,62.49954784207792,54.47051194841672,0.854179473138505,1.11438507212968,1136
5,576,74.03560453748626,23.036310703044656,1.3812263958108377,61.40739053618107,51.487043754125956,0.8546152101814686,0.9845303699758557,1128
5,584,74.87276782161474,24.753496669937668,1.394951906935377,66.86905224617492,49.91345556712734,0.8503657135023478,1.1167922764565206,1120
5,592,73.38024601121091,24.01415724367531,1.4007784077414676,61.052262498143556,54.78402276717432,0.864702107746301,1.1099907668683366,1112
5,600,74.29106978637726,25.101289377286758,1.4165991210425728,62.82739010484317,54.61490491983342,0.8212370096826503,1.3977274761243572,1104
5,608,77.07127691513631,23.712293691260978,1.433843730852708,64.26817170637021,50.74308615364606,0.8531285401928032,1.5088383644929089,1096
5,616,76.37015136173268,24.51484502656754,1.4263879286574985,64.64635428855702,51.143169177442516,0.8718432050527656,1.431071262805137,1088
5,624,74.86326943942565,24.30381708024186,1.4335099820563668,63.02845956761008,52.79336218110197,0.8777595176569064,1.435034839151308,1080
5,632,81.65245674185861,24.042583684591747,1.447470591549542,62.27673118885383,53.319524770442655,0.828165305399915,1.389420356024763,1072
5,640,78.09811423797144,24.625802890221298,1.4399060707503264,64.95087842601043,54.50667272584615,0.8719090330012366,1.1514614720536047,1064
5,648,78.85539673324543,23.196704720186275,1.445716583988299,66.49359488823814,52.83100935939199,0.8586125094610064,1.1338955192753568,1056
5,656,74.86492105721418,22.96097224033185,1.4388763709662058,66.56831994742274,52.03973626531452,0.8596909619487644,1.034380521525675,1048
5,664,78.71826561203417,23.198699382052588,1.4399527736501903,66.27288789889852,54.27988101429013,0.8660726465477431,1.1752392906503133,1040
5,672,78.95579954997586,23.201429283339195,1.4433590158569254,63.893281135107934,54.65053010315541,0.8744452781102232,0.8383465430682324,1032
5,680,74.55375464235242,24.252649895850293,1.4476898246082086,63.888402833483404,53.207608781309105,0.8488031935985181,0.7681480830940242,1024
5,688,73.52298007698096,24.280732820392725,1.44371796224243,64.30011542340623,53.06142418221363,0.8519356644724438,0.7385049655506158,1016
5,696,75.2410649666361,23.716390085383985,1.4326592059329875,65.96307626139459,54.08482921616982,0.8426652289144829,0.7003956464346581,1008
5,704,76.66304882997305,22.347395934368954,1.43600700755938,66.36591521358055,52.14486945620456,0.8425226933132238,0.4736409208450338,1000
5,712,78.43220497066088,22.872191184035803,1.4194934524083314,64.16380121735874,51.27347647561685,0.8256324016393154,0.47261023161360494,992
5,720,72.50334375823167,23.681611328274894,1.4058529065739607,64.04371952279617,51.582243577743085,0.830922293573557,0.6710565023294357,984
5,728,72.74915172095118,22.30445152106436,1.3970833511003304,62.979670984757306,53.996344077287226,0.8512846966876725,0.9668787168579969,976
5,736,72.11644453409362,23.714614985018425,1.4019857529843034,64.84927830162329,51.28506812380633,0.8245976222152325,0.7719847392097323,968
5,744,71.5497547298468,22.823802237516595,1.414344547220756,63.83561091526992,51.93319196557178,0.8544062187112512,0.8159801962978049,960
5,752,70.57270359227311,21.946508741546445,1.4096532832411517,67.63050839548369,53.49651556184112,0.8637632561119805,0.6652053885279501,952
5,760,68.43770188294903,22.32546784677148,1.3885999527726758,64.9554847750343,51.85388862032362,0.8244980376654738,0.9596565744626627,944
5,768,71.31316005909333,21.793954509803953,1.3962425531260079,67.37867867710804,48.97154455594691,0.8166156318832202,0.830462485128818,936
5,776,70.21287582717717,22.00154033928188,1.3975047568552326,64.91080733180199,53.05057483048393,0.8170441185786875,0.9709062633010354,928
5,784,72.172278777541,21.197780112579654,1.4088227928449277,66.82876783684843,50.39977610115351,0.8047578946828747,1.2461935608377668,920
5,792,70.62799266234578,22.110617688522314,1.402812715901579,65.90119300728686,47.12814307018006,0.8443682356970743,1.189994125233198,912
5,800,72.70308845362793,21.62747283119081,1.4096578695270738,66.91376881421573,48.76254252330999,0.845606588831394,1.5176213122324977,904
5,808,69.89398860030602,20.43879451997203,1.4197104559192606,67.5811256757847,50.17484218802737,0.8364871712463092,1.1313753219462148,896
5,816,68.42113712968906,21.253778161192596,1.4328611151284096,67.11543332755345,48.61356390971966,0.8584314244090686,1.328958734903276,888
5,824,72.51786984921708,20.94539415153047,1.4401649361538107,65.47418377660098,48.466014021962486,0.8435132132766932,1.245480834777134,880
5,832,73.32461199046399,21.54740492469593,1.4592887848891165,66.77061835635682,48.61843560993828,0.8339958505905879,1.2551564083281685,872
5,840,74.667699253208,19.70060116675195,1.4508960529566826,66.76549858800418,48.323748120918275,0.8192625832093741,1.1023717098888135,864
5,848,71.96920296369622,20.430577571486758,1.4597532164087186,65.1158360330719,48.55514209438565,0.8580321539425498,1.234288588534004,856
5,856,76.12549707549053,21.164886114577154,1.4575785770683942,65.86173348503772,49.21531645871537,0.8493181132762698,0.88124700011346,848
5,864,74.7108421759809,20.654698272022305,1.4552398563787865,67.51839967981482,50.1067147791295,0.8266337418614871,1.128783840408357,840
5,872,76.54778048729015,21.833083306955704,1.4470925605841787,64.93342725673617,46.941413968972356,0.8374572626313449,0.9992829466058912,832
5,880,74.26060993810545,20.898671371418516,1.4648512430630314,66.89368503543551,46.008089688344825,0.8531863625491752,0.8471916629813004,824
5,888,79.20982916574829,20.955219752973015,1.4622290939334621,65.30293686594491,46.70539737982018,0.8470302548175224,1.1232197409775726,816
5,896,77.19540245533875,21.15586318670887,1.4494133620301985,64.64760386315287,41.77508901404285,0.8373668097981128,0.9723159702225648,808
5,904,83.05137942782231,21.056473131867474,1.4382253165771832,63.72812182572277,44.71206161368355,0.834626142665083,0.729276265554336,800
5,912,80.29477321780328,22.00480339197441,1.4381800385308035,65.05095867121287,47.145127785573735,0.8448956974983696,0.7469931009782543,792
5,920,79.72632386181074,20.365349340488216,1.4559697396892173,65.95549526867848,46.370330258423266,0.8074869382739823,0.6563899503767376,784
5,928,78.86852112564382,20.794131475226514,1.459484572598809,66.00190479013501,44.63830699443774,0.821061940643219,0.6960935080836365,776
5,936,79.3879568511352,20.472515712421146,1.4561946755828339,67.87488980249476,46.40594206869989,0.8207691199530204,0.8516668577499321,768
5,944,81.4722060052566,20.96160884812673,1.466186940602437,66.03619184181018,45.21394599482098,0.8218943560494505,0.8324396879684753,760
5,952,82.72838853748607,21.248658778202643,1.465435654017326,65.33684777721096,44.33016359937183,0.8288960291654527,1.126307854310147,752
5,960,82.7610396504704,21.988108247238248,1.4728359372414581,67.39274849722186,44.27251309613032,0.8218878830698367,1.1882303144769306,744
5,968,79.17527689544924,21.239638664776436,1.477048416261617,64.97144635198819,47.915747574979655,0.8287630331579883,1.1586708626807667,736
5,976,81.65105232300073,20.281586171286015,1.4720850380382113,66.10974682390115,47.42894951149178,0.8333418958858448,1.1870625256129355,728
5,984,82.6836718758667,21.29095574314589,1.4674938995203168,67.78057641858385,47.94694358425102,0.7959545778794556,1.5624584852497394,720
5,992,79.00317359938924,23.294428431491752,1.444162868359531,66.24215247796644,46.045495124383486,0.8315722192442508,1.4898755072520813,712
5,1000,80.77695307417837,21.749838690060784,1.4453490730602434,66.20206584899782,44.954069059227095,0.8082423260473101,1.232546248482872,704
5,1008,74.07666922529341,21.778003762941406,1.4334477769651823,66.68291639945579,47.1879157865074,0.7832386401496074,1.4405749990789716,696
5,1016,75.32000028067367,23.185987022560305,1.434510926945004,70.09268683437892,47.8008556741133,0.806228231164887,1.5740056458349667,688
5,1024,77.20285695683307,23.032749472103266,1.4328357429106253,68.6797910972178,52.965691427693386,0.8126223517130164,1.012912508726679,680
5,1032,78.5425988180375,22.054950855947997,1.446462639613614,67.31686983851694,52.66218258698379,0.8077514730492701,0.933594150255568,672
5,1040,75.92600505187998,22.524467253082186,1.427741172770752,68.72377155887031,52.84275418824373,0.8046174012261725,0.987362650941966,664
5,1048,75.69108193550736,23.432416124570196,1.4290584191625655,65.62505054113498,50.33008995216251,0.7789670905191929,1.3571101508533652,656
5,1056,75.98157267251128,23.2394753221739,1.446559171096722,67.32711353866186,52.39615806490543,0.7987952532082595,0.9548468437332688,648
5,1064,74.7888856993229,23.60564739225116,1.452601971808093,67.9332508903307,50.27306749689965,0.8338691198379098,0.8410411390493755,640
5,1072,73.34677659438047,22.55034871605917,1.4601631075552899,69.74353985037808,50.60810382297559,0.8143849171470415,0.7718838690180121,632
5,1080,75.44434076726479,23.30723696459363,1.4546518784630331,68.5125845745758,52.02604884555163,0.8081943395045177,0.7812501827702768,624
5,1088,74.59818934949746,24.17949301279805,1.4736173952654463,70.09255751776253,50.11607336259719,0.8165684606988561,0.5725780775653966,616
5,1096,76.1650320578714,22.97080973850526,1.4669111881857568,69.06677924741808,51.328722635579844,0.8099901032052865,0.47639912807246587,608
5,1104,75.6227998065507,21.830769814486793,1.4584238106906482,66.00638555806447,56.666996469209344,0.8057745776143466,0.8573916061418567,600
5,1112,76.40683643796055,23.54004730290791,1.4572825865556434,66.74177204391205,52.59180621364442,0.7982823327561505,0.5815852636993204,592
5,1120,77.65166873188186,22.773704863164415,1.4443036569757404,65.61645325506039,52.9273180929811,0.8211058661210683,0.9625284605315789,584
5,1128,77.62688614385314,22.004581520980594,1.461695667619363,69.83100643496066,52.81103450252874,0.8268151813692395,0.9941275722234759,576
5,1136,83.02734418347463,23.352353912341936,1.4536115888769343,71.76846014995479,55.030771641837376,0.85841443073492,0.8786459669522246,568
5,1144,83.914017734664,23.230086440670842,1.4314826398163136,68.78143963388938,55.542303563773636,0.8411828629342399,1.019512100476642,560
5,1152,78.41209288940293,22.383828998992552,1.4126166096109503,66.49276336122975,56.51122698849508,0.7915773814309379,0.9999018818569648,552
5,1160,77.23190000821432,22.541713697598734,1.4280458323561218,67.02388597537976,56.58247013547497,0.8219450622646061,1.0070176552387435,544
5,1168,80.85314341762034,22.523904167332873,1.4251424705838545,68.42082014570195,58.11366720505329,0.8000377038979651,1.609312585071023,536
5,1176,85.21322553000397,22.20511600526785,1.4279916127201397,68.88892220559099,57.874015987098026,0.8068752955777375,1.245144464555386,528
5,1184,81.79319045377764,21.252867839275908,1.4244769031879438,70.81274702533838,52.86334905770063,0.8285681214509112,1.1696428353631725,520
5,1192,83.69085508887925,22.645095688856568,1.441496303038417,68.75690841026683,59.622450538808316,0.7885193084638152,1.4812796227072893,512
5,1200,83.04085503766636,22.104933917565326,1.4372337998222307,70.88298550520965,58.267092601616056,0.7895952326298064,1.2551765594898805,504
5,1208,84.87073494850043,21.44773594597936,1.440605378472975,70.1730481036196,54.441817028159996,0.8236108611627629,1.296863967767162,496
5,1216,83.88049382700713,21.76024191374946,1.4285721996605685,69.64071043593697,54.679785001815375,0.8050513768892934,1.2955781526556083,488
5,1224,81.96494985475957,20.614243498008506,1.4206127616550335,69.31262993994721,59.51698399891618,0.8346931471185997,1.2776213715088098,480
5,1232,82.33999698261015,20.362814719607854,1.4104998103383983,68.50784203072195,57.15331516663974,0.7977749852901779,1.3149519064943112,472
5,1240,86.76863683045664,20.657097484214745,1.418876468723373,71.56841896857712,59.641479468791985,0.8137499536346086,1.069351581743981,464
5,1248,85.0518376611566,21.19649973039711,1.4165170083804108,70.74438861867625,57.57521699707486,0.7916818349543072,0.5121578585803821,456
5,1256,86.14632866807793,19.883272438017453,1.4034338824003512,69.64396635834281,55.90088074589557,0.8275348690406135,0.7635382852443444,448
5,1264,86.32342949687927,21.034446669305133,1.4073118124266115,69.13900709665246,52.02036284662215,0.7874057586468157,0.7627592452409772,440
5,1272,84.12813967712715,20.64648812783425,1.386237739391326,71.89386555617911,54.61245848475126,0.7990928669932532,0.9176513376186001,432
5,1280,79.39078541745249,19.985262110379487,1.3843962603237918,71.99853261432237,57.08542789587012,0.8319693342212865,0.7554405849897198,424
5,1288,86.08564360555265,19.70991067771502,1.3789480692927172,71.77468921438634,52.54940905323294,0.8175399082191872,0.8754572249646778,416
5,1296,79.01516473412755,20.129449421118434,1.3816145459888107,69.71800074660734,51.91896410336919,0.8156268827126462,0.8501463952542352,408
5,1304,80.10251442946588,19.15314455763926,1.386688278409764,67.56578998318842,55.4316209303577,0.7880431324959866,0.7688777770181957,400
5,1312,80.35550005464175,19.868638223809665,1.3767043923208648,71.18864467695013,55.655962808107844,0.8267841411722433,0.647928680132652,392
5,1320,78.45675283854848,19.76060519590885,1.3950391938842588,70.4118311339831,54.135482960133345,0.8190428563824368,0.8590573627009135,384
5,1328,76.68602505014411,19.656476679577537,1.3884211277865974,72.78774468656776,56.969865026530286,0.7839125556190786,0.8269770306895123,376
5,1336,79.99111464202723,19.75899157974212,1.3797766538000873,70.06319734872461,51.09243045868538,0.813565249329644,0.8701192312359185,368
5,1344,79.48422501524655,18.90768540807444,1.389962176650822,68.32837071113022,51.68040159751045,0.8094837472919552,0.7296495985881379,360
5,1352,76.28310205628624,18.83268944016703,1.4023315519841912,70.69174682062497,47.377070721672226,0.8406986008464056,1.0093256871829814,352
5,1360,84.9007574699929,19.510590447408,1.402748564779853,74.6871114693287,54.42651287116956,0.8003567451313368,1.0557264413389036,344
5,1368,75.67746804368389,20.3290523071916,1.3885360023808617,72.55843508777194,48.31860223724693,0.7980949643698085,1.2274845640664902,336
5,1376,81.91247100893656,19.507493210502574,1.3891789923591928,73.47671345761046,50.977001264758364,0.796969997932442,1.3965644121466187,328
5,1384,77.51886096015598,18.41568707079279,1.3884742161182726,71.46692281873874,46.16044656050207,0.7869141685195703,1.2728570949954563,320
5,1392,80.76712785795719,19.336283402875956,1.3948596778189006,69.67806346911662,48.64219772856777,0.7915504741591062,1.3793082717163947,312
5,1400,78.24997366344027,21.075893639834938,1.3899593908149217,70.14704163149756,49.330643381474914,0.7942873320871776,1.4395916585806119,304
5,1408,79.71643346704143,19.254064867376236,1.3851728367300222,72.7216896325971,50.21357241896085,0.7912921496310419,1.1683616881044485,296
5,1416,79.7064575902344,19.88101437649291,1.3950784235597065,71.12096212647668,50.73983992288329,0.8285642110670026,1.0725877559465027,288
5,1424,81.58961679605943,19.4612903894578,1.388794379567083,72.219767349812,47.36841569244967,0.7745612311222281,1.1915323802860107,280
5,1432,83.46527959833435,19.930037998594816,1.3781843358074939,69.2902709207947,49.77218438824046,0.8054181516780915,0.9370571407218526,272
5,1440,83.94190803464478,19.496371311931494,1.3707223616407664,69.77455193807901,47.04675932974174,0.7992588410696851,1.0481856128308955,264
5,1448,83.44731886093166,19.154321571210332,1.3668579679410249,71.59306450113284,48.73633346872816,0.7964185932706239,1.073641722130819,256
5,1456,85.2371300772103,21.34102297132241,1.352900608200618,71.57585978433649,51.47434509562982,0.7861436517422081,0.9888131021026367,248
5,1464,90.39389729663266,20.546753696578026,1.3441027934153373,72.6011419972689,50.51536574705923,0.7818730256026725,0.39944301220234635,240
5,1472,87.8348094430339,20.75846718761727,1.347124151080609,73.19768450502794,49.02215648773109,0.7654108957352734,0.6138124151312974,232
5,1480,87.54163195238954,20.47974553916358,1.3376816601016515,70.39871538761189,50.74233518581759,0.7671116557327811,0.5705211317215828,224
5,1488,89.26704709825955,20.72090567272495,1.3379034707459818,74.56703503945882,48.7137716460143,0.7851166254129421,0.5403196427043706,216
5,1496,89.45678280371227,20.875931811949545,1.3364208998154088,74.08782843070134,48.02346036278248,0.7835352227893649,0.6384231636369598,208
5,1504,88.42892827551186,21.428139848583882,1.3451240806488463,72.10778941341191,47.791736538641466,0.7828231121672777,0.8798473717156361,200
5,1512,88.93942436340767,20.988284116263536,1.325405255505783,71.14435742216902,49.301812621344894,0.7428713301320443,1.131142612201936,192
5,1520,92.52393455147993,22.311619736431613,1.3347340676090438,69.37481621819629,50.88286007991915,0.7747395099162515,1.1075049882895538,184
5,1528,87.42581730950354,21.10944705162466,1.3307016856738967,73.6869967165168,50.77156122420403,0.7669411517642214,0.9639420149533293,176
5,1536,90.39931929263275,21.98086351579192,1.3326467666879769,72.42225885469882,50.596694779835865,0.7697339634446495,0.9406108464886163,168
5,1544,88.24769675600949,21.11984100918069,1.3359701714748347,72.73664648260893,50.49833898302172,0.7469698824619313,0.9265809408050026,160
5,1552,89.38380125702369,21.202860904787894,1.3225390122262444,70.61259757926403,50.4198006142888,0.7526675444597091,1.2914215744088866,152
5,1560,87.25971265524124,22.041364118956608,1.3263470786705425,72.87862873267352,53.140478851570464,0.756889281124172,1.319120677024812,144
5,1568,90.51045341647216,21.864653186533392,1.332671018698568,73.59452770422051,54.67718697000766,0.7617939057072882,1.2391916679917836,136
5,1576,87.0227370231758,22.279560156777066,1.323789443317749,73.66515683098986,55.30717376537568,0.7812068514244351,1.2424197094310108,128
5,1584,83.72485551901214,21.44496525613097,1.3322489841355851,73.03733490924719,56.61637366094658,0.7727057649568926,1.056698171638778,120
5,1592,82.98389635923219,21.70409062487196,1.332307723734812,71.20267289910744,56.416747917702395,0.761479187072236,1.140345070256741,112
5,1600,86.19536714640076,22.17377412679844,1.3326283892901287,75.68955909034496,55.860623145985414,0.7652999511103938,1.2082098532878895,104
5,1608,85.34706596969963,21.73806376423424,1.3439578125628588,70.26822506239499,54.96575666033516,0.7676447972515316,1.4267877073349007,96
5,1616,84.46275651288617,20.928675920492175,1.3235530731651215,74.03063823140062,57.01091946773008,0.7714048877288288,1.4092429500850805,88
5,1624,81.26682088057152,21.4486420143729,1.3384918250398337,74.01339318650093,57.458185829280424,0.7996607235897775,1.1029791603197037,80
5,1632,86.94387694304405,20.562071695162906,1.3317127149087022,70.0529995449931,57.19108820821309,0.7539970411159205,0.945360147804359,72
5,1640,84.29784255954765,21.874015069515995,1.3233617968084785,73.21926215058771,59.70077525111862,0.7939155394472028,0.9995969583963835,64
5,1648,84.16084295821386,20.68160663503085,1.3359254088891928,73.67961233081421,59.93104997048945,0.7428278962023804,0.8268788789577327,56
5,1656,82.49414262458201,21.228147250046543,1.332718090472532,73.04063617906793,60.40607478326756,0.7531343532871486,0.857845472798017,48
5,1664,81.15555523003177,20.68641852784188,1.3438950747747198,75.38536167245958,59.330944510871426,0.7397507048282065,0.9120740316571074,40
5,1672,83.82862168145972,20.62231339625679,1.3314824041544693,75.35621492598925,60.33641025817117,0.7535171868170262,0.5013908523635967,32
5,1680,85.49656481907648,20.067368912313874,1.3340685797591498,73.98135042057022,57.08440483623942,0.7530613898669983,0.6118870870431766,24
5,1688,88.2090595086286,19.49649796524546,1.3234954115108297,73.3125491124408,63.31255479425056,0.7403517123015034,0.5248933672669489,16
5,1696,86.5821357757733,20.322118084787043,1.3128372036123177,73.62033304573869,60.879596590159174,0.7393420466449839,0.9369405253308218,8
5,1704,86.9963330868385,20.081550322874776,1.3218110508317669,72.71541208722354,61.46066483566198,0.7723467189597298,0.8399503014464705,0
6,0,72.83740667068884,28.814648311369783,1.2507066298641778,57.10776559645594,41.72440618528487,0.8649947729738438,1.1511392894189951,808
6,8,72.7615608360606,27.791713348280776,1.2540778570256994,56.15466121413444,40.292969906420474,0.8701694053523086,1.0412799342798633,800
6,16,71.74322483358755,29.855883055078756,1.2660010564771687,58.406041769024604,44.02343235132727,0.8591999274561943,1.0750631494337322,792
6,24,77.24717450670063,29.477977256723076,1.2683291745007055,57.19766083556364,44.99896490741253,0.8700897072398892,1.1691873970324143,784
6,32,78.48291963827045,29.13211780249581,1.2760718496189898,55.18400375255104,42.4927809416414,0.8866213400092081,1.1551363857550043,776
6,40,73.37176397917584,29.617235193263898,1.2662359027744743,57.36305049631006,46.48768206832589,0.8711327746656238,1.3207815702191898,768
6,48,77.49234485936447,27.83538867262085,1.259353250573654,57.98340214071066,44.26031569454151,0.8643639684091202,1.1980504547146467,760
6,56,73.02381540206892,28.477265406904078,1.2560877462897122,56.74502241540023,46.20363953948053,0.8590319407348397,1.313442523373228,752
6,64,78.21013104062408,29.191084870650442,1.2675271242715926,58.990249769607935,43.36222417231939,0.8723413499825347,0.9739644375979148,744
6,72,73.2716156274309,29.83007622640063,1.2568386970917083,60.058945432696405,46.09483527952876,0.8741910661526482,1.0842312339320304,736
6,80,76.52144252292658,30.07758989964963,1.256573781726511,62.043933184525144,47.979287342556304,0.861115418013981,1.050398045987193,728
6,88,75.57467672373814,28.640281186772267,1.253173448994013,60.69457690429442,48.939473113617574,0.8468380980678016,1.339482065967211,720
6,96,78.84462107422786,29.903553022967145,1.2482536913893252,59.79923530497665,46.71827411313874,0.8643462735571679,0.8836812305573533,712
6,104,78.6659929155016,28.925542490780668,1.254841473492728,58.96691032581801,43.52248527228775,0.8956325265140277,0.8793859775996151,704
6,112,77.96792292537933,29.58996242950814,1.2517556502884377,60.66567453578185,48.7497696606751,0.8569544841109399,0.6803481269385286,696
6,120,79.92310678221699,29.68798767264742,1.2723691215618091,59.42894454429441,47.366151036847356,0.8736261157057174,0.7051790309364395,688
6,128,76.74654746422719,29.70230043482332,1.2654320547991833,59.589654572161066,47.205485343016846,0.8711180438130373,0.9760631542523291,680
6,136,78.1402837939702,28.562240156392637,1.2650350910492558,57.743250292175524,45.407611502506214,0.8803163185432422,0.5581332344338692,672
6,144,78.68986456011982,31.0007153594955,1.2552792141685833,58.06100371313915,46.538978536899705,0.8480976713825135,0.5975654382112283,664
6,152,78.13217712841761,29.327376622842465,1.2537123092652585,58.91464062700076,49.217864595118144,0.8732597028563253,0.7885280458867845,656
6,160,80.31876444716724,30.106286904962236,1.2532268470207875,59.860165904125594,47.35537437917746,0.8434322349491264,0.7031922235305803,648
6,168,79.08735548163426,28.47474453853263,1.2595499186116268,58.92958838219286,45.64853764255431,0.8659644197891347,0.6813039955597772,640
6,176,76.91457790111045,30.316244623365574,1.254638864547945,58.68092610354776,46.97900091470822,0.8627538291794055,0.7821255602426483,632
6,184,78.48275655462616,28.95365741589325,1.2475304254307351,63.11187307737208,43.48613662319891,0.8574753198564159,1.014398883379285,624
6,192,78.6171451271904,30.28078569109415,1.2403657089345481,59.709131100264216,43.1917418660631,0.8771323824126217,0.9634565914718122,616
6,200,81.82049446499299,30.131035598966363,1.2491471498153892,59.327277088747294,43.873603048185025,0.8622009855141333,1.0562798812118201,608
6,208,79.0442364337839,29.718745033121976,1.2495516002705347,62.32671688636272,45.572092551338976,0.8805666171277468,1.0074683312689716,600
6,216,78.08523539481297,28.643282744215927,1.2410511186905044,62.52654658739875,40.446076404278024,0.8524760787800646,1.2305965698955437,592
6,224,77.51334207769243,29.266985941515234,1.2157493797908914,61.06743315266233,43.12321742872766,0.817093730363884,1.1206397612506618,584
6,232,81.53861778379968,29.432977524827166,1.2097084869952088,63.7523380570898,42.318309178309164,0.8807348311168521,1.4113685929101214,576
6,240,77.14684583800249,29.056109903208803,1.2096120321738355,63.371314420957845,41.14575784489417,0.8615193502819981,1.4257679841848632,568
6,248,73.33392469529937,28.831788222928513,1.2080065776604274,61.73455518337192,41.78411372369836,0.8456976532051852,1.5526333460190103,560
6,256,78.55118246316027,27.45026325377264,1.210993748312102,61.00221952009355,41.61683821108361,0.8305059322697119,1.312892988702079,552
6,264,78.43369017349366,28.247729185399102,1.2234286177387763,61.032468245511104,39.60148327221056,0.834097839291607,1.0587144063422167,544
6,272,75.97727299434818,27.933283251433398,1.2226996807702286,61.506333458368836,41.7829175813569,0.8341317827511765,1.1551011011165282,536
6,280,75.5127501313045,27.693038223600336,1.22297177950048,60.65387096485559,40.53466518159158,0.8473433558219341,0.7482829104292631,528
6,288,76.40489415574193,27.60860975139935,1.2262936256157593,59.87243331147164,44.502451733998264,0.8287731317721622,0.8105943883231874,520
6,296,76.5333637713821,27.14666748073801,1.24469323858139,63.168803124351605,40.64824801507718,0.8083039653212032,1.0487227100278629,512
6,304,75.25821786160988,26.762290826980436,1.2481276489407624,61.8144344439634,37.547548756852926,0.8339797496023128,0.8525030043079641,504
6,312,77.2664598578292,28.5615967802184,1.2736788293706063,63.14330968021523,41.289623316256154,0.8307772688780805,0.7388057368081205,496
6,320,75.36343139868266,27.849049721892346,1.2701058795758913,64.15388525183421,39.42547285661352,0.8203375368084486,0.6488220366517741,488
6,328,76.38544301573621,27.30941402919624,1.2812703942249468,61.420413284542725,39.7293763502231,0.8525461252737343,0.6015714504309841,480
6,336,73.75536411083507,26.758674199802986,1.2738606051451207,62.16736386504591,41.27031677605446,0.8204927907853009,0.9222321388536667,472
6,344,74.77576488510235,27.193552514097636,1.275976996619,62.477340732458586,43.09677384529142,0.8303063271695372,0.7589108278753015,464
6,352,76.1384804052101,26.179912385466093,1.2813633839148586,62.64975562388895,44.841878741249815,0.8176192741793881,0.7551096228269778,456
6,360,79.7942802511593,27.185056174318518,1.277685374716419,62.21086836096241,39.98814541422224,0.8294579420880338,0.8493396708722493,448
6,368,75.45171645102258,25.72223548358614,1.279116295566255,63.20213338731869,40.9045906556411,0.8160039652930746,1.1742575874790417,440
6,376,77.28358765027177,27.473748047829943,1.285850000708618,61.0857612111951,39.36758864753881,0.8150166483739151,0.9428387626052914,432
6,384,78.92586696693314,24.93449438382181,1.2808394532474325,59.92061558555565,40.27994588501699,0.7901153779215931,0.8758827719666793,424
6,392,81.38185019154507,24.5083668703609,1.2730223103650438,65.52148071533631,41.72342163505655,0.8160982326507941,1.2900234168946545,416
6,400,78.25140343406304,25.01532712722405,1.2812209457381694,64.5621648249975,43.46243690410647,0.8187515740309549,1.1692674592663514,408
6,408,77.40428911457091,25.650564848821677,1.2788300623851456,65.90297802972341,44.99853080593704,0.8068908418995304,1.1553663649178818,400
6,416,77.33223048964699,24.573025374948656,1.2806507899061632,63.613890556275074,44.91711941425928,0.8147376930136582,1.2085560898543735,392
6,424,76.42423021728237,24.961823474734686,1.2996247158884493,64.17992739543448,40.38052210517213,0.7954157710744513,1.3092092331130325,384
6,432,78.83097143682431,25.104211236826345,1.3109043625635026,63.3496436801996,47.0235827132047,0.8271923990885167,1.5506231317911532,376
6,440,77.11336031170009,24.938879745934415,1.317113563661433,64.22655466282015,44.19046890408522,0.8011052826256151,1.3016260158950823,368
6,448,78.72509356735904,24.170371497857108,1.3075674470000733,66.81100746448419,45.63601631044909,0.8046811404259384,1.2856858690008546,360
6,456,83.68386331639417,24.47492886889486,1.3269110299926494,68.87547748553438,51.738071640833816,0.82339508902482,1.2348161030425027,352
6,464,82.15009744714735,23.51994930571388,1.3023816698738941,66.03635934897765,48.008209725724605,0.8164190046720062,1.292072774983616,344
6,472,84.62538471434199,24.17685759209922,1.2743445738914823,65.93851361418284,47.52015792503108,0.8326015877471071,0.9074436563899907,336
6,480,84.12790277575519,25.612813475960554,1.2595674481857357,66.23113780946407,49.39738284192016,0.8012471817093627,1.0958152690269238,328
6,488,80.23895977178216,25.231009469976588,1.243100424562305,62.02272451563748,50.976943388185035,0.7973518629641183,1.093355930133178,320
6,496,80.65162262846198,24.705101560770725,1.241144719372125,66.37532337202214,49.54114659466443,0.7986511855489286,0.8657306031600578,312
6,504,83.64787224465117,22.54590989801516,1.2590070291010667,65.22619519160816,49.32134749446042,0.8257750156078587,0.7368477613082005,304
6,512,80.38789370936601,25.13078947765489,1.2554684484373078,65.31558411470697,52.791239458802444,0.7993890672833498,0.6435051077339204,296
6,520,84.02723288189276,24.702718524296518,1.2595626580909576,65.58963096872203,50.8567955068505,0.8199149566980378,0.5023246643702798,288
6,528,85.45856097727071,23.824945124183937,1.267743468908983,66.02801943870666,52.37959273589761,0.8096165633182055,0.6040378386573725,280
6,536,89.04910145002003,25.011478269168343,1.2649508647805023,69.79916550856044,50.48654826684773,0.8097439409002578,0.3676465592564539,272
6,544,88.97680612819106,25.63387564070834,1.264034189400399,63.780928187094034,50.823054022433276,0.8084209865697276,0.592765845521657,264
6,552,88.31577106286656,24.79304495651201,1.2525083600868663,62.6698581480662,51.423028187388795,0.7639483166925349,0.6650049907249684,256
6,560,91.0434894323853,23.73952887521951,1.2614856253363795,67.76716953122877,52.15334312642435,0.8083682314626909,0.8536204017111505,248
6,568,85.62265255036341,25.520836577638914,1.2655959280477729,67.80720098189785,50.755415440198874,0.8161592913944934,0.6149001205760276,240
6,576,86.73665420543018,23.93797558579959,1.265852072415484,65.67675289446746,54.641765821749615,0.833373622715994,0.9081655784175041,232
6,584,90.19143243725448,24.952128729935186,1.256051794670544,68.31452796736532,52.64130089505412,0.8027964671918385,0.982684057600334,224
6,592,90.13898930872467,24.737507110173738,1.2663668261117391,66.92830262623617,50.480630645688784,0.8091648208144572,1.0882193870903658,216
6,600,89.87778522084855,25.157381896587957,1.2550132770986488,66.10136454180088,51.07826899209082,0.8010512686332606,1.365583919092856,208
6,608,91.44355610838507,24.257061439227247,1.2333040343645576,68.99232958131942,50.92139876399916,0.8306982504702503,1.3120442853343692,200
6,616,87.55689166284107,25.699074659963692,1.234363122740423,66.54279427151543,50.904510867253364,0.7980182423369878,1.1327543670904165,192
6,624,92.9227302979203,24.18448939552212,1.2528171304629727,68.2668000992051,48.59670669022957,0.7893183519471361,1.3896104902414304,184
6,632,91.60667445533836,25.328633999999102,1.2377820984035148,65.89467802121051,50.89728448794463,0.7828319216721978,1.44289436354047,176
6,640,91.44804795009267,25.76591281538391,1.2629999320031906,68.54579784013836,48.504125657343366,0.8093038125233573,1.2608967086262464,168
6,648,91.6484464213916,25.28329243017653,1.2567507170118462,66.81840351757819,48.76113349746335,0.7966856591429167,0.9243508595608598,160
6,656,90.74361242234573,26.21180005982791,1.2541607276825297,68.53482353679098,47.47327394535718,0.7788791029241439,0.842427598248613,152
6,664,91.03667786081712,26.266765298506837,1.2487551221225908,68.60873084002976,47.99698388129343,0.7934762656504182,1.2466339130766015,144
6,672,93.46586176642558,27.073092579521273,1.2355641363428809,70.2832491679912,48.785508203769695,0.7879481208641648,0.8292618625443509,136
6,680,92.41110504328697,25.393613203370826,1.224721592847944,70.47552578609528,44.34473839186438,0.791611248104995,0.6811902324615812,128
6,688,91.20454658162065,25.294947850514717,1.2211705368177446,69.66299102156867,45.18444217662389,0.7723737914656966,0.8100062935771009,120
6,696,90.44406118153883,25.99482694622698,1.2331205070628573,69.5232871377174,44.148541818140004,0.7677786668065273,0.6213460562497859,112
6,704,92.66251421171792,25.18979449001355,1.2411070369147619,69.01775006637408,43.72317878120055,0.7712659620790266,0.7412550006775724,104
6,712,88.81465116475661,26.553889717792615,1.2383198438415097,67.15055428153944,46.21415222104832,0.7568778389100874,0.6572282736929662,96
6,720,90.29639686614522,26.2250600231071,1.2433861596506142,67.5201413752882,44.527165793654284,0.7697311508486496,0.755550947836468,88
6,728,91.5224836709155,25.818356743580992,1.2489748811832966,71.11703351703123,43.97542400743181,0.7604176704673243,0.4735232109906572,80
6,736,91.46547181365814,26.563549964433555,1.2474362282135434,67.77768838843087,38.436040318975444,0.7594980679760417,0.7491272409885991,72
6,744,88.5472828911278,27.166580991075588,1.2544900687555358,69.30673650321637,44.71899459227661,0.7745573535274635,0.7526838375186289,64
6,752,87.68343785873535,25.255199193259042,1.2761257493049445,67.90468536531283,42.575211114426615,0.7678619055709535,0.8389131052948318,56
6,760,88.57456631461505,26.592219344914106,1.2719171554057205,71.4296236397072,40.14139509354969,0.7555404760380392,1.102536507299055,48
6,768,92.76937462864298,26.288898414452888,1.260882681198492,70.19547202113958,43.48557657707406,0.7592048066370433,1.1215013107959126,40
6,776,92.790774538716,25.588934487326057,1.2372522729738578,67.55390379500807,45.01591654495631,0.7481584492098398,1.1620006902770628,32
6,784,92.15531038909829,25.235405265189684,1.2202887142727576,69.80276933496837,44.27631254274648,0.7555590661172069,1.0707536956785741,24
6,792,87.12662947686825,25.63240199308687,1.201688605503986,70.03591336012012,47.44428499354793,0.7639764883925448,1.393277758636362,16
6,800,91.28813829418793,25.89926867627092,1.1903770538953584,71.32153834185736,47.74918610086799,0.7655081464379501,1.2307758126623223,8
6,808,88.83709761975022,25.890211161401602,1.1682829552488179,66.837728328592,45.33412380324537,0.7540265563084956,1.2971732703086623,0
7,0,73.390577142846,26.096225135738788,1.1912238971055564,52.9439850624942,48.379696461477735,0.8811237488932464,1.0141905692546953,1720
7,8,74.51101193610184,26.125039950560843,1.1942748527804918,52.530220637949476,49.502849819676314,0.8899416766786203,0.938982975181532,1712
7,16,74.53047726839549,27.19839430245928,1.1946420778012814,53.915188310822764,52.612227084994366,0.898457076584072,0.9841202494686945,1704
7,24,75.16670257695128,27.718937561684108,1.1901324289540647,50.10384206465155,48.7474432757759,0.9068768942031822,1.0250887870214542,1696
7,32,76.96786563085823,27.681668894156065,1.1925039956191756,54.007689012122285,49.5796132851661,0.9111881200431237,1.0859234335802364,1688
7,40,77.01683395379295,27.69233600741658,1.1958554765307179,52.42922018609921,52.80582328913648,0.8756282826222941,1.167568644777091,1680
7,48,77.21244748346331,27.235173323400286,1.1830694993706838,53.17241114407335,49.142174749170714,0.8576987981736613,1.3409881303832984,1672
7,56,77.82921129742093,26.883342856867547,1.180305390783006,54.428821802858465,49.488461541702335,0.9157140352157178,1.2542755905421998,1664
7,64,74.62788306463416,27.64989316825198,1.1831635936611145,52.209452534936176,53.98480739183283,0.9045341228541789,1.1633211792148062,1656
7,72,84.26966946626962,27.30516963957234,1.178246618211047,52.46273559035105,53.92198004514507,0.8771471387958415,1.3484377356200168,1648
7,80,77.72145788791292,27.370499460082392,1.185299260540599,49.769515865890895,51.56827990465218,0.9073762215530542,1.1485401796033259,1640
7,88,77.11996769526228,27.83158785998994,1.1857744854967482,53.24592743405803,51.78550355057035,0.911109099448721,0.9290458942302912,1632
7,96,76.76332022880318,26.482138120005665,1.194095247404746,52.53632348719572,51.264888032634154,0.877358524670279,0.9303873367632023,1624
7,104,78.37456322207005,28.30291939237811,1.1938344816371873,53.21813298810839,56.15685208685284,0.910340551356155,0.8403043765902299,1616
7,112,80.12803543651978,26.836240987836558,1.186981376765081,57.30174690292168,53.564472773539094,0.909757446832828,1.019647583029059,1608
7,120,77.24390120894817,27.63919533767678,1.1797748859886479,52.89128866686011,52.07669145145755,0.9024748178095048,0.831916921459445,1600
7,128,79.4891154661236,27.307347780992878,1.1698156852280603,51.617102489121095,52.71057243753397,0.9063168196614471,0.46786280090879845,1592
7,136,81.18643895330692,27.96969217451718,1.1774579279895763,53.20477888937456,53.857684185937565,0.8915703845204138,0.5637860608097425,1584
7,144,78.77963414862829,27.835579301838294,1.1930284245990441,55.991625950503355,50.79538432162152,0.866791800064984,0.5789692658326984,1576
7,152,76.77968941967643,28.2742103843281,1.1962718344423628,56.14710332878997,57.50088788458279,0.8624302305725892,0.6728902255030196,1568
7,160,77.81786607248137,28.072650798553337,1.1930026938752085,53.5709273431332,53.55540259232872,0.8891649818039057,0.6105334844246761,1560
7,168,78.47557733895889,29.731203034134523,1.2031150414102443,53.47022103300704,54.5155100711653,0.872919776048232,0.7483291354846358,1552
7,176,78.56573788091437,26.87165896146814,1.1978101573951232,54.092494072226586,52.83862830720005,0.8730261166182263,0.7920708633358089,1544
7,184,78.35543763302194,28.24981156131679,1.2070628773394856,53.24625103918325,53.37357273589775,0.8939575746427398,0.9935369691498422,1536
7,192,78.05556082885094,26.60397235828774,1.2059114657520953,56.06089628073411,51.42216234919927,0.8600460255572023,1.0403708154652516,1528
7,200,79.9584094113088,27.95095113263901,1.2021997585500255,53.60382546743019,56.22497264521041,0.8885295424820967,1.290376044501452,1520
7,208,78.41494648124274,27.737991250025996,1.1903750317973598,52.15400897726395,54.570420344020505,0.8740064849963106,0.9875508490382162,1512
7,216,78.41784135665155,26.701911162421034,1.1810015421848001,51.868662762949924,53.42474723971663,0.8427850533982284,1.0461072424838138,1504
7,224,77.24463838399345,28.46492719908775,1.18235268687191,53.129452901406424,51.7096744218769,0.8654522602152916,1.3297741533922203,1496
7,232,74.95588412624878,26.501914919182926,1.1965124378486187,54.42839186841936,52.267996574438115,0.8700435407531488,1.0465474880704564,1488
7,240,77.70800406276422,26.506394010742746,1.1883366980421055,55.70225166798368,54.42848870253449,0.8764525508839021,1.2536843503951982,1480
7,248,76.23200362920673,27.928840762681823,1.1809124871424979,53.074062059304644,51.262767482039266,0.8575899033089608,1.2717499972035013,1472
7,256,70.9273723324385,27.40597579348117,1.1655185279625078,56.09254743228969,50.27541272132291,0.8445593937388608,1.2647998747699576,1464
7,264,71.22830113578172,26.46731287076274,1.1472418512587848,52.920325785570334,51.99921351862204,0.8515035324672794,1.2834444603282555,1456
7,272,76.63241078147269,26.266299560288033,1.1385801007129188,54.98632909186864,51.0336184620999,0.8581804752390949,1.1970965482161104,1448
7,280,73.16903231939636,26.87314455302529,1.1342066122315755,53.97131301264279,52.37201393557107,0.858415841448965,1.109819263629399,1440
7,288,70.37847675932849,25.47891081980967,1.152576195876192,53.61229419946291,50.30847458359937,0.856926678465451,0.9671839890882357,1432
7,296,74.54617781725517,26.71503904290784,1.1522552539649031,54.232389739363725,49.158027979964785,0.8982558019793018,1.024084368272461,1424
7,304,72.1196810317329,26.398703863983627,1.143958487609223,53.84228726559728,52.14436533517319,0.8468946733652308,0.7162790457883551,1416
7,312,74.80198416113505,26.481687912834133,1.1412148925457035,51.83722811449097,49.37642857341615,0.8341254244316394,0.7961850891673825,1408
7,320,76.67676753423395,25.407138038753512,1.1395932960104878,57.735745759549566,44.78553199767454,0.8525784362055789,0.6874002834934607,1400
7,328,75.06787498342295,24.559056082448794,1.1296789264696485,54.22973786894705,44.41703573839856,0.8231248853975596,0.6928516028440573,1392
7,336,70.52146596296798,25.942631404157954,1.1087691203146066,57.12979176157279,44.71493936196222,0.821376184950914,0.8227223351484967,1384
7,344,75.83259988013359,23.864025458030103,1.1048984539456792,56.97565772822009,49.307230554277915,0.8899999851618183,0.5076149720799913,1376
7,352,75.87664236457628,25.290285385648524,1.1145239553142077,53.59037335240389,47.042063944040954,0.8450148749189779,0.4772121946321034,1368
7,360,74.09594466810945,24.158485599220956,1.111339162654181,56.83491235189887,47.58292079802626,0.8109409800487002,0.8011715714349683,1360
7,368,73.22512178378888,24.017262767000574,1.102728226668572,56.45769204172617,47.06994852562646,0.8536015919756236,0.9743609004188486,1352
7,376,74.1604666488637,24.6351015262221,1.109021044398927,55.71481480948719,48.36651594737067,0.835033595455195,0.7591650185119776,1344
7,384,77.00105851841967,24.44381903338362,1.1151430061736323,56.088950779650624,48.27283853054944,0.852269019536619,1.001389148894306,1336
7,392,73.4786640041056,24.144816142344006,1.1175915262396006,55.612795640782544,48.733202602629454,0.8398923190064271,1.045309693863727,1328
7,400,74.78648456989845,25.926361356453793,1.1178144899383464,56.23768950378824,48.8130290442654,0.8372986295031106,1.3567852431122789,1320
7,408,75.74302920136117,23.870389192391148,1.1164194093586781,57.973425954704055,48.358028559477006,0.8439666790040182,1.138396171210751,1312
7,416,75.22173146041504,23.004435260960918,1.1275609845299952,55.82997045335264,45.84442540669095,0.8454397910367831,1.6009131697684076,1304
7,424,74.70057738410566,22.635723526415305,1.1187903086166118,57.797338279440666,44.94950220605004,0.867727899416748,1.4689337542900556,1296
7,432,75.76575359403968,24.413373912725962,1.1038417293802705,63.818360862360656,45.046008688823854,0.8418177617623007,1.3901265730409635,1288
7,440,75.22974778944379,24.06057513708673,1.0905154929492924,63.76016071244194,47.004142800690765,0.8685232177563756,1.313738511734747,1280
7,448,75.1248652204379,23.98556047606837,1.0993524683967453,62.05877977428317,47.04398584951835,0.8451868908652509,1.1375618617447665,1272
7,456,75.96277302410935,23.76275506966309,1.08888724029751,64.78907838901675,44.614141949612446,0.8558701477034584,1.20157946222557,1264
7,464,75.65887874790221,22.69862622394411,1.0854957681131028,62.68131628495191,46.16393878960761,0.8596744930485813,1.0144092762722394,1256
7,472,77.18559377926891,23.124278998352978,1.0874993599795115,58.377929322976335,46.07732041757693,0.836313394914644,1.126037798834032,1248
7,480,77.85667706177648,24.79919432436093,1.0923656095219667,58.54842701502636,45.95084422318811,0.8525879477313785,1.1108877317692367,1240
7,488,77.71985073993254,22.933742054199953,1.101822275939865,54.50991572703319,47.595714619566955,0.8343987655717795,0.8643082065001293,1232
7,496,81.54394717082113,23.2874964533177,1.0916114432457082,57.354094602710006,49.14397395726211,0.8346685001702814,0.6177061856547845,1224
7,504,78.59681050697893,23.17913858460438,1.1011724447736135,54.76689686131856,48.152733255489295,0.8421125437007109,0.9065335170559635,1216
7,512,79.33174377012284,23.896523140229366,1.118841371600288,54.35363283955051,46.26597908447101,0.8356953066677079,0.8206032845427723,1208
7,520,79.03311797706684,23.496554764225532,1.1095017035844492,56.314723825042606,46.85805470406703,0.8426602665485347,0.7297813016938683,1200
7,528,83.57964069537132,24.542716605155736,1.1032931356160451,59.131515058620266,48.76348116445135,0.8374253473077876,0.7515942662578324,1192
7,536,84.33721081953725,23.067251283066035,1.1077034194775106,58.879033497038364,47.031409858294495,0.838592271676084,0.7275375864740574,1184
7,544,83.25472366303568,23.482148058765343,1.1018451000205656,57.216418632862826,54.81234143809107,0.8320264495079237,0.8272236233628587,1176
7,552,83.5736285689792,24.544781117229228,1.099875204031525,58.189648924180474,51.26687804397126,0.8437772183158934,0.818858383613422,1168
7,560,80.67110859064645,23.308721220210394,1.0865870837497962,55.138533807544945,51.47772373093839,0.8590301649347349,0.8380869932700147,1160
7,568,83.30114337306672,23.191837212892114,1.085609708623357,58.320375208312164,50.10197850408574,0.8550531965717746,0.9343787211507124,1152
7,576,82.71474992743961,24.861237589360325,1.0903723508602963,56.931386730365524,48.89700813164828,0.8696230762922,1.0746093423629635,1144
7,584,84.44930636940312,24.204713185215574,1.1153517069837242,57.73762221993685,52.31800716831599,0.8722865323690202,1.1854590808906553,1136
7,592,85.0694420026565,24.752821064975027,1.1125888806975301,56.59832461483222,54.078732563114656,0.8415210496444473,1.5073014876426885,1128
7,600,85.72451609090159,24.555281295264074,1.1150374521891393,59.444554978108,53.201064883634366,0.8505041034134538,1.3010061610582366,1120
7,608,83.7285534593836,25.53819052371159,1.1187415623473587,57.49055391408544,51.82318382920979,0.8251477663793446,1.4725395394028042,1112
7,616,81.90040782591018,25.297988147160623,1.1280591909595619,60.164222419382675,53.27029472646165,0.8423101020880084,1.24505559347346,1104
7,624,87.46050311630067,24.793665437545837,1.1031895499076594,57.059038092714395,53.288558166279365,0.823690222102724,1.3080505597682899,1096
7,632,84.01518108200781,24.395144494114128,1.0951500177991131,57.21847573837735,51.4799150951632,0.8461048855856508,1.3811389205449,1088
7,640,86.57480644928168,23.809264780315395,1.0847399545792307,59.31735896665431,54.38905187958239,0.8105476284394196,1.400191832783035,1080
7,648,82.14079368973461,25.294999414133322,1.085772608790709,60.25804218892434,59.899635880900036,0.8512347630463881,1.114402518090882,1072
7,656,82.33627259518053,25.86977015147893,1.069043972485391,57.500375572888444,56.44287184975128,0.8346526554089394,1.406341893007154,1064
7,664,86.54813515009332,25.95678883684696,1.060544957822275,59.2878307944049,59.10175276518598,0.8585028065024749,0.8734226494223964,1056
7,672,85.04344363872616,24.474494929546378,1.0560951983664753,61.066787394591536,54.70326974386861,0.8627090869118094,0.8454429025118686,1048
7,680,83.91379695019747,24.79763057396934,1.060648595793185,58.499232357978684,58.399750849616375,0.8266124198037139,0.9352096306757712,1040
7,688,86.62214991379739,26.16260375200199,1.0683367356104538,59.147864445583785,56.136430015948044,0.8619770501550148,0.952405632137005,1032
7,696,85.44327738581887,26.41205254809904,1.0823953604042473,58.64853419799326,58.726765434735626,0.8316468984988338,0.8188058632280134,1024
7,704,84.81065914110324,25.82376676197117,1.0972018367819338,58.28561401524241,60.88654487295084,0.8309649248120126,1.0023016184784865,1016
7,712,83.09484035203428,26.40454368748112,1.0841785093880478,57.209293877039265,59.99775842060527,0.8572470130890784,0.659929081739517,1008
7,720,80.57692767941376,25.718335309904468,1.0739604137279717,60.66685680093433,57.1369968118303,0.8123271764204498,0.6167684000502139,1000
7,728,83.29168227924559,27.279561752625437,1.0676239709549205,58.01624585399031,58.846116818197856,0.861129728609541,0.8788019163499725,992
7,736,84.58831595711416,25.65659372953295,1.0536472380829291,59.84362280502687,55.15734372511656,0.8199931687701505,0.6963863388568347,984
7,744,82.16560039999789,25.937547723261638,1.069376676729164,57.38787764138776,54.664191693575006,0.8205807836576386,1.0245676975159808,976
7,752,83.29068138984297,25.23973699761651,1.0556054124644616,60.1737894898926,57.69418203625305,0.8061870553315896,0.5537554505137547,968
7,760,81.77373758326645,25.136346504972753,1.0486713651935944,62.10021000310235,56.223731710936256,0.8207599692820049,1.176397481624402,960
7,768,79.14706110460118,26.2701293422511,1.042904125289021,56.134207987398284,61.19593925380128,0.8325410995918003,0.8898831215120303,952
7,776,81.77923473006851,25.73738249985284,1.0703396820058593,58.16437836668398,57.33435248131706,0.8054400192090612,0.9937900423236994,944
7,784,79.88417825162621,26.465978370937332,1.072232142080754,60.80306717535183,60.08817691389285,0.8334021285340735,1.1398535658321896,936
7,792,83.40740822232269,24.9466490181718,1.0759571233121556,58.75037617302875,56.43317849192083,0.8246538320861624,1.1153190292998822,928
7,800,80.50118890166493,24.832794360930947,1.0713725874008366,59.43207523778513,57.03503867028139,0.8142845569979196,1.0819807646150834,920
7,808,77.70765623603421,25.231080767891306,1.066993962147448,58.54105250417173,56.01585186917331,0.8251346764088157,1.097307228437091,912
7,816,78.35037965245353,24.669087038915013,1.077515103734758,60.63994885375907,54.77795856851678,0.805918658846371,1.3548438821473285,904
7,824,78.35744402900475,25.288466298242668,1.0855397507931364,59.61457887409207,58.20018598481682,0.8109544565735866,1.2463617805779534,896
7,832,78.72808089895268,25.54585634562969,1.0985903522867235,61.01131444239898,54.86921993262284,0.8097705191000197,1.0448298371862046,888
7,840,80.52252773871004,24.893030518139682,1.0886514104593632,60.25864894182287,55.0124858797756,0.8048990760039806,1.0666309534727716,880
7,848,83.86932901992856,24.27966441658996,1.0823607810937015,59.69749576000465,56.928977011369206,0.8030610772061572,1.0272385513193076,872
7,856,78.87925387531648,24.214227627298982,1.0830138815329606,60.4514199409718,54.48025603917649,0.7924740090040752,1.036342393479242,864
7,864,83.88858302281248,26.383988922336,1.0736342576492353,58.64563945007275,57.43090117636048,0.8165834089081735,1.002274099778718,856
7,872,77.2811005964256,24.51903677688315,1.0994968565636278,59.46248448195939,56.34244848529765,0.8237947777970464,1.2694656620783302,848
7,880,81.04073993399224,23.54079635566135,1.0930794930165237,60.607549621507495,53.90846977793669,0.8012857842510419,0.7430454657427155,840
7,888,80.49169340080516,25.96607620041311,1.0978640295442461,56.65929985982776,55.78434805527492,0.7875159690909712,0.7486618543110651,832
7,896,79.30111156825319,22.897642782111316,1.1001330167260057,60.107777261377244,51.15809953344837,0.8183882210432648,0.756568785701336,824
7,904,77.7993693729347,23.934190214934397,1.0844584789417429,61.042515718480765,54.438245301959036,0.7706733844414543,1.0005133902658785,816
7,912,83.64287328604392,23.175191609283424,1.0821133519479411,61.07864594740783,55.04353619711647,0.8065396020591133,0.6533479231485426,808
7,920,81.57954259136632,22.887457489871736,1.0656726710816171,61.47225598013637,53.2085690786766,0.7978611264671375,0.6593053898597717,800
7,928,82.0664879150568,24.41325279790469,1.054686066086465,60.60447421742931,54.07500277385102,0.7959447744737146,0.6771175033389752,792
7,936,85.91143452839638,24.198994803433582,1.0351890875036827,57.64455973956748,51.75964464504168,0.8135430123383159,1.0573863019020824,784
7,944,81.19203872473989,22.307676934972207,1.0236200986424366,61.228052842889184,49.28565866969537,0.7828067830136887,0.7896660211554565,776
7,952,85.14680670991511,23.143304265774336,1.0140404321135899,62.86736285559318,54.965608084262485,0.7915856259442949,1.1434328118577648,768
7,960,85.13889461937868,22.527716222473668,1.0107705219553456,61.510683822132876,51.35455736753052,0.7931470918351303,0.7564803084510661,760
7,968,86.4342277412678,23.052201813560963,1.0140514736337276,62.706766118671666,50.44619972412345,0.7966595670046618,1.1652871868670387,752
7,976,83.48834950487519,22.930515062898156,0.9993840173714077,60.99914745088151,52.770839752342816,0.8094660670330186,1.0282798290269255,744
7,984,81.68740731367542,23.634978844979912,0.9857934623511296,64.1161009335412,50.77472803312456,0.7899107601027183,1.0879618776063047,736
7,992,86.80261563865862,20.937589190799727,0.9859812172736251,65.09478840207844,50.084840624029496,0.8091567019062786,1.452072186812066,728
7,1000,89.3889034022918,22.185043751304978,0.9742858200090938,61.70171730032245,52.80480018352703,0.8039188168104638,1.2690370851508384,720
7,1008,86.17161582350391,20.632663832138007,0.9926512253589355,59.84737231000911,51.127584847714736,0.7962072794500693,1.364691551900613,712
7,1016,88.7297320882178,21.857507690648717,1.000115442505018,62.461087681551156,48.670596193013395,0.8157508282584701,1.2156694729953312,704
7,1024,85.57788499427272,22.239095247810422,0.9962087056044595,62.48771446640565,55.34756202723699,0.7740934776422881,1.010457129125027,696
7,1032,87.2963161369826,22.025157309400218,1.00275634459205,62.882340941981134,49.4929850767131,0.7845028414876115,1.3191059158580334,688
7,1040,87.16242579405217,22.409542506914438,1.0105292742383312,64.4268168432804,54.09883831623037,0.8092233625044981,1.1562835540783734,680
7,1048,91.30219600148746,21.80422652676778,1.0195857473328762,64.39004449365768,48.286226927653004,0.815339651783616,1.2605126649545035,672
7,1056,88.36472112706392,22.074718800079257,1.023249609559627,64.60442463992624,48.1604781337906,0.823497271085288,0.9254841516376444,664
7,1064,90.0383651352967,21.917950592275037,1.0111446507176063,63.11874923585711,51.798337713358436,0.7734559079240316,0.9347294017055195,656
7,1072,91.86833472547835,21.74424323143774,1.0069589948347502,62.1029163883219,49.720562519836285,0.8100686939191392,0.6425723413755703,648
7,1080,87.14507610966993,21.580384126199508,1.0047296321006476,64.19307378320165,51.57034996518031,0.8079440387981931,0.883100676033612,640
7,1088,92.01503486447496,21.609115737539916,0.9885478557115364,60.19619852297555,52.03369633020426,0.7840935442197645,0.7506796483197866,632
7,1096,93.39040542189348,21.684650356777404,0.990920193033832,66.10738214679616,48.67541730687121,0.7997260673964548,0.5908615504264182,624
7,1104,93.12727597487633,20.80631978555715,1.0121265453518795,66.8355355027968,54.68715193923263,0.8056549520912926,1.1773761000802785,616
7,1112,91.5042052667457,19.815983580552256,1.0029356310119744,67.59358731714241,53.718540461209976,0.7833073901358957,0.744889684354094,608
7,1120,93.82685643002104,21.028370137555903,1.0086990931851885,66.38847686127464,52.524693001407385,0.8119194019787356,0.716937034581245,600
7,1128,90.72103944444726,22.17545533179366,1.0103415956971347,67.28572173145866,53.89323257462497,0.8302387958059045,0.652069601067091,592
7,1136,92.81547815436436,21.99680344464924,1.004750829536758,62.76875559177044,57.7550232349771,0.7809143018282134,0.9634670681808402,584
7,1144,95.63837041173738,22.187554726523253,0.9967266675806371,63.70028336581297,53.56232648321041,0.7963839088446045,0.8910142190806944,576
7,1152,93.03120430434761,21.74343881381334,1.0034959396249503,62.594711584146005,54.443396888686,0.782174889625264,0.896598709184032,568
7,1160,93.99573972243839,22.969508782109955,1.0031074321390352,64.05423329464251,52.95729508717437,0.8061906389673542,0.6840717131571175,560
7,1168,92.163898657682,22.005150711214153,1.009765425034645,63.18574331404342,53.5990720679771,0.8052225437355074,1.3440207872007255,552
7,1176,91.03837825050769,22.853417862419892,1.0023284873046643,59.438502750117365,56.41505104362794,0.7989498485567479,1.2506918673059402,544
7,1184,92.1380471748184,22.59830454901764,0.9903614128970439,63.821992310510616,55.623470782501286,0.8263824653448028,1.2856216528453466,536
7,1192,90.85818688257051,22.982496776768816,1.0030049483571466,63.973427699449644,56.80525444512987,0.8031996773273097,1.0283498807184503,528
7,1200,92.09047811782095,22.610526728605773,1.0141193232216545,66.16888162720625,58.01598101993073,0.7861811979534311,1.5261259486148469,520
7,1208,91.1308411412144,21.97043700369094,1.0231786044469693,65.07592034942392,56.053380778194885,0.7730124552697587,1.5141056020594112,512
7,1216,90.41658338879385,23.71609538817782,1.0252066431155875,64.73083245559056,59.556189829853025,0.7741695813380496,1.2806586918527993,504
7,1224,90.51370340030468,23.10459091238509,1.0275953783587355,63.38752907235705,55.456285682703886,0.8070179953270005,1.3030868979875223,496
7,1232,91.17204333131932,23.15354781600862,1.0391467867902493,63.71311407849593,60.47714503389289,0.7890820106476858,1.1803815399191497,488
7,1240,89.91350608175524,23.0859164911863,1.0366506273005454,64.95945719027797,60.36154170263731,0.7858769750788497,1.250773563919377,480
7,1248,89.00218722942978,24.29819273826213,1.0446354759701026,63.819393682537054,60.965711157535985,0.8038111817749773,1.03834099705605,472
7,1256,89.22512361053663,24.070933229348828,1.0500391212257114,66.70630240105734,59.243211823617656,0.79583963022948,0.8549557796678644,464
7,1264,90.45171428324018,22.75313356362739,1.0513184589617428,65.52875407309838,59.03442479541097,0.7947019445272069,0.8024169493650687,456
7,1272,89.22888940291915,23.150168022716795,1.0660396609977072,63.04475456617425,59.96685180076801,0.76569042203088,0.7270643246872568,448
7,1280,88.47138987557278,23.583054171453828,1.0348273208959322,65.15954613411148,62.896229355483726,0.7776550074213032,0.5886137522395116,440
7,1288,90.29209183047703,23.296667321186916,1.0359671628112004,67.23413955614433,60.5163591292784,0.774859287781388,0.8292397189737388,432
7,1296,86.89688947841434,24.885494092585564,1.0421731348204206,63.828533098068974,66.2443267662006,0.7829561263010542,0.6876330086482263,424
7,1304,84.91896286307446,23.515609790749426,1.0540600335446328,66.12199706082605,61.85989817215475,0.7672541340545406,0.7584295478328613,416
7,1312,88.58802188595159,24.24994847475214,1.051269993479989,65.9380538880692,61.10555543111048,0.7506159001862138,0.7846790850815601,408
7,1320,89.86562869770363,24.428650814212354,1.0549445332695269,63.691214451556505,62.70036702682983,0.7574391312948127,0.7712699085403114,400
7,1328,88.19054296141765,24.620203583248646,1.0380217184609928,66.18806374324522,65.54504909256369,0.7498572273425825,0.6634300583645626,392
7,1336,83.73035131919238,23.63896787872655,1.0286579616480456,66.53029397825489,59.71628434880444,0.763178614376247,0.8796611484933741,384
7,1344,87.03318596846738,24.46666764279699,1.0161042339031103,62.84041495921748,61.726310366435484,0.7639302185665519,0.9584546761514922,376
7,1352,88.45421483612252,23.54445792253449,1.0123723469717063,64.16026843065886,66.01091162128094,0.781452659209299,1.268929591007518,368
7,1360,89.59154201671092,23.238547016734774,1.0102492065750557,67.05233917353704,60.29868337289229,0.7666496739359837,0.807070878327411,360
7,1368,90.30562670224283,23.443953097296607,0.9978460054164715,66.68161765635664,63.725664264305,0.737422786046431,1.3531927784506128,352
7,1376,88.03501144075503,23.654215926444856,1.0099645074973758,68.63317979808363,62.034517432690016,0.7660726988102976,1.2868418570479738,344
7,1384,87.23897972693499,24.620166619690494,1.017394151661894,68.98111433899912,60.48501193823696,0.7518595188593756,1.3929215035491125,336
7,1392,92.86802123052446,23.833937571003602,1.006982439128045,65.51463507217917,61.90155062203133,0.749220834716167,1.4660449902611918,328
7,1400,85.98481107788871,22.63113159131401,0.9867727436646452,64.99884449701646,61.161904919787794,0.7624685123041378,0.8994960210735474,320
7,1408,88.73896302370605,23.63909447069095,0.9766976227561083,63.571173843758196,62.663712721535305,0.7630435741365572,1.3738493474574103,312
7,1416,91.43177963370712,21.90600662744038,0.9738343049764392,66.50586652764561,62.11552421342399,0.7512928861726814,1.383432526225158,304
7,1424,88.93125111600735,24.4740480096874,0.981002276978304,65.17078181537725,60.83685222719185,0.7278023091714712,1.2590814415795664,296
7,1432,88.4175228528741,21.559441362196793,0.9740038502524804,68.50008762494606,58.8664450946769,0.7448514630851818,0.8667596963981448,288
7,1440,93.56726109698914,22.88200130045217,0.9905153814770544,68.88307811402724,61.72368500531897,0.7483344359751226,0.9848446872751061,280
7,1448,90.43246495825974,24.112239110451224,1.0024264009132986,64.40569027642496,57.96546921623454,0.7648347972332894,0.8214100480787556,272
7,1456,95.32106727045827,22.221628123044574,1.0128292993693055,65.89173342667586,57.1860001801381,0.7365903845855336,0.8492481149230579,264
7,1464,95.79600351229979,22.406972325629027,0.9995445009273659,68.47620174326062,55.82937841759368,0.7571716619233988,0.6986297664900737,256
7,1472,96.51938351351295,22.192717979851288,0.9938957889712847,67.3218617921,57.17346013673729,0.7569891267966874,0.8237315089836397,248
7,1480,92.93834954067242,22.413485059965474,0.9994795966202674,66.76699000204165,61.178598149093496,0.7413294475573591,0.8405952793513048,240
7,1488,93.42055091671129,22.27133703701651,0.987669435652785,68.71751872037234,58.916008659536644,0.7516084954654167,0.805248416399795,232
7,1496,92.70949324937949,21.698787174527617,0.9959713908834993,66.2071577674917,55.95609249801547,0.7918183543210617,0.6948843339315488,224
7,1504,95.16955354009738,22.057497183481424,1.0112343671428823,71.22543331760532,56.03377322796123,0.7164945384458725,0.70907037612048,216
7,1512,96.77447264461007,21.77237478714072,1.0160643467779975,68.19786335903812,56.32503586322096,0.7342619394189391,0.6286524182505735,208
7,1520,94.30230101788692,21.846356923838606,1.0174026960118137,68.07350007808816,55.450177485230945,0.7446827923413025,0.7759552295794504,200
7,1528,97.01708838659187,21.364132353101844,1.0194930848550416,68.26882804891508,58.070443189062516,0.7387731767226831,0.8770038935161213,192
7,1536,97.06131712242643,20.916376263232838,1.0237168721755663,68.6639351819326,56.560700149723424,0.7773912337564675,1.013167458217787,184
7,1544,98.95188953289774,21.115383601621552,1.0462518426053662,65.69878860585979,56.62850742641115,0.7375041589820988,1.1767707987224996,176
7,1552,96.779052771901,22.412912346417404,1.0469960219720922,67.95334761090075,54.88556395201286,0.7450108935529464,1.2935725509409612,168
7,1560,98.93536145083166,20.61250505122651,1.0456909883958638,66.62072679229779,55.05869094495769,0.726725757743112,1.503114431595967,160
7,1568,100.34258684034221,21.522843509758843,1.0429683024525187,65.58879400899043,55.81601707609613,0.7285176250288801,1.3723382977434337,152
7,1576,103.35223271860039,19.698799993263435,1.0531383641331504,65.33306350239657,56.0334573812479,0.7633130775839098,1.3483165716930365,144
7,1584,99.41297750469462,20.55118844312493,1.0735089469246226,66.26023413781766,55.266942053689675,0.7703504800601783,1.3846066079717276,136
7,1592,100.55568662552704,20.652733018375958,1.0657432294538616,67.57620746293303,56.943492874189126,0.7393808219779109,1.2580068661978647,128
7,1600,100.89651907983371,20.82208241191763,1.0587564917695693,67.63125551387333,53.818791266095545,0.7427687366014019,1.2492782993600726,120
7,1608,102.89502772697233,19.28194369582262,1.0613997421476027,69.52174718743717,56.05718453360152,0.7595620635388425,1.2533210909669148,112
7,1616,101.60683812788966,20.514462725021595,1.076783143274321,66.0298079409082,54.348690337617,0.7571585071019595,1.259340788379605,104
7,1624,103.6262141832715,20.358839892766177,1.0885034666580804,71.20025218506369,54.374457020292446,0.7473586382965004,1.2148519649482579,96
7,1632,99.67945179279579,20.285517842826685,1.09771094507763,63.55766951904307,57.70937244693791,0.72308348062211,1.1640013048064437,88
7,1640,100.55974242767377,19.34606822607218,1.1043855196986765,66.89994247716415,54.75604125169745,0.744906373303733,1.0760232694294507,80
7,1648,100.0711797537788,20.09304383607653,1.1090449672777487,70.06209114350382,51.1878850069928,0.7545975994100328,0.8925230191673952,72
7,1656,100.381095034955,19.39545042649808,1.111379908141733,71.35447696185877,54.856470769515965,0.7345540781303427,0.49273746285220604,64
7,1664,98.96870430307833,19.204652153794438,1.1035883245194344,67.15533674083488,53.87345350729131,0.78645804359211,0.762056756247443,56
7,1672,102.17377562256257,20.421627239271402,1.1046237324782253,69.64840380833648,54.023408448631265,0.7337049200483887,0.6481220700024346,48
7,1680,99.57368126640243,18.218008453358355,1.0950329927543396,67.44420903871838,55.207698430280026,0.7601691262879525,0.5544240510194888,40
7,1688,100.31719834769966,20.566758838028186,1.0985075486080462,69.51224294177844,59.08521347320113,0.7459866530082571,0.6942944636823243,32
7,1696,101.78967064026062,20.31451286680377,1.1023761564163952,68.24351255393364,56.07035330188695,0.7237533277658366,0.5615710433872962,24
7,1704,100.14168011458601,19.562371055114344,1.1164221087586972,69.50694836850563,53.60137731101496,0.7312533125365135,0.5973247416767107,16
7,1712,99.38879040080056,18.605975731579512,1.1223791834800472,67.92465162134373,58.46084185144087,0.7517015388082534,0.7236335689678722,8
7,1720,98.5232087598566,20.386152440329777,1.1264762375468982,68.50283593959732,58.674219761665135,0.7318378711836561,0.9893069156691041,0
8,0,80.55395703798688,28.374370419340025,1.0370041814448154,63.827385456825056,43.80443085331344,0.8730784606961365,1.0453238029274559,1056
8,8,80.17695788568716,29.501644065966456,1.0344644110829135,60.30259879130792,41.735926916121855,0.8805127052721726,1.3374330671236365,1048
8,16,81.84120873165608,28.702133189972756,1.040318317659189,61.04741010742233,45.380768362174145,0.8472337762382296,0.9117167423321677,1040
8,24,81.9096503210543,30.082355267252204,1.0309906298526887,60.91577064994207,43.81219801875818,0.833491685805782,0.9978583498235831,1032
8,32,82.02214648180163,29.689961335308944,1.0190603361004005,60.67950434030568,50.00103180485188,0.8712193919813116,1.0063901505037594,1024
8,40,83.36562327497819,30.339485531856663,1.0231125567527868,59.982995022031126,45.12540754058432,0.8631237556629684,1.37467896091685,1016
8,48,85.66372286908796,28.54953018603683,1.0305183886625424,57.39556166747282,48.93445070967082,0.8762956025941909,1.0841510159911447,1008
8,56,81.70640864271876,30.268613678360662,1.0247524233018521,57.3921011956045,48.48784721945617,0.857678004924734,1.4717736040143734,1000
8,64,83.52181904937942,29.35040516033457,1.031489568871794,60.84634719723967,49.281244628038436,0.8589258999376315,1.4827883540008522,992
8,72,85.71833062207216,30.159286773963064,1.041539128307263,61.537548570547905,51.36949900079135,0.847224205675427,1.18775675136085,984
8,80,84.58911839409951,29.80650439420482,1.0332874217234862,60.47158976070301,50.13415038688478,0.8769615388121405,1.0435140976666621,976
8,88,78.921458883958,30.670606804861574,1.0330120607843418,59.88372027079681,50.54899146547078,0.8616430185880779,1.1649822563930468,968
8,96,81.25392747526311,29.864716430616856,1.056547117185584,60.8112906350416,49.82959297390622,0.8598258960189783,0.9443981126516069,960
8,104,83.53190589176059,29.58637774665583,1.0546585678560538,63.33404688732968,46.386156506190524,0.8528604133135701,0.7591222157727044,952
8,112,83.39160457563564,30.338972512955177,1.064560580247728,62.64152698663741,46.00473406322283,0.8565671000418426,0.9812056637687905,944
8,120,80.18848257051997,28.79335106062845,1.061181022421737,61.620688826860246,46.39437694958969,0.8599083291428861,0.7047204376403134,936
8,128,78.06436779644554,29.570347493023675,1.0582656276979092,61.13115759328657,42.460913838052285,0.8570415260853733,0.7779764361878921,928
8,136,76.28653383397112,29.422126480044955,1.0562886402054716,62.333718056896124,42.6016592237726,0.8559377624203635,0.4944645630849056,920
8,144,81.48907923427241,29.432671864455322,1.0626533662840374,63.68644276025004,37.77360072006054,0.8431201294321262,0.7375087163040006,912
8,152,75.4721902005793,28.818184467915763,1.0782145043238938,60.24036222384254,39.82441403270147,0.870324317212534,0.7006893913328186,904
8,160,78.64923502865761,27.8443111621001,1.0680935306235553,64.19160654777554,40.270334294267855,0.85107523959143,0.48046443414694395,896
8,168,77.60312227648043,27.964824103376554,1.0528156828440576,64.80306632111596,38.84984313747288,0.8841566475740232,0.9182871223175719,888
8,176,75.19679127280884,28.60840509414216,1.0577821956825777,59.50602705616877,42.04680035892674,0.839252118677649,0.79384868853051,880
8,184,78.21109930100369,27.515617020210186,1.0535703629995876,62.533344967860145,41.93831289171131,0.8481686061317066,0.8143802701649557,872
8,192,78.96428356296973,28.77277942541027,1.0434088024913117,62.25714956625023,42.29397913692277,0.852332633774475,1.0803765205584233,864
8,200,76.74625900784821,28.497443116039115,1.0448775955655785,61.89370788830508,39.331651725508905,0.8180881416878212,1.0105183485583982,856
8,208,79.66651744031276,27.46309563845234,1.0473858999873056,62.01715494826205,41.88264172420075,0.8313395153127067,1.1540793905810505,848
8,216,81.46008040187343,26.33719348301899,1.052925813325,64.44904014920272,45.09017823743312,0.8349852997830985,1.1971230422783874,840
8,224,84.19346556765119,27.623264859199104,1.059060459019546,64.08366166509362,44.144169221274794,0.8265064362122165,1.3538420750504256,832
8,232,81.89984386149817,26.19785047627576,1.0603401257876413,64.61944707920709,46.35757660641666,0.8539758761504657,1.1404806732414967,824
8,240,87.85885013284577,27.56595790467562,1.0539043243772153,62.81679973483048,45.99521321916059,0.8311433605462081,1.1553666871798265,816
8,248,89.31320877174416,26.693318972460222,1.055106491347158,63.41826455324427,48.88976062860165,0.8495436051275795,1.3032132655573794,808
8,256,89.0942070466893,27.098052252102622,1.0548800089927561,63.48031488438025,48.712966708684654,0.8136183265542873,0.9981958975824168,800
8,264,90.50375525046172,26.50971640594787,1.058524924698907,64.48322210527434,49.57589652640006,0.8500883374739894,1.3006935660553671,792
8,272,91.02074318915393,26.913319708913583,1.0492842847779755,64.2194743465308,51.94017448414072,0.8376386926312731,1.3362535391687604,784
8,280,87.53006663606193,26.12603753204575,1.0468232215182385,65.9491194814318,51.61331398990087,0.8176051319965555,1.0258579238715009,776
8,288,88.78775607808637,26.42617927299244,1.0400653019812074,63.460776989446586,52.85675589565513,0.8183277492532071,0.654042936286479,768
8,296,86.92636632492183,26.33063338272292,1.046175102913538,64.91835573052674,52.72916138695096,0.8315988555010367,1.197565904577519,760
8,304,92.115413907587,25.042168621843626,1.041666710720854,66.98454450769387,51.30116113189882,0.8087647888619078,0.7203775286545065,752
8,312,87.58806790501026,26.06560279977134,1.032305919500563,66.25871377748557,49.326279941439,0.8055337022172634,0.5476591770669113,744
8,320,85.68643907255418,26.28794506527233,1.0437536704669097,63.24670545022783,52.39020327845715,0.7999363828314808,0.8994121623894682,736
8,328,86.14922251334708,26.412971323680065,1.0344401444616427,63.81600842207678,49.153256343159846,0.8239523613535251,0.7924954854004788,728
8,336,87.01804529398837,26.77508609987029,1.03011999445685,65.16613413401033,51.649722497676635,0.8220670017044527,0.7469802768200916,720
8,344,83.23463927927266,26.597811888224633,1.024622145234381,65.03290320863051,46.44518551301235,0.7925528995469558,0.8571428490829397,712
8,352,84.6965038715224,26.795466301040022,1.0172090321145089,64.76197943391115,52.485994274943124,0.8315336933454097,0.6618715387079392,704
8,360,79.6183042052506,27.31765441272883,1.003051309823683,67.73210969548757,48.94065054528562,0.8019576982929226,0.5525400904287425,696
8,368,80.43002302349298,28.66355300746891,0.9966911808968142,64.657596609341,45.31366080880561,0.8183975096840492,1.0286052541407438,688
8,376,82.74352154120325,28.656111107304778,0.9951947451999634,66.55499962047739,45.26584181879911,0.8080490837157044,0.9546882516119756,680
8,384,81.72469524872137,28.28190189680048,0.9895000526542079,66.51765696762101,42.29397036887939,0.8181514842698705,1.0000840809375153,672
8,392,84.26665175564897,28.273883169916886,0.9712049230835242,64.65323101454095,44.19445369452016,0.7910149020934627,0.8554836968273097,664
8,400,81.33483814712801,28.527254070864604,0.9631444030095893,65.59153378641012,41.40480813672664,0.7745865159217336,1.0091833163813106,656
8,408,84.43844010337901,28.4940767619874,0.9590127206119966,66.38898493874997,41.674950398047294,0.7993492472509673,1.0745992452840634,648
8,416,88.31111064497676,26.9758048686667,0.9402440498542517,65.00968754468052,41.53349682149285,0.7821453022199861,1.2982641720575576,640
8,424,85.18933653188373,27.363063263647504,0.9442004254646812,64.79416742139819,43.20592322415733,0.7893518612668295,1.4097723441687717,632
8,432,87.38024047390375,29.15337101770171,0.9480618492573741,67.66713185437393,41.104762413097845,0.8072619387112706,1.1503233623716784,624
8,440,85.92784348005549,28.78401286091577,0.9476586574150933,67.74171689032839,41.8202429678819,0.7772310126414202,1.1183323128369123,616
8,448,92.30271176907885,28.90820614379325,0.9379321509478588,67.45140494085948,42.52980547013385,0.796287975149503,1.444638343421576,608
8,456,88.29189287646456,27.681312438721218,0.9368324878846438,67.62252532919736,45.07409282936409,0.7831338228764008,1.383972160480415,600
8,464,89.60869434986783,29.248193228093523,0.9501055079364908,68.9003932171552,50.590715995206,0.7849531768319058,0.7905224464742161,592
8,472,92.98037054229704,27.823773373705194,0.9577830178216253,66.46447357041595,47.35010720339313,0.7655854042970853,0.9519078135433633,584
8,480,94.95110447036711,27.806453832414686,0.9625719878984822,65.42404932007797,50.95256416280577,0.8101222016847079,1.0825387915711506,576
8,488,94.58324317980458,27.49151386954875,0.960518925654908,64.9206977003128,49.31767917783948,0.7777215634464169,0.9647973689763716,568
8,496,94.07069154524542,26.59913388269154,0.9629486249322081,71.27994433085843,52.71574712270468,0.7821696108222939,0.9199981230516426,560
8,504,92.93892381025854,26.804792307927276,0.9571701534804902,75.338559444475,51.68823078043148,0.8014065383836827,0.7979017333302323,552
8,512,92.83417404028535,27.54680106334028,0.9403031741542791,72.55130243657031,53.04885557377938,0.7902962819352591,0.8283596486292837,544
8,520,92.3457783728415,26.67197328769385,0.9341261342724926,70.72635490894675,54.89765943606075,0.7735338967153241,0.7481472068731566,536
8,528,88.81018464885136,26.549298412887612,0.9318551777180153,73.49911165703422,53.04754666162575,0.7855123515610164,0.9193362814707575,528
8,536,91.66921965405263,26.389100685178427,0.9421538439741899,68.90765250746648,54.620773302750784,0.7826822919407161,0.8885398700654947,520
8,544,88.31525005856436,25.480263955911617,0.9489365231635642,67.10908550262916,59.5061192082451,0.7697766569127383,0.6747266579165313,512
8,552,91.49430496583646,27.42097911157783,0.9420490682080239,69.13754797951721,56.46294734124563,0.7954638552417513,0.6290196577712681,504
8,560,88.36189572385162,25.073454110122217,0.9401279390899113,69.66790503558386,56.853671555303904,0.7847833361475569,0.7985388082936502,496
8,568,89.53108759887094,24.85614654700193,0.9440716692780109,71.37513800883231,54.000554289436316,0.7910988997971975,0.5154666796873953,488
8,576,87.52487820350164,24.963407324067223,0.9407739289049354,68.35910331777178,49.946408088700906,0.7882398013903344,0.9657342466648028,480
8,584,86.50644316934711,25.22496853769734,0.9345922451202597,68.1259033795525,54.907342001377216,0.7923819505522804,0.9467928883383472,472
8,592,84.42110865554163,24.93957451508471,0.9162697709464677,70.99157407540702,54.97302031764595,0.7701581363127908,1.028114031418622,464
8,600,89.4227193030551,23.893223239780482,0.9151610942416496,66.5407882949901,53.72120609359152,0.7682734795469885,1.3730881049084123,456
8,608,86.10182611364526,24.99380213504685,0.914439888692721,66.94104384518063,51.72115965594476,0.7879349920149158,1.197243167196731,448
8,616,90.96875351052273,25.037087432382734,0.9090190393105537,67.4666587539913,48.61542564283887,0.7693066663118269,1.2895132136365355,440
8,624,86.39722244621342,24.270568000114466,0.8936954485826506,68.58019479417848,45.02365579129129,0.7704348410516747,0.8687700421264399,432
8,632,89.07023673835626,24.23830115022641,0.8939302296640607,72.492492386806,46.822349292084624,0.7659848353093952,1.0463867432740939,424
8,640,89.90505398708166,25.828738514144433,0.8863976765582038,73.55896302501387,41.36529011376488,0.7816731220373616,1.5463367566602944,416
8,648,97.23458634747836,24.185029543725854,0.8924324347976378,70.60591518100273,46.659713982110766,0.7386049588646708,1.1125640901873508,408
8,656,92.04808507450048,24.587131313342912,0.8908106752108341,71.55004550039334,45.56252297999101,0.7636749886679739,0.8926448348012348,400
8,664,91.50911426376832,24.447490471472936,0.891276210468212,70.09487713584863,44.683895065663854,0.7740541443374906,0.9494148511852087,392
8,672,94.45477427298772,25.909679751636716,0.8927225442519704,72.70445556428591,46.51877244166355,0.7657517825705107,1.1161260875251808,384
8,680,96.39473915700671,24.537806862514405,0.9054229717502977,70.48041865350307,46.543356219761584,0.765491754540291,0.9583640572643117,376
8,688,98.8259198013967,25.741336566271865,0.9053862616608941,70.38969602090096,50.93438691578358,0.7641771159869603,0.7105940288713283,368
8,696,96.13348710885467,25.28755477781984,0.9116257897786947,70.83271685945022,47.63746587207178,0.7557021891182383,0.644008738753175,360
8,704,98.23129766351161,25.726209329282067,0.9201382162867542,71.52830138113494,49.478395467800716,0.788555494013464,0.9913185903509985,352
8,712,96.49230869714845,25.817398661133772,0.9229938117585339,69.53625372747288,48.45709192065097,0.7389563182627398,0.9607013308741973,344
8,720,99.17642999686586,26.258039100245476,0.9290071058429208,72.93430674625345,53.62125323674053,0.7921913777215205,0.54344305470023,336
8,728,97.15725264798168,26.720985066167422,0.9330274119771051,75.05837482578063,50.01103799860433,0.7533009123664262,0.4871678437990006,328
8,736,96.12565340758346,25.666345499070008,0.948943042878799,72.75102854453166,53.48961663633529,0.7600616678199571,0.9987552679236875,320
8,744,95.47375619258322,25.391153918716387,0.9443637750617443,71.58949810644178,58.41985245622368,0.791762765568907,0.6731328091624574,312
8,752,96.62904006251792,26.267291081449425,0.9572568684461459,70.1030182438008,55.831222494214316,0.7540437317991883,1.0216358673133024,304
8,760,91.64693278456215,27.727908376307507,0.957979298540944,73.61570659980464,56.44353645150224,0.767792693295114,0.9515625802738221,296
8,768,98.27684520554584,26.161816930623676,0.9330584324872657,72.01874935473496,59.491653436509175,0.7780113761170516,1.0228032861891576,288
8,776,95.61779271453624,27.307035465354172,0.9199035748403354,74.80722469322849,57.35667495529131,0.7458739385829997,0.9316352069635707,280
8,784,89.00685879361636,26.443230629090156,0.9268990034061538,71.33165951198554,57.48063818151348,0.754489152197706,1.2196130541795764,272
8,792,92.60341319837985,26.589102370025188,0.9316963000721271,72.31544436952807,57.801367050047,0.7552890191044026,1.2831648641137086,264
8,800,91.97897844377111,27.08500181044579,0.943777548148912,73.53876742754326,58.191552782868655,0.7546591904436982,1.3659316153704746,256
8,808,93.81415457811678,27.15212987131406,0.9398878614702577,71.90918429856012,56.12389290821555,0.7909328394448345,1.15478129040467,248
8,816,92.83865680175109,25.94629977600667,0.9191767777405065,71.27449764761913,56.35037629720016,0.7328713385409789,1.1431646625526988,240
8,824,91.69212268830493,26.42704753485234,0.9157594531424336,71.51425701580035,58.22894339490714,0.7190921349351266,1.1712702803634614,232
8,832,94.33044439022933,25.289870201707785,0.9211593592279396,74.61771362266268,55.513467577895035,0.7344350328363818,1.2748939267724944,224
8,840,92.97454641108774,26.02403751612843,0.9263126047697815,74.13591328103408,55.42953443637392,0.7558982112826574,1.0153201696657561,216
8,848,97.9908081704839,25.717920708991482,0.9284063318462583,73.06790867734722,49.76143273294082,0.7428128595423472,1.028626452515241,208
8,856,94.72876406592388,25.770886333215294,0.9243785708723292,76.47890837557463,53.2545414013736,0.7476578424088728,1.3686422648919523,200
8,864,96.79263078982217,24.493158079966886,0.9286731398742253,75.84669362942032,50.54716255982574,0.7239102623618995,0.8950277046549198,192
8,872,100.92315135133265,24.964459461127614,0.9260714593448849,77.39403940021099,49.85984265125274,0.7264299744691546,0.8133192018198343,184
8,880,103.78059973024733,23.427618702711015,0.9141054065487385,76.45007909781472,47.52880004707188,0.7213810153247207,0.8914870546848479,176
8,888,100.55841621895381,24.36636315732492,0.9106228080256344,75.1159632457453,46.04451419695624,0.7555289051202775,0.9276857303937002,168
8,896,103.13692243057689,23.79831826219141,0.9252807250898242,73.2845524401078,45.42781377537651,0.708871393463486,0.6368440938259283,160
8,904,107.21794205524196,23.956326429550717,0.9309630094799083,75.35148469674334,49.6196801904728,0.7545693350214826,0.8051562724978509,152
8,912,103.0672219565439,23.223250607079535,0.929442619320125,73.71005064555159,48.72085013442742,0.7443931528285568,0.7648703321009112,144
8,920,103.04782745797728,23.26736002518952,0.9289626642144162,75.56416707842602,51.53374306976563,0.7169462111842392,0.6160032778762812,136
8,928,105.96076599870618,22.626395581798523,0.9245741375430068,73.53275426352324,47.965963644014735,0.7123317611660224,0.6836614072868152,128
8,936,106.08260992229894,23.519947197860837,0.932822188472484,75.8171753806073,49.312207696514825,0.7417750147348343,0.8854100639436306,120
8,944,107.6800970962567,22.925390754231017,0.9331778454254173,75.94110800975214,56.38828413624478,0.7415439060765907,1.0365296455171285,112
8,952,101.52371165456496,23.53794465029923,0.9312066867745432,77.23899381343645,56.963180244933454,0.7013304533792506,1.1725784245247688,104
8,960,99.59817210681447,22.241473864564032,0.9273179971124978,74.44281115375117,56.40542012905086,0.7158912166104523,1.0488259120109649,96
8,968,103.2612734258963,21.958615706815586,0.920057340748717,74.80179026251406,52.92442434677327,0.7197541569668109,1.0216420049719483,88
8,976,99.72104813885664,22.938737369842343,0.9036516221532975,73.12805225715047,53.231292287606045,0.7144518480215757,1.2282949139914492,80
8,984,98.60480408212234,22.083102720714304,0.9017807120096244,76.0404381340994,59.82482925402489,0.7348675380520109,1.3526275062058117,72
8,992,97.02136515221343,22.271821096803265,0.8816027693099493,75.51032107160445,59.392439055996,0.6919170929583162,1.326206475753135,64
8,1000,102.60135350649868,23.035221554891635,0.9052106808901343,75.89158059713841,59.8588511306909,0.7283482568111581,1.2751298492863057,56
8,1008,100.21139314217469,21.821143262009617,0.8975352212730733,75.70832074784532,58.63530351691985,0.7207710935667745,1.1561714513668315,48
8,1016,96.53980032780102,21.880538089458312,0.8999841763243853,72.40104374376598,59.45000823468241,0.722887726071452,1.457383534758619,40
8,1024,97.49682444416544,22.89019424435992,0.9037323746490981,73.26813953612375,62.970624467953705,0.7039268692599443,1.3566913919437802,32
8,1032,99.03962849510648,22.094521242237075,0.9039223745551859,74.80022833341161,57.68040401422204,0.7154135838796137,1.2490379694210683,24
8,1040,97.48607027131051,23.914967485416078,0.9078819370169586,74.56625062265199,59.58679646884998,0.7165232741432933,1.2136518784835437,16
8,1048,98.98752129196578,23.797109217874784,0.9127187213882904,77.923289990909,60.594103700153674,0.7010384317361309,1.3720933843542806,8
8,1056,102.14918355214844,23.462012431825368,0.9089422512999685,76.69925243135407,56.19520981995187,0.6706882928412404,1.109327060456166,0
9,0,73.30599740369536,24.467670192916962,1.053885287050103,59.198647147558624,49.490699621265314,0.8854408054240878,1.156198050849797,1064
9,8,76.71898324081916,25.098971715390025,1.0613050883461672,60.37615288962097,50.56726958247777,0.8697877650347232,0.9527375199207995,1056
9,16,77.14700223842533,26.000843375154137,1.054167202950942,59.44577708352313,49.00874364460276,0.865272952451723,0.798841430877018,1048
9,24,75.30217086221046,25.901332755102143,1.0550558463904252,56.89247972602081,51.17966787879245,0.8686695935816494,1.2425545508161977,1040
9,32,74.22424416411828,25.47223519049502,1.0675069051321922,58.66117013891258,49.31825171519281,0.8924269179529476,0.9864036595122337,1032
9,40,73.44627868093833,26.911557853646816,1.075114581120834,57.62014258173155,50.74079887271414,0.844388559713323,1.2157251996257172,1024
9,48,76.92023816081186,25.775916313649358,1.0729690673848327,56.43528896426458,54.24421473963975,0.8857070765805806,1.3200787133916294,1016
9,56,74.37834987202766,26.381440855795006,1.0556423476312602,59.96654927253717,51.75109227384337,0.8864889578259932,1.1374258148859577,1008
9,64,75.09074456346137,26.420795747488427,1.0630336109353338,58.15547817579703,50.78921307381252,0.8793745205416597,1.3475316464920324,1000
9,72,75.14996607810457,26.343778967092074,1.0655358395585908,60.22989552443419,50.91458644871026,0.8704333120439247,1.2468455375310041,992
9,80,75.31770011951696,26.741488702999,1.0623125933541018,60.07183100716654,56.70120592591256,0.900817963587759,0.9243211201366832,984
9,88,74.74817515580565,25.77377361089002,1.0724407582225604,58.22745404583906,53.202866081339316,0.8611922798851067,1.0171716795423686,976
9,96,76.70195124333824,26.848251580459717,1.0727419628226944,58.26320852558663,50.01967445737353,0.8813580404034557,0.8295402561868758,968
9,104,78.46967466912022,26.05451212897267,1.069770662247725,59.92774408999439,51.47821543629071,0.8522400271011739,0.9648818177254235,960
9,112,72.30054861582722,27.236421777346905,1.0732097087820347,61.411804901300485,52.58329100964766,0.89285970234617,1.1062476796064322,952
9,120,76.96295471804717,26.715638666147356,1.0660533014116433,60.992873942747536,53.936673850977996,0.8915104969835307,0.7936580534513169,944
9,128,73.44131779916718,25.7752687252677,1.0783011513110141,58.64120124040063,52.5866530311861,0.8703294266035402,0.5675200004598238,936
9,136,71.67148168824697,25.204098483434393,1.0666795655841512,61.36088711617191,53.67835606945022,0.858135191795683,0.7971040218886428,928
9,144,76.78836273354115,25.750429156892388,1.0554165348701883,58.20243795294742,55.34777140659055,0.8901293663269431,0.5918902778340873,920
9,152,74.19630062965028,25.076226407993456,1.052131621562516,57.54440778888933,51.86702814255317,0.8694173396989341,0.387847523237608,912
9,160,70.30016530179468,25.1270854435392,1.0486509197176441,61.08974389374938,55.422525770792966,0.886386379245316,0.7210167200609691,904
9,168,71.485028424911,25.422351139831093,1.0642785750474004,62.13425866441543,54.9865566540581,0.8922335246882487,0.8231808429061158,896
9,176,76.24677983129266,24.96238420465024,1.0576601983638634,61.605736874644805,48.639135299304854,0.8683727780817944,0.6849145130461505,888
9,184,71.05615682934143,22.974854660060487,1.0457864005067925,59.31200180696767,51.019528920074606,0.8638289847055596,1.2408295641185945,880
9,192,73.93838951251495,24.359672601307604,1.0543267752407826,61.01776928551881,48.009128696245966,0.8761118767748949,0.9661331257340214,872
9,200,71.82898004007689,22.707431165033867,1.0465565470196045,62.18164847766272,47.707222186884586,0.8522841161759478,1.071337551825377,864
9,208,69.22148819879884,23.771106118489037,1.0407988039659688,58.83288211089888,47.539687742435206,0.8379402602974082,1.1268364884784619,856
9,216,70.18534774865991,23.24594167686953,1.0544140347318596,58.679872026081355,48.35879687240221,0.8701192350909958,1.2789590751720508,848
9,224,74.45706696334587,22.76149606874771,1.067049072105926,61.097660281762096,45.064676710278206,0.8535701390687483,1.7282142114280616,840
9,232,67.36164510954838,23.352220399873097,1.064052626779491,59.898441250572596,49.03625477284546,0.8483203137372823,1.0501839923527094,832
9,240,70.11322632464174,23.721202676980507,1.0643294676828308,62.66646815312312,46.52312723655358,0.8492071564905413,1.337444683696524,824
9,248,71.40325724420742,22.55498223360185,1.054499504563453,64.37595301772815,47.00916513137056,0.8357759677320842,1.3900673102736443,816
9,256,73.79710103427352,22.636430076310287,1.051568875293713,59.71262029735014,44.115273336881614,0.8651219778404913,1.3266060881310964,808
9,264,80.46048284906784,23.07765495702179,1.0442007975594505,62.33119411388768,46.76776355393344,0.8563504814050168,1.107357152197818,800
9,272,73.93500937223659,22.762862735664587,1.062495368199511,62.07040686662828,46.53167732433407,0.8509657021442703,1.009469307339253,792
9,280,75.89101291169798,22.65970661741961,1.0564839389601968,63.04841938254847,45.118932447255375,0.8502997395687119,1.308891792766584,784
9,288,80.4735564098874,23.17321179070653,1.0637688471410065,61.130403894126346,45.25763408245808,0.8265741275813171,0.8779397481765291,776
9,296,73.9455000666081,22.47622765846448,1.0600923438080072,63.50480995134038,43.09795051721444,0.8160988137590546,0.9692229945189136,768
9,304,72.16613858416875,23.631516063891713,1.0604004174902721,63.41306378537304,43.75872079753893,0.8561096367918621,0.7600881686732917,760
9,312,78.50512470618685,22.31652349441784,1.0495058042854801,60.56470036621035,49.21756135614832,0.8218482411006369,0.6100904294620133,752
9,320,79.60583589767616,24.10991009236554,1.0624869465506048,62.714573764234935,45.034099623457976,0.8373345757825691,1.0183879614970592,744
9,328,80.05224028933877,22.960587044952433,1.0566457571104373,61.94773432136479,47.34827413549516,0.8165818303458688,0.7266329681098623,736
9,336,79.13214990303618,23.983082604179266,1.0667173567893262,61.05044008385465,47.013613118498654,0.828915778833184,0.6726326480951633,728
9,344,79.32220059801935,23.47031997881056,1.0731746059317366,61.36051110154479,50.35463674182967,0.8410425288855832,0.5850838337140671,720
9,352,81.0153315116757,24.444475304642516,1.064886949971922,61.532717183085325,45.86580974184678,0.8290658779867591,0.8002848865511762,712
9,360,77.66731425341764,23.486508359785887,1.059929435689366,62.74946394647563,46.38711746231784,0.8267102211275381,0.9523892007492345,704
9,368,78.6728972514443,24.736534134780506,1.078006100722338,64.16953861116903,50.1110107076128,0.8177782882073164,0.9435775984868209,696
9,376,83.26481077928592,24.251206988254435,1.0767340919863193,63.69475665979442,48.76495260510287,0.8383885626625837,0.6337689135272857,688
9,384,76.45536053694985,24.785540498861117,1.088442178781528,61.34831074003336,49.33419488157236,0.8200146291159125,1.2440673751935036,680
9,392,80.38692738593309,24.50764068126544,1.0990969023435209,62.68051615663149,51.582475995520355,0.8250915199631743,0.9394545170955625,672
9,400,82.21457052831231,24.46167636769281,1.1021199542874132,64.4624233597006,53.02842804307964,0.8483455669893439,1.262096301415647,664
9,408,79.51884800096737,25.506064916864126,1.1155715396564607,60.1089174769517,56.14999422825339,0.8374479459837605,1.3118065828065864,656
9,416,80.01415419529026,25.024234740356707,1.123024894180432,65.3547809061825,52.97106250289935,0.8093527726494202,1.0178289381120875,648
9,424,80.24868209879024,26.220358611431873,1.1208658343225528,61.67189567292294,55.02338731840267,0.8280405402117098,1.380568970201195,640
9,432,79.08434410661053,24.615155618450004,1.136693741454311,62.77731088784922,53.245318673844444,0.8308660988941525,1.2742808297657586,632
9,440,75.07377557465739,24.637843749207555,1.1318557398940567,63.82615841080504,53.79718774162748,0.8492148883589136,1.3819211853477644,624
9,448,76.49703879361347,25.01507434633799,1.1442654844459779,62.96703880017143,54.582458585611555,0.8147590953391454,1.2879273850060107,616
9,456,78.61538468480349,25.869163150695293,1.1435361779072968,65.01113392474574,56.08464019124877,0.8244583367582037,1.2239750240259628,608
9,464,76.29362021469474,25.846488838121815,1.1450400376620609,67.97441396628761,58.54342565301405,0.833830970836459,1.0556160435243875,600
9,472,77.34662730966545,25.03389444625306,1.1262711971688981,63.70042209057391,58.49029142180293,0.8290108034430773,1.2397447965190873,592
9,480,75.65602657607545,25.033197156028045,1.149629098241538,62.537735881904126,58.053600228680295,0.830127661724637,0.8382139190602017,584
9,488,78.09980583235014,23.4935511432511,1.1547483087185917,64.69137018095512,56.69424159718258,0.8388474036153613,0.978336036680133,576
9,496,74.54296936182504,24.9042935490895,1.1462239041175095,63.23603046378368,57.92356466335479,0.8137282273451423,1.1518270329297622,568
9,504,74.44676828743754,24.43697129791142,1.1559172800030213,62.75948456547832,57.89561379237904,0.8573851423759735,0.6834510901618712,560
9,512,77.115082741047,23.119465761136656,1.1610219803312214,64.16595420059048,57.08628089746939,0.8246608687887615,0.5713493740249662,552
9,520,69.57685211330676,22.31630484621958,1.1469312469591364,63.31047935762131,58.27745431564729,0.8311995805221469,0.4755761274115319,544
9,528,77.7556587409633,23.715512432771327,1.1388005987854488,63.99131071721921,53.70349754641983,0.8324154929372533,0.785195655361316,536
9,536,74.20036739006287,23.42989211686698,1.134926076785523,63.326478845909165,56.75153373773114,0.8236842006775394,0.627215648180626,528
9,544,75.7929203281606,22.7606170618396,1.1109362036673276,64.32645708733975,54.9625127952161,0.8222273880507697,0.5349745831197789,520
9,552,78.08897532510329,23.138446139470453,1.1081184723835045,66.09010057976884,58.15608134951072,0.8209544104577343,0.6641147714709968,512
9,560,79.27154698499014,22.538029388770624,1.1013939508741546,67.42310310531326,53.532848691850795,0.8348895644713764,0.72936464963924,504
9,568,75.53840954781337,21.552432401802776,1.097275538471752,63.7093910875132,54.259601189223694,0.8368889103256818,1.1484606366841916,496
9,576,79.70039690369444,22.91409603903359,1.0842063163108036,65.09837203204519,53.96040016001851,0.8358732143610558,0.8313830101665648,488
9,584,76.19746577375234,21.636415677680617,1.061212241688099,66.70255937921334,54.89326633050084,0.8129306199488212,1.1883645711351967,480
9,592,85.23632019513154,22.754497044763625,1.0558952899249843,63.614608690049074,53.03639335109265,0.7947567144228294,1.0408822709154693,472
9,600,82.83027127704968,21.907694518155072,1.0560454161066959,68.10973560208355,54.572009305586064,0.8114486730710209,1.1142588238161175,464
9,608,83.83676712728396,21.353160867810185,1.051579348152826,67.5606451259934,51.60816955737551,0.8047509200587651,1.3226390266475332,456
9,616,87.91983250827155,22.966610411167977,1.0538085637252237,66.22615232819822,52.37721186809212,0.8344451816538568,1.4307445296615728,448
9,624,80.74955590301985,21.200387549139776,1.0483611580308114,65.6068418869505,48.90118896556637,0.8215633335281962,1.28403234743559,440
9,632,87.084768756211,22.39264883986143,1.0586303745646657,65.75632700499334,50.938746848234025,0.8169493810085207,1.1991486019438604,432
9,640,85.48550617419903,20.975376658384512,1.06741068082941,64.35894819400674,51.95834801172999,0.804962086814581,1.0457539805841847,424
9,648,89.27091230196679,21.828643210221717,1.0639276950856207,65.20375886170397,50.26841194327899,0.8355234251823382,1.0399270589726894,416
9,656,88.72438854664118,21.575214668266767,1.057223543699616,67.12653338115342,48.98832056767144,0.7958258063195585,1.1882552115195582,408
9,664,84.64346279939588,21.741512904786447,1.0692217525708676,67.43689313714827,52.10832281911735,0.8022545726469502,1.1799987184318321,400
9,672,86.63973800185016,22.53722775876916,1.0701766176712049,65.39040236549313,46.633960212436584,0.8042041553216326,1.0794568840802816,392
9,680,84.46355406628827,22.4804036157844,1.0736365162144452,68.11083055703797,48.54088348210317,0.7954948273540705,0.8392278778856433,384
9,688,86.55052306584545,22.479514743503454,1.084674590220334,63.92019552795837,50.15919340273283,0.81064492511926,0.653920610223316,376
9,696,86.54354402844669,22.215161584700994,1.0834202387657563,67.49716760756533,48.37413036367463,0.7556864083795753,0.796573502814552,368
9,704,87.60887166508908,22.155029185638192,1.0744462172401406,66.50257464576636,48.3803567089327,0.8330240402465716,0.7661058945498708,360
9,712,83.43039349331983,23.35329551220172,1.065023847296619,66.3626341582666,48.14117485007694,0.7851125124064087,0.7396874919626267,352
9,720,82.34864193593718,23.079374996666306,1.0590088328519782,68.81631394380476,52.45345603217372,0.7764987340675908,0.5397422922504611,344
9,728,83.66682652990046,22.214269357690227,1.06395865611718,68.57060563652132,51.353239348901695,0.7693359751449003,0.7213243900223566,336
9,736,85.93130429041665,24.128193627537193,1.0519100358542197,67.12671734411292,51.83729185414201,0.7832977155659817,0.8338448055456239,328
9,744,86.13873100347944,24.35491519647012,1.0494830482664386,72.1131635283247,53.14569972619325,0.7805964050645836,0.8476426193394799,320
9,752,82.95453232309475,23.253743774715744,1.050819246066536,74.74339584015635,51.41503474846095,0.7868327995197194,0.9204528636386781,312
9,760,85.12479715935049,24.077347735549846,1.0488531073343725,72.46722217704878,51.421159602227256,0.7574698325426122,0.9656396031495114,304
9,768,86.70638882508732,23.120619327663526,1.0644226771184944,72.03904997711595,51.18995026816633,0.8308158989608538,1.0300737141856517,296
9,776,80.96302272267968,22.314346319099037,1.06337840957471,69.97628859637206,52.278788183736644,0.7764146624083611,1.1808212516485908,288
9,784,79.83706644986525,24.279787990239065,1.0744940668380545,68.76647316055895,55.75615994933369,0.7554131459690517,1.2427064330919,280
9,792,84.29871146095573,25.095707206913584,1.0642392321924987,67.26170090743453,54.32536964823895,0.7698703003188523,0.8378737121283046,272
9,800,80.5617578278257,24.06944731438715,1.0571685769019659,69.45407136033411,56.01535662829023,0.7940468533442604,1.1020924646096095,264
9,808,77.81932063747193,23.737011341361818,1.048143833833472,69.71333532968622,58.33674799784556,0.7589682104536233,1.4103579516952567,256
9,816,80.79828408722801,22.68000084586789,1.0425605001150724,66.57525922972196,57.76657040138384,0.7695124510188267,1.4958697571078599,248
9,824,80.19710318135722,22.846466164292664,1.0489571613249042,67.65757797795777,57.49256223855988,0.8070758632750146,1.7209157609859385,240
9,832,79.71362493951933,23.09710973274198,1.0452705715811932,67.08686950663846,60.39729411268134,0.7911258930665661,1.2878537356628956,232
9,840,81.60802408330639,23.29269217342921,1.041260140467344,67.58558347026704,57.34670396540961,0.7894031423662401,1.2674753549509534,224
9,848,82.29097268954806,23.5542627179863,1.0242918689049336,68.22046551244229,61.686839441661434,0.7929503137932922,1.1522490824994116,216
9,856,84.50971485770172,21.54174497602179,1.031212001892501,66.550606066106,58.891222471028875,0.7766636907913484,1.3052266540002444,208
9,864,84.60362397976931,22.144417167577604,1.0197450732418645,68.42588383295148,60.80343900596842,0.786604977282748,1.16005471683374,200
9,872,83.42030144491461,21.55283897878456,1.026266974798313,67.58052953407028,61.34285362014266,0.7753350025450978,0.9915214408643341,192
9,880,87.1218501151264,21.917716297701215,1.0407061935014845,71.10738413353008,59.01899386287241,0.7728141149900626,0.7390769601653201,184
9,888,87.86465075064827,22.3763816140668,1.0463719716407827,69.66562533335534,62.19239505979104,0.7958990735401901,0.7225198727531308,176
9,896,86.72641160780988,21.37598862562672,1.0351941794510806,72.52672007305296,61.69172342637486,0.7696051716770776,0.6598046913933352,168
9,904,86.69846280558725,21.444030981253306,1.0382406011772116,71.72922675348555,57.01973285664674,0.777066115881724,0.6533884801174722,160
9,912,90.46937338862503,21.676583702620007,1.0408551872634395,67.20915834148778,61.25284973872469,0.7845533755009844,0.8094830060178799,152
9,920,87.19536593318138,21.99380394484707,1.0487143615748202,69.17974215968233,61.727461653853034,0.7789346526341253,0.7664371040401192,144
9,928,93.74344310672069,21.672222009734522,1.0708253798406484,69.65128150304359,57.22369437485229,0.7949653964473327,0.7019332551267681,136
9,936,92.42946301906386,21.287050303538802,1.0710835105470338,69.00119456553992,57.43265779737984,0.7564136564889704,0.7793370078408589,128
9,944,91.17232994492211,20.267336817926736,1.0757115371752903,68.92912975885318,59.28438830185827,0.7757374715180999,0.6945418027080608,120
9,952,89.02335082367185,21.175340651738818,1.0821183411701938,67.09194351881354,56.77792327519611,0.7929232087529925,0.8411102824678964,112
9,960,89.81799058588264,20.820814086527026,1.089186593085187,73.5638684007391,55.344888926013034,0.7937857691359134,1.090672986313713,104
9,968,94.08350226689716,19.727014611343375,1.0776395240345122,69.03169239625562,55.580254253836884,0.7918498123408377,1.0472894688914272,96
9,976,94.36364085839338,20.77947404383454,1.0726763219758118,69.88132991737697,55.567025856714444,0.780336855012856,1.2546338888662096,88
9,984,93.58660473129534,20.338274753918263,1.078333379830173,69.29590605162475,57.8335774572475,0.7869178811787676,1.2991664009791004,80
9,992,88.9205342926012,19.090385936914522,1.0800223233644228,71.55456879537128,55.6282668148696,0.7659193367863663,1.1920162168583228,72
9,1000,94.32476569436102,20.572838097502252,1.085712614207537,69.6065117854323,54.62666208151196,0.7742372009685934,1.3584985560312126,64
9,1008,91.21839235250644,20.17226859229052,1.0764294321039858,69.23804395838286,55.020578749699084,0.7778421460540982,1.343488742426406,56
9,1016,89.01215251571175,19.810483141019606,1.0771837466336764,71.60557340023362,50.98763619377336,0.7721790315143333,1.3539329005003617,48
9,1024,92.32078595407513,20.285817841119645,1.0868439384273685,71.10033480138688,53.03930025989899,0.7580702906394748,1.0448733414618638,40
9,1032,91.94533632883847,21.345427651067848,1.085657402207755,71.10814961970625,54.57420546512324,0.7858166615208899,1.0810931124180307,32
9,1040,88.06321954316022,20.89395390514038,1.0825915968701396,71.5229214539779,51.55656216060348,0.763058320313718,1.3285392834759278,24
9,1048,87.7844726589576,21.17022512916504,1.101106702510854,70.46176586041832,51.999859514017146,0.7510308784975684,1.0805604526737609,16
9,1056,85.39824910084486,21.312622031489145,1.1027434013259432,70.79884396130059,50.397460146017195,0.75885212601004,0.9398308656335976,8
9,1064,89.26155814967413,21.671112214723355,1.0911527922160984,72.22873099461845,50.50001862530029,0.7910326593637361,0.9988513785593298,0
10,0,68.520412426231,23.177988238329924,0.9841359661997003,51.63476875858974,42.74337698585617,0.8981095569702604,1.2225428422849067,968
10,8,67.8341504109585,25.61693870173774,0.974289442902409,54.51224115203007,41.74045981825012,0.9037970470629029,0.9887041772587559,960
10,16,65.67607917625807,25.536767918052092,0.9741722327191177,52.72050782446114,43.394876425951004,0.8958223954624863,1.1825352399404865,952
10,24,66.9182802586098,24.13535715193344,0.9626605713157017,53.38069676632569,44.19749263701513,0.8837728141744503,1.1677041014532432,944
10,32,66.17190761588323,25.03167140509834,0.971070619524868,58.35992902541834,43.91687680358883,0.9062690200932898,1.3213446101076847,936
10,40,69.24448361086864,23.632255646931203,0.9645152392808872,51.58767638461372,39.93821780222347,0.8830395770113066,0.9541210762063601,928
10,48,67.6787581257028,24.636655318395835,0.9651519533560747,55.35038600620262,44.88348139253782,0.8842497080791829,1.2561436252949527,920
10,56,71.2279517811481,24.477679553023563,0.9795679541458615,54.652723928457924,45.11786503404658,0.9008712640521073,1.3966418613563978,912
10,64,71.72337781020894,25.11523448585083,0.9864244645895571,56.99399677326498,49.16145248169923,0.8918825341635844,1.3383534138529567,904
10,72,70.86479288354256,24.66671134707868,0.9952177835300856,55.18124075522206,48.7486913862291,0.9084225261697091,1.1363447080918554,896
10,80,70.91361804264014,23.661287682901552,0.99302366664337,60.77722608822906,51.1416117174616,0.8824911182621996,0.8984556863062019,888
10,88,69.8431163498112,24.410361491775916,0.9857228774534664,54.94371300359272,45.12166454263364,0.8671406172438165,1.0897251477296832,880
10,96,72.10585419891514,24.968734837230034,0.9963858461480187,55.90918780389253,47.540594818626296,0.9120474947978418,1.0789273539218933,872
10,104,72.02064697656769,24.078537346088943,0.9975901072922216,55.64763850114797,49.13495166560436,0.8647540629038175,0.7290360896121515,864
10,112,71.08829416254925,24.662787404917445,1.0053556015864697,55.377095225282545,47.43803534136502,0.8927430804578059,1.1615112297156722,856
10,120,71.2688317048889,24.908413088142762,1.0069024142360634,56.02259810482263,50.746623184514235,0.874597721255207,0.8675821276157891,848
10,128,75.05736948683627,23.863525226872433,1.0031172396042658,55.82356494934454,46.639570634052646,0.883805597906729,0.5946735727406737,840
10,136,74.15513682536775,24.506916670180818,1.003213193966777,61.7543359936024,50.53089729421758,0.8584505306651792,0.8239767515746779,832
10,144,71.43959729053441,24.73559059306078,1.0064020367076176,58.93115472240421,51.66858740187673,0.8758822627735461,0.6810551647436409,824
10,152,71.84594879432744,23.733953240635216,1.000091463002654,56.559359320408994,47.438795975138646,0.8630603174428678,0.807661612815781,816
10,160,69.59017153881771,23.60870408088327,1.0016826029806984,58.55990471267748,47.27314920312066,0.8448400383236464,0.9506105933612232,808
10,168,73.39142654858465,23.591737913676127,1.00647337788914,54.83868701539708,49.056938539653096,0.8576604048666601,0.8739708334841978,800
10,176,73.24935585628825,23.262732825536233,1.00365478706201,60.813613868748426,48.69857741545832,0.8817530774037534,0.8506771695174554,792
10,184,74.8612512449383,23.58514098504198,1.0032479069685443,58.27428698236955,47.76447403599084,0.8672173221191181,0.8978861605814386,784
10,192,68.66653655777733,23.86707025805819,1.0111395908087872,56.83749018814733,46.806970976964635,0.8733753939252391,0.8952050509688727,776
10,200,73.91475311589004,22.52372651335626,1.0108537519341714,58.446129210971655,45.70568949927834,0.8704827895012509,1.1079447687820139,768
10,208,72.42190605161991,23.412254763825846,1.0004513572581488,56.124002603987684,43.16615591580625,0.8753855078668789,1.357709059442056,760
10,216,73.1256501183508,23.15289589668612,1.0184736390917617,55.663250368730885,44.75872338499269,0.8536666822846709,1.1613469964691534,752
10,224,70.24254423442143,23.917477310777127,1.0333901123515707,59.49052548278958,46.13465297262119,0.8411870535342009,1.2026134959307,744
10,232,72.52439938221083,23.892764008822525,1.036426829952325,61.557828539655404,44.37064144135957,0.8640526738615143,1.4676979511727148,736
10,240,68.80948757219262,23.3423170971844,1.0304187823921978,61.17633692904689,43.64877433461602,0.8473441995524762,1.294105112553698,728
10,248,71.72180875287555,22.193262050404147,1.048072349346543,64.22370712098517,45.97610542504376,0.8382976303668627,1.4159653940465577,720
10,256,70.4317069894028,22.846381297326065,1.0455179679620652,63.96927199434111,42.946324573763505,0.8481925713647226,1.088101017206921,712
10,264,72.37096734516075,23.12498818993018,1.0363843147365794,62.12048488017549,42.21285273618125,0.843779597468322,1.1399377182890973,704
10,272,74.49520472198162,23.16395085733956,1.0453441038196916,58.79087531369521,43.201972455162704,0.82902994724988,0.943205882756364,696
10,280,75.05472677647231,22.046102674654556,1.0447851061254951,61.62801633208691,39.303331959253775,0.858001428696647,1.007555645002119,688
10,288,71.16457153730009,21.91857010981484,1.0377308100104023,60.53616475395187,41.19749775724219,0.8338615433536385,0.9734227087438373,680
10,296,71.28416292802457,22.013591746477417,1.0462396713277025,61.38013624333123,43.44379545945961,0.8358361996264824,0.7699174449216922,672
10,304,73.47038211418459,20.944606676968707,1.0576664162706741,61.00111963076107,44.899236293795575,0.8298257599248243,0.834319002850718,664
10,312,69.63600875302912,21.562734916276195,1.0461987831911306,63.670103857286,45.11538321486485,0.8209410717897433,0.7908000498564495,656
10,320,66.33351036560576,21.516689908576982,1.029564320928267,62.39216944454822,44.89971787384789,0.8124517846382279,0.6133384367794577,648
10,328,72.03286332633004,20.957711484665708,1.0176148657452972,61.54511060074701,45.60433598501087,0.8096505898218515,0.6893961332795473,640
10,336,71.65447993110982,20.839211120304793,1.009046546112027,62.0026025907834,42.54719747502725,0.8403415289972898,0.6790295286834848,632
10,344,72.9406840942873,21.70864070241224,1.0117146626933846,62.53864053625787,43.08217020158358,0.7858405260959497,0.6522732865783757,624
10,352,69.53753564111176,19.34913293629654,1.0051338019905038,65.15771860898222,43.11609714053546,0.8177599717097496,0.7488783232432835,616
10,360,73.35605888923658,21.797123526283933,1.0073396778905541,65.25444088472808,41.503467097761174,0.8167613305069016,0.784289874337857,608
10,368,73.74373983395432,20.85964081612103,1.0068983792142632,64.1072665891199,43.183055319323415,0.8090718887775749,1.0179902675973902,600
10,376,73.35195434856182,20.167005424128313,1.0201604595567721,60.31567248602256,43.65990284517301,0.8124578226173859,0.9834154116799732,592
10,384,75.14315830215011,20.454530083836996,1.0096667874445953,64.26524107506015,49.66055604100025,0.841365338586203,1.1772240113525818,584
10,392,74.16428459007952,19.628051061249217,1.0184323641994049,62.65976195168388,47.61885121152869,0.8196491662164607,1.1697878391009178,576
10,400,77.89099546093225,19.10405282970091,1.0239426768755537,63.71884768194919,47.663589849181854,0.7821114772319115,1.0706038309945225,568
10,408,75.9236655388383,19.68302653776535,1.045069162728988,62.54598336052131,45.60765149176453,0.7918546340870144,1.3230119932082693,560
10,416,77.04677332339195,19.846242089211692,1.0308618065321549,64.49142579496566,45.77190009389507,0.8039372624139388,1.3360299641354199,552
10,424,79.8830537457729,19.16862331814259,1.0206245724059297,62.2016134996481,49.41050424139235,0.8132470571798315,1.0563790823987205,544
10,432,81.19204009041967,19.25864090538781,1.0027476325055347,64.4377796810608,50.47803466408174,0.8013206061076475,1.4000890237246921,536
10,440,79.27319010025299,18.53286991902396,1.0030459625861223,63.81688401267167,49.98135151685696,0.7664539706310677,1.5152874658304891,528
10,448,79.5139872416728,18.428887763593824,0.9991144979985042,64.29828304205596,53.45208488131502,0.7947292809961536,1.0798171280865987,520
10,456,81.69528523975602,18.868834356571053,0.9800873256098096,64.76966740830852,53.3589250471319,0.7757824750887874,0.9967470648189721,512
10,464,83.50843770527186,17.994031409795216,0.9667500954918317,64.52656216510896,51.152357983041895,0.7805749034407589,1.1788418410056263,504
10,472,79.48748003117845,19.76557952771849,0.9804295023114938,65.73289643169485,50.62966915709171,0.7852759294685538,1.1274746795728914,496
10,480,78.52525977675487,18.998180423922545,0.9876036722889703,65.13744969455549,51.72088945005295,0.7862196767798688,0.8595077919842562,488
10,488,85.00858486078825,18.483238724492182,0.9996927647076772,65.20988576545835,54.70211175199295,0.789670739545818,1.018542631662135,480
10,496,83.03360555249989,19.085395632709993,1.0014775690887696,64.54959995910862,58.76382407333489,0.7581705640546272,0.8074679173532867,472
10,504,87.71092506010682,18.61460459390512,0.9767705046190788,66.39138199728275,54.00462542707274,0.7614566895660871,0.5213257846162918,464
10,512,86.43100355780953,19.764162940708506,0.9670678423327943,67.72393211957065,56.18875921221462,0.7700481948065496,0.8552200004682304,456
10,520,87.71969711940358,17.942656771493574,0.9675540877831991,65.87514502821945,51.51527786153936,0.7693043638954773,0.9346556175091432,448
10,528,88.4873618736036,17.821343951074688,0.9618701804715973,68.13476894738707,56.65127057866205,0.771999893856212,0.5323015147023417,440
10,536,86.55554851494402,18.53296097580302,0.9522993895131239,67.25918402587229,58.30172091018565,0.7585287171739575,0.7715175549517852,432
10,544,89.85406462831766,19.031518754589985,0.9438453880754285,63.61043574611744,58.14535491836861,0.7834000039891379,0.9700255922527008,424
10,552,85.621190627752,18.16489370460865,0.959104198418764,68.67566716062592,61.199490957610614,0.7854195084726769,0.6308185384484295,416
10,560,89.03337537662401,17.995567211835215,0.9429541510396883,66.9766844072608,55.380614985407604,0.76700545911038,0.6914938590629423,408
10,568,86.69763737717004,18.37767429544102,0.9356974186967809,67.43859491333332,56.89838489109065,0.7455316898126674,0.8327941170345593,400
10,576,84.73575978754688,19.04602801449593,0.9329630776804257,66.92329459363636,56.11345590299784,0.7815010756215668,0.9684544660757932,392
10,584,86.8626569574471,18.16292586622281,0.9175594691301202,68.40825931925656,58.99597701378575,0.7599329390327753,0.7488291241787881,384
10,592,88.36540625677434,18.245389137276064,0.9183317238229465,69.99069176868913,54.631123135922834,0.7395330082627821,1.2573458211398727,376
10,600,86.39817830544011,18.964636499514434,0.9327500272663111,68.73101806570665,58.078768671912655,0.7402735935381911,1.109007081198419,368
10,608,90.18739076815623,19.77735017622907,0.9387499706638265,70.87075916246506,56.63626587530812,0.7669988029623169,1.1424000109442487,360
10,616,91.18958805964522,18.64034037277562,0.9381804591454137,70.25788857123574,55.948338835084485,0.7746379143271627,1.2802996765174748,352
10,624,87.95364598591563,18.693463104650213,0.9516040670558399,69.50089529981643,52.81907345183369,0.7541630674442669,1.2053832042762032,344
10,632,88.40226843145227,19.916419227209047,0.9561334553334533,70.26554291835478,56.91286381749266,0.7296968340885799,1.571792840920185,336
10,640,86.48799653096255,17.507836127209643,0.9498833458310875,67.34794944385209,55.57868434276653,0.7614306913767102,1.2629107777669928,328
10,648,85.08475347241605,19.454519312513,0.9612999962833505,71.59944990821909,55.891843455534456,0.7452997994844538,1.0626480368610793,320
10,656,90.31083203488134,20.20973118607441,0.9601064316055641,71.36964531086852,52.68805442148743,0.7415147730314418,1.0446433783506401,312
10,664,84.70038376071034,19.292275689698233,0.9729676033853961,72.20314111109174,55.16960728713753,0.7381720630485934,1.141172539710439,304
10,672,88.48140593111563,19.79739378915955,0.9883630614313341,72.30730033338325,52.5728819183164,0.7391992579892727,1.0994001076799085,296
10,680,87.41171055100288,18.707733058185287,1.0032768715725908,70.26731573524506,53.915014745936,0.7432613783484971,0.8469325730782374,288
10,688,86.07353314256797,19.64356400278072,1.0002268883841108,71.79456710132115,52.60469721640086,0.7288006500144066,0.6048603484596429,280
10,696,85.40544668235545,19.620797546088422,0.9987713067624869,73.13131102785154,51.070728043480294,0.7260022435831374,0.7590471189761713,272
10,704,84.1625083511432,19.26457365574054,1.0071475496294033,72.30319100088909,52.41148478875341,0.7328241117281533,0.5396315431202943,264
10,712,87.41764548611752,20.11589940431477,1.000513263136329,69.39624393743165,49.688862463226506,0.7449838218696871,0.7816725371847938,256
10,720,89.97711692281887,18.416434939698103,0.9976807688733124,75.51519305341382,48.93250444847301,0.7446266328526553,0.6707418263370178,248
10,728,88.74043262974303,20.038745696882295,0.9989260855028023,75.36501911665694,51.24416990721416,0.7379090269951981,0.6171500757333965,240
10,736,87.69386254379205,18.897839657460587,1.0067691743436507,74.24933766752352,51.85312234538027,0.7327048443065954,0.5848781659132221,232
10,744,84.65379996636945,19.50087560334266,1.0036087495667727,75.13846898926572,49.87424773606529,0.7641152992245118,0.48167990420715456,224
10,752,89.8644570689996,18.57835947418976,0.9896158662044725,74.7646838092183,54.133867693551714,0.7343417916623762,0.7159836264071504,216
10,760,86.46741407342597,19.53508758753545,0.988476338716589,73.9355627412204,51.485059778140595,0.7554402770168279,0.8034237547488075,208
10,768,92.5088371355153,19.928344156547716,0.9928896440740483,74.6129221521634,48.34070779473951,0.7356150381850453,0.8973453134791618,200
10,776,86.15926620905321,18.455822801754824,1.0012523384180625,75.81916131643855,51.03303963634504,0.7332900022843656,1.1937380541969054,192
10,784,92.86329527017796,19.08638535814866,1.0037108149138012,75.03630136448112,51.63794852123621,0.7184619267439923,0.968327436228924,184
10,792,88.18533805800777,18.978621703822988,1.0104336501457758,74.07791451769747,48.902472918391595,0.730081608749388,1.2396528278502983,176
10,800,91.44019558258492,18.085229511407135,1.0128859563028239,75.62729437727067,55.44029955764981,0.7155857995372064,1.337841476537427,168
10,808,91.8629449688763,17.473937335906363,1.0052007476453455,75.99647925583358,53.61715066973663,0.7063359120267515,1.171635145920522,160
10,816,91.70851668153655,18.00003074638675,1.01399893684783,74.32361540799536,55.00547633293359,0.7158418055478353,1.1626735162155386,152
10,824,95.41809056815696,18.561617340478413,1.0158423114026394,73.59789930980043,54.957100282871465,0.7266759059774609,1.3821081740721308,144
10,832,94.72009209964001,17.38410377080621,1.008026724552085,74.08184094648541,56.456094695175146,0.704134396673508,1.4220452980098732,136
10,840,94.1286241565103,17.16029239575715,1.0093477383813971,73.06081316129226,54.06641501574375,0.7277372792676462,0.8143869885210174,128
10,848,94.51634105797986,18.231950962074226,1.0071231407556065,75.72064792044857,55.64113986803016,0.7155707201695456,1.6045731541609878,120
10,856,100.67442304278053,18.54917682935131,1.0190299132656713,73.53138182082563,61.01001542638169,0.6803320895193764,1.0554296453138916,112
10,864,97.68850172541848,17.77407985579503,1.0078699841638117,74.88572266870936,57.13584287198084,0.7162602872490501,1.0273825655374744,104
10,872,98.09038645999557,17.009263200480927,1.0193536135430792,75.04028916494863,59.3176769652028,0.6765340751301024,1.1104083904554272,96
10,880,98.67797093247009,18.19935569070738,1.0191345957686142,79.19239926489674,58.57459050202745,0.6812928188148324,0.7443308887896123,88
10,888,97.59420387839722,17.28514986865822,1.0213795754675175,74.73995983203764,59.10750729029356,0.6996793043572725,0.8214943227361978,80
10,896,96.88143387245995,16.51810113593289,1.014490464271497,76.69004574476024,60.11592488288649,0.6899893798046823,0.6812297195941697,72
10,904,102.90054577817088,16.436116826430414,0.9974427527048646,76.45138522121493,61.51321947659833,0.6741402732226527,0.7352177279704999,64
10,912,103.40514257018872,16.79732762834105,0.9909656213680743,76.13964009781043,64.95071406176007,0.6939570453226546,0.5931270092434214,56
10,920,106.00498219941069,16.19833074870523,0.9915016069513358,78.33086431328641,63.73638983839261,0.6744601888138723,0.8564996796790131,48
10,928,103.38307328199798,16.353293715801186,0.9776451502060302,77.95944434459594,63.538497284453506,0.6741511032579514,0.7070885422387689,40
10,936,102.79728317955527,16.49309390218038,0.9724378353679488,78.78003700869996,64.27975812472857,0.6845596802283105,0.8750401993500292,32
10,944,104.7396883207413,14.331398436100578,0.9654669716632763,77.58932542699809,63.715544616653204,0.6778225134877327,0.9328859799563354,24
10,952,107.20019443491132,15.988796136515274,0.9645449420668234,78.43717226506499,64.90749803970856,0.6885851884693458,1.0469141546091005,16
10,960,106.14113627473314,15.82052231167414,0.9670074217005868,76.81195299794283,65.28242693684254,0.7074312277037695,0.7580600404777662,8
10,968,107.72715682147476,14.413943056082582,0.964190329374495,78.40029446944808,68.5007498917839,0.6724327656448151,1.2854275514551954,0
11,0,69.01877559785676,27.4444692595801,0.9129957735780871,59.213581674912675,49.864290605616546,0.834059727518716,1.0215957564579736,592
11,8,67.66126876122267,27.058897100474447,0.9095204367769467,59.64017680222381,51.365497080110295,0.8445553155079198,1.0441331855638665,584
11,16,67.4917584537831,26.902703146329152,0.9054165763740716,58.62566124922368,52.45387049403022,0.8241034826736938,1.107279248047997,576
11,24,70.18993530760241,28.586509721005626,0.9116778038243181,58.28321070689492,57.08487363598485,0.8718864836319702,1.453074014406032,568
11,32,72.64306947190478,27.060928113520493,0.8982122195148635,61.22972672468903,56.426924533170784,0.8112322796783693,1.2585160424817623,560
11,40,69.88506217979759,26.585694019245047,0.897576073341771,58.99432480686315,57.53824488050054,0.8561815774590891,1.4171815407054371,552
11,48,69.50442699892164,28.01932978568457,0.921863966979023,61.475628779070014,55.68125862653707,0.8435282348717441,1.3359302489984328,544
11,56,73.37588569974723,26.75103247414697,0.9306772838800792,58.90280246986699,58.458110372036366,0.818847299428139,1.3368479564310485,536
11,64,73.93117610328117,27.637430561137897,0.9257635180742845,60.38159081315529,55.28313490848092,0.8098887059193858,1.4935628419781255,528
11,72,73.96293685859864,27.63256089175841,0.9154975685246799,60.54488454402684,57.40039579768497,0.822159381259477,1.2609403395031853,520
11,80,73.28449341088009,28.38700923196207,0.921327669140724,60.506580346249244,54.03762584147085,0.8230778778370005,1.1531754216491599,512
11,88,73.72700162613943,27.133988136834954,0.9165415744594071,61.6204240627421,56.96450801927275,0.8272057286924731,0.9074999264286007,504
11,96,69.45026416724652,28.334447432412667,0.922468229306803,59.413907880876764,58.949459343776745,0.8103055485868745,0.7767129259521712,496
11,104,72.61534271350571,27.31485911743533,0.9221942195764045,62.61008987560806,58.14890463260637,0.8287730839549883,0.8033587102007704,488
11,112,71.4578411587276,27.272935225315607,0.9215138267710639,64.23643742307364,57.442750771646466,0.8105964735442577,1.1299441154783954,480
11,120,77.35126656374254,25.778371716489342,0.9207390835717018,62.1260040415905,51.74108924079107,0.8106042086004929,0.888535771924233,472
11,128,68.03371128480364,27.05988483986342,0.9375365619102304,63.15977005548131,53.67436925644988,0.7909072480774075,0.8810092032602135,464
11,136,71.37150218019664,26.21547793935205,0.9376164340715245,60.20982082756116,55.31348650571892,0.7945932803586782,1.1390174866525595,456
11,144,68.02687840009621,26.395587106714032,0.9427895374267823,63.41828713382634,54.279235215615074,0.8279486528732133,0.7919020187164124,448
11,152,69.97455924438466,27.610238154277283,0.9546965959981997,65.18140129566834,48.59240009599051,0.7832136777113509,0.9181288328687338,440
11,160,67.91414763180924,26.018722554948386,0.9411496802713478,65.8764301327345,51.68040225662273,0.8201197288687014,1.033575237327394,432
11,168,69.19493601091555,26.02575814262594,0.9575102132219819,62.332703429503105,52.53753734460906,0.7959938717442604,0.9672537522425219,424
11,176,69.34022004087993,26.106692831342723,0.9488685386491438,66.83069886667853,51.76147234170545,0.7959111767865648,0.6903373477912296,416
11,184,71.13488891724782,25.566728253971327,0.9467291157131581,65.4723057813892,48.48992078396053,0.8006832486754211,1.0199520312912116,408
11,192,67.95923004654678,25.92478689547719,0.9511617326616841,63.95922690779338,52.08646270477637,0.7976644251990277,1.0050776779691966,400
11,200,72.27982894522394,25.974606714639933,0.9530650084366488,65.86553685330335,48.054522905092085,0.8025317641371428,1.3113181223002548,392
11,208,73.81480937865311,25.355694362318875,0.9565936337143781,66.96225688914707,49.87551559769229,0.77690519575581,1.179086452188757,384
11,216,74.86561752640344,24.72420396212927,0.9698893649205552,67.91743323481124,52.211937244938376,0.8004678667451645,1.1658130271565454,376
11,224,75.22329645965205,25.22956418197414,0.9696772882773457,66.3636753263604,52.960611544055745,0.7878621643062559,1.0579610049920873,368
11,232,76.0066958120763,24.35088290135727,0.9691771263617018,68.01513336323784,53.0087804655371,0.7527932944566256,1.182291670159585,360
11,240,73.79585786030884,23.565409209837608,0.9686784283726562,65.19871613396938,54.811778148649346,0.7853615214841454,1.4438018743377516,352
11,248,77.25089188645465,23.919290226317887,0.9600741538979145,68.55174487800275,59.14489692198435,0.790378415051535,1.350454503049758,344
11,256,74.36829833712677,23.49030564429664,0.9578264748079036,67.14756370704934,58.95847487792537,0.7848688196674957,1.5393104724749138,336
11,264,76.17421420931775,22.96842641310537,0.9726262318497055,72.37690392611947,61.765357219946154,0.7621269669423459,1.292612778085025,328
11,272,80.85094604039439,23.283309184151623,0.9713795076802787,71.62267104164968,56.63639717594458,0.7530165202213,1.0502103814770876,320
11,280,83.89677946575135,21.91883644190059,0.983695651264693,69.90902467321034,59.58009391137475,0.7671335469061143,1.1488320573319946,312
11,288,84.94457312760497,22.1021367703639,0.9784306052361652,71.57386610775467,59.482915497435556,0.7607705144633745,0.9244048833850352,304
11,296,81.71550228206124,23.455542366769524,0.9698755195379082,70.94218586982798,65.16657770349036,0.7651748233653257,0.8669336888315324,296
11,304,86.93636400156703,21.717127534276802,0.9753624665374498,70.76036297051063,63.15152124628844,0.750418299486957,0.9354998176716726,288
11,312,82.53702120726419,22.22454743347342,0.9768226619724562,68.69802789533622,63.96973429901171,0.737999077774454,0.7359070134852045,280
11,320,83.94334786820055,21.76795244080973,0.9764011390757191,72.71626912014445,60.372181678158036,0.7479266024665732,0.6085650276238777,272
11,328,87.72130506030672,21.810396103598805,0.9954920022297191,70.37703210090018,62.08933189072344,0.7231610552307113,0.7512673007687416,264
11,336,84.05611995440212,21.330217984051195,0.9901184501445266,72.0169385140765,63.431783286039455,0.7354622812357854,0.7593968896668372,256
11,344,81.97135973711912,21.55561356277121,1.0022545600821198,69.50285564972651,67.04844885546201,0.7152878664844358,0.9433859458685498,248
11,352,84.2849905129527,21.700736408776006,1.0114880769055365,73.57266100022551,64.13998149238492,0.7461715408084006,0.8811136781157076,240
11,360,82.08276331698727,21.65114505661455,1.0242675534661154,73.2238631643948,62.263330508495194,0.7264964259867355,0.6376754527659484,232
11,368,85.53040642778168,20.251295358536858,1.0247166873677462,77.21205006862802,62.13077461627556,0.7419549748043186,0.8543238169463104,224
11,376,84.47156438909698,21.69921261281999,1.0183232780365483,70.53152803498718,62.36749683080921,0.7159337687808134,0.9592843526854241,216
11,384,82.04556507138565,20.229482857094442,1.0266839113193156,71.17502959099325,62.12005838343046,0.7071376839152662,1.1449105613568087,208
11,392,84.60265012620091,20.396219762261317,1.0206239369076118,74.71079313046437,60.44362284717752,0.7085147335719415,1.0441321390070732,200
11,400,82.23038972642337,19.762895202531315,1.0198971777080261,74.3150627650664,57.94274938258012,0.7029827168981702,1.1731943168891326,192
11,408,84.33431926589768,21.656321843816134,1.015038586153981,73.44668198901603,58.69667878793989,0.7081742460691257,1.3473492495352453,184
11,416,85.08896443679632,21.931820618837406,1.0123499903513158,75.70162194335525,57.09018220810884,0.7030547961173079,1.0405673668616346,176
11,424,84.15364467885648,20.194817076488285,1.0097684292924785,73.77764587538474,58.42750851174157,0.6892042292526693,1.1554501051896364,168
11,432,85.8202810466482,20.205279974195133,1.0021711907210742,75.96741734464182,56.51749892040844,0.693031921817856,1.2059400136122964,160
11,440,83.2401239010638,20.882244553554397,1.0118252632138065,75.27347254208233,58.4593461055281,0.6611146985904286,1.3526042679340355,152
11,448,82.95967757056461,20.506064134130956,1.0382738008720576,74.29134834437531,55.558698141179946,0.6619772119414884,1.2393239585666775,144
11,456,88.27904831097045,21.021693265226443,1.056526933924843,75.59723486663431,59.695833574392445,0.6639546650141535,1.3188169183353073,136
11,464,85.28975387713109,20.872423540450786,1.0377507692434835,74.36759783445251,58.41041627670335,0.6866192404757958,0.8828420943173465,128
11,472,88.35238716262765,20.91327888452054,1.0421142781745125,78.42307784156777,59.46371464233553,0.6861373598050369,1.2275606996985027,120
11,480,94.27723335470694,21.06320636082202,1.0617782857267803,76.80229356387947,58.95484521975332,0.7017665101247825,1.1166676425377589,112
11,488,93.19140614529901,20.92899967004342,1.0596732395104116,76.17118684811958,58.22392821259533,0.6414718753786426,0.7527009690260811,104
11,496,91.02708107903706,21.796502639079595,1.0462832071581867,78.0303831950206,60.741538241054215,0.6724433079711065,0.9309042993022275,96
11,504,96.0970956172098,22.17559301282867,1.051292367566872,77.79980731820379,62.66111449130689,0.6793643923243642,0.8347231593968872,88
11,512,95.00008322320411,22.38750931832571,1.0658306828848865,79.74475546104799,62.77469766808999,0.6658051271096731,0.6480866353381867,80
11,520,99.97416264936041,21.84977294099466,1.07811608153891,78.4802715021194,67.78102035145915,0.6480044004449336,0.8118975984540617,72
11,528,94.90248574536332,21.5025588797197,1.0828632446424653,76.89215970418864,68.71280231473479,0.6650712842906742,1.0392391723199843,64
11,536,101.71457031910967,21.640959602633707,1.073017522533161,76.89560028996607,67.07624399983351,0.6676682615801556,0.8527861306982858,56
11,544,99.19386207213294,21.55100350317848,1.083059767501652,78.77642716674545,70.57297601370048,0.6436310802233075,0.7487992184190639,48
11,552,98.08226395154773,21.089011394470504,1.0808864904120727,82.8678517343928,72.18490490480791,0.6462152790720344,0.7283944149847531,40
11,560,98.46559658608811,21.05261935067556,1.0923305507314214,79.92560757346538,73.9497483499339,0.6384146769150001,0.770935476191997,32
11,568,95.8992560044053,21.203989460394858,1.0884383378072089,81.51176476576812,68.39914698304594,0.6296557321313507,0.8386311727121261,24
11,576,100.7312545719633,21.726263460598833,1.100276000417534,84.53321385220065,70.30819732772753,0.6535677034749788,1.0770028405735748,16
11,584,101.09246845411207,20.690870940711044,1.0941644051513142,83.89663350347605,70.0232032282031,0.6312473768330401,1.3339499790540121,8
11,592,94.7103165410171,21.283081073818227,1.08491124035677,82.93616136456725,73.37726907183306,0.624665895794563,1.1832611903123467,0
12,0,72.34261285363236,28.095329115455478,1.2341715376484395,57.71185122887294,50.260851022121635,0.8916312099722098,1.0189409099957416,1224
12,8,72.87237813373072,29.592203412685105,1.231653701175735,56.306133077424164,51.77624384162352,0.8728570003425072,1.1491108114265387,1216
12,16,75.55854296457335,29.910424020583662,1.231667547212165,58.17226891222655,49.524614721717484,0.8674756761138187,1.0749333137465285,1208
12,24,74.96588243332033,28.838116669388963,1.1976344285436715,61.091193478494695,55.1887442056646,0.8931463535563763,1.1211796946729191,1200
12,32,75.7189498709942,30.10303192183115,1.2133254662318804,61.54771125004602,54.30083456597184,0.8554665182498306,1.1956394902318375,1192
12,40,74.2840658869951,29.426931276683803,1.2075334142805099,59.38142665697994,52.46761727188667,0.869852280439186,1.0613392488960214,1184
12,48,78.05036888941329,29.314531375520602,1.1978965068100051,59.358704144342575,53.58701135596323,0.8590032735812761,1.0722415150892803,1176
12,56,73.17387294215678,28.670697804763925,1.2056338050068582,59.84511589664349,57.146700210588065,0.8472584676160757,1.2260329172265607,1168
12,64,77.29771280923428,28.740890625364408,1.2123092061288174,63.420937659920256,52.83917667250694,0.8247918073201574,1.005791852151849,1160
12,72,76.81649818079178,30.40067744920392,1.2080424097770863,57.761568979784386,54.61779699246156,0.8282168987160962,1.3767375718347128,1152
12,80,76.77974905853343,29.335791105451555,1.2101493715459555,60.10592177492654,56.12349955634919,0.8406869982602329,1.248349748860317,1144
12,88,76.28112740369343,29.933355199612738,1.195657103740114,59.55942289425833,54.24615262710155,0.8689664479498606,0.7267177281984263,1136
12,96,78.74538299997238,31.06786210665669,1.1884635191122968,59.981379018449275,60.60925644442808,0.8444071212257321,1.331223886694873,1128
12,104,78.81791205925217,29.968513079236196,1.1865762006681506,63.41073327059558,58.98393354973802,0.8481021392400344,0.906427053151448,1120
12,112,80.75125909233937,29.438407307466232,1.1706173329962126,62.849368080624544,58.66507567286813,0.8266179309956766,0.5969055743324678,1112
12,120,80.05554169145628,30.393245704491864,1.173577176730328,63.79798418315384,56.48340610270366,0.8598341159521433,0.8827520770045746,1104
12,128,81.2049663362931,30.395686129662007,1.1716703248480644,60.63174093989682,62.841408229747124,0.8164199608717306,0.6400469557415258,1096
12,136,80.4847713191098,28.837249582737098,1.175873640112958,63.29529585053217,58.94233657269362,0.8083809487542298,0.8410327257370375,1088
12,144,76.65789117753324,28.65135924995736,1.1989404949286426,63.276010528604054,60.76269571971619,0.8511585846722959,0.5768581924563034,1080
12,152,83.64528534650682,29.925736427244896,1.1793747665073726,63.03057200514101,59.91223326691074,0.8531521418703658,0.6780251812158442,1072
12,160,79.95613021562032,27.878834709678856,1.1849371526199104,64.43414181083591,59.5252038135085,0.8513808745220254,0.5566646718756967,1064
12,168,78.80063479407859,30.02131775574337,1.179190683415077,66.41336763286618,60.5195782626799,0.8304295607858673,0.8891233199710478,1056
12,176,76.31801217863622,28.99342754043167,1.1811761659973068,61.53472671329199,62.02481015838718,0.8265220939142818,0.854750262060796,1048
12,184,76.96181088518601,29.850622323536715,1.1932561153891563,64.08435266816414,60.91370799219247,0.8213359809244497,0.7756270768763878,1040
12,192,77.05330827840893,27.5148230074828,1.2025196252138541,65.75372454941737,61.88389769537606,0.7990733777367189,0.8753835829719103,1032
12,200,76.25765592034962,28.386717721826653,1.197106901830837,66.38866518480725,59.47313441740099,0.8291616565662026,1.137343919774417,1024
12,208,78.362901875916,28.105277966642568,1.199961812583503,64.71351480953658,62.07538438261061,0.8361784975084254,1.2741083475572161,1016
12,216,75.78639888444825,27.901104116007506,1.1689653858299436,63.32534123202079,59.25068954653818,0.8078629290376514,1.349490119286889,1008
12,224,75.50108443441722,26.67252946585723,1.1782118571842486,63.97745056027202,58.16166522454829,0.8153998111416492,1.2355486976772294,1000
12,232,74.8090022033309,27.054745133032128,1.177754714832298,67.59162625044773,64.78305627426262,0.7804243040184666,1.214259103905794,992
12,240,77.08099205449173,28.185481160954495,1.182249697953543,68.75318808444628,61.439819270688446,0.8172321248346961,1.4142172647855873,984
12,248,76.76487853182934,26.70385418831666,1.182024518599016,68.11857219013828,60.71600577587058,0.789364548928278,1.1314306369809082,976
12,256,77.60342097018183,27.373388880356444,1.176966268665358,65.53111699420107,59.926826053209396,0.8032269225676567,1.0787282705471801,968
12,264,80.91870423760591,26.971435435103643,1.1848590993637245,66.62369924624679,59.62294408900025,0.8133777960801023,0.9627034788114994,960
12,272,76.86110888986971,26.74747693744448,1.1754475919110607,70.21545768393953,59.089693433875084,0.8131107229801733,0.6738128466560761,952
12,280,77.20602986961622,26.003456642212022,1.196530148764548,67.77652303743045,59.22447358177492,0.8233516280886463,0.9444539519504985,944
12,288,79.81815958660174,26.117967451369022,1.1989872079180162,66.33159339846718,57.018463190769076,0.7772747108329074,1.0564563891595926,936
12,296,80.79786757439672,25.130004970719632,1.1925172756076305,66.50360396809629,56.85286944430115,0.8052828176758225,0.9708485683461506,928
12,304,80.84473042519619,24.878569765611076,1.2037991375584018,67.82971741318907,56.89960721839405,0.82823845848707,0.7775671271993678,920
12,312,80.88445566304686,24.81796626955688,1.1854904623268117,66.78576487227164,58.269802734953,0.8042807647492273,0.6843417815652303,912
12,320,78.35983023696129,25.207375880721965,1.1852460867529597,68.97944812622102,57.18621834259087,0.7922859108538575,0.6036685675550304,904
12,328,75.06370565364513,24.28380760796781,1.1839378026957257,67.34601009591532,58.35860795502925,0.8229780163833138,0.783061975240955,896
12,336,79.08520072437926,25.943564186396834,1.1937042537279292,67.47607847845785,56.42688523098567,0.7701415538837408,0.8777104992173834,888
12,344,80.51180356504719,24.38431433546957,1.1856216457595814,68.48126928452774,56.11097833663159,0.7880858803683558,0.6586199841287776,880
12,352,82.85081410966123,25.525937360137156,1.1891772162180054,69.09982838424881,57.37499789814283,0.7778530557441359,0.7392392143059829,872
12,360,80.82130274361894,25.513920515981763,1.1906557144924754,69.14898757472265,53.81058602811686,0.7794562679800855,0.708671441617964,864
12,368,82.98047300516252,23.786128772650176,1.1924880986213973,71.05723613334828,56.78420809927042,0.7646473775851157,1.026508867803726,856
12,376,82.92291282422487,24.285089165065642,1.1968857190479971,68.26434989034874,55.07338055695572,0.783083516526211,0.878609147434905,848
12,384,83.02964502697971,23.870637104525457,1.205385319009258,71.2167580823915,54.70567651836864,0.7640555530875615,0.8903239882046191,840
12,392,86.03866614200133,24.693786718766912,1.2003726949315872,71.02870651914932,54.77308717641146,0.7506411775579228,0.9155390121947172,832
12,400,83.19970833303617,21.650128084562994,1.2027604530661047,69.05808866080453,59.708815178805445,0.7613266733419146,1.0268354623104758,824
12,408,85.62580824666816,23.173903288892028,1.1912638401011526,71.06953960337951,53.152875352690316,0.7510043604569795,1.080496688102559,816
12,416,89.35180853554358,24.002789659720186,1.1962542235429987,69.17075967280554,58.07396667074814,0.7634882632182733,1.4176637471309166,808
12,424,85.46575808888817,23.649537191046353,1.1949912721240208,69.23185772391267,53.73000630398007,0.7647128128048031,1.2611922018638289,800
12,432,92.89912948694571,23.10915832812214,1.184727095693274,69.88758055761802,57.36923827934591,0.7368893247188786,1.276509578543771,792
12,440,90.81949931151911,24.317316317192564,1.1754933734214648,73.18704485259418,55.728799049253695,0.7578478927701324,1.3556003434372146,784
12,448,88.56041999221083,23.857056728743093,1.1893410095655623,72.54745446491735,57.08272344532209,0.7330379000531798,1.5363232626531702,776
12,456,94.17004458822308,22.381781856059757,1.197248576200569,73.22391497539304,54.42707838594287,0.7704059182603288,1.1181246279547048,768
12,464,94.74244175355649,23.422973166079856,1.2079828799777426,73.18564274447749,58.33668728898872,0.7372693205242566,1.267933032753449,760
12,472,93.40795603832191,23.556766336497482,1.221204179896797,73.16345907949376,58.211482094349606,0.7393624015055253,0.9916553132350702,752
12,480,93.65091470683663,23.569635262134454,1.2344579967852403,73.39279946153674,56.64028364125907,0.7473958281632622,1.3426030308527277,744
12,488,92.87287971843949,23.61981122157698,1.2512745265048584,73.56122280319084,55.097012535944266,0.7407888699914951,0.8911963955605187,736
12,496,93.33040261706539,23.065084287764098,1.2738584449963686,73.5474867996723,55.36958615468522,0.7380930466959315,0.7167598726154458,728
12,504,91.09284080710134,23.814973589757386,1.272312882100336,76.1465417394272,59.667461609646686,0.7325415258672839,0.6050312312156739,720
12,512,94.50915686660565,23.19674394164883,1.2689400261393962,75.12549795209405,59.64442784879691,0.705669569973104,0.7353609280416694,712
12,520,92.27232362532858,23.554259004447974,1.2805289928282995,74.21892092807221,59.144381698594636,0.7044835376294344,0.5967571997353205,704
12,528,95.8441546270101,23.715322207567574,1.2608104448314004,74.4515380010053,60.27577517481216,0.73028464024026,0.8032623252163128,696
12,536,92.48629714767523,23.459514853095648,1.2645373975154184,74.99275685052177,63.206887486255354,0.7038945543496176,0.7233015007400957,688
12,544,91.55714779769177,23.623164213411812,1.2830754639960655,73.90202498491902,58.05951870376324,0.7342745010817763,0.46243402920400684,680
12,552,97.45933603614577,23.6995098802485,1.2603832316612944,75.58479818599972,59.77779188191438,0.7185162683870367,0.6847151726463051,672
12,560,91.52558890694536,23.47923250695133,1.2560772666731075,78.23564165692106,60.39790597496303,0.6997181842195278,0.9097619463118003,664
12,568,94.55686489310098,24.135950393208006,1.2618620365827258,72.72174326201936,64.8153116460551,0.7131016649241553,0.8935240438088351,656
12,576,97.08048595233264,24.12242499181333,1.2620515179276401,80.7301816370925,60.45929724347082,0.7027588640003172,0.9817476206726206,648
12,584,95.08231433312768,24.149252194886888,1.2501227871464216,74.17239592033476,64.33752889425737,0.7178388113189973,1.129843634598135,640
12,592,93.58252284151727,24.717564017205877,1.2540725530665275,76.5674338236254,62.996849788283015,0.7100661623377252,1.0891811653208943,632
12,600,95.1295029501379,24.253787687043694,1.2385903768213347,79.52290104673338,63.202636837588756,0.7086705636945598,1.5250582905290448,624
12,608,92.82024659638383,23.912463663389563,1.243771107320924,75.63528495728087,65.2913607374878,0.706781380858682,1.2630114432903015,616
12,616,94.32132050627725,23.589784298180543,1.2509501850550437,78.20174880313571,61.76093705315786,0.6956114026475736,1.3023236319366864,608
12,624,92.30352257152472,24.938830502962688,1.2540567468333443,74.7812927380249,66.52296988296958,0.7148664294290843,1.2688275546433947,600
12,632,96.47989669200679,24.18622082041115,1.256875387916942,76.34246927550323,68.01514848480403,0.700422853265637,1.2946123741424076,592
12,640,91.6186264152456,24.67975728878582,1.2521900439852474,76.65390016589917,67.55880589418297,0.6615421177355043,1.4145930223187082,584
12,648,90.19889654589642,24.433356953777984,1.2451498062188537,78.79712529449135,67.35633993509153,0.7066606342281792,1.1445111587653978,576
12,656,94.22061906635213,24.00487361310501,1.2526413099814497,77.00452575179622,72.8569777073511,0.6757374118074104,1.3043832263614388,568
12,664,92.4638203412667,25.06461761387055,1.2479972537056194,77.78666504105053,66.91084359775655,0.689481484517743,0.9845218235797546,560
12,672,92.02546117149376,23.869430451919015,1.259702211027785,80.49218377324867,68.5799514903158,0.6760838485965989,0.9866788896247243,552
12,680,92.67426356275867,24.623480764488164,1.2536513393426982,75.6330630492588,72.39451483966545,0.6970205554395229,0.9290236732497573,544
12,688,95.7546138226647,23.56065204389209,1.2600837960386304,78.19555745603775,68.87136923936903,0.6754212248000213,0.621633819617833,536
12,696,91.40941237208763,24.473076794890222,1.2545407951974248,78.94558203867801,68.91892332395267,0.6901074559632088,0.7747208607384019,528
12,704,90.37563062077348,23.582892834685588,1.2467603501697995,78.65323136748984,70.16701044403756,0.6730877726412179,0.9539445786015801,520
12,712,96.18865547185663,23.45870846362237,1.2544788143799905,82.3937266859689,72.99430757615573,0.6891444240691981,0.5764273572724692,512
12,720,95.20965971713429,22.8277908411042,1.2612546039175712,79.59878958375758,70.1686263713029,0.689404967083895,0.7022142303871056,504
12,728,97.48764239317411,23.86098325122407,1.2638864498470752,81.38920256580384,70.67019929336807,0.7090454533240865,0.7243991495903219,496
12,736,101.51417949381573,22.274477158073754,1.265731483340405,78.22983994670666,71.88380219094066,0.6750146316961043,0.6527622467744951,488
12,744,100.014172473403,23.310632101605297,1.2837983077310395,80.61643975028552,73.13536128577046,0.6746093882114906,0.530476195122351,480
12,752,98.5983420637371,22.54587644742387,1.283469761473499,82.25860881306662,71.85127328826516,0.6761894100332048,1.1098595990639337,472
12,760,98.58297744549141,23.1481079128155,1.276786115071025,78.88696811051972,73.42287005334342,0.6840390508697411,0.7959672275993321,464
12,768,98.0716513123044,22.700955072507874,1.2700558289537074,84.86390783986991,75.0153146041906,0.6788918184097451,1.0249029073942821,456
12,776,101.78119537413689,22.279221033820402,1.2801571664419404,81.21748701128116,72.65619957190572,0.6696867052294211,0.9078465478895064,448
12,784,100.29462940202231,23.298655368902704,1.279075103044151,82.82175155205007,71.90291822432125,0.6943149082867252,1.1624545702772893,440
12,792,103.42370773506337,22.079857668718503,1.274405995746587,83.08303086185896,77.02877634565462,0.6408364358961062,1.0027902409549656,432
12,800,101.7191085243013,21.901901905361473,1.2787680329149675,85.02288929448024,72.60817322865752,0.6415971344293898,1.0773274865378317,424
12,808,109.60570811572181,22.834846553573684,1.2988891008767425,80.2853558732395,74.47917666184443,0.6186820789142897,1.2362449474915118,416
12,816,107.98674996002084,21.523338281917336,1.29840385510991,84.9589805882585,72.15843110883927,0.6284099853065888,1.130550785611066,408
12,824,109.3467230157722,21.85148925492652,1.2714905502267229,84.5889266439494,71.91559495987607,0.6626957361862676,1.2321646808834497,400
12,832,110.26432006438993,22.731364264764462,1.2695771879522748,85.11702974036723,75.55269647664417,0.6262171547038343,1.1047826433421606,392
12,840,109.744715958784,21.130610207075417,1.2638505061235275,82.79640242778189,75.69740145615403,0.635167549207236,1.466089358036125,384
12,848,111.90937646254609,21.4251329605618,1.2770546904412945,85.85306086261218,75.82318273799194,0.6508278783661361,1.0988205070155757,376
12,856,109.9520278967115,21.729039809804814,1.274871908128927,85.7825218862336,71.69707829567915,0.6278579694026789,0.8652696454714192,368
12,864,111.60831519135574,19.843745294737637,1.276222931013211,86.35003541198563,72.65677950233137,0.6424109579060319,0.9685069244183447,360
12,872,111.017712922151,19.567865755425462,1.2806937592401444,85.0506722086417,72.39165694051982,0.6428988336376132,0.8536917265403687,352
12,880,109.06589858576676,19.66702444242886,1.2893278238092416,87.46307401831058,69.52994128552966,0.6399082919407201,0.9718575072863417,344
12,888,110.68065897997353,20.436615666985457,1.2860163967606468,83.10063800797356,71.06231547495528,0.6472978133718607,0.7138700114140341,336
12,896,111.07114612387296,20.18204221878641,1.2938263746846057,83.41322106057424,72.33860467123331,0.6551599708501404,0.5598243027268522,328
12,904,110.82087873596656,19.447642375121838,1.303905928878269,86.39321419019223,75.07771044652269,0.6401645221465261,0.845926053912416,320
12,912,111.93862814806727,19.540559413367614,1.300257556137584,86.64958992623887,70.02974161071872,0.6193676051565965,0.8556321979664404,312
12,920,113.34732925651609,19.527348477860762,1.3080547115520387,85.4713250418106,70.35419838891343,0.5998904560040497,0.7822647362346546,304
12,928,112.13449598194539,19.221225546509288,1.302260536551096,88.03214639587151,71.00341504723617,0.6560230850633417,1.001139276099194,296
12,936,109.44440989841652,17.97034749364463,1.2853548994912312,87.4574653462421,67.5963112750583,0.644839743935355,0.781363703834,288
12,944,110.90794135488915,19.166259896648725,1.29914428143897,88.65898010405327,71.56597343208092,0.6337127710770891,1.0664393536783618,280
12,952,110.38856613401062,17.34382505367475,1.2997221180556482,89.66128882512642,68.91925003501034,0.6210748920128875,1.035640108400432,272
12,960,112.13709707041713,18.284108960046375,1.3123437254277248,87.97209938874876,67.49823978491673,0.6190935268929352,0.9669525941968635,264
12,968,109.22793023629416,18.85750869889403,1.3075043455702717,86.8335131593506,69.89374689996642,0.6042408370737905,1.028188584017031,256
12,976,112.91323247375352,19.390270100482333,1.2997657232072277,87.9090733543126,73.72391142052042,0.5999496569450996,1.1210095237334339,248
12,984,113.04298695234372,19.002666278080106,1.3215701648255576,88.75938428009042,67.3501272700568,0.6476331266224638,1.35375199406372,240
12,992,114.38402270827032,17.459119395408475,1.3159840304909842,89.01675495222531,70.37781756864824,0.5946690083776673,1.1908117172831931,232
12,1000,107.1415152864298,17.852756933813456,1.310758135604652,89.63629961022897,67.55774614851983,0.616905735914169,1.6776085757890409,224
12,1008,111.30611191763512,17.892080163574494,1.3091238830820255,91.00658891171084,69.86374495025456,0.6380120557330139,1.4211936332629815,216
12,1016,111.40514261655375,18.921376852321035,1.3128673210490898,89.73861730693693,69.14600351323404,0.5961884916927103,1.3215556427078397,208
12,1024,112.6680513558581,18.64742695933477,1.2929481334965398,90.85529006992816,68.75632795697713,0.611048641493743,1.3656069159026156,200
12,1032,109.37483221161295,17.289576388354224,1.2842496325785657,89.90148712437042,68.30318584247112,0.5908097648282482,1.1757699709546365,192
12,1040,111.90431706802464,16.850577090694866,1.2682262813914629,92.13146360377019,72.03028684811945,0.5961448835284004,1.0683212521318017,184
12,1048,108.25649837169995,19.027360957320468,1.2771642667669187,88.90865294696559,65.57545724003681,0.6004371719928763,1.2740747126488368,176
12,1056,111.47449589497772,16.86643031018073,1.2706200287861829,92.22183017671254,70.41887638069537,0.5815585663916734,0.9944341319506119,168
12,1064,113.47735914879125,18.635479714276034,1.2660013129080727,92.2286375771823,71.62281315961053,0.6077245080145117,0.7813582457758506,160
12,1072,116.63965580580641,17.36136086938208,1.2531374902837267,93.04847184392173,69.47475284304721,0.5893333886167665,0.6330281955724566,152
12,1080,116.29592649109797,18.28808849513359,1.2393793934363049,90.88380438954019,66.3687619297629,0.5892013853221668,1.0099319295392508,144
12,1088,116.32387593321143,18.129928023689228,1.2289863845565383,92.51944411577384,67.52025659814231,0.5886056101158609,1.0323254159170259,136
12,1096,115.53070363946267,19.24793568593877,1.2288409405939371,92.36907751281959,70.65372130257144,0.5682772532299348,0.7909044838272347,128
12,1104,114.5063678172079,18.594115104001933,1.2377881667351556,92.8482687049982,73.086377166395,0.5902072725110383,0.7430141124194216,120
12,1112,118.31248402049837,17.888037272846766,1.2329905365049196,92.29305403478725,71.39166435569668,0.5920204156044186,0.5075621548360076,112
12,1120,116.12519496620614,18.036315976409643,1.2322279299070644,90.70593263296436,71.15657599751977,0.573645159564075,0.8582648295799764,104
12,1128,116.53744485987609,18.098623582734145,1.2273765872988778,93.83816315507416,77.29695365894544,0.5664324136006036,0.9342770265898582,96
12,1136,119.02548452343659,17.72469601332989,1.2063537432733409,91.43238557897014,70.4413042748408,0.5785802722106441,0.8317017710756662,88
12,1144,117.55827131576282,18.17681881386109,1.2152124041732897,94.44920701003625,73.24464506594622,0.5498874831376983,1.2215580160391641,80
12,1152,116.3292622234759,19.50956188914815,1.2182101827038738,94.05725598574445,71.08910782145728,0.5713369119164301,1.0445594874741426,72
12,1160,123.52482987025628,19.106328672962356,1.2166081955495878,95.53022273058664,73.23633655764537,0.5529482805440495,1.0252011505656915,64
12,1168,123.2149457549725,18.673315029564083,1.2070013595436153,93.46806965251884,74.69767699541487,0.5640753165390813,1.2748635889459585,56
12,1176,121.81140573237307,18.68954194884636,1.2187033188579963,96.57254618197425,78.38433661987919,0.5556656043180439,1.2627044314774238,48
12,1184,121.29286923818984,19.411785609354144,1.2026740179505233,92.35816867005903,76.06501490437195,0.5351661562646655,1.4892204828774724,40
12,1192,124.6635539011877,18.992384833473672,1.1944360228470532,95.38184465141339,77.71261765782488,0.5634749500788381,1.564562268288473,32
12,1200,125.28100850568346,18.665868099897303,1.1983948880388744,93.22038037001712,78.7075040383011,0.5407353875738511,1.363136829012816,24
12,1208,125.40464392073616,18.729830835864735,1.189207420485708,95.43018679842483,78.95279693075662,0.5494296654828926,1.377100879870314,16
12,1216,126.72648636958262,19.256158127905774,1.2086707045967136,96.6111258681625,80.56889392145945,0.5513726017618673,1.2224962632715133,8
12,1224,130.3216304187091,18.839511020705167,1.2032997541809025,97.46143077843794,79.98596200601563,0.5299256021287422,1.2266014870851378,0
13,0,72.68800496292965,25.2668821890978,1.0065903507050435,58.40815597916771,49.229172610869384,0.8485549606831522,1.0425084280178412,872
13,8,69.07311918611991,25.50929836088603,0.9972203963612883,57.56812419511636,48.84922736396321,0.847790739010227,1.3813158855100975,864
13,16,74.3477738901942,26.286573461818143,0.9945056205180883,59.77074941030714,50.307730160743965,0.8369765994878113,1.2766259786204783,856
13,24,74.32203868813428,26.690316688494825,0.9848630396657339,62.34503578820625,49.724878719945096,0.8482264609914539,1.1150343858103442,848
13,32,76.93504786487648,25.93475655632447,0.9906357077015738,58.48766274504611,52.372151357461256,0.8523506100871097,1.4329954394313444,840
13,40,73.67986719320697,25.335368267878312,0.9825980864216204,60.11406181974146,56.10431060946985,0.8390655010956258,1.3996100189993286,832
13,48,76.40905994501699,25.280798277367204,0.9936756856379823,60.00448009560597,56.03680874737366,0.8235831242271595,1.4373875130002838,824
13,56,75.73104027975974,26.070494489402623,0.9900606177853316,61.88174859933311,55.4699701079166,0.8498425987904621,1.2928441298985867,816
13,64,73.5874924555905,25.534862122360277,0.9987847825003471,61.945112441900854,57.837728646246,0.8371358286874476,1.2687787280202871,808
13,72,72.95350817766361,26.281543108036217,1.0036660766008043,60.962756340929765,55.41718003083306,0.8366149574884719,1.1025459029795437,800
13,80,71.12511503829937,26.396522102453318,0.9979545904874484,62.60877274048507,57.57618751674009,0.8277650541104322,1.120132696239469,792
13,88,71.28902433444495,24.966198986784722,0.9860597722470824,63.62379376957589,55.3526346332174,0.8263491918743369,1.0279742367779905,784
13,96,69.60666893249275,26.416413655617085,0.9903145931702112,63.39237503602638,56.48883912848968,0.8352052308401591,1.1910710368829274,776
13,104,74.65288542949037,26.095699571379985,0.9790531473879591,61.93451378558005,53.72942732508808,0.8017333006498996,1.1019972302670917,768
13,112,70.61295884792843,25.13005601625206,0.9738112043496647,63.01575051740864,58.76007722972529,0.8457086890741699,0.6412983640901696,760
13,120,71.1501420056372,24.290849595383452,0.9614343349052011,61.78887850281075,59.16667585594762,0.7986192186464597,0.9468483062188718,752
13,128,70.64363970853586,25.43566144857585,0.9692812810402643,63.59625463014513,58.1524730411637,0.8377263118356453,0.8294955625035342,744
13,136,68.20997637996976,24.39531592084367,0.9577181401626891,62.95205000936555,55.10900178995546,0.8372099682499176,0.7828763525183161,736
13,144,71.19613130811703,25.367665605496153,0.9631872818128014,62.63124922917176,59.80522985712047,0.8107799717575213,0.8777463305638196,728
13,152,72.94252667300805,24.871826744147427,0.9841011895446364,63.16023846819057,58.71010003520617,0.8334949243480244,0.9124900145483928,720
13,160,76.74864596346491,24.869445333511454,0.9687928706096458,63.542570432217275,57.30178935660281,0.8080987733953633,0.9158817367707448,712
13,168,74.83810634823492,23.22687580233072,0.9643330769946126,65.77857539452162,56.475995962839086,0.8333197854240548,0.3508671681654734,704
13,176,81.29488029538251,24.630520430400548,0.969426405443236,66.62606084479823,57.882453936499445,0.7959317867484124,0.8804565705564067,696
13,184,81.60548046190998,23.77177048893866,0.961105781679944,67.689703663039,62.53173671814687,0.8195570348916382,1.021901511258759,688
13,192,83.9328707909321,23.811787710614997,0.9605396024726633,65.00715872484025,52.80545757612408,0.8142431677373473,1.0116195561157817,680
13,200,81.46403476853648,22.706301924754055,0.9661651898138168,66.52353709406239,58.15498344603733,0.8245161310153764,0.9524592916316982,672
13,208,79.31614434883488,23.650163901707693,0.9610990334440688,65.54881584211611,57.93490461890116,0.7988996910777224,1.2085226132354299,664
13,216,83.39495473898131,21.617953039182936,0.9558418672324869,65.85415048123915,54.88823025299374,0.7948409594384129,1.047192854285139,656
13,224,81.62050409381125,21.83910840811736,0.9558226257015664,67.03031662452875,56.38423329298097,0.7917101807188593,1.304173041446268,648
13,232,78.80138548494868,21.627905606336235,0.9537074610351415,67.16863282652118,57.424002580640966,0.8111024709990804,1.2673543096670778,640
13,240,77.6042822297903,21.793372900180405,0.9620520841408612,66.45101484349406,52.89194452114417,0.7743637693907882,1.0025125193224822,632
13,248,74.35941960408124,22.172384244540716,0.9551979666809708,66.45531752608056,53.59476931552721,0.7969456421505376,1.5770903678671795,624
13,256,81.0917148574726,21.38680480374703,0.9683770575837339,68.8495201117729,54.949878120963945,0.7847960772613337,0.991666237635485,616
13,264,77.04664024609363,21.442674693884687,0.9757115998076763,75.18123973836622,54.11037542521186,0.7951392744995893,1.4884461133235714,608
13,272,76.60054833078092,21.029282031500056,0.9731293500639114,73.92766159819237,53.75352603885179,0.7824355094947497,1.3073118008935465,600
13,280,78.54515985279038,20.70550323828084,0.9906914660910541,71.65037320865103,53.73417948576459,0.8131706748652593,1.1665015573797632,592
13,288,79.51384754631408,20.8490348060587,1.0226917826135435,72.51045450367324,51.84856680624337,0.7808778416506944,0.9606519853787469,584
13,296,76.19748220353499,20.2526537793419,1.0226076764314145,73.36994547305346,55.24774957645481,0.8063152701557977,0.8973879205661245,576
13,304,79.62286902201271,21.07097181039818,1.0295217945769952,68.67488514859042,53.114054804171275,0.7940397946060099,1.0473111135874444,568
13,312,79.98785927291065,21.08520567653468,1.036296463629931,69.34891299617702,50.303461598110836,0.7550132230143949,0.5835061868084792,560
13,320,85.8697866949373,22.284541016219826,1.03457070620417,68.65099528362033,53.8087313676296,0.7938268231514535,0.694100749593171,552
13,328,80.99710480937868,21.111508714501127,1.0265414731773952,70.74020508642258,50.83501012092235,0.7825800833912853,0.5407032163263917,544
13,336,81.15863246728118,20.530716142303437,1.0232541829034991,69.38939933187562,52.095235468466896,0.7631305423919047,0.5886321872985664,536
13,344,88.12264598477711,20.929423814846775,1.0166357118645526,74.14612688478562,53.42732256196437,0.7556558324887629,0.7766462373552208,528
13,352,87.57491040301353,20.78060609789406,1.0421904097390666,72.45889930174317,53.4941974493244,0.7619540852296426,0.9332218124784223,520
13,360,86.35183635884785,21.4505642198428,1.0260565275626183,73.67395829645405,53.707910442875885,0.7824086284516346,0.6831481706161161,512
13,368,88.13035713358842,19.437006743680286,1.020946025400712,71.00476130451031,55.414461629739094,0.7591632225315047,1.104331737880125,504
13,376,90.6663222548279,22.004451969433028,1.009082819775715,74.10773995895484,56.113321969984085,0.738555339625624,0.7266754716656275,496
13,384,83.53156608988985,21.01220353317605,1.0056496831353312,72.1010886585068,53.121328931914505,0.7344100460550037,1.0570173932285094,488
13,392,90.60201813130273,21.98968445461185,0.9897128110430987,71.23660350151879,56.00934105001457,0.7469695781666457,1.197333939965204,480
13,400,85.98275855986576,21.178045962574924,0.9785464819316002,71.16915459457095,57.49648272125855,0.7237209058515808,1.0519271631111262,472
13,408,81.25101386106046,21.432476052662434,0.970602640180824,70.34428226835672,54.945289920945164,0.7439465532662032,1.3847611007366405,464
13,416,86.87531378890436,22.149075382753196,0.985596872117025,75.83941549409565,54.557138771502245,0.7030144364409403,1.3736282629932304,456
13,424,84.352866501093,22.560842276708062,0.9759557931678461,71.96260758446411,61.47452806899707,0.7461649875111738,1.3221206667944498,448
13,432,83.01300995868024,20.8882655990563,0.9890735607058054,74.30744086341097,58.35829741912442,0.739818280897364,1.1591164744340874,440
13,440,82.55434351398377,21.041579037224125,0.9879776968609086,73.08890906830807,62.32841308938819,0.7051248696584822,1.5284365235051596,432
13,448,85.41385791297913,21.51059009527332,0.9886138975414657,72.60113245778949,61.42363945966066,0.720625399105042,1.2147809544153219,424
13,456,87.58604248125722,21.72754688077217,0.9992885183063362,73.37150796933557,61.04867138285135,0.7070231079380284,1.497766585596492,416
13,464,84.44561497598045,21.899148420061664,1.008143033030084,72.7212028286787,60.2334510354948,0.7529176175462359,1.2668563085171276,408
13,472,85.80035766774688,21.792026555819515,1.0221335560045508,74.29803384894002,62.311088924878646,0.7165863576360494,0.8999081664263846,400
13,480,89.44425535209261,21.148097202368582,1.0253790794834388,77.84222870236943,63.37562201606689,0.7328789066017092,0.8899797606345013,392
13,488,91.07167077428673,22.285448337473035,1.0401792852157554,76.92610908957863,64.42030917088937,0.7424343323001047,0.9438442056751002,384
13,496,89.07964216356973,21.310280202640755,1.0360847242604676,78.65480632721939,63.95404961198429,0.7103050573158552,0.9732299610074768,376
13,504,90.92831843282656,20.72982795420534,1.0348642558227044,76.00357198156802,63.206778098981886,0.7155451978234797,0.8235949196381792,368
13,512,93.71999409760352,21.994651546467185,1.022591358295196,77.82061378572077,66.59552074043637,0.7343324628245307,0.6323182554535927,360
13,520,95.48758474805295,22.4646099620981,1.0110441538278365,73.08801467861163,61.788504441808676,0.6944252758016404,0.5728425304248113,352
13,528,94.73959034179849,20.74346696024949,0.9857646128767317,75.39435923066624,61.97747623283227,0.7119305781048043,0.6483157186866776,344
13,536,98.87747943377667,21.425767592422922,0.9949650643056296,77.59478256097009,67.45085450105408,0.7241508788816561,0.7877541064603067,336
13,544,96.71085423140512,20.47251647760335,0.9995193216952595,74.91498584260374,66.56889703228467,0.7216474917908088,0.9016635800721524,328
13,552,94.69802299721981,19.86644518393023,0.9939850592934204,76.05049265984015,67.19418526237463,0.7001928612042805,0.8597020643123483,320
13,560,95.13008661486748,20.387605433312675,1.0089009336441983,80.4019398550361,67.22966825292069,0.7055146843658456,0.9423422718357736,312
13,568,90.62164213695816,20.77073900963444,1.0037754364804403,76.39020477555786,68.12195527811978,0.700751514015749,0.9042851805608872,304
13,576,91.88952489832535,19.418597284799638,1.014883901957947,78.3169700543786,69.96080000747757,0.6907959599877633,0.9247025418701944,296
13,584,92.71881567229896,19.80507815304194,1.0169294680290843,79.86225771130334,66.74362112849792,0.6430668041122402,1.255960192988526,288
13,592,96.00920588913787,20.06853397586551,1.0194753391607974,77.49567509402902,68.56961702815207,0.6639600719558713,1.4512892021010853,280
13,600,91.00462151034924,17.595226450121714,1.0081828373413282,79.06298800393385,68.98669838048825,0.6611190044955843,1.2703955146476122,272
13,608,89.82663750181517,18.940025524223305,1.012890488659144,78.46087781529349,69.43917438996725,0.6859874643837112,1.2382474209625212,264
13,616,95.73047458471834,19.30786939458241,1.016738197467575,81.74204906905165,68.93561847437351,0.6529477039791634,1.2343524835635733,256
13,624,94.19518064051894,16.83957052414098,1.0206956928354205,73.84338349370186,68.7371781042478,0.6602085797809953,1.107330476710418,248
13,632,94.79723711627709,18.514709028183262,1.016629645942258,79.3862244739841,66.81920346289294,0.6496065723564666,1.3437684888015402,240
13,640,96.08684803812474,17.428412082433795,1.0076080377017251,79.2125743087368,68.7915245412722,0.666894098194253,1.4349619257841308,232
13,648,99.06090237474741,17.265964636331333,1.0070106009991395,80.41423676903584,67.3641204038336,0.6535235112632308,1.2519643485107987,224
13,656,100.36882347133641,17.58027271143848,1.0149091371331578,82.59833480481633,68.5827495301476,0.6619965638253602,0.9279430729367732,216
13,664,103.01600250362426,16.61374245408012,1.0241333862673931,81.25671016230116,68.16855881370536,0.675705888423587,0.8362303569106653,208
13,672,104.03202387619537,16.659913239107176,1.0327611065236344,81.29183461421363,68.78520782196395,0.6446014194324178,0.8514203355853908,200
13,680,104.97215525029131,16.851085913670666,1.0274209506317724,79.06143915796537,66.73645008296135,0.6508676739991729,0.9271901355091757,192
13,688,102.93795064394668,16.40842283640468,1.0234980077693892,79.92822330574865,64.73636222302572,0.6616420863116498,0.8597863884667295,184
13,696,100.67485021873249,17.939461338869165,1.0311365230884946,82.47309058553078,67.39900423462618,0.6240332352798471,0.8246958250928922,176
13,704,103.8914205757625,16.695952868824936,1.0336467418257445,82.39177758784402,65.6720228817659,0.6516904503767307,0.8291102630579908,168
13,712,102.65262331102016,15.976155779593286,1.047063637071988,81.20025104044234,66.79295731398804,0.627204292330176,0.8223895193970769,160
13,720,104.95053171892428,16.687148990256706,1.0486863408982938,81.99506867249912,66.48142726270207,0.6552074499071042,0.6581311106114334,152
13,728,102.74408529676543,16.408169054935172,1.0342622787533144,84.23983868706365,61.69709571801725,0.6437114219426295,0.7334571931435775,144
13,736,99.25903111625435,15.780048751530847,1.0268613941174731,82.06807253002574,62.25488445863162,0.6588093973153334,0.48376709911194105,136
13,744,99.81903021813524,16.40647172697392,1.0233515145162284,84.75266716290399,66.48848761598785,0.6309253976798659,0.8649879619952365,128
13,752,100.01964750343663,15.514366685053725,1.023708030741426,84.26795605173601,65.72123343623994,0.6437939922620395,1.296325825039679,120
13,760,99.33769169185763,15.451244521437962,1.008336334678653,83.86915245017316,63.418138532953456,0.6393193586896821,0.9687129529147248,112
13,768,97.73367984269682,16.974640766110564,1.0036306190885482,87.61574901525425,65.8435523281163,0.6378174180939251,0.9669999674934708,104
13,776,102.71150974450926,15.626651663098329,0.9971269214422827,84.66577675149435,62.71612016860797,0.6149977918548977,0.9159178639630123,96
13,784,98.29942177249146,17.340240235470063,0.9934331615443669,82.64413401490161,65.69325425683034,0.631329983852839,1.0467070868477892,88
13,792,103.57181238550878,17.50173781526612,0.9921144398774607,84.30648873883939,60.15073164703363,0.6276364669449314,1.1528440104073507,80
13,800,104.23797697428405,17.013716336676595,0.9945442469764323,87.28220595952646,66.45703174389597,0.6159567405441121,1.307402572161604,72
13,808,107.43381638820948,17.969331175796583,1.0045043570008114,87.82702253513736,61.09239308481298,0.6291631879661226,1.2516588879223658,64
13,816,110.518969363789,17.59167095879355,1.0115681156295382,86.61259085612444,64.39454284891613,0.628471580740952,1.2185214929787507,56
13,824,112.9350558430406,17.39925709349712,1.0258747282276672,86.7773560613915,66.83963478646591,0.5935908827823162,1.4325218046671673,48
13,832,112.44756860786453,17.753884662519145,1.023574866767676,88.38051815564059,63.31740409035227,0.5958658105194224,1.3494594726814806,40
13,840,111.66611869848896,17.838243643769687,1.028070705506786,88.9785959749135,62.33199799058666,0.6108018200815325,1.1149111788202464,32
13,848,114.28084060096515,17.292209529232416,1.0180451761815037,88.68367324360483,66.49906312458499,0.6273116418074189,0.8816957148511695,24
13,856,113.30642359270729,18.05344435637877,1.0079033706075955,84.09152431949977,68.02441830400431,0.6457231697917772,1.4525797548898065,16
13,864,108.17530527958894,17.26667584259535,1.0242509850431012,87.39102100194232,64.07383303718994,0.6223035977279454,0.7778568654825865,8
13,872,114.20419223635234,18.202145570539024,1.0210866782896697,83.62055396016115,71.1139745667236,0.6077364839074649,0.9580030330345368,0
14,0,72.9954679622066,28.459136103171094,1.2554412937149289,59.84576028046347,41.5523274452047,0.8665404310714124,0.947270766196764,848
14,8,76.59579793138225,28.20350226521128,1.2673881636461866,60.54280427225933,45.266409080957196,0.851804987001733,1.0896659924408856,840
14,16,76.05239682918709,28.995142751723325,1.2597846040695042,58.855725746164815,45.05532022373481,0.8596746839845156,1.240634481420249,832
14,24,76.50573995972489,29.14249551667389,1.274837065053281,59.94706009357429,43.89254808107642,0.8875343449666909,1.1618674659825001,824
14,32,72.83102307393028,28.383420223896167,1.2750652521417662,59.05563332386841,48.27743801501018,0.8582261551208977,1.1640921950441712,816
14,40,77.94233623919024,29.42234648632497,1.2753275179166892,61.65353225223221,46.499355644008,0.8568769649469783,1.3912741036814222,808
14,48,72.77177157973942,29.96026875969511,1.268580251870331,61.31743226313787,46.44575034208271,0.8588342812748192,1.2518064715527943,800
14,56,76.63861688490704,30.641042556584605,1.26292183564609,62.64839313939979,44.68609089604465,0.8393450374155934,1.4901911598393354,792
14,64,76.3875060240395,29.903619191267545,1.257046375608555,61.05797983983516,48.29085311927756,0.8530815290610361,1.2699697562823573,784
14,72,82.4059230550463,30.4328962541817,1.252354889703047,61.004973262555694,51.05859699133484,0.8770672022429291,0.9216243821561237,776
14,80,78.14103806954488,29.034428090116005,1.245001681364551,61.48901029500253,48.26838909783219,0.8278638683912898,1.159708370147033,768
14,88,80.69413870319553,29.611845190497696,1.2454346478738345,62.156443902467274,48.965846121259865,0.8845903426367896,0.6877515334610845,760
14,96,80.06524890459102,28.74163650493931,1.2478414007013203,60.178513155880545,49.609285208844604,0.8445179898575838,0.9671248899148777,752
14,104,79.30194851760605,29.498450350859354,1.240083573492118,64.08971868700498,46.354681843615744,0.869179847394895,0.6448750135603276,744
14,112,78.54404745757235,28.35496085121175,1.2488041180789065,61.57726475357633,50.63020702659064,0.8814205431052868,1.2851955507369803,736
14,120,80.75962162910714,28.94294746539518,1.2574702203737234,61.60117783245343,49.53877237625927,0.8554897590203852,0.8047054911884183,728
14,128,79.57885618261895,29.100986079486933,1.249604736876953,59.88856193573971,53.339724494995025,0.8675911632268166,0.8192329552978623,720
14,136,80.71219306681752,29.938496045821083,1.259878324729364,62.79954182166438,50.95717966519336,0.8397303128583808,0.8308613361574982,712
14,144,80.54910397096235,27.638566057667838,1.2701922443407263,61.849225450340306,49.47570809287566,0.8360709042169561,0.6213643582157328,704
14,152,78.8093814824595,27.95566362915063,1.2700662705413877,61.54607259569844,48.355583757389496,0.871590657711443,0.612662542815472,696
14,160,79.85476147046086,28.643922335514013,1.2651435626863101,61.754500918547535,48.82078239906799,0.8608567490792509,0.7551991276888979,688
14,168,80.59938498506136,29.50204131384274,1.2674631527670135,61.32872204246913,51.057809296820466,0.8358406603414025,0.7555732802948006,680
14,176,78.88000729445095,28.12509347964834,1.2651544182024943,60.61041717199483,49.54440082087991,0.8483721470451261,0.8587673531005191,672
14,184,76.39718413295986,26.0415410977489,1.2604607592556487,59.363692964854565,50.1812804138181,0.8530961237975364,0.7868177593940385,664
14,192,77.68025579867742,27.532999487870136,1.2579700091145989,62.09298419303658,50.16130564130991,0.8367063004565787,0.9146831021995963,656
14,200,80.4767499018351,26.261359613151335,1.2614085653786462,63.312789840653515,51.249247718167986,0.8565767072165034,0.9688144456837481,648
14,208,77.95122965181551,26.928225242671868,1.2595972964811684,63.10453115659725,51.84226016137043,0.8480315818368565,1.328861263380603,640
14,216,78.7606067735398,26.066131436816022,1.2654674278351759,63.32888497068129,49.479327577857404,0.8295150152652411,1.1435227324838417,632
14,224,76.99652414372662,26.68170230466891,1.2447920789654396,62.130631492872176,47.85960561468688,0.8504329523952582,1.4896556719856382,624
14,232,80.5890050986908,26.713858951965612,1.2371662744505458,63.41684262160132,51.16899332013124,0.8306203221866276,1.2648917601635616,616
14,240,80.70217921584606,25.72731449989304,1.2445077843395531,62.462460606779295,49.268003446034086,0.8364797397136593,1.3996552687907022,608
14,248,78.79422314084461,26.051280267669362,1.2525094746149703,63.51078464516965,51.00279293181837,0.838596542344609,1.2082708410960732,600
14,256,74.2516915637788,24.963217985902787,1.2400467038487448,63.73871995400244,47.22994137627791,0.8605221788653034,1.1173972146995035,592
14,264,80.60245648704496,25.7060428206609,1.2477544380460635,65.59087105271453,47.970451521025,0.834526422158518,1.233997704214107,584
14,272,75.92967842993473,24.9946423354251,1.2524058996801388,63.8894153675406,48.13865191258069,0.8752652527814677,1.150974059249989,576
14,280,76.09908534869902,25.355670039793115,1.246894827968907,64.66022379928518,45.56415467206101,0.810842827880615,1.173492860139677,568
14,288,80.46014201789393,24.872858573828232,1.2508782273605048,62.45977710668448,50.232579660915,0.8302506797851569,1.0722572969780624,560
14,296,74.85941172214473,25.57372726998262,1.2492104593548958,64.37674190902695,45.8875283781789,0.8176366969331708,1.090346698955389,552
14,304,78.55771955578979,26.18898538747418,1.2533977103156948,65.84669473081881,46.05479419708065,0.8370539851072755,0.649157471646219,544
14,312,75.8978506576983,25.649919588280888,1.255651061916621,64.02809506030725,47.005843705797986,0.8244138682661047,0.5253290663649572,536
14,320,73.80832142982428,26.246452341632484,1.2352864029311341,66.24675139714033,47.77412439133799,0.8137693556613456,0.9316942811031504,528
14,328,78.6966514399721,25.21401753667984,1.2401296676037876,63.95491365446021,46.72847600721317,0.8264845688849851,0.5918031464123851,520
14,336,76.1496770242728,24.90699864008088,1.2354475111854988,66.0377183268353,44.04954873864575,0.7782484352772706,0.6794908611389281,512
14,344,76.05496522725007,24.819987874414046,1.2324116644059093,65.38294026006176,45.53355169324815,0.8197347008522773,0.7966079621995871,504
14,352,78.87951492066802,26.088082139289586,1.2327939270370125,64.96565131693791,45.777236553530265,0.8493949453462537,0.6291629755028277,496
14,360,75.57593442849118,25.880570377969935,1.2389015858953114,65.13737117854511,46.32691120446084,0.7799933495319614,0.6762420855390119,488
14,368,77.11218172400352,25.159717312069866,1.2654119896242875,65.63766725417409,46.677056900684086,0.7845972522144079,0.9718862088266598,480
14,376,80.32952088120882,25.602563966358993,1.273004265468052,67.52083527439015,43.0257736819079,0.7904668837967296,0.7638351113430661,472
14,384,79.1205744590827,27.307314391891996,1.276685865193196,63.4168382018813,39.31074045284875,0.8247826685116797,1.2145200230057644,464
14,392,79.45782990836118,26.089736100359133,1.2847036061806756,66.77472612647627,44.93002112927295,0.8165002975943904,1.045067780483208,456
14,400,80.694268277108,26.628435975794115,1.2762964439217064,66.00743537911494,44.43885826718646,0.7990868851068376,1.1385354370578855,448
14,408,77.39202438330484,27.826748768494017,1.2770229600295724,67.3419331297023,43.70701299171118,0.8140565324011569,0.8988591419398555,440
14,416,80.74736850021236,27.07475997059386,1.2803907560305638,66.45904475498061,48.891735275006,0.8028605970128625,1.4133643553744166,432
14,424,80.44296510162408,27.454748232843308,1.285148893801697,66.12715653075479,39.79788125026701,0.8363370483215627,1.1931429421116422,424
14,432,79.64452582179094,25.780165244956343,1.260688082315504,68.55007049445719,44.489973634918606,0.7895262696087427,1.3399951264208907,416
14,440,83.15333473819932,26.037469895917813,1.2626842064604058,65.42421268645126,43.66968808463843,0.7977352707271456,1.0434275747181927,408
14,448,83.55584604496397,28.03012229426484,1.2752462493335608,67.69445803129217,42.80523740582439,0.7954737943246564,1.242987454567556,400
14,456,85.89942323656005,26.685064118359556,1.2720070600439524,67.42321862522319,45.907233635614205,0.8055269221903195,1.2797737518613597,392
14,464,83.61480972435002,27.70492122909357,1.2730224375739798,66.47925474218235,46.754573924239565,0.8082639617639559,1.2013787595823238,384
14,472,86.11240042244425,26.03169863435143,1.285156185600232,68.50198561645654,42.34162658587286,0.8140701110163509,1.1893133282530641,376
14,480,85.14527113982749,26.53219241658583,1.2745631020215245,65.94154094509227,46.30363018284083,0.7809008816358174,1.0905408830221182,368
14,488,83.84795918439184,26.509800135297976,1.2695219137100804,69.10405072881736,45.633024883518964,0.7660860391663765,0.622535472269429,360
14,496,84.4702211330886,27.4350322681922,1.2785110844372074,67.85157496217735,44.58968711461121,0.7659153195722989,0.987171039727926,352
14,504,89.83333821892992,27.149313869277663,1.298198767388972,67.57377109558877,45.91712835296006,0.7934639906679966,0.7011838764242649,344
14,512,87.5994851291496,27.490779206027888,1.30522075261722,70.26400144915488,45.47904711874581,0.7765958318119678,0.7401545795542037,336
14,520,88.47255789391393,26.205197375184756,1.3009045102518673,69.99355509542326,47.7013333846068,0.7779722017941575,0.7360979146065737,328
14,528,87.36154167326588,26.18379947731893,1.3199908132563272,69.23386824613651,46.644867832518905,0.7858944561412838,0.7952964084183517,320
14,536,89.00875614663113,25.6122977204839,1.315091076626617,71.01466286375154,45.7408801986004,0.7979134261863925,0.7252067263702986,312
14,544,89.62311231549148,25.48884104316666,1.3117100554763366,70.99176396729254,47.21828271495318,0.7570534879379319,0.7368788318748275,304
14,552,88.39270514199902,25.681882968717222,1.3018406500909678,69.6463473099283,45.66228376513093,0.7694290960799269,0.717759807575906,296
14,560,92.27643916827269,24.35898959752433,1.289519351066554,69.81694997495127,47.825205028762404,0.7751369881885309,0.6945248835661689,288
14,568,91.67601849644666,25.366669850707364,1.298756260501427,71.0341074491232,51.0204069074911,0.7705674082894018,1.1147220808772769,280
14,576,91.74874210997257,25.716364518547753,1.286489443233606,70.4355870628089,47.15303921313047,0.7275852786297885,0.9163107750516779,272
14,584,94.09118065077205,24.83892252941204,1.2903755845191947,70.6459012826082,51.864198151760846,0.7875372338643758,0.8926394976318457,264
14,592,91.64408782195098,24.236251081222377,1.2831735116076861,71.19203795698509,47.555989839928216,0.7678995386160004,0.957901223601099,256
14,600,95.49394247077865,24.88448189369895,1.3147523356964357,69.38694248397245,55.6262894311451,0.7666726909734632,1.3104380775632143,248
14,608,93.83679926065857,25.382534575070924,1.325738869876092,68.86069809235963,52.292590521145684,0.7623394597476509,1.367687244043141,240
14,616,91.33747982085592,23.749676896325006,1.3228925094226538,70.91224325985362,53.69970434973173,0.7726956043286778,0.8948333378532152,232
14,624,93.16263481442002,24.380619002496807,1.3272572287863935,71.85086574718558,52.166462602667735,0.7670481304994279,1.2798419441446856,224
14,632,91.09426696744438,23.689244595046894,1.3167378638032021,70.55131327215788,50.91008012332515,0.7603415456874593,1.1681980831987484,216
14,640,92.51298933864702,23.623467733554353,1.31126012076732,69.48948961789593,56.46022403205685,0.7633695055069464,1.393782187394401,208
14,648,89.9176699356014,23.725977726657607,1.3066757105772495,68.2452794727791,48.687924098202316,0.7467415923994241,0.9359575799062798,200
14,656,94.50255743856358,23.079283541272556,1.3278534832612765,69.94917144638714,55.749869136916466,0.7594156644555168,1.1963500980116482,192
14,664,92.844024772126,23.045254086975067,1.3313636182001067,68.2806770108817,55.411493588611066,0.7551554832702033,1.2555812817401568,184
14,672,90.14423506202107,23.017254426471744,1.3462510313602953,72.53929805970003,55.73659392850518,0.7533017549344151,0.7654770033890294,176
14,680,86.52413191545693,22.371852202006625,1.347289312347407,74.60583099407665,56.441886129176815,0.7632935485006053,0.8655680526437721,168
14,688,94.235637125681,22.57027113206619,1.364989482688799,72.27322167393325,59.59246142470326,0.7452973956860978,0.8852449684035828,160
14,696,93.1128072791242,22.68235663472796,1.3702845818710523,70.79014314236044,56.3130281711082,0.7570165775368098,0.7632292617504826,152
14,704,90.18501749423812,22.3721269517488,1.359543732884585,70.19211525034906,58.536287620086505,0.7370625370625734,0.7790094852818276,144
14,712,91.9560279355613,23.129714694876146,1.3347056668668107,70.0357500656205,58.90474990794459,0.7323822238435327,0.60564193283703,136
14,720,90.5776166612757,23.1759826562265,1.3365777956999545,71.80555360368554,55.205622328447205,0.762223412911354,0.7855293200887266,128
14,728,90.47104659360627,23.363613008182742,1.3570727802345641,70.23673600639742,59.641109403506356,0.7363961288537932,0.8019850021236543,120
14,736,92.23912318111117,23.67847336385366,1.3348652077722287,74.61544475538643,60.8141632415515,0.75331206021314,0.8400249551187867,112
14,744,92.09896622905939,22.782347517619844,1.3235247695325854,73.69284889575438,56.87081635119645,0.7499298699277374,0.7933524624719857,104
14,752,88.88336306398102,22.90704390757166,1.3335401068749322,71.84566969594245,54.63867404138865,0.7316881861027598,0.970470920741343,96
14,760,90.52256933790088,23.253355843488865,1.3340779965861793,73.65977101674042,61.23979551781382,0.7399835932739104,1.0148884027549934,88
14,768,90.69308378240092,23.581656401293532,1.3276271701324378,73.81044707071909,58.44748125815114,0.7254718483618066,0.9808673351166136,80
14,776,91.02884730320197,25.186747870904764,1.3140346387520618,74.94836251669449,54.94300891818817,0.742931841985356,1.0487515697343408,72
14,784,91.80818648429648,24.183964058928154,1.3405356111472053,71.8692619876795,59.15538712472803,0.7301213229776706,0.8825217249875569,64
14,792,88.9336383241197,24.92173700113211,1.3303963363247955,73.63411920311155,59.55016620816179,0.7161048940852701,0.9773706061668171,56
14,800,89.71068503724433,24.704513322788767,1.3257710004706351,75.54270220560375,57.12018700820431,0.7444976613767412,1.4327117132753626,48
14,808,92.15070069137575,24.181751645941915,1.3349008488427505,76.1181391728782,53.308561022691904,0.7401370163431743,1.0231615232551794,40
14,816,90.64550258829554,24.767353479599617,1.3350566422702164,72.10476320107978,59.03453482090362,0.7171246205269587,1.4617246744132968,32
14,824,90.87331445419105,24.766012676287712,1.3308108977172308,73.15583760923369,57.270953042183784,0.719346630050785,1.2959692368935167,24
14,832,94.30653220931792,24.556089197100377,1.3333801598095716,74.3328700079235,56.91093186473962,0.7248882078849443,1.1473700804144111,16
14,840,93.43093750281197,24.496456061192056,1.3419455769626778,73.51435645225082,54.16532526440529,0.7143959714274843,1.1988698432917473,8
14,848,91.55098351660445,25.70358524668262,1.3249647501868154,71.9062741973916,55.71451183679991,0.7356050892082749,1.3478944934743287,0
15,0,73.7222521880352,26.29987890000859,1.2746838012486177,53.301713614359606,42.695862651270645,0.8804863853970635,0.9318260201923872,784
15,8,73.98488567728009,24.001837055846362,1.2872817507968237,54.83019520975619,46.02247741442012,0.8759872580330494,1.2318004992754044,776
15,16,76.21188744447545,25.380027695932068,1.2804288604659142,54.95647125860096,43.13464623516455,0.8836048206604017,1.152007949455591,768
15,24,75.9535450995669,24.97708993947006,1.2784343704840904,49.133355527418516,43.595503409138935,0.8675429394849424,1.4873021734740943,760
15,32,74.04569131686456,25.00571332764068,1.2822034694819087,53.71641306616287,47.155723724821314,0.8915004348786437,1.247987162510471,752
15,40,77.10707055826643,25.181193668665824,1.2922858389691088,51.71325126384188,45.17440340383076,0.8996523143158114,1.241705080876899,744
15,48,76.83590340919038,26.06598325449881,1.292769563003375,53.43838595872444,45.66766902179,0.8591243945695916,1.0126292723489738,736
15,56,81.73555993324494,26.407308355366887,1.2917738744875416,55.403895549630086,50.78043054722861,0.8933387315617379,1.3256179213249493,728
15,64,80.38299223538415,24.641586959373473,1.2970393713136945,51.81640793540318,49.15445078874813,0.8643967912496394,1.2941403255506085,720
15,72,82.18122875222384,25.254495422796786,1.286931246940511,55.28546998859401,47.075390789076444,0.8591461525419208,1.2537695171128336,712
15,80,79.98684678395678,25.858544119115784,1.3040973879093243,56.40977803734358,49.93554171591943,0.8671985551517288,1.3958858374015477,704
15,88,81.02089782322633,25.143338224557773,1.2965166708887148,56.849945401423824,50.872425397543054,0.8767319749599165,0.9723688911111436,696
15,96,80.64562718584065,25.021008796198707,1.300612372689182,55.00916606045633,51.212311287219556,0.8920894009100364,1.0739539545587264,688
15,104,79.26791793371733,24.70074794736714,1.2878587355825206,57.8713989242506,48.20484960916965,0.8554993534744215,0.7392298144444083,680
15,112,82.3126666175106,25.734446366945154,1.2760092967505676,56.68105647162231,52.721957889253424,0.8735980483817599,0.9421521728864699,672
15,120,80.46348156198722,23.666527514329818,1.2844488176720505,55.56152331268366,49.80991144337169,0.8706964530582342,0.8600421855666589,664
15,128,83.00411051393465,24.505009617522823,1.2869694924122406,58.89663423718921,51.90303044621477,0.8360786834284567,0.5742737607188164,656
15,136,83.81124459966533,23.881560933097035,1.2985534682366318,58.64491203819351,51.51244741437547,0.8332861916570568,0.6972473360746925,648
15,144,84.32148702016914,24.15706844482875,1.296736617430288,58.31292156730487,52.14963252137773,0.8335771124727646,0.7012563413616523,640
15,152,83.86216737052067,23.85202290520581,1.289346130657663,58.79904926026075,50.748339487759296,0.8479115160750683,0.6237181398623407,632
15,160,83.71984460876585,22.951528093402604,1.2911313925362309,56.290236365781624,46.342321081604375,0.8288921059914809,0.6392714349612273,624
15,168,85.3040352536828,25.22146200682591,1.2875927638633018,62.039979586373654,48.07963688996566,0.8308859354423315,0.8811564017408369,616
15,176,85.51390498327142,24.93117762521215,1.2938507592510053,57.91036021962736,48.08857048419263,0.8226407046126561,0.6253636618333196,608
15,184,84.70378569913204,23.709495051196907,1.291462567751215,59.6835810889602,44.87893651794487,0.8219809463727407,0.942604580916409,600
15,192,86.37536637554696,24.125223828369283,1.3072562559886527,61.41983565166128,46.50447262141877,0.8604348633354277,0.9099403992404135,592
15,200,88.62483402845082,23.637514441791698,1.2822358363080182,63.70132839924083,46.19890485970369,0.7990064200784486,1.1631347276806916,584
15,208,86.01813308879643,23.049713062663557,1.2903308494219001,64.55037263833954,46.83721980942326,0.8189636689143243,1.2331712621013986,576
15,216,87.73605230313369,23.78403448491565,1.2779286716563598,60.42931681907368,48.472045661786204,0.7913042552729836,1.0950551057434892,568
15,224,86.69505010263964,22.578927167365215,1.2675231020680258,63.00356420667305,46.87037231647754,0.8035585684343168,1.1011612292626254,560
15,232,84.48390366384362,22.780417971009335,1.2575497154149924,63.683056532026015,46.95395432975794,0.8041542681586578,1.323306342018895,552
15,240,86.61072037133067,22.35349066566452,1.2480973595679627,64.33133592805694,48.96021438807275,0.8161454767537009,1.393401609930944,544
15,248,86.0234243986769,22.5884318962082,1.2537155405145222,64.02824081288874,44.95007044999975,0.7845858556500149,1.2996235110974632,536
15,256,86.3258818794836,21.787974867914606,1.246409872447023,66.14069970532125,46.03850197978286,0.8010249090743059,1.0938686430339224,528
15,264,88.2622050068213,22.09232775798226,1.241781198650707,65.83415948551828,51.10694150307661,0.7858355616854453,1.4091080820351345,520
15,272,86.4672371127881,22.080026260162917,1.2360254549460628,63.871816894217766,50.122231009687006,0.767640928380658,1.0611847266684642,512
15,280,88.88711745534494,20.777317869122257,1.2225038026940087,64.7161011835418,48.42728331897513,0.7630718554458219,1.0751271494310597,504
15,288,89.57852707480406,21.43945896802468,1.2467910974132725,64.87063954567077,49.9692456622999,0.7711173305466531,0.8149544469548077,496
15,296,86.96618065335923,20.59300599932565,1.2542604438991312,65.87241051503892,49.820973019289305,0.7727275283373313,0.8277752100016861,488
15,304,86.86571947085056,21.607200128630613,1.2635478592480687,62.98695731438985,53.581100043092064,0.7702209480474576,0.8310934876619348,480
15,312,90.56157074886481,20.5602600682117,1.264299794995431,67.45459300244116,54.16814538450596,0.7742039328845208,1.0692363375143943,472
15,320,86.73127792901704,19.29742415630439,1.2484242951470828,70.46123720101454,53.646378976740905,0.7566510396674475,0.50756248728757,464
15,328,89.79505579188779,18.910162789343723,1.246243018669392,69.93531294913683,53.574363731651424,0.7703069239318778,0.8000502864751704,456
15,336,91.21948854952272,20.077776849165566,1.2451692139957817,67.31368117711112,56.24644205194333,0.7604652080060922,0.5873744228071378,448
15,344,89.8158282677216,20.241182987110097,1.2546775213166852,67.76803416764933,55.907269098570026,0.7449229061222754,0.7660805199879138,440
15,352,91.67280316115462,19.573470792416504,1.260155369201743,67.4333434935866,59.21367566276657,0.7539521889190832,0.7136135154869271,432
15,360,91.58918098268177,19.936982152431554,1.259087241776705,68.30686258521358,58.54353214461607,0.7546562642333259,0.7487728460879978,424
15,368,91.99945447442843,18.39835657404248,1.258487963415583,70.08699283376605,61.65744754065316,0.7534963230196027,0.9673620535880978,416
15,376,92.35968246583472,18.28585658840541,1.239192474462012,67.65649397460653,63.42023437931978,0.7498953997863149,0.8639492886173373,408
15,384,89.72682824298715,18.38331827077849,1.2253695415995431,70.09648885904977,58.86012300323197,0.7279643741768577,0.8467196286586814,400
15,392,92.24491890062491,17.52728969202495,1.2470425076684344,69.72591960488066,59.06930277330616,0.7197607508790125,1.0519911531237536,392
15,400,93.31056446111408,17.659530635212175,1.2560544755871503,69.22183693017634,61.87223983002881,0.7200278425706838,1.1083869555386778,384
15,408,94.51400080061514,18.65028440265376,1.2516386742703318,68.9414887726718,60.914187636960385,0.7263115542387025,1.1823910793360695,376
15,416,91.55020901392638,17.32996183200967,1.2456565613514468,71.169951993828,63.47474620471877,0.7080306596328032,1.2936284557875313,368
15,424,95.84981801259443,18.02883062286835,1.2551151184909286,72.66683256217189,60.90121658179018,0.7263247479563297,1.2176250030405154,360
15,432,92.50605111200144,18.027550860600556,1.2463014364563694,71.7685896823662,62.35157665746633,0.6824252775334744,1.292448001016832,352
15,440,97.57832665757098,16.794791708520403,1.2703927233389851,73.99659313266979,63.92076297547778,0.6907253104789134,1.2783670654548962,344
15,448,93.78915030149764,18.125716204527727,1.2718484560425385,73.7300874454229,61.94551638450347,0.7174387723025156,1.3211181622416288,336
15,456,95.73612814537745,17.452257204156012,1.26094430790463,72.43770508253614,64.09074595869357,0.6829153314476176,1.3355900465014894,328
15,464,101.49663860618934,17.27037210927761,1.261021672554212,74.19135788499773,59.190110146048525,0.7073603807061087,1.1503689394142613,320
15,472,98.92030555541682,16.668379260846645,1.2780827519454885,75.05167416646256,57.29413813169918,0.6908069424038789,1.2066483460357915,312
15,480,97.08850412636174,17.27200324982903,1.282697019983909,71.75545229717605,57.59676631060414,0.6798185236433422,1.0725425205534935,304
15,488,101.56148446475798,17.27134430470371,1.2837670138593884,75.21025051650909,60.72771869348299,0.6924325201856154,0.9601983968346081,296
15,496,101.61352328121662,16.940329167568784,1.2964371812101818,73.94653574554472,57.85400582637575,0.6861541094318285,0.9277992539869229,288
15,504,101.63490221332108,15.413182736133884,1.2947087978704717,75.41551785972376,56.657614343839676,0.6710957587120635,0.6886453947318716,280
15,512,103.49969205003504,15.465600794129172,1.2839947107479748,69.89985146497409,58.4398248698205,0.6762711264952932,0.5731732162177526,272
15,520,103.21364484072649,15.673605827042012,1.2911621335363188,75.46584372686934,55.220956992068274,0.6868472635993987,0.736737180550271,264
15,528,102.77813999863017,15.862849040379436,1.2872347518610987,73.87002976093139,58.64885547451241,0.664095998229264,0.6586261771088456,256
15,536,104.07896007673949,15.82436989806246,1.282192523713519,79.22129540502571,56.34867089757853,0.6745572771010863,0.645789036133344,248
15,544,102.99139740359347,16.098794526660118,1.2776946077124804,78.80447606586657,56.64174112362544,0.6498748266783978,0.6182902979756927,240
15,552,107.29260799069742,16.13311587636323,1.2780849352904646,78.52656232940076,55.29662692296746,0.6620012693805292,0.8941433989194301,232
15,560,109.71535339383017,15.395700583027317,1.2816392499025042,76.23036402554104,57.19063389799488,0.633197697828172,1.0955141516128712,224
15,568,106.78618078029847,15.534012290349807,1.2890171089670466,80.64323004879402,59.10771602445396,0.6382655956765142,0.5521957126491025,216
15,576,109.74080429445424,15.887546396077889,1.2796238540843603,79.95456451811539,56.274749479421374,0.6743755523240736,0.8973669736312793,208
15,584,110.44532955568936,15.41320553244767,1.2841626600498652,79.72860884383161,56.627498788521336,0.6569701101136179,1.2449318434045544,200
15,592,112.24648678830194,15.386751545092325,1.2701822161055636,79.64976480317299,60.34574524159823,0.6462543747199153,1.275726879497026,192
15,600,116.70591356944604,15.39667807048692,1.2666831167609554,79.97218381000243,60.44389883559167,0.620054184898393,1.2076966334461006,184
15,608,113.52329534394221,16.178002927442936,1.2491709598183167,82.15043291030123,60.51495037722024,0.6609428161362152,1.3837114933429628,176
15,616,116.11596943974335,15.882566763905041,1.2498517148268764,81.29343987421994,62.293962289270816,0.6429913595198824,1.103989928916416,168
15,624,118.35713756746473,15.942004823629807,1.2503084495280699,80.53029655534615,61.34660587507541,0.629830486622802,1.249977327107848,160
15,632,117.53664657224769,15.991186383287806,1.2534010322661469,83.36804106800686,63.51023352023035,0.6565120638724063,1.2651516404709333,152
15,640,119.0188060361741,15.17410997595631,1.25919664597944,83.8185998797622,64.39832849701276,0.6381938738610273,1.0994525896791512,144
15,648,123.3208629261666,16.198895673653077,1.2663097328413502,82.68600271135035,65.75741617751275,0.6509854932996995,1.2308707808149957,136
15,656,116.52043000936655,15.039418089271273,1.2704315579044947,82.32514878685491,68.76874698639217,0.6002265985595393,1.1845010147276611,128
15,664,118.46432728912431,15.45119358447398,1.2616703447213142,83.06126528781887,68.25767076101853,0.6463446023764854,0.9864244767181614,120
15,672,123.27253491684559,15.020630012319945,1.25446734994877,82.79005137608549,68.7491749007352,0.6359054932480448,0.8161254571708279,112
15,680,121.48150442885333,15.059840812342303,1.2492710484575618,81.23227941242692,68.94534323907087,0.6286551801596547,1.2749185891457135,104
15,688,119.78620254794883,14.56762523723745,1.2625123164095857,83.81488010366976,71.35302842626412,0.605775773045831,0.7275331833774406,96
15,696,119.59706103514459,15.965692953443313,1.268947896583796,87.37279694913663,72.68371680013789,0.6180070059916811,0.8831835640592414,88
15,704,122.98506488907525,15.588801660403618,1.2757891551375369,85.9975060027382,69.59184040870427,0.6055303852291529,0.8554680026175301,80
15,712,127.02889233015067,16.14325139678292,1.2561714840369802,86.90141035289524,72.13443708630128,0.6147302430820989,0.9405799557697174,72
15,720,125.81040881594026,15.09831053297431,1.246746625023011,84.66214784138765,72.8359583076627,0.5878975189003849,0.44644237095180256,64
15,728,125.9833172508683,14.833891115025384,1.2370186824442948,85.92155529525256,72.02051109011683,0.5836490282225132,0.8852989993765165,56
15,736,124.41545336024834,15.794079802190648,1.2253317150303726,86.31975999839584,74.43009786617664,0.5823726009693097,0.7074413023870892,48
15,744,123.76007680917618,15.555404785879883,1.2404383473722171,87.2859254940152,73.06253751765159,0.5837915795491551,0.9750763112080078,40
15,752,125.40198338330991,14.987550369581651,1.2593839024961795,86.90011671015482,74.53690934975207,0.5824772639284199,0.8107470533023334,32
15,760,128.91998633817616,15.770520343269292,1.2610373556952217,90.60982538835998,76.0274213344669,0.6063712055489731,1.0790500071256708,24
15,768,130.18193064098358,14.032626008906307,1.2521499615154505,88.2447290611738,74.63451674746122,0.5422789152235952,0.6280141742860035,16
15,776,130.21040077467796,14.694237884362796,1.2473867678396475,86.82736530234432,71.65344543807241,0.5727153244552081,0.9553465997498349,8
15,784,127.83267709814659,15.646602167347737,1.2495776206400924,90.73648956812615,72.94784881914312,0.5711856093556384,1.3754697789135784,0
16,0,69.21463426666827,29.359576626407886,1.1808737191214786,57.06605913403019,44.04718725062372,0.9040751129053117,1.105525255389308,1688
16,8,74.88716536815568,27.9593013753685,1.1774502014999597,59.19074807803373,46.05474241297444,0.9226226490536387,0.9520134335748491,1680
16,16,74.6617375456738,29.00159126708943,1.1803935826436516,57.16134231118867,48.06203155804243,0.9044383765120689,0.9965720525257831,1672
16,24,72.34630740939599,29.254400776614542,1.1881792526323172,59.57594805245292,46.58663744733544,0.9024487851630543,1.0685674180662001,1664
16,32,74.28606908633888,30.09320730812889,1.1837286626993708,60.104312804403,49.27324122743755,0.9064930677399805,1.5212651416279797,1656
16,40,78.35675457186535,29.644593098700796,1.1721658551147165,59.007685959281055,47.60556692168346,0.8927774616249726,0.9610616438633466,1648
16,48,77.03506337460645,29.734264868010307,1.1714350639448934,57.61984402493198,50.30388278326332,0.8607370167916689,1.452100834623046,1640
16,56,73.61145924004535,28.317742569433147,1.1825172771734809,60.04229000590899,50.416605998818355,0.9148608462947547,0.9673580368215892,1632
16,64,76.86202181120458,29.21802183795948,1.1656203956092328,62.42859969281952,51.319451690691906,0.9141145591004451,0.9408712792539656,1624
16,72,78.16086751058657,30.21482286970399,1.1580130875497303,58.60055170105238,52.1288245679585,0.8993052439421257,1.110298586849247,1616
16,80,76.14766412158401,30.181059900796516,1.1423569438615881,60.27901929257354,48.98456634491636,0.9150532874359636,0.9546417573693008,1608
16,88,74.48902170284693,29.02632008194035,1.1608956513374076,56.8015193939638,49.03634415045957,0.9077503170359558,1.2540762681031044,1600
16,96,76.25360341079207,28.29069602325484,1.1587634568417973,59.24210981065721,49.9506146752198,0.9175421101142525,0.9770103085723377,1592
16,104,76.02180588343985,29.766396511723215,1.162546778096784,59.86489603486279,50.333324965100296,0.9320577886632457,0.8371210922561232,1584
16,112,75.99150854660529,29.338363555989527,1.1718750427122129,60.53516750231449,48.95618053024536,0.9027743379710379,0.8158092202962008,1576
16,120,80.00189342994521,29.537954523477048,1.1672285719518725,61.850198378891754,47.41761630490299,0.8820539065859095,1.1740732879440983,1568
16,128,77.9580040607661,29.690442142443366,1.1547532799461566,59.255381880131345,46.70584218438726,0.8968599499824483,0.8812258938388932,1560
16,136,77.51404994941846,29.301163302980314,1.1675835597410058,62.42080393788226,43.089410642234014,0.8878026220667186,0.9609561705652397,1552
16,144,75.3275601265609,29.43422277858167,1.1733542426735686,58.50062767908882,43.73066970999759,0.9017883382173236,0.6249315716287582,1544
16,152,74.68141123626926,28.80328214226894,1.182923519193758,57.53910480980467,46.938850117939225,0.9118655581774412,0.7040713233123579,1536
16,160,78.48631488206732,29.18851452233557,1.1872364908442012,61.29426512958895,44.257096139555614,0.883468625315077,0.6667070953368235,1528
16,168,79.52570473149338,28.192508215699014,1.190832913776516,58.598320485325225,43.68285038420399,0.8959725614544891,0.5984421711471918,1520
16,176,75.57482442741994,28.003004494244177,1.194638223143244,59.11247400395584,42.16758554381948,0.8845303124027604,0.9392762138935892,1512
16,184,76.57595545355119,28.06311767818141,1.2119675475107066,61.42239308506155,39.43315239254113,0.890744984172107,0.6731622799501286,1504
16,192,78.84847356651458,28.480696902754925,1.2183131054910383,62.66603997337288,41.897674827292136,0.8626480537853363,1.038582322938747,1496
16,200,73.15406753629287,27.998703431210195,1.2149638620604404,63.389675079910035,41.29025711311567,0.8917452028664101,1.268360614990776,1488
16,208,73.74503536350787,26.542346072590284,1.2245856272680302,61.94336649835296,39.76786677315756,0.8997148865101441,1.3548770079162233,1480
16,216,73.99105710179138,26.72578871947914,1.226827716258876,64.39218862569368,41.59819029204584,0.8679152362363647,0.9493910745080116,1472
16,224,75.54924385323591,26.169518508293386,1.2231853489462916,62.152536070794454,40.23927180536106,0.9152997065743974,1.3595355957830413,1464
16,232,72.63546173126998,27.81048725449352,1.2047198687314933,61.82497628917199,43.89720317773515,0.8662156832744657,1.4199606766461723,1456
16,240,72.67366384032516,26.217614751435462,1.216517805980562,62.3413906477671,42.61411285522357,0.8496596491815682,1.2350910197612546,1448
16,248,68.53828064172636,25.71842592632237,1.2245910425746453,62.54041846892211,45.4323711304544,0.8532691113421134,1.3760042167793534,1440
16,256,75.04154813148934,26.258530514110184,1.2252364280749213,63.245968491542456,44.06115641120211,0.8930860317416052,1.3067318306079703,1432
16,264,72.02575809797497,26.067075116130557,1.2505293555247359,62.38984362816558,47.52266608894462,0.8657805059968521,1.2942898882696123,1424
16,272,68.87325316719965,26.111892674729,1.2339567510190956,63.89166838755913,46.593961216325255,0.8357061826185644,1.0647054128472948,1416
16,280,77.90757196303318,24.968894229885322,1.2467955927580652,62.372641308319714,46.43334801114801,0.862249879755127,0.9900088784312261,1408
16,288,72.18498040819696,25.265630872094093,1.239657851321021,61.67578731543824,47.15524603904462,0.8605900536101504,1.1720751127199864,1400
16,296,72.34762556127527,25.112385924279607,1.2417765616074738,64.20368490818176,49.907387852452196,0.8606999767341611,1.2282774194931485,1392
16,304,70.99684030922582,25.933638962263274,1.2338656260483507,61.83173821480772,49.68720647443667,0.8508010019974609,0.967201891766679,1384
16,312,73.29279234402055,25.98807551620649,1.2511713069662145,66.25525140867961,52.38165442506079,0.8550585470914072,1.0105380910282382,1376
16,320,70.67986459349947,24.747384412552456,1.2515707388937478,65.49497648662216,55.9247661270345,0.8528991010483353,0.7788319516550632,1368
16,328,74.60766514796384,24.887192204887587,1.2626134931154092,63.36735840062127,53.72488804424007,0.8437148331500179,0.7755362080157586,1360
16,336,76.53449802662715,25.03586534529928,1.2558902639058718,62.28018668177028,50.41682655418739,0.848885695963101,0.8885080418096515,1352
16,344,76.68979733720113,25.173398351904744,1.2670979586922178,65.32065240297608,52.7134434097116,0.8226208777220148,0.7656531253121498,1344
16,352,77.35735140562406,26.087274342346497,1.269409900516059,64.19851723229368,51.211261449794,0.8660270343685885,0.8522573466136752,1336
16,360,74.47715674809449,24.335834006526458,1.2576986825682535,65.45131069602695,53.71217941441799,0.8533597007708107,0.6392843112151674,1328
16,368,79.63414299970724,25.04323253102559,1.2599108982845126,65.2193275044961,54.923031530473466,0.8381723956949393,0.6290264874536866,1320
16,376,78.08418265459963,25.34707067482669,1.2445713832993517,68.02875117859415,51.59772120934686,0.8504096852158245,0.7463842927804816,1312
16,384,78.76674084641715,25.153766214182653,1.2508408455847384,64.83692161304968,53.6195971418531,0.8433884431348904,0.915669636625275,1304
16,392,74.34938948951394,26.237515404750116,1.2410560696329358,64.10252209055271,52.55197545601982,0.8558006458998153,1.0920865153764072,1296
16,400,83.02961296832964,26.896878770306806,1.2389546687214097,64.03134110889008,52.15318029815749,0.850528138813644,1.2273372035064156,1288
16,408,82.75051242649273,26.290287169945735,1.2312773464711988,64.12350961587606,51.37888458682897,0.8488880737180566,1.2914388352437638,1280
16,416,78.91396241925749,26.445970698759062,1.2328852883957244,64.81104774067587,50.32940718656285,0.8120266906644771,1.5765099722827767,1272
16,424,81.40973520526387,25.85552017998522,1.2383183043960126,65.19124334521305,49.88558176940896,0.8444026763480205,0.9684737367355957,1264
16,432,85.3201676448315,27.269324444382598,1.220668160504118,61.84495767883367,48.769651795798495,0.8267564073731715,1.2992056862819885,1256
16,440,82.7457661434521,26.49898707197527,1.2105862209266525,64.50422399647374,47.39097944560232,0.8499342734700078,1.3777011460328838,1248
16,448,80.32133205054558,27.19266731345711,1.212997491656517,66.58107732625167,43.50923584975828,0.8895679452171876,1.2537273493535517,1240
16,456,83.12651325491156,27.628903659456927,1.2090377780639907,65.41442489191671,45.988992781618364,0.8364036070717181,1.319441617313402,1232
16,464,85.98159289514206,27.26790629545332,1.208635770956725,66.02776640165577,45.01612420407063,0.8502899417748954,1.2365554324689862,1224
16,472,83.35830305791913,27.298786805458686,1.2116925541605985,66.4781149531424,45.99992539409324,0.8304603444406755,1.209672591762568,1216
16,480,83.6778801230868,27.33335705397741,1.2186223659752569,63.895024087760085,42.10484543899084,0.8519797909431073,0.9536033541088729,1208
16,488,86.83109288535918,27.377762756877672,1.217454818761422,66.63475709469111,44.838551728724845,0.8567599229893078,0.6826334154530754,1200
16,496,85.29935881648386,27.682928774640157,1.2180750806534268,67.6159308128969,44.69744443096958,0.8467949068653721,0.9264058407043437,1192
16,504,81.94414975198205,26.859437024657435,1.2168401306960213,66.71255369766516,45.96592740058992,0.8230220237724667,1.111539968724911,1184
16,512,84.02317246196753,26.55161512342789,1.2174513393866147,65.24779089804024,46.73939956970681,0.8687974537319161,0.8778820871292401,1176
16,520,82.28866017363467,27.92771470275146,1.2325171820412717,69.25378515727972,44.87803066315169,0.8558420659353752,0.6291153985272037,1168
16,528,83.51937076894107,27.833305754189958,1.2366999575029596,65.58500810669385,45.20008387286578,0.8273453764860139,0.7958954305773266,1160
16,536,85.72522962221205,27.160877992019675,1.2421613021486513,68.53708923921047,46.05027577090243,0.8324450198626554,0.8127669850796875,1152
16,544,88.61076524688727,26.775498340246397,1.259006519694819,69.67214382766693,49.52935153668317,0.81244555399066,0.8942512797348283,1144
16,552,82.0628362702338,26.58163702161509,1.260742065978597,70.40881329004033,51.18271876479698,0.8490391599153745,0.6802584346805312,1136
16,560,80.60375040353097,27.11513014381342,1.2626164173895351,68.02778578215202,50.68264770957543,0.8064147904873411,0.8087124896652645,1128
16,568,84.86090723480669,26.434427628369136,1.263259321272991,68.30758662024692,49.60376380829106,0.7994170873589463,0.8828831279014691,1120
16,576,80.0527968810417,25.509147920110546,1.2389740176542616,67.44334723713216,52.362057021943585,0.8314041897020273,0.7045837860998793,1112
16,584,83.57602169241385,25.733761494506087,1.2346404527404597,66.17006759057244,53.46395838813428,0.8441921998804803,1.2224325806221976,1104
16,592,83.8079853367811,25.714201175894452,1.2382121136240067,69.65217481181806,51.833033944425964,0.8388328134246837,1.0254634423904805,1096
16,600,81.42612841943138,25.353314857547726,1.24595592775408,67.96047507571805,53.20187218707501,0.8233913202846205,0.9948637536800203,1088
16,608,83.34151435958172,23.357709093634313,1.240079573141781,67.96253613863176,55.18916329117344,0.8202376095079054,1.2141220054741366,1080
16,616,81.08205694155501,25.24874435101302,1.243369381376318,70.59762035857578,59.82519710138082,0.8244292588797162,1.454537821428156,1072
16,624,79.54261895474274,25.43896534144628,1.2519312922979238,67.32220744048985,55.23993145253477,0.8193236361442354,1.4232475877846769,1064
16,632,83.13321815146148,23.57444518344453,1.2533014653752632,68.13828387517641,55.673850577581135,0.8292647841326132,1.249772903080367,1056
16,640,79.1312572806787,24.68006875765373,1.2511437561664507,70.11956480518799,52.38303740698738,0.8021478156044902,1.3089836316912409,1048
16,648,82.60168688361495,23.9255697768001,1.2446662639537907,71.0694606952099,56.85498656508043,0.8165163451248498,1.2372836215242238,1040
16,656,83.2719661455325,23.526024069243437,1.2529282313910084,70.86555887265935,53.83467462673562,0.801654062841549,1.1397901515387834,1032
16,664,83.37425852572672,23.85449281742155,1.244501448368377,69.78711025110249,55.243094310027054,0.8184016534985478,0.8590904029000073,1024
16,672,76.85888297430853,23.25261620036947,1.241489882961482,70.14564383388654,56.9254195174387,0.8115253495152231,0.858115997992281,1016
16,680,81.16833501170889,23.989515960882414,1.2399561247915725,70.63505306775976,54.89406113405068,0.8271957044812356,1.0014394614736357,1008
16,688,81.17191694011954,23.870632093088705,1.243635560166879,69.19217703314875,57.016509665134215,0.7776155561458443,0.9782760252040621,1000
16,696,83.94591663789926,23.99966488157653,1.2464884910787415,71.15363008173878,52.842829277898346,0.790183340157092,0.9518281334058087,992
16,704,79.8353538268529,23.679708793195072,1.2570578813317224,67.65638369694113,51.403139631823976,0.7913261123855173,0.7104300947173772,984
16,712,81.87972000678732,23.96968099848002,1.2607899473026183,70.4687490753379,51.892571957073926,0.8111762829670832,0.7667849707973663,976
16,720,86.0899428168938,23.094899440501436,1.2704382668301468,69.76113555612122,52.84161924659584,0.7777997235466301,0.8537562518048782,968
16,728,85.37072782513917,24.20846937579486,1.2715605609344087,71.42708661009081,48.39749569449876,0.8140586815926054,0.4679684915813009,960
16,736,83.62046429188914,23.03405153856928,1.2771220075746732,71.11202034513848,52.52811417612998,0.7949579660455321,0.7724377312446887,952
16,744,83.69625082876924,23.174093413591734,1.2799099987579463,71.03721528554588,52.17390119376654,0.7932768901575651,0.7863865859778769,944
16,752,84.94186593100045,22.859031998078333,1.2738855064597885,72.07167166470288,47.53868467984655,0.7832630230617189,0.9855504093287867,936
16,760,86.26648025167532,23.48627158968474,1.2737302421861885,68.83615089664059,49.178003419534136,0.8000396391767847,0.9563391175036434,928
16,768,89.47487264010333,23.090313963071075,1.2738952289575005,73.02510527194512,48.93500662080598,0.7911750581575346,0.9703815678391335,920
16,776,85.81518009383949,24.056625226235333,1.25860382757744,74.72255105902474,49.352586798886215,0.7745977111441913,0.95273773225784,912
16,784,88.27826797154734,23.614336376187463,1.2839985787929158,77.30058823260498,48.65637287487361,0.7691251259115275,1.1111448998229367,904
16,792,88.42532694801504,22.414857603766595,1.2713230989855127,77.2595818306445,48.86560063122401,0.7861664096826397,1.359901096281147,896
16,800,87.91682365177871,23.080202295440017,1.2821310780023778,75.69662731855126,51.07235231008867,0.7991216820691202,1.0277428214890518,888
16,808,89.01632069560068,23.438993575590278,1.3056935767215032,76.51328382203359,49.62851668621314,0.7916823362314845,1.1857926392785283,880
16,816,87.81219824736341,25.503241521576637,1.3127880725964953,75.81828790283949,54.391370206475855,0.789626357202409,1.091995863754895,872
16,824,90.08718027956274,24.011779797700598,1.3005295614660488,74.62231852002562,54.385731532118534,0.7875136001222344,1.4232075297609454,864
16,832,90.72629404705796,24.400820878257843,1.2967551765387009,70.6941140692138,54.29424662035807,0.8017448751326047,1.1492439724189305,856
16,840,92.7743287486196,24.555310435828027,1.3013885162740473,75.66653593001898,51.69846407006037,0.785217763711215,1.3146223966484984,848
16,848,94.46511535834415,25.22013869846057,1.3165415583689408,74.585858657519,54.19807947297358,0.7873390667805866,1.1602979953114012,840
16,856,91.06196296304464,24.512918606626513,1.3225499762267776,75.08622065347221,56.54445840752609,0.7475772983526253,1.088664619176985,832
16,864,89.56240328845361,25.546137820866754,1.3308563008965075,70.65351092314447,56.30707053869874,0.7640881888298677,0.9228293414035988,824
16,872,92.490809098753,25.018409921932452,1.3282453355212385,74.48896728018767,56.088924940872374,0.7922805126855332,1.0706733433999853,816
16,880,90.14689724975267,25.98628122234492,1.332681929377287,74.27410775901737,57.39537777213477,0.7671420486566376,0.9508910348679194,808
16,888,92.99732181973735,24.243198128795616,1.3292543032478517,72.9394608995229,55.53905947307474,0.76737084993427,0.8746803820938652,800
16,896,93.3540829214147,24.868952424874568,1.329130797416219,74.72269280777695,61.94295558169818,0.7684616029173246,0.8995481421918972,792
16,904,96.0599151780659,24.117448265338183,1.33491178506586,72.37442053959032,57.056781159340765,0.7557693173645504,0.7495850402610107,784
16,912,94.45193542936985,24.956426216879947,1.3230662525754362,73.84258659885863,59.344372618522186,0.7615571288385132,0.4591112994450998,776
16,920,93.41888969019018,25.623698816812997,1.330769001697494,74.64789327937808,60.62148136881365,0.7793066910814146,0.6306731328754598,768
16,928,96.34289995743181,25.569319664221812,1.3389383482420136,75.0984006515157,60.40377046990249,0.7731613706704468,0.5175901546727047,760
16,936,90.13876374336319,23.942105882701533,1.3399280662852078,73.60919510546357,59.74198288873419,0.7532566020623646,0.832527962594212,752
16,944,91.1265607939858,24.452042719632768,1.357337755337512,75.59668220953013,61.947497245696226,0.7719939365840237,0.9831332119207216,744
16,952,91.58619969332314,24.8348421937138,1.3435482004246373,74.12759153123216,59.40210294189269,0.7879042525691485,0.9152442852290052,736
16,960,93.14073961951867,24.826060599090027,1.3398082542362584,74.73441213351906,60.65868741070089,0.7396563123076698,1.0395171870120805,728
16,968,93.36497988381478,23.751723362176346,1.3441732220527836,76.96546383820936,60.08492921230833,0.7541624338624962,1.215146289322144,720
16,976,88.73022278569039,22.97664741834597,1.348604896694741,75.18797113073636,55.812746198100726,0.7915301993309254,1.0911433602218852,712
16,984,90.14341166281768,24.490961617585228,1.34272887758161,74.17891780946248,53.81878691738333,0.7427179092899483,0.9154813261239664,704
16,992,91.32020107582935,24.251332400148673,1.351538039046028,75.17936932401709,54.71195694674996,0.7727447774424031,1.5851832173632276,696
16,1000,93.14043709025489,23.601319908491742,1.3742471128184421,75.58649573492646,54.84723000385755,0.7806809634670804,1.0786981108021338,688
16,1008,93.47479801710982,23.86925840954201,1.3765075332125685,75.42790516863678,53.71130466568006,0.7724691732441606,1.1464560448475734,680
16,1016,87.2769537896649,22.9070893612258,1.3829012973862291,76.65823101102728,51.489477525242755,0.8057824555710048,1.255949333730056,672
16,1024,91.98984925451458,22.721387535151948,1.3722543598006238,75.10566549128295,48.05068654032034,0.7635504661034783,1.5390235920632538,664
16,1032,91.73962447752058,23.17674123811619,1.3816097749151341,77.01555154880623,52.07845536499445,0.7403985820016794,1.2021407113751805,656
16,1040,87.62160450725993,22.031434100457655,1.38200047246857,74.21986147882244,51.83268775085387,0.7357994041997226,1.1597730428129047,648
16,1048,86.00292270838858,22.919370713818495,1.3821408852192165,74.39672428741709,49.426718956700796,0.7581732298833526,1.0316528889015686,640
16,1056,90.81341240049055,21.47909029744841,1.4017054113945127,77.98394683828218,53.320952659464794,0.7495955327036282,1.0683252472735787,632
16,1064,86.88959203568592,21.375255837244524,1.3751310404576826,75.55681831785613,50.68657304055467,0.7892979860044234,0.793847403114383,624
16,1072,92.23080659745257,22.330127145316965,1.3637041688785714,77.32238682153537,55.198830076098695,0.7778956507281305,1.0060994257693154,616
16,1080,92.17593106140247,22.45506166585273,1.3689245871890574,76.92654049234588,52.75659817319523,0.7308658957190645,0.8609436867460587,608
16,1088,89.41123360419385,21.68752598911667,1.3772438697301252,79.57491671373165,53.34311354404646,0.7346968144403448,0.5727051060648559,600
16,1096,92.42195326766765,20.515034160449453,1.379092458064902,75.45989733967163,55.42704067691293,0.7525217884615152,0.8413522593408492,592
16,1104,90.48472954379207,21.856029138929806,1.3814453720030846,76.91016095010893,57.937337459342146,0.7451176393669542,0.700105133948229,584
16,1112,96.38884926440305,20.908216815716653,1.3894410945281885,74.2077386596916,59.005519693582,0.7202567427916533,0.5044539738664456,576
16,1120,93.67741467026846,20.99125052599479,1.38107853245647,77.04065573061455,57.53305185010841,0.7379042592454471,0.7635308590795753,568
16,1128,93.5702964199046,21.17634209557738,1.3888123707440734,76.72647884138979,59.67277453147463,0.7295638097349237,0.8557115858258115,560
16,1136,97.13304953297343,18.94477450296043,1.3989225928469582,73.85843525475191,60.29753131140744,0.7202034136531049,0.7172006182276128,552
16,1144,97.16467486819867,20.8656080519318,1.4042339901436793,76.09762782820638,62.025981197115485,0.7268567370301775,0.9185381469492802,544
16,1152,101.19712120626338,20.80763867743525,1.4000486516398147,74.55844374233368,61.04144559208096,0.7252282683437514,0.8836454761688883,536
16,1160,99.38382379410412,20.9340105128163,1.3761132956433098,75.49583342402963,59.90239657733928,0.7554860055778928,1.0808268621374082,528
16,1168,97.92803000578418,20.568802665055614,1.3747188937904682,78.95993006063934,60.38560821926231,0.7338845968976871,1.123990393229736,520
16,1176,100.12638381828133,21.22561818180822,1.3780628887022406,77.4773892072819,63.922552565492666,0.714598034138741,1.3709853155687566,512
16,1184,101.0581207785719,20.905589616676682,1.3807339166252057,76.17128896068498,62.31395096178039,0.7262337267729704,1.608001030184579,504
16,1192,102.47808538233967,20.040866365391174,1.3766976278151786,77.04594371231562,64.4617440943447,0.6951199442497534,1.2921124630390346,496
16,1200,101.83561273869623,22.221667200586108,1.3621526824389436,77.64458584787374,64.59165724169688,0.7198724156946751,1.5415373633451843,488
16,1208,101.21383940421514,22.318470660704584,1.377438864729637,79.2542449238461,65.42092832048229,0.702308494454338,1.1270921782998597,480
16,1216,100.34117422432786,21.77526109387946,1.3766503327026323,79.21865913465759,60.95915507855833,0.7157448172627058,1.2358027072210862,472
16,1224,101.3543650975726,21.61364984667634,1.3836361856665043,79.76481215609762,63.53510228406875,0.7336555915735806,0.9869870754506652,464
16,1232,102.38353920898038,23.245343847602953,1.3764252972471935,80.13676926225841,60.07038066072827,0.7063255480809999,1.112210509124195,456
16,1240,107.92298591651908,22.457905251695017,1.3725323893987966,77.6432261176144,61.22008834460672,0.7170416757008411,1.0165651046468447,448
16,1248,106.66019708991816,22.35472061612768,1.3826647691377383,77.55101853182478,61.446124725432554,0.7064027607824318,0.8055743739855665,440
16,1256,103.31835689659971,21.904137599545844,1.398196300172536,78.44277342372244,61.484419865968846,0.7002083523145229,0.6835567508376468,432
16,1264,100.21727748967503,22.622773513648564,1.4067440330431227,79.494506099412,55.729996080809876,0.7194240067676659,1.0195416202181502,424
16,1272,105.29037624181991,22.717925704270534,1.4034645153356575,80.89677917001531,58.5966622943729,0.7187845622714856,0.9731808282025627,416
16,1280,105.71444451887618,22.56155087118981,1.391166614145757,77.71123246867904,58.53616692519622,0.7161309903340061,0.727168029613507,408
16,1288,100.42275955437395,23.16754768202516,1.3913298731570682,78.72818688777583,59.334695558664365,0.703194559200438,0.7665562960735274,400
16,1296,105.05165394776579,23.582457154501153,1.3864336308029916,81.80133102287219,57.40846157516764,0.7160352711821908,0.8774406794556215,392
16,1304,101.71257077705174,22.28797357436594,1.374544483862854,81.46106538930641,55.49282654145167,0.73264331042494,0.4875247582467808,384
16,1312,103.24445251821898,23.359263091373148,1.3959321137788965,78.46280466607877,56.7159803567835,0.7100364799493378,0.5909698530722195,376
16,1320,105.23734920960851,23.040471855627377,1.3932125324209068,81.36516577650784,55.15770817471009,0.7152769381617889,1.2070406772586553,368
16,1328,103.46938997151217,23.15561738539365,1.381848602048005,80.80504306626116,54.7361844290396,0.7144923684236647,0.4689796411840372,360
16,1336,102.216492168677,23.039415811487682,1.389402706068021,83.56203482599427,56.89564056592152,0.6998257167186931,0.8593696379349433,352
16,1344,103.95398994542299,23.86558215727452,1.3877213938265047,81.42979643510178,58.1989222647441,0.7303472035068056,0.812540991610972,344
16,1352,101.9905231766002,22.30869556499079,1.4060480516256162,80.84090338826574,56.98999622153433,0.7123551818196935,1.0346693740259185,336
16,1360,100.13508970929641,22.362987581086088,1.4049178075787983,83.08186027731567,55.59518698292044,0.7036636970891261,1.1501589889757597,328
16,1368,103.40578074691494,22.121904703425933,1.3905713638944341,81.26298684606334,59.86149534731431,0.7179552391636147,1.4505731274003588,320
16,1376,100.73556751575552,22.138118087203853,1.408055559060592,79.26988050383741,57.77642860945275,0.7104135287128135,1.2750544114553195,312
16,1384,99.65027909891172,22.98919867159875,1.392189889454151,82.2598598261751,60.44602564238741,0.6982752100671447,1.2098563501327424,304
16,1392,100.52921577408648,22.014531459530474,1.4048587517681328,81.68698103938353,60.48496218097459,0.6974459664675564,1.3301304741174762,296
16,1400,102.0675703677535,22.00890718956558,1.4157324132449964,83.04059521412395,59.25623201104165,0.6824515006041262,1.4272690814690696,288
16,1408,99.2182362674279,20.625725147732624,1.437329667715345,80.8162395335343,67.12192440150959,0.7085310760267364,1.1268369082979053,280
16,1416,100.98569379664207,21.59235188491509,1.4350065076821823,81.50445314665629,63.201918608397975,0.6912258482267525,1.260197081891468,272
16,1424,97.75821776429035,19.907914565653606,1.4536869499241107,83.23349528175821,61.44793587463133,0.7119624032219043,1.1450348091004143,264
16,1432,100.69014025951464,21.365423658642847,1.4565711862136197,82.77372728196382,62.96597745375421,0.697075779888844,1.046672701750256,256
16,1440,101.62892026728187,20.885926219362585,1.4695950891940353,81.80355488523794,64.25658257619376,0.6998062679242925,1.1808761945821522,248
16,1448,100.171397455818,19.10159343166056,1.4607017514674994,85.33782573543527,65.57911467577482,0.7236294378759626,1.0697151124556368,240
16,1456,101.57570894070037,19.375083662456625,1.4630670876643006,84.5338298409971,65.41861284318065,0.7023464057868,0.9560672484852726,232
16,1464,103.63964386765191,18.56304885929779,1.4628480080666626,85.25874323130726,63.269569737045614,0.6997406159939553,0.6167839989804919,224
16,1472,104.7347785874106,19.997434133873448,1.459117815974737,84.95176434814069,71.7119198998118,0.7004171022858181,1.005976292265982,216
16,1480,103.86472431078884,18.86749414757948,1.4542150700728624,85.44025898278707,69.79621756212852,0.670638182216941,0.6545776314091586,208
16,1488,96.5931852611043,18.545860434563338,1.451769251973042,83.99526355069236,67.69423355190526,0.6689112865411101,0.9027029267130154,200
16,1496,105.92750176458453,19.710411292181547,1.4512329195227207,81.41089699336133,66.0696475696566,0.6951069389315657,0.5097286431529092,192
16,1504,105.33913380432072,20.522505314779167,1.4453533098102145,84.09707671495926,67.39128458435277,0.6517271412423665,0.5805855104493182,184
16,1512,106.71434477013285,18.882603245481413,1.4477335938341653,85.68371121022071,67.07558241999878,0.6636647673945884,0.7056877488034791,176
16,1520,110.3501397160725,17.791562754690442,1.4485803591867792,85.40985813363163,62.15697329008677,0.6659756473511118,0.9711849582533322,168
16,1528,108.89213346736082,17.62898746913502,1.4300924035803808,83.65113780948573,64.66021777960991,0.6601917141159042,0.5965793372020294,160
16,1536,107.29220914414793,19.450527161180847,1.421816369654025,83.98410704920502,59.08335664283833,0.6696502718554301,1.3276035558035588,152
16,1544,108.3961185602776,18.064700328079915,1.4261472741421344,84.90207235732144,62.4123188329278,0.6710010112830629,1.2239707807620082,144
16,1552,108.3795726412791,18.75170679225029,1.4270784672018462,83.9142963523053,60.37347544741442,0.6563394321069184,1.2272362874948128,136
16,1560,109.45264391780049,17.961327056531623,1.4269439431479596,83.18847405422045,61.6872717002823,0.6682200833797843,1.2368478759440187,128
16,1568,111.26633574853979,19.52012991015318,1.4251773057667498,84.79825800155358,59.520383428478674,0.658535428382509,1.284236774926053,120
16,1576,112.56558192685975,19.135498857019666,1.4342501816756932,85.80557799189144,60.4354119620143,0.67196089032936,1.353679596546855,112
16,1584,113.51681766944483,18.512668507542042,1.4483160438179616,86.64828172421011,65.73046842551662,0.6409486868980563,1.426387215482385,104
16,1592,114.70122649661423,18.375389997739425,1.4496855494709886,85.42322054818762,57.84895600910417,0.6810451472135884,1.2268476270340878,96
16,1600,112.89331737194024,19.946411515413665,1.4349800330333955,86.01036272463277,57.04926683700218,0.630063186851964,0.9591643805290805,88
16,1608,115.22753803344685,19.025549296736273,1.43298952912181,84.61980587385445,61.79202466219068,0.6523992341025364,1.4577274952863355,80
16,1616,114.64205640226766,19.203824193956994,1.4285179053402994,86.13917568788953,60.91617242397145,0.6809391930215116,1.2481726065109502,72
16,1624,115.73777680232094,19.95912351378322,1.4371896760493308,85.69318819528945,58.4269069903074,0.6420392430625373,1.0625591623222406,64
16,1632,114.01869573167747,19.87950136736825,1.4420493866181303,85.5799472943103,58.67418798132022,0.6383742448524042,0.7259525939122036,56
16,1640,117.38059428013004,19.513409076984104,1.4624124571045372,86.37057812986693,57.339818234652725,0.6330359151590363,0.8967383378403189,48
16,1648,113.97991404273455,18.795852714580427,1.4548293583950827,88.3613825681076,61.53663583186641,0.6254968966605224,1.0848380155853894,40
16,1656,113.42053720966088,21.5217428420621,1.4846070232681134,86.22610390889119,64.57075979692661,0.6349486864746547,0.8061012494217541,32
16,1664,117.99109318934687,21.403927841264462,1.4907253207254931,88.47443193081347,61.747476422172234,0.6291318568611123,0.6783613456982811,24
16,1672,117.4696596116224,20.546338939475323,1.4966393003222564,87.24806003848154,64.95526069369916,0.6399359961605768,0.5028650443366722,16
16,1680,118.31506646410831,20.076818754927206,1.4988894617790627,88.7734580518366,62.6957781985401,0.6531689987949242,0.5510424849129801,8
16,1688,115.28272937189149,19.52897411010774,1.4927123307626369,86.73676662623808,64.41813550574174,0.6468287224047382,0.6038896069582528,0
17,0,74.93485289728687,30.60806913117906,1.198709603767009,57.38958339723494,42.88603305477525,0.8854039872219949,1.0705450538729824,1408
17,8,77.79444329852339,30.77915927336269,1.2094277037626637,54.94528663187057,41.66301171331233,0.9105096795042056,1.205229207962116,1400
17,16,74.4719120683311,30.396200046891355,1.2047181640428546,55.57863335586164,45.777298548750686,0.8655386997422171,1.1604174585184819,1392
17,24,76.97989409775123,29.769132767294614,1.2010393429328383,55.643219955379934,44.61198051462213,0.9062612882975707,1.0634548352229989,1384
17,32,77.79272718237479,29.590740827881774,1.2110995598970675,57.021758675831826,45.04274470214017,0.9071600784163002,1.1169490763295444,1376
17,40,76.24521225706667,30.60062529018513,1.2118541461281587,54.02044943834681,48.18951289213001,0.8768596470972491,1.417765338487079,1368
17,48,78.20997903300066,30.48515489940343,1.2242976958151823,54.8280352111286,47.17212353866448,0.8973108486256496,1.306719286378404,1360
17,56,74.89477862660284,31.171992993745473,1.2203762888885465,55.91216348599496,46.456618522078585,0.8782265618754751,1.1677594301210759,1352
17,64,82.27333277528656,30.676643384230793,1.21129664958483,58.680055627186135,46.451855886051895,0.8718303605378566,1.0827526256512416,1344
17,72,77.71082381473416,30.775030033572,1.199833771223519,54.50139529537487,48.415638261923945,0.9020039395552069,1.2160461079037468,1336
17,80,79.60426301914849,30.52341641754843,1.200648340941062,57.51031318539292,48.44848943803073,0.9029214711800001,1.178162134438733,1328
17,88,83.39897052052443,30.177469963757005,1.196016087073882,54.99699442146982,49.61276195468684,0.9087872567194836,0.9905646290797634,1320
17,96,83.32401207157866,30.63036110988067,1.1900183117847691,57.35283383541316,47.92971653398416,0.8711630859977073,0.8056849045286589,1312
17,104,77.12617143497762,31.176105378257656,1.1698922387103816,56.00465243201373,48.50280787269778,0.9086920537278405,1.0186265921269835,1304
17,112,80.75587774486344,30.460518558248832,1.1649670282400215,59.81966204451371,51.77006128808179,0.8868285282923556,0.7493761000074648,1296
17,120,86.0378636878639,31.02736215998219,1.1693505432903535,57.123153637246965,52.29630171393772,0.8991244945937037,0.8082549247499007,1288
17,128,79.03087146884488,30.518380148897826,1.17089466703806,58.18967689186405,50.43039420106995,0.9211888885376613,0.6192336260751511,1280
17,136,80.20474797719443,31.45309794478941,1.165634119018638,57.8095505877539,50.171470410068316,0.908242011354367,0.9208404200120441,1272
17,144,80.36218388273886,30.47251663460636,1.1768906121329343,57.283874458549825,51.40532156406391,0.8900945194303637,0.617765617346362,1264
17,152,80.69879519594815,29.96342131297094,1.184938248126815,56.48607537935562,49.212047910123104,0.8823212575125932,0.7592651977716747,1256
17,160,82.81235824204394,30.680942743271395,1.182332242760486,57.622525363725686,49.67980390486939,0.8750364871906208,0.6319625780176827,1248
17,168,81.21828657407849,30.520393489805393,1.2004522698639892,59.36288959914352,50.4107081404595,0.8890850357109032,0.6554904365761638,1240
17,176,80.91310673537708,28.206969547249635,1.211671224569481,58.27369154937684,50.79611259688414,0.8724038274477377,0.8987195404466699,1232
17,184,78.42512572782924,29.391248506161315,1.2194148632794486,59.98226816441342,49.08740659408837,0.8948258942185469,0.8820224665352808,1224
17,192,80.7913948673307,29.037383527975745,1.2215444825324673,60.501152290059935,49.81577548228049,0.8617220132907029,1.4066441248642054,1216
17,200,75.16687347806887,28.9323200494269,1.231964599465448,58.54555757151083,49.170063447531604,0.8989579242888321,0.9935009807041831,1208
17,208,81.08525968531906,28.39705575866102,1.2480160984723707,60.50500899097316,49.3973348160092,0.8940612111529395,1.1502436274947416,1200
17,216,74.71799969043623,28.117533604163494,1.2555728230741938,57.02944944561567,45.20214887370695,0.8916951153633732,1.2274401040813518,1192
17,224,79.14855786398947,29.141915669959264,1.2670808627775825,60.54505394236885,47.28221563883248,0.8852338360560819,1.4713257133799411,1184
17,232,75.41906062755092,27.655704091580823,1.2760219172340295,59.42346360967212,48.22398611417104,0.8578447818486602,1.5865247692098394,1176
17,240,75.83796241870019,27.19251294957244,1.2748682652633132,59.97019836405045,47.89991171987534,0.8780813453237488,1.0686421743646453,1168
17,248,78.54237247403708,26.944202297552913,1.2861602847016704,60.82654716917973,46.434260251981094,0.883185841600084,1.3829277658167132,1160
17,256,75.75956467744346,27.383123926505537,1.286987344471795,61.75464108286176,48.282994835174506,0.8538672969206949,1.405466407278137,1152
17,264,76.82226034005961,27.395445287998324,1.2815013122936698,61.617132563258906,46.06788784504287,0.8688083408806738,1.5425848931070594,1144
17,272,78.11499151212595,26.881917859323313,1.2779766010707294,58.6656780949354,46.225675219512254,0.8818147523918511,1.0949782285976137,1136
17,280,73.55979864878786,27.628323425932088,1.27038866283077,60.27349689244008,45.33533131841333,0.8854470214870509,1.0128067654158466,1128
17,288,75.95125245578015,26.53452924327188,1.2730308458389628,58.66145456908567,47.20311612904611,0.8642748254530758,0.9363900366670315,1120
17,296,75.29814790865403,27.040547258811664,1.2705140489507112,59.69481517188006,47.254252190242205,0.8669141924444238,0.856787724757578,1112
17,304,77.0704549680463,27.97876397404581,1.295121974031438,59.58824755559197,44.02057715012044,0.8611791051925284,0.6794068179517051,1104
17,312,77.00958516641631,27.95582041418393,1.3081572703847881,61.504351486801454,41.33992460844604,0.8583780274759762,1.0196548863371686,1096
17,320,76.34473639163244,27.30269220203766,1.3213793589880451,59.83544236050809,42.71964881369062,0.8591006531703659,0.7026440648545146,1088
17,328,77.51180314378479,26.524645686265018,1.312280445698838,60.9230589046327,41.69602487651133,0.8622637026449139,1.0175483405093733,1080
17,336,74.31656207354642,26.717026686566665,1.3067600015103413,59.60923665701985,46.584391956593585,0.8297138655274017,0.7781880239475087,1072
17,344,80.80627008830079,28.12670583009644,1.315398537692932,61.96423417621651,41.356328404971606,0.8637046641792364,0.8521454055477168,1064
17,352,77.94329391597681,26.91128829578391,1.317755658298668,61.699320013210055,44.534784109722885,0.8469691405796231,0.8515258522985238,1056
17,360,78.80535622422073,27.86349333093869,1.3135871430570194,61.420986392086014,43.352465461289505,0.8551770878061601,0.585148636571739,1048
17,368,78.81925203448635,27.212294269458276,1.330118909634015,61.498899837864805,38.56646948393557,0.8529729971842342,0.7665135070563667,1040
17,376,78.71075271225018,27.846687953946123,1.3358004083583719,58.64244978213195,44.1753594432886,0.8348990221694619,0.9316746830787948,1032
17,384,75.0183211783373,28.798700857578854,1.3411926939406253,60.84025464448936,42.98856624747822,0.8383674314296918,0.9543422149150462,1024
17,392,77.65966460122839,28.179963116248913,1.3499709259659318,61.548315702369194,43.92161369387306,0.843750246373748,1.0572938078136747,1016
17,400,77.92346977496574,27.882644484302993,1.342387012603503,62.90917913269611,38.88014896869229,0.828426826836359,1.2990573557662466,1008
17,408,78.97476212238652,27.93596141636392,1.3427300678253635,61.556142485141244,44.76774271296345,0.8214405953039343,1.1688568631085783,1000
17,416,80.56873128491527,29.29198688997874,1.3456939555248064,62.47470868324784,40.24002755618074,0.857493961025712,1.0126503311911577,992
17,424,78.41995760252051,29.0010485040975,1.344306258369747,60.10325892996029,44.25967199658805,0.8295656116158852,1.1990963404265726,984
17,432,81.09653840007655,28.38901231234457,1.3440877190909855,65.06965872358327,40.771219570137646,0.8478828853801139,1.1439955344353032,976
17,440,80.32956713658021,27.808156360151777,1.329536502711397,64.88171424094415,44.24124068414384,0.8330617349384736,1.5029667946245564,968
17,448,81.61761823169437,28.362740322538087,1.3424597234312816,59.93575217595831,44.052018667654686,0.8442592902294663,1.2184779021124748,960
17,456,83.78032582885184,29.8619351129766,1.3438935035654436,61.92233149674322,45.054244593126604,0.8378658578641891,1.207493111848783,952
17,464,86.08349648665869,28.896166387372226,1.3396671489636518,63.475434352171874,46.88284092536266,0.8559345540017997,1.0764584295915989,944
17,472,79.93647297598727,29.173624701256422,1.3384052622152158,64.41400567333153,41.51001851649785,0.8055082714604482,1.1921900282120785,936
17,480,85.7735627858844,29.014158923039908,1.3515756187364465,61.19000580967431,45.685355767198416,0.8298973899201803,0.9631196066997917,928
17,488,82.42155877226328,29.556585434884713,1.367864809468252,64.5980433649303,46.39241338309778,0.8315627122742223,0.6258656220897469,920
17,496,86.69667197900341,29.848493177134,1.377547269528863,64.67493177807626,45.248535874230775,0.841044451884608,0.8473368689078009,912
17,504,88.14808329867091,29.50125581792401,1.391048818793223,63.68352293712658,45.4207342475015,0.8381805081431876,0.5084627847077243,904
17,512,86.82123131905898,27.696584171748373,1.3950351274716062,62.476661957829165,47.14178053982705,0.8356943933818626,0.8747516048849127,896
17,520,86.02407792914079,29.85497815486948,1.4115217589541205,65.09180826202225,42.718847574237635,0.8221794602175121,0.700720114905612,888
17,528,81.26141385308149,28.648152332011875,1.4078859416977376,66.84129864867454,42.277548079260896,0.8415747607502396,0.5287807178427097,880
17,536,88.72398106319305,27.20927444688377,1.4077317075005527,62.21863177717322,50.026763859297404,0.8268776053388208,0.7708218454821835,872
17,544,89.0056432392275,27.887974185609313,1.397248425839973,62.948247006660054,49.9573779427422,0.8166377960261719,0.6065179845158731,864
17,552,86.11417436557602,27.77972956169532,1.3812940837019516,64.55260458229546,48.210724225559446,0.8132411965673269,0.7670000035374119,856
17,560,89.83104898361371,28.280451217858236,1.3871922676331232,64.77314508272978,50.27915828788912,0.7880182524421657,0.6660501975890598,848
17,568,86.90139044563205,27.177255160884755,1.3698954354539108,62.083003916925854,51.696283775635386,0.8291189677259027,0.5985221257365088,840
17,576,90.33074524436006,27.38104391976923,1.3866886367031874,64.08815942630504,51.12643116390121,0.8175713908544466,1.0879339565041186,832
17,584,86.72928624195619,27.382064841349685,1.377133463176695,66.35488665699832,53.038868084969714,0.8182177804568797,1.0443027897272086,824
17,592,89.00340530255973,27.1181213751561,1.3799920223049242,63.190766036585245,49.58958692729493,0.8079366236237614,1.0471009114113135,816
17,600,84.25191943248278,26.442165995325023,1.3758327910306907,66.65947588402437,51.24433766730888,0.8113236677980661,1.4307045829274398,808
17,608,87.3861121217536,27.452535388181797,1.3915265787734654,64.67495292263544,53.795407297382305,0.8101582686699258,1.5060856858592218,800
17,616,87.79333651181109,26.1354593723497,1.4011251245229956,62.75312318497903,53.86377182659198,0.8182726390440404,1.378877720515979,792
17,624,91.43112280887982,26.011917705488543,1.3850502597749068,62.72814778208825,54.488560539248866,0.8232062872291422,1.271456614998876,784
17,632,81.54307743553207,25.80358330009561,1.3963191121166765,65.89654567334954,56.68191316546819,0.8011536820797597,1.228169247906082,776
17,640,88.09959904613646,25.059372362279376,1.4029559126854083,67.89768383937557,54.687649345384486,0.8065671680132402,1.2562399133519502,768
17,648,87.14987600841157,24.5088805619042,1.4292174985346668,64.62712718733414,54.13133520009596,0.7978992590076481,1.3201941829858526,760
17,656,86.93756915480206,25.08769045252966,1.432079008976066,65.66737377173665,56.940516159535804,0.8398050588835776,1.256322364777355,752
17,664,87.91074616734942,24.93773347694204,1.431090899788691,65.22284275050033,55.768039750419774,0.8081769264431445,0.935006818631517,744
17,672,87.35741558174013,25.88728175521312,1.4172639243347946,62.885078021039,54.96311943347049,0.8107043561931971,1.0900355126412888,736
17,680,83.8472387504485,24.23268787826291,1.4167506649954036,67.06213634703073,57.10122854816719,0.8062691274783172,0.8471136322146067,728
17,688,88.18619240713126,25.709870092210917,1.4053496657227218,63.78620214917395,56.192476396097426,0.8143896121944906,1.0013115643592287,720
17,696,88.16919454682328,25.20524300789546,1.4115046079193294,62.164010296251014,56.2816103217391,0.8297524591167497,0.28329180775363827,712
17,704,83.5689850159597,25.929288113243654,1.4266169834112392,65.98292069938617,55.86664175598925,0.7894074358613259,0.6423901771132152,704
17,712,84.09585061907333,24.765328905206996,1.4287120925848023,65.5252148010151,51.944080774728306,0.7717829224903238,0.7485574032796607,696
17,720,86.98976765347881,26.23711179415651,1.4314582726186993,65.83058374796809,52.87737483290444,0.8029023958424434,0.8668979565017717,688
17,728,86.33596696843395,25.561840104927853,1.4502889755619608,67.68267852568822,55.34719407185749,0.8011044277255129,0.43850790719900967,680
17,736,86.12911465550545,26.46997243434875,1.454586830087761,68.65406643912235,56.24560642340868,0.780993914816937,0.6380397786869574,672
17,744,85.00701284074798,25.500592698716112,1.4507471173235853,66.26393158930851,55.32700031231092,0.8035624088390599,0.9424257862038232,664
17,752,86.50507296808317,27.219546332087607,1.46433317228033,63.152888870386654,54.29283636962305,0.7980729016035109,0.7649550836418566,656
17,760,81.19696428221283,27.21861221377655,1.460659956318692,67.31990002188704,54.033045049733886,0.8045743074150455,0.7205695929054634,648
17,768,83.60098424552794,26.28981073541932,1.4701903236216933,68.52025063189062,52.87494664598549,0.7922948668269845,1.0099496133954244,640
17,776,84.15922896090538,26.34079033822606,1.4679559274648397,66.02409738148216,54.358811632476645,0.7967664431080741,1.1717091504975623,632
17,784,84.24096894518851,26.125531539310078,1.4581509991015134,68.83520881781318,54.42612361023156,0.7938580286019049,1.289326617052098,624
17,792,84.82400953383107,26.25717782986993,1.4498268710752007,67.52579837714072,51.13659587181093,0.7971374919512295,1.1154092948431338,616
17,800,85.2923860625381,27.35528238281596,1.4462672346079422,67.66162568569693,55.49833275634743,0.8125618654019207,0.980892978896074,608
17,808,87.89308914339473,27.50370803632984,1.4534954369066573,66.86520818271613,53.717745902737306,0.8052820971599328,1.2900555170818582,600
17,816,85.16275637359645,25.65714562400966,1.4520174218692043,67.10169976497727,54.09574592855122,0.8015963206639696,1.1398923062783366,592
17,824,82.02293215574907,26.90058889231865,1.4547447299282665,64.04488258208146,51.53610573844661,0.7861709375314457,1.1260543184578409,584
17,832,87.15052043047736,27.471169759614465,1.4653331122942175,68.37460317248423,52.939294440159976,0.786047142465659,1.2461132352065043,576
17,840,89.20042317098253,26.995000898416126,1.4684696662809311,68.22697026056429,49.07219070453736,0.8013383656657245,0.8295933077677831,568
17,848,86.12008985727557,27.336805257548757,1.457947243622324,66.52670069898207,55.21476392339201,0.7736729548721828,1.4885922066766726,560
17,856,90.2583283961252,28.03796408475142,1.462231521102679,66.53873999699208,47.63858701781071,0.7745926863574129,0.9750415078326997,552
17,864,88.44929132719048,27.404796498050054,1.4593745358203452,66.14047765176612,46.027569895727865,0.7724678533208428,0.9951877866184637,544
17,872,89.2536404272558,27.574961000485114,1.4769010147986252,68.87213054723772,50.308709756305554,0.7948439121985197,0.7422799451881192,536
17,880,89.78676817031295,26.182145022806427,1.4679882765751728,68.04581573335052,50.67376840367391,0.8137169966466857,0.8628193221057024,528
17,888,89.37326140863038,26.888337369172646,1.446984184217991,70.33987508981988,46.107534013736945,0.7867226496218521,0.5374711912743922,520
17,896,90.38088834915824,25.87778111688353,1.4532033249533824,68.62626453192283,50.96838966823304,0.7847174958179849,0.5757812276619612,512
17,904,93.56174673966471,26.469551370348732,1.4537864212190863,68.21992082888345,47.10485249058283,0.7950991212953377,0.6868236993080589,504
17,912,94.29478798254422,26.284551391862383,1.4596461117011916,70.31479986927455,49.63852946396679,0.7964041551514679,0.7592658616867907,496
17,920,93.21598279190115,26.27745547656781,1.4742181250577753,67.667405386204,46.41354524910871,0.7920155307873468,0.6526466697141716,488
17,928,94.12372578291915,25.693989412122654,1.4711924900235176,68.11555470336084,51.069955673007414,0.7943705106953955,0.6600010034212263,480
17,936,96.74674439982859,25.20364898850537,1.454617614450971,69.61100680968404,47.361919879310854,0.8082742529959728,0.8773625059879101,472
17,944,98.43252511931702,25.350944840646754,1.4616157534039755,70.04584180556172,47.42135842582933,0.7844145150029423,0.9503886143725833,464
17,952,95.52475016192511,24.665898902703425,1.4596142817361746,70.95421976558652,48.44481474240138,0.7832070343412609,1.1464414446248261,456
17,960,96.69130248545918,24.12448090693829,1.4506566184336835,68.56604982762892,47.0495814838501,0.804982753641735,1.249351584537831,448
17,968,95.59326089023143,24.03542524207097,1.4424874403511188,68.37669969480979,47.877652048582895,0.8171232592770994,1.2467655972511864,440
17,976,99.2751945899318,25.254095135722427,1.4216728799628826,69.80979261432186,46.1329999813134,0.75504776041601,1.182529632412434,432
17,984,100.20992128504366,24.131994449479976,1.420990093181281,69.88088689136265,49.63146183493701,0.7425774321370813,1.1588946319387472,424
17,992,94.54298300771295,24.518535216159496,1.4134427894862063,70.24849917338433,50.218502991491505,0.8138089559806387,1.2609555084964907,416
17,1000,97.22984417518464,22.98483396245728,1.4206724884726618,71.68663280852003,48.641136232531665,0.7744485321387704,1.0732708939852103,408
17,1008,97.58307031320753,24.40996822262453,1.411062324403622,71.29688766393171,48.280566178075155,0.768487588466559,1.7458676739644632,400
17,1016,93.15731069409473,24.770019296839664,1.4108339750787144,68.15818824194044,47.74641840430286,0.7691846604334264,1.5535695356614028,392
17,1024,94.74199066244664,23.777430428988822,1.4174581003951092,69.51745653306743,48.7976177147006,0.7765807959072557,1.5082413522553253,384
17,1032,99.02965732223758,23.599414080495194,1.421225393234232,72.35169027575357,52.909359191027725,0.7532904963617866,1.1593474408719173,376
17,1040,98.13154272946213,23.408212960046743,1.4451437648540795,70.26469841458216,49.520351046460576,0.7860870835154311,1.250990907873269,368
17,1048,100.87683811085805,23.741822041426705,1.456051369202506,70.86097836688091,50.34151586644049,0.7876232890421131,1.1918151973134947,360
17,1056,96.17444865267504,23.5666947998902,1.4448429797882436,72.34925172414259,47.87074194882113,0.7513087445765824,1.1317816246910024,352
17,1064,96.94131478264676,23.990186380756867,1.4538445745638364,71.15968622128639,53.22372442444016,0.764780881165475,0.8563093436976269,344
17,1072,98.4843078115256,23.587945305485086,1.4619026875625851,71.32270838552986,50.26166404930606,0.7985983146658168,0.9072219143133595,336
17,1080,97.5699634799289,23.7986230427406,1.4616489256846907,71.67896455874772,51.013073002377006,0.7687390159405565,0.9035133749593935,328
17,1088,96.31941815081996,24.020700400513338,1.4654175222990782,72.64075548329151,57.39856112622887,0.7921996682433168,0.6387558427130033,320
17,1096,95.84533278414196,24.20843892208957,1.458751330096439,72.10957000701582,50.62471616050866,0.7827782271400762,0.5067910113132499,312
17,1104,99.73890851315693,24.02667798729532,1.4618733187606665,71.4280633244906,57.199355163720455,0.7432269315784381,0.5535015709876531,304
17,1112,93.5837170494278,24.710531889426978,1.4806403848593777,70.32403889768557,55.77963573354732,0.7511001602676567,1.0761018755085183,296
17,1120,96.09791823095686,24.237862769637044,1.4709393992248558,72.30148712278474,54.79322983095348,0.7648885639238784,0.8652564825537711,288
17,1128,97.0928565165198,24.752418462201618,1.4739979785663602,69.34382935947923,56.51278581478057,0.7720603493311479,0.6463846998883979,280
17,1136,93.53360917461553,25.15608171059581,1.4814664531504391,72.35855389897579,56.977158919687554,0.7334770908966434,1.0347138238405953,272
17,1144,95.29877099750422,25.82495943770516,1.4575124119969813,71.21541219079938,57.60553140926808,0.7587766738862204,0.8921293342948601,264
17,1152,98.43681295161436,25.115539986432093,1.4511319752406129,70.77434720097739,56.78396692426632,0.7776989319464724,1.1675873246474753,256
17,1160,92.4200543255513,25.729324765928993,1.4348075758545968,73.33126960147791,58.55710180049819,0.7634278263236493,0.8995190793785328,248
17,1168,94.90439031174844,25.413423180505422,1.4232087565024862,72.7260797747254,57.99053466424033,0.7768661671871457,1.2764967183878857,240
17,1176,96.52899104742713,26.18222771643286,1.430224991834883,75.24155102384618,58.52639811644212,0.7476028853699497,1.315003817769575,232
17,1184,91.2009199692318,25.71430205390806,1.4316487043003105,74.90681862936736,63.47056995840782,0.7399589374908503,1.1086739972819097,224
17,1192,98.43567119412413,26.12339429512186,1.448557138693613,71.42053487894228,58.329369046721794,0.747523126338796,1.0212331309101559,216
17,1200,96.44575426730029,25.461536113144355,1.4370045137813534,73.49291271382212,59.51951559525234,0.7396258334581821,1.2426596051403864,208
17,1208,95.68771869614322,25.485266472481012,1.448997029738155,72.99682477673377,60.72801361393487,0.7495494711252209,1.0829571648854937,200
17,1216,91.53433149930974,25.987606471968203,1.4541022058196569,70.67805057403659,59.48937816342699,0.7364636353728145,1.4455034022146667,192
17,1224,94.52040095592997,25.368376905010695,1.4512776603094855,72.34757404281123,58.74833008634325,0.747460861820582,1.3577072467457014,184
17,1232,99.66683005276734,25.946541339192066,1.4448055311985994,73.18793096745183,62.27981816832371,0.7272320228691985,1.2718219780475788,176
17,1240,96.1168599151373,25.588830806183296,1.4448859226934792,75.16409778743184,61.64285589080436,0.7390674757850698,1.302623987135333,168
17,1248,97.10961624180388,26.009161264462037,1.4512561674209623,73.4700292056158,62.39613584026654,0.7288619572456824,1.1270897694994197,160
17,1256,96.86394547446216,25.75243409906669,1.4458338431924163,75.1404651825636,60.35058533736944,0.7221197338433204,0.6605135087023273,152
17,1264,95.9447578672677,25.417184223522067,1.4344530908904196,72.71080545719063,62.80799959252016,0.7116686609625776,0.8581237915214367,144
17,1272,101.06495099845051,24.858980300519192,1.4266114378430979,73.32862057404436,62.902106684229786,0.7630814796789699,0.6643400553258804,136
17,1280,96.09148331716945,25.21620895719483,1.423132511450776,72.7198754805975,64.01929184534498,0.7225077724925939,0.8945209585358338,128
17,1288,99.96199434180308,24.779314525762576,1.4217468146359844,74.23295512450596,57.79963339642943,0.7292978304533487,0.7192782789687835,120
17,1296,99.91721208570148,24.448974495027745,1.420577266763208,76.72122241393225,65.41394633183921,0.7126485089646728,0.24054181099563715,112
17,1304,96.62546678376037,23.49586026879928,1.4316544075909663,73.58548213653789,60.09465947332577,0.7246078966551981,0.8008001356919584,104
17,1312,101.39067253044405,23.624239612390774,1.4162784918215645,72.79353787141501,60.741220829466165,0.7316840531688157,0.7436591655762046,96
17,1320,97.43065795464729,23.592987971364373,1.4138627423133336,75.52758736554816,59.02943071993413,0.7236017725069188,0.6945059580445091,88
17,1328,100.58150238518556,23.297740689271638,1.4044782777264768,72.79364288880207,59.494856276626955,0.7482874834695544,0.6749617133709921,80
17,1336,104.2107865959329,23.130778189158434,1.412448636571071,74.24540612107383,58.60449127635665,0.7251262562000566,1.0814876073834132,72
17,1344,103.6072805551709,22.468430337015228,1.4029396649381276,74.47833954145693,61.4781298669781,0.7166055339466877,0.9847786691373969,64
17,1352,103.49010394304368,22.301157093338023,1.4038022286291318,75.43148843873007,62.560768614210545,0.7089676682585373,1.1972870938440685,56
17,1360,101.79981366603553,22.494779661073736,1.3910428917897981,74.72648416195024,58.479277036509174,0.7009122677320977,1.1760451001871235,48
17,1368,103.99973720478866,21.748337669520765,1.3814754298886747,74.32838881416723,60.65268925257294,0.7136921333961388,1.2389617839296343,40
17,1376,107.4839831809067,21.073356801041378,1.3791290541644492,77.91944306256627,58.748667784384175,0.6953990728949778,1.2161105763895272,32
17,1384,106.85648017540511,21.362773308680097,1.3673624246673919,75.71058965408305,57.84582786461588,0.703574623807563,1.2033001064372457,24
17,1392,105.6495387639868,23.14862540005231,1.3682945371601167,76.29327931626798,56.46038122669668,0.7008888325646367,1.1559501822802332,16
17,1400,108.66400221763654,21.58879258438094,1.3604603341353925,76.96113134450988,54.89490932432934,0.7087350444219047,1.1807126298782138,8
17,1408,106.7281934246722,21.401847620352786,1.3738998429807043,74.77389433549402,53.430051270940595,0.6961896635703015,1.3821719152382335,0
18,0,67.86376838624821,25.641367019403287,1.0170665115554964,55.71434486688844,46.54809397682313,0.8752171357607567,1.1512479300215532,472
18,8,68.99074552472385,26.157513943970933,1.0209153641682267,53.76274806978323,44.086476765192224,0.8603194097028916,0.9188568691606185,464
18,16,65.51252458198267,26.176715040607437,1.0248601371828363,52.25785883870388,49.302987100097376,0.857153187383556,1.1187084353606818,456
18,24,71.28819233953882,24.397235300809804,1.0295629621197164,54.07528265984335,50.35064738856473,0.8521427703138055,1.3787919250972434,448
18,32,73.54355389809659,26.445863366739047,1.039374921202027,55.668966306139254,49.54809139864556,0.8358886781941348,1.2941458208958219,440
18,40,70.12059586851895,24.730044894144868,1.021617103672529,52.79773930871985,50.79099387354168,0.8374250824060698,1.4533872268515875,432
18,48,72.34635674209895,25.367716560459456,1.0216823095812362,56.86126525104527,50.666110399807685,0.8195626380757919,1.2458780067667385,424
18,56,76.75461110590054,25.05961277013769,1.0157545341307022,56.87165684369912,53.192345263896286,0.8512341577833465,1.473845897326947,416
18,64,73.90380306474455,24.100488004072936,1.0068809538136525,56.76123539089651,55.78344473805642,0.8460883881360788,1.2429459545291692,408
18,72,76.333672572015,25.197467962003458,1.0009561606306625,55.07778639725565,54.24348723013979,0.8381191734812601,1.2330774706114558,400
18,80,76.3128611644966,24.271945591570248,0.9838806950471325,58.039559861765824,54.42365692843001,0.7984825505657753,1.0703552276999067,392
18,88,78.49092795372529,25.116788983656132,0.9798396365742154,57.35527756822406,55.31939170389338,0.8155141414812271,0.9424486305421624,384
18,96,76.20358878007434,23.942250349315447,0.9865818941469581,59.59867687708308,56.33542307458928,0.8107757359679679,1.030306304157285,376
18,104,76.34944190393304,24.02345770500231,0.9823531963453352,58.08951283215433,55.33080317896985,0.8232634580007384,0.5702455762670671,368
18,112,77.8654034856876,23.97588313049203,0.9719855235676583,61.405109705107094,52.439132363258175,0.831888049299605,0.9588006796968108,360
18,120,78.7442955571232,24.1552040895205,0.9743983266107888,59.89309101526893,56.617577917076524,0.8238602992063353,0.6880448502670619,352
18,128,80.17524508047819,23.615087176517378,0.9632866652624924,61.023857184478246,55.89592860619799,0.8197558041785843,0.9040603936914553,344
18,136,82.32459599103106,22.832849784208857,0.9503404120413778,59.96713361160589,55.95733750196729,0.7786155651328431,0.802716946993457,336
18,144,76.28972064721195,22.720225733260424,0.9638679737806798,64.98152064580535,56.398129941938905,0.8294837360403009,0.9083837150525911,328
18,152,82.81052053868225,23.62795258433042,0.9471617314541412,65.31751838710348,56.745741077254884,0.7590306831546905,0.7043190593345962,320
18,160,81.00579076347613,22.34836715365407,0.949769656338715,61.7620627286431,57.09095027985338,0.7980620168391322,0.9823168052361336,312
18,168,79.50112195611402,22.22351090077267,0.9447000179615033,63.78937099366447,54.93133703140677,0.7397649533317083,1.0087908485595325,304
18,176,80.19096274477677,23.271921899743468,0.9441128997484237,64.17928481673758,56.89307749869411,0.7730547626501496,0.8349663919629241,296
18,184,86.56453946220942,22.51825916720203,0.9415687506967663,66.94654004035402,53.72833839663949,0.7494000810023201,0.9458547123263698,288
18,192,81.0366533795133,21.54849242471081,0.9270828641819859,65.02506056459413,54.04791611878162,0.762965731877176,1.2412515689140031,280
18,200,83.09694208784704,20.488689321288764,0.9155041480448104,67.2923715702217,54.96510958124376,0.7496176351341995,0.9269122877250571,272
18,208,83.53299407518513,20.582122391270687,0.9215523505642051,67.00605052617098,53.129123315498475,0.7311138156806932,1.3450180515738235,264
18,216,82.87907489787659,19.8457317433002,0.903051656235119,71.30568043820843,54.45783354074306,0.7213810821438642,1.2105133889259332,256
18,224,84.4255429907924,20.139414948818256,0.8859882303765955,65.22498510858847,55.643350838945885,0.7400593990522715,1.1745685304590052,248
18,232,87.89367434689015,19.933853129494736,0.8800256032721314,69.80690855385359,51.5494940898678,0.7347281801101917,1.4842212348749362,240
18,240,84.68257292945577,19.85716733948348,0.8890787912044861,70.13238116684137,53.160409168441284,0.707758943439109,1.4414512927754017,232
18,248,83.78244131764416,20.37873958420842,0.8954959220614074,73.62626872168696,55.32875165817921,0.7102794821071424,1.234917294590642,224
18,256,82.43731141171645,18.933563686887094,0.8949822593939791,70.48762683216145,54.9508726014915,0.691306493946842,1.1422344842816017,216
18,264,90.02393723100556,18.558871783066966,0.911525828918115,72.54338101912292,53.22195606030803,0.6816496556375449,1.4915604226792898,208
18,272,88.41703738654499,17.57976071196615,0.9023762072588142,72.54416660406197,55.1277084417373,0.6738534491100178,1.0777920615299237,200
18,280,85.72190010831957,18.772192267260618,0.9000785982882931,73.10742393413099,55.32118653031923,0.6843090172065478,0.699382430815739,192
18,288,91.44662106478728,17.401874528166434,0.9137802198527722,75.14526248868047,55.19516280509157,0.6737307758019518,1.2675459856731035,184
18,296,84.26295751996597,17.437552029396265,0.9219569197929094,72.0300752167776,57.041091975458485,0.6750700669648346,0.9491485555251155,176
18,304,87.4229450599049,18.05923439797171,0.9185141067124454,73.99915452259556,57.75427651950655,0.6568685022077991,0.9789129602164286,168
18,312,92.23847909867912,17.151584754865983,0.9180464037766523,76.34731875686288,57.30943742150265,0.6331421382539854,0.4867918157880085,160
18,320,96.46701951887638,16.84326256907184,0.9089104315991815,77.09105726402484,59.25070474737966,0.6547719474256947,1.15025411754915,152
18,328,96.20823537731992,16.330901322118766,0.9107642928722621,77.55593328088165,60.408113974737034,0.6481381014650388,0.8916750959334871,144
18,336,97.95030784660123,15.185912391521725,0.901628404773945,76.09045950661006,61.348767236183015,0.6330520692636208,0.7896451022186082,136
18,344,98.49336848350075,15.126899561654348,0.8941417275951813,79.91399935273395,61.44440612810122,0.6366973531277254,0.7478504257097891,128
18,352,98.1537796664374,14.986870333140184,0.9032241785222767,79.44338347153244,60.01193095447231,0.62286621179769,0.7620765538448561,120
18,360,98.29746290116785,15.797876721582368,0.907345929074175,78.99964727321019,64.24612436884227,0.6064542846255065,0.5855354076771302,112
18,368,104.80379884640179,13.685304482412999,0.9180375823763574,79.46662162807756,62.94003603632597,0.6155614016792401,1.084613773699005,104
18,376,104.46583509207845,14.486789058008526,0.9057636844846428,79.35719012692105,65.1034394086929,0.6044293037103758,0.8998834068874199,96
18,384,103.72164580889262,14.348761510334969,0.9163550324481903,81.53358980918877,68.85792800857995,0.6237603523750969,0.7904923321931936,88
18,392,103.91404991519643,14.04650648971821,0.9175877393807481,81.70110877100906,67.96540136538582,0.5577407836773454,1.0679789090442722,80
18,400,106.57905882113337,14.053550469611885,0.9391229119900492,80.7585092648214,69.99237822854292,0.5861807291535559,1.2195197691964494,72
18,408,111.73545404153195,13.400765826754988,0.9284668622553819,83.85653178876738,69.98421215229543,0.5894880782045117,0.800928600046878,64
18,416,112.254635680779,15.054156917252628,0.937888976130047,84.9773171388768,73.56890344346536,0.5890575262648235,1.1994093655420386,56
18,424,112.97121114998413,14.40845526336167,0.9440257381838892,87.47156784975054,70.44233149185852,0.5842647176094133,1.335669111206431,48
18,432,116.67078481471894,13.023899678339928,0.9502235456049666,84.52878779128837,73.6917846751834,0.5937572619020506,1.4784719545619995,40
18,440,116.78445018428928,13.56472155226548,0.9379620667503616,88.0787093961857,77.2223384787776,0.5736496201849721,1.2373843629852548,32
18,448,117.14346497241611,13.724208426551336,0.9437668849451638,89.0619748627179,75.62618358526721,0.5782482376610665,1.2867276555858225,24
18,456,117.3352813274345,13.61597712932296,0.9262260979616078,86.86908494465305,74.28621483079576,0.5412472777534186,0.9996322566725357,16
18,464,120.17578798221493,13.223780798778561,0.9209728221685808,88.48155243323909,75.82575336082594,0.5563879606376895,1.0632116013974438,8
18,472,121.12610110486217,14.821454771612702,0.9068753249885451,87.32225347788385,76.12811859520151,0.5554610329753148,1.1011717294796393,0
19,0,75.56030535578188,29.112440875192647,1.0611537285523642,60.660214560375984,50.130272306664644,0.8714983595843259,0.9381551576034247,488
19,8,79.30930804169101,30.08827539878089,1.0544043883878575,60.42942385268608,56.308063926965936,0.8935195496161527,1.2586370721712057,480
19,16,74.28545002585514,29.33772212333778,1.0504628789211827,62.87810909811437,51.04570781138441,0.8810054284735029,1.306735907725067,472
19,24,79.06056046223057,29.91568045910647,1.0655737455768655,60.799196081398875,51.12121571415107,0.8455104632428901,1.3745718347363556,464
19,32,81.78209668790197,29.11146338517667,1.044969544836534,62.41693361076801,50.82533254699817,0.8284938616488179,1.3156377111275381,456
19,40,78.98402057793447,29.18664221460367,1.0464904870658223,61.87844894553338,50.76287483847262,0.8662891137499193,1.2763334716063026,448
19,48,84.24722743972217,28.670338348374603,1.0484614217417956,64.2686172853419,57.34612482846249,0.8761280325536756,1.2924553382083122,440
19,56,82.91551370897206,29.79047903894561,1.0550381893919358,61.55079456381685,52.73881299077471,0.8532427848582731,1.2148291220754666,432
19,64,81.97131262009334,29.815504870386622,1.0475670298971895,62.90982480887186,51.305916515670816,0.8376728110942605,1.092507032677045,424
19,72,86.4426282279416,28.471346215056954,1.048854026678446,62.854290701640885,53.38283120357295,0.8465471311227868,1.332278956658446,416
19,80,83.95984195872772,29.71883386088374,1.03404096527946,63.0787581945932,57.908734587012155,0.820961823479037,1.0469552606405534,408
19,88,84.75730766091758,29.078914409564415,1.0201850094810987,62.681614551553096,58.51924304938289,0.8426801097914819,1.133765316783435,400
19,96,86.21686047764206,29.044770539431276,1.0348192526010938,64.07615441199532,59.29769559122916,0.8267974118375223,1.056972306178054,392
19,104,85.73364689947374,30.063713348619217,1.029563954751947,65.75774206357725,56.48849034553522,0.8212897476361604,0.9823550411916676,384
19,112,85.17329800449525,28.641023138037465,1.029709564683991,67.60360901439083,59.00152103629821,0.8087995515914923,0.9483500831376371,376
19,120,85.03856105698387,28.822852519088194,1.0257674084260073,63.91139455126987,58.11348294456464,0.8403426325606091,0.6953810147231112,368
19,128,84.75374256383854,28.768542634125065,1.0051015282320965,69.28086276058484,58.916449006455345,0.812757563855399,0.6039725073375817,360
19,136,78.95433323852055,29.933202338015366,1.017683706487476,66.7221779363914,59.482524286848445,0.822246840873684,0.9393085886287088,352
19,144,78.28516374131694,29.050795313467212,0.9870491313194416,66.85277016849615,60.50955770309066,0.8236172357502255,0.5682718606015511,344
19,152,79.60766504728592,28.76904355408642,0.9871377154986064,69.83590619602342,60.76827547611606,0.800842721549925,0.611627043167233,336
19,160,78.02278838236126,27.966502068016826,0.9857007049935509,68.7557457536228,58.62230096513876,0.784125562419814,0.4482877059473104,328
19,168,81.93474083665429,28.108629064159057,0.979549768384777,64.91048963556524,61.23170478065145,0.8051611393361475,0.7945243347607757,320
19,176,83.83698093255067,28.605392991506807,0.9679119050156733,69.76777361672228,56.09360276686802,0.8051912638570652,0.9846291061983112,312
19,184,80.06632623325568,28.02934713043338,0.9515125030552113,72.86779239071022,60.195659786941945,0.780425422601772,0.9733274680478058,304
19,192,83.22881863536892,28.00386040208685,0.9343239555783757,70.73720140407067,60.38759803924102,0.7913778326506683,0.8865819589312826,296
19,200,81.60294893965353,28.555218173219934,0.9389141733285024,72.9687579041247,61.318874377607166,0.8008601813416142,0.8216276078899363,288
19,208,84.37247942319976,27.550778983681077,0.9372083910983949,72.48279558549537,60.19659537823068,0.807226727066356,1.0760087646337233,280
19,216,90.92441945044462,28.40839452991952,0.9283362151665756,73.14594306244821,59.76972633287261,0.7607241634650204,0.9189674188690057,272
19,224,87.13055391476767,27.430066413094885,0.9033264039131418,70.30976573499946,58.466008260549074,0.7677855970078129,1.3528416783889217,264
19,232,88.13477263105686,27.766272781699822,0.912203293739497,72.73821495799329,58.29243555165804,0.7703559407466877,1.188918702644474,256
19,240,89.6524360366642,27.04279130321066,0.9200115316407176,71.4966310747659,56.42772251475973,0.7608534335550452,1.2225847872616797,248
19,248,90.97186510373665,27.108511050208453,0.9190021639975523,69.25289371915096,57.90900211796056,0.7402821217795966,1.1779011185262402,240
19,256,95.03831895284807,27.036631493958698,0.9309581182305501,73.58688805645289,57.31841527527007,0.7367248787926595,1.1222939620727934,232
19,264,92.30597745202334,27.273884581412926,0.9273805061401522,71.25663703918875,60.231935249470574,0.7495152560867178,1.0829412940571095,224
19,272,95.2953117705552,26.439354678629293,0.9169970895932307,80.23489943413811,56.634022390672975,0.7223699056272118,0.7922127061986278,216
19,280,94.73180246389076,25.878582629361855,0.9293889131927998,75.86642456355817,60.05817906733419,0.7424939536488917,1.0476346725876486,208
19,288,97.69552853477086,25.935473403067423,0.9213016452993388,78.38477071977523,61.694547380602366,0.7027912134095168,1.2209153049259585,200
19,296,95.91635096549346,25.551296578695105,0.9233750374294152,80.4643094717969,58.34036091951836,0.7358249580601561,0.8503955290242197,192
19,304,99.07975727132379,25.494362707876213,0.912030054374503,78.40007461063159,54.07634709376119,0.7499310014324719,0.909470054467505,184
19,312,99.61102496960893,25.401805501391753,0.9041345989670232,75.4190743815498,56.00399411094274,0.7131080176891801,0.6237821131799214,176
19,320,99.81715900658509,25.30238928950234,0.8949973011215469,75.21069292907214,57.14513824850071,0.7253432980087138,0.7642663779346509,168
19,328,98.09679700829722,24.54652243443434,0.8981171512667221,78.86522458301044,55.814801540238,0.7408020051239622,0.6506578702992092,160
19,336,100.90379776769308,24.044685914592314,0.9000251338510087,76.17027869189918,61.54146231655064,0.7386193363465152,0.6624859981533434,152
19,344,99.74849311518234,24.23420482025909,0.9042522252785035,75.45204514853147,53.670901657178085,0.700206557482471,0.7091672754797664,144
19,352,104.14626351973061,24.40315265566463,0.9052196348936669,78.52567571960785,55.33896167455588,0.7225576467113486,0.5472755606051465,136
19,360,104.9380895531821,23.788346938544695,0.9001568077390245,76.09979837989368,58.825397591815346,0.7216341489309785,0.5114727722657666,128
19,368,102.33798196246589,23.36636870122433,0.892660103479628,78.32591095590492,59.19310271739881,0.7177606796914274,0.8832038648945345,120
19,376,99.67626510378118,24.100788541654296,0.8891947399258249,77.94022373574977,58.1025976266073,0.6855843608493289,0.9146337577269055,112
19,384,101.34718771992013,22.97307153477896,0.8820336873401788,78.90564642905977,62.598506382770985,0.6899927985522304,0.8526048748298933,104
19,392,105.01779804901052,22.070484713160578,0.8906674414822338,77.33694775004186,59.01066979505754,0.6636801567919136,1.1663423218894293,96
19,400,102.87851111493626,22.391446792986414,0.8926301367137683,81.44031026996937,62.273207731326934,0.6829333613695996,1.2457619859601705,88
19,408,102.76845667982062,21.77480742890599,0.8971868678742082,82.91508372358882,61.354972599206214,0.6764545424042744,1.152682898660655,80
19,416,99.37271399924715,22.8229020985833,0.9063941102343845,81.03165761989287,60.71609144162583,0.696930569067984,1.2708915133451555,72
19,424,103.08821818466095,21.4558711434356,0.9029903209429255,84.27078076814739,62.68434756852291,0.6638057447535111,1.1920650994504645,64
19,432,103.20834882243408,20.729443858898172,0.9158612559878558,80.37448611355636,61.51996745766397,0.6736912775044119,1.3682381646011135,56
19,440,104.7688732668533,21.313645244475786,0.9074769421403515,81.54033385814537,63.48928820558638,0.6707818624141351,1.2916460524252538,48
19,448,105.56727819895916,21.25280174296389,0.8939946431647497,83.6267197836486,63.522371807185785,0.654725631809046,1.225260659482628,40
19,456,106.27766357317593,21.637985282146488,0.9139024691003417,84.83076757576018,68.64701845733316,0.6468437815458902,1.037757874724964,32
19,464,103.575154569525,20.90322708944299,0.9041788379508965,83.08417724336421,67.83261498316116,0.6279437267270986,1.110034869879724,24
19,472,107.61167975899166,20.797419056186914,0.9009680089780394,86.02143944694637,61.98923680367524,0.66541094243902,1.1444179856201169,16
19,480,109.53542835342766,21.725826456535902,0.9030587406388095,83.8870433985142,70.05578546268919,0.6241794375777527,1.0024674544902903,8
19,488,110.9508041550024,20.085230979310776,0.9122036905645241,80.94268378679624,62.70008464368717,0.6275075880711823,0.7976747788670988,0
20,0,71.93250044657452,28.505185348766258,0.9148722780504367,52.98748716541169,50.8830813027111,0.8431522444392819,0.8076111440512108,976
20,8,73.01178590120738,28.24775359722438,0.9121083945141374,51.6630900562754,46.7166239372751,0.8523632231173522,0.8936672091730402,968
20,16,72.35659519684934,28.866740173340833,0.91593032474089,55.296045563639446,47.50287002510576,0.8205430727596275,1.166504493425729,960
20,24,74.63948568704686,29.124492534272708,0.9056030128900423,52.154133457694634,48.68303155346095,0.8367064303722329,1.117511144418903,952
20,32,72.43844814279133,28.2885174991447,0.9087690716921135,52.146107983287166,49.17918553231316,0.8221516606328282,0.87798776375359,944
20,40,73.3296388629639,28.188858484744756,0.9302892143221707,54.321006872535165,49.16028918061527,0.8381335792446791,1.2114754284343605,936
20,48,74.9317606746428,28.98112548543725,0.9287139362727184,51.777288000550854,51.748083292748525,0.8685496249254285,1.2550581595166632,928
20,56,77.47799954706626,29.319851176561006,0.923848622361107,51.89690734082289,53.13736545407377,0.8490972633561674,1.235310162574387,920
20,64,76.86718307987665,28.543838183476588,0.922763820006904,54.6495445998692,56.33242554689397,0.8303772703154912,1.4759761534192275,912
20,72,74.93045561834633,28.7674823566708,0.9258614454239943,54.84245987261518,49.50825062507271,0.8276425403127462,1.41652348229468,904
20,80,75.73338391036529,30.81790767037681,0.9263176812806723,53.89295717366586,53.42530825475667,0.8383862399595231,1.042189024432313,896
20,88,73.73921101277651,29.160156501127553,0.9304461425760903,55.53449694427583,57.49723345916736,0.8343344521219545,0.87102507452211,888
20,96,74.41637336275437,29.32177982710643,0.9358634295751532,55.58784004228737,54.96889318686598,0.8235551946809235,1.146886360564064,880
20,104,76.9899994477432,29.65607671724452,0.9417709620809477,54.59005800665872,54.76464727803636,0.8298957926171798,0.9233825998488364,872
20,112,76.2206687340968,28.907872812293142,0.943335943046326,58.031885850328095,53.90298118660918,0.8317397518965758,0.7802222605033361,864
20,120,72.76266493800755,29.477436663068573,0.9336611163239499,52.60496153997515,54.23500507368959,0.8228744105445397,0.9295492258225017,856
20,128,81.59830860149181,28.682717591164145,0.9144786832142102,54.21051014708783,53.64909802929824,0.830007129718147,0.6497440494552936,848
20,136,79.25286469466273,29.142612088593996,0.9328196698424759,56.6921022919163,55.346533285261714,0.8313426918659428,0.7547453645590105,840
20,144,76.42400675577,29.579623928864734,0.9418961006084539,51.53032685412782,57.57914595355972,0.8233083411952256,0.9713867356960152,832
20,152,80.44228728227189,28.912285912239742,0.9449112279560989,56.381938212975875,53.260812808908206,0.8265343611353679,0.49641881423638434,824
20,160,78.80351600344777,29.512139740232403,0.9524656404470132,55.34796522049544,56.6282749088879,0.7995805432454532,0.7754375542868388,816
20,168,78.48586913889213,28.91991212176869,0.9466217853816744,55.08274004975632,55.86748748891196,0.8161273818522485,0.7485207170428976,808
20,176,79.47273563582654,28.5342711962814,0.940122794190264,54.05685313469994,54.972133517444334,0.8341261980839828,0.8857768641422253,800
20,184,78.43970740166614,29.457136063465345,0.9344204205893117,56.51621366701737,55.13975900556038,0.83726621669975,1.0263880231957898,792
20,192,76.23118352587734,28.439349356570684,0.9409992435680383,55.872679153987846,56.769149635648596,0.8406851660578196,1.0450665162970747,784
20,200,79.98803333398487,29.065497677256296,0.9454821411065307,56.94750289393595,53.08714500460817,0.8244142117307166,1.1196662269482982,776
20,208,78.60885776193743,29.337304045498044,0.9574720055762371,57.86105317526558,54.88842813985018,0.820090961921641,1.170172027188508,768
20,216,74.52880714168323,28.7532519881399,0.952843057577514,56.01331196276562,53.34932077272848,0.8209349699028577,1.0973586411348362,760
20,224,77.08713407422954,28.527084638508637,0.9412411712790518,55.32939569712288,52.547793339525334,0.8001500920444758,1.1884677889425397,752
20,232,80.39439379952209,29.413230664057743,0.937343173737502,54.98797826947001,53.509321653513744,0.7951748776829303,1.33273933691681,744
20,240,73.12044524674432,28.399683080751725,0.9423695270700627,56.733536436263826,52.0920191008314,0.8286937296544711,1.2266952101254769,736
20,248,75.59066650338575,28.7461502975279,0.9531981957459348,55.52103304872479,50.374522828523844,0.8177752218028865,1.208789850444861,728
20,256,77.56233742819221,28.16444878192379,0.945585478807639,55.1552505217956,51.809714743692155,0.8319797702470103,1.2734820979992416,720
20,264,77.75980424663211,28.10699599131692,0.9219040257141988,56.2468429944616,52.710571384059406,0.8062388412385312,1.4538566569779328,712
20,272,75.95142972237802,28.373677581210266,0.9091587408319184,54.448296276787886,53.736519541208004,0.8251616907489481,1.0663746191084782,704
20,280,77.1732281997805,27.108956336265678,0.9111840008577823,56.19369807932346,51.192797005677065,0.8250140452100213,0.9549054546977205,696
20,288,76.27636379927362,28.494371988749823,0.9200994921100176,57.98461120760602,52.66319005563039,0.8103832827809969,0.9645745695451601,688
20,296,76.17276816901521,27.467553006274326,0.9180912905511278,57.19605466935874,54.013660595006115,0.8373642648121139,1.1067320266600624,680
20,304,75.77862650054473,27.314385442281626,0.9143827796812173,60.520412944879624,51.765940273195326,0.8197209044769496,1.0276490337968103,672
20,312,74.51898465434857,27.423072474752864,0.9230858659871519,56.511025682767574,50.619609344861274,0.7796546114366874,0.7264029106263742,664
20,320,75.71228563514104,26.7251443659082,0.9101997711213068,55.318841357558526,51.23810688116471,0.8104222985742433,1.0275407954826292,656
20,328,76.40006522734976,26.847752619677077,0.9078833821068728,58.108304645778695,50.75304374083281,0.8106100160278269,0.7635564081492959,648
20,336,75.80770113571646,25.823718863631168,0.9171583136086513,56.55080791711584,49.335723574984755,0.7895360567700715,0.6800205379628121,640
20,344,76.36703637043091,26.967606582870367,0.9043470663741553,56.88809952256036,51.826300437112266,0.7755455252571264,0.8126924823797327,632
20,352,75.40952027385057,27.38768804817035,0.9008852745182407,56.702976283106544,47.16996900731428,0.7920494614143323,0.7228943723865343,624
20,360,76.92373327434757,27.18541370951632,0.9002329203226732,57.34289255128977,50.16233630107241,0.8048537554612651,0.8112627607069087,616
20,368,76.6490613632815,25.86189061404467,0.8963821444535657,57.497417743825864,46.8103881784875,0.7834796709716262,0.6452551515270338,608
20,376,77.03480351479973,26.749771372368013,0.9014705307574846,59.78578839268756,50.35008593886155,0.8182878001819992,0.9486475644136872,600
20,384,74.09542141788803,27.066032536120286,0.911980920442714,58.276367735330794,49.040385826945894,0.7974694098608325,1.2170071896212973,592
20,392,70.96724531419791,25.503391010899833,0.9021938000279356,59.37267553452667,49.95207434257491,0.7805046139679245,1.1782752324921584,584
20,400,73.80339697563912,26.421420928326206,0.8806830694915457,58.11934446532938,48.62213203822461,0.7781816977154965,1.2359795777068519,576
20,408,79.12420247080536,25.79745255660137,0.8649583054650751,60.31423851673733,49.57092838206733,0.7843496614746027,1.475634337365728,568
20,416,73.69138812998361,25.864828850615204,0.8727916313579914,60.47010366500767,48.42795629078463,0.7982559100604006,1.1497132282382148,560
20,424,81.5071547319206,27.12795051970514,0.8696692460920322,59.19010670876325,46.35032491036532,0.7866309436923358,1.1500495887646782,552
20,432,73.35637781715083,25.789146263080486,0.8872250787627046,61.55573542832791,46.10752640849952,0.7968969038035429,1.3607043314044125,544
20,440,75.97355920573688,25.662484825298318,0.8759839774781715,57.553229150788056,48.43118426520283,0.7753772136156251,1.3983984856637914,536
20,448,76.9352563606269,24.69451921193141,0.8732381788752653,59.25787872854106,47.884069246051055,0.7782851577202169,1.0366500750093488,528
20,456,78.39720250346227,25.649543137075707,0.8755814870419808,59.93174597863263,49.68388488017561,0.7797241283453287,1.139738603051438,520
20,464,78.58368844366596,25.725376549155115,0.8741661043834634,59.97261116100766,47.1060248703303,0.7864155581350202,0.8919648004876433,512
20,472,77.92422884765546,24.898534498486693,0.8676381173396063,58.662028038492835,48.76110075280402,0.7474329430373029,0.8662525493686961,504
20,480,78.86149382178667,24.22135634257149,0.8808062516503702,62.980256041407486,48.478006310823794,0.7833348553928341,0.8292502731839289,496
20,488,78.58867684216466,25.648968742769487,0.8822204241645177,59.50608845616602,47.682119006614705,0.7642843718838372,0.8627624494420054,488
20,496,85.07608420432143,24.90257447526456,0.8906983906670366,61.14354424732163,51.3390487886495,0.7682947080079012,0.5799038836924948,480
20,504,81.60786525925897,24.680329912370023,0.9102363996629598,60.89216701015288,50.887177726632046,0.769346823605253,0.3944737690740632,472
20,512,79.0530054794335,24.701576261788386,0.91374025904071,60.35654712410458,45.428463994368315,0.7701267850845873,0.9892366457346746,464
20,520,82.81091712841535,24.792710916582454,0.9126604753562779,61.79948616042967,51.88058575890581,0.7980754513557973,0.7851180396699429,456
20,528,82.33926058273036,25.238479615010338,0.9229529076845822,61.246152514251264,50.90880847319492,0.7839838612314971,0.7273764836727986,448
20,536,84.28401072907214,24.42106105570333,0.929691350467644,59.072678845591675,50.1889329751329,0.7664310154205185,0.8365522404258412,440
20,544,87.74951040288134,23.3279555406824,0.9230713044557136,61.012864299095156,53.54179336583665,0.7593254055489665,0.5455753034541756,432
20,552,83.0666645821879,24.788624488049333,0.8954177615534208,62.63852672422511,55.92463828140596,0.7423678024182059,0.6830123971345415,424
20,560,88.2553411984774,23.845292374637502,0.8989736267398145,60.679767795019956,52.918791460455104,0.7811023271582652,0.7777365626924023,416
20,568,85.09986339937024,24.282531553200048,0.9001870483506021,60.40395968020591,55.2403274208909,0.7510463262796584,0.7696507278547577,408
20,576,85.35271712913614,24.07248633819062,0.8930053841139384,58.479085789988,55.64660280595908,0.7628762935164948,1.103913871878846,400
20,584,87.39968877917916,24.481171521620364,0.8907583670765556,64.52282336503936,55.95966798033047,0.79134538786222,0.7658503456181507,392
20,592,84.50784948891177,24.57353030310505,0.8863133657253756,62.14828725678702,57.320499986270725,0.7440279515211611,1.2357851222778535,384
20,600,84.43486699437621,24.71340145796721,0.8807646804125218,62.71113567131007,54.34740542744267,0.7777719444394138,1.0150029513650844,376
20,608,90.34664689729172,25.782513490516326,0.8774854218331557,62.01391822722339,58.37709815952515,0.7358082744930522,1.4355371081388089,368
20,616,90.34296570314649,24.688511535974197,0.8590266916375248,59.38041991282003,59.34192072044243,0.7365213232022849,1.2054136104481796,360
20,624,86.84854630267424,24.10413702285462,0.8408933959199968,63.77705308652939,58.557288184573544,0.7704051499286937,1.3589651573759858,352
20,632,89.12549942803345,24.10933961971293,0.8452120685433623,62.74238321902093,55.24203594045983,0.7401620227879774,1.6379110287172085,344
20,640,89.30237043798354,23.78999005031925,0.8368255339202997,60.09736417247716,61.93069136331714,0.776263317806604,1.3788612207297049,336
20,648,88.74480276364605,24.063700823262334,0.8379818358252771,65.38943270306152,61.50478923102257,0.7325564226907727,1.1472196114126039,328
20,656,89.22494689075583,23.686974371578614,0.8354006025806527,63.915323027311736,58.966406149836665,0.7553950431768386,1.0870803005260128,320
20,664,90.48212955659498,23.522711965752325,0.8237667994552116,63.37277035505587,61.43794810422139,0.7147242265475402,0.8770467927999678,312
20,672,91.35995749596282,25.57850845870544,0.850929136066229,62.8607374529592,64.138214741971,0.7480949989768507,1.0723420048915764,304
20,680,92.17810378268511,24.013764165973313,0.8633651834563917,64.1382654364944,65.1909074100909,0.7121356834699539,1.196929711530046,296
20,688,91.89709276795723,24.771002198435763,0.8813250278328767,61.78473829698972,56.17543691519102,0.7411315325212781,0.787072434446493,288
20,696,89.18964883374376,24.613415304947637,0.8904789655383913,62.998977282458696,61.88161038170125,0.7563166698123661,0.9302500850152242,280
20,704,88.4557540748202,24.53642580062008,0.8899168796609557,62.679455894168164,59.59812258775477,0.7583865806567122,0.7170859410464365,272
20,712,86.49018048579211,25.169348443742166,0.895047748850452,65.16268381256401,61.55205915738679,0.7535772734817978,0.7643472395376992,264
20,720,84.88554600821271,24.401138462710232,0.907829924275561,64.93756998770262,64.03115100112473,0.7485387507195408,0.6761535994518229,256
20,728,92.10556185582475,24.945836721376185,0.8918671373688664,64.22923535250284,61.36361876385327,0.7386351670932442,0.8633117866453753,248
20,736,89.62704325617177,24.967467239239035,0.8863507768203894,63.60102616197008,62.329951156750006,0.7536075531546341,0.7913680071153972,240
20,744,92.86562210611744,25.110065282431137,0.8912789313582098,65.24275873837276,60.52727203225804,0.7316751660679713,0.8753458152617322,232
20,752,92.38832561584064,25.66032116759158,0.9032694168829173,64.55770061736224,60.21218092473127,0.7308632729322787,0.6657562621631762,224
20,760,89.88713933301828,25.020002894274125,0.9021766791479419,63.73525028666802,59.45915366113244,0.7139479077875686,0.6631930598008551,216
20,768,89.30387311779039,24.06925568346928,0.8936672733715484,65.13143112862228,59.539754436129904,0.7222288386362696,0.9536080237010449,208
20,776,83.43451686247721,24.744370685569617,0.8902225835026989,66.46161747425144,63.25370094845149,0.7115536308528474,0.9428925153444186,200
20,784,87.63211635263143,25.412392410924877,0.8573883785717596,66.52738685373893,59.98960970026387,0.7624209093865005,1.2872690801294606,192
20,792,92.00156563674224,24.68489008486486,0.8548491050613609,66.09190516391327,63.47701613251408,0.7322582402061507,1.0909064462750226,184
20,800,88.47259222416686,25.8424523133613,0.843869555197115,65.94291025721901,59.25962167341172,0.7345179533066967,1.0719493770724355,176
20,808,90.31978334367435,25.557161920233565,0.8256772613475728,67.98702814366679,59.976017446279734,0.7479868955135863,1.277940501870775,168
20,816,87.30540952302499,26.107259560434745,0.8494828249378135,67.89419418116438,62.30572423062178,0.7262660421182289,1.5014943352839047,160
20,824,89.62717017445581,25.550237205958993,0.8376783596973977,66.25478446098865,58.78364549415517,0.7207174394724488,1.202100949490823,152
20,832,88.77475982788822,25.445700773639434,0.8424030489617986,64.94576585713199,59.125444738703514,0.7529733512752905,1.2898129536869454,144
20,840,87.45871506562293,26.13107755783702,0.8407642127254877,68.21968878981949,61.44490796283184,0.7307095037086941,1.1930374108696602,136
20,848,88.03840794234688,25.75472120861612,0.8489540146761984,62.9734412059352,60.1052732780156,0.7380721160726201,1.2628140834677255,128
20,856,88.61369249615305,26.638398999774328,0.8400495800123648,66.24209556687694,54.8364610479154,0.7093524801495025,1.0676362067349185,120
20,864,89.07796772871971,25.763723628524858,0.8480265553156362,64.0683152606397,57.06507729731804,0.7475247377393979,0.7920858629668242,112
20,872,85.70265886016186,25.712370449109034,0.8536585158991302,64.03792526777465,56.677040119638185,0.7103639451436637,0.6280878390523086,104
20,880,90.29375533257314,26.035022794093628,0.8495728866635595,69.97249549643242,57.23093852065111,0.7078494226649954,1.0307452110662694,96
20,888,87.30454583471449,25.78059586870403,0.8638502608485702,66.43039220420007,57.18148796845818,0.735962502921921,0.9406517148885436,88
20,896,89.38761739668965,24.876475977252767,0.8719067405572423,69.63691813513097,53.94728056553571,0.7372741058121105,0.8658084218129265,80
20,904,90.50017558612106,26.720030169483913,0.8789073661366137,68.41706306715267,53.540778684351814,0.7313670613292477,0.38704154033260557,72
20,912,90.6768538876474,24.35069866087161,0.8853093899035511,67.07560794506759,56.88290623547622,0.705491164986803,0.7447809885404347,64
20,920,90.06891878905284,25.635902145420086,0.8819893734800197,67.03004888452897,53.84429366331631,0.7232095325748433,0.7512385261167035,56
20,928,88.19055419456917,25.04153152260878,0.8855071993852861,65.97396094055144,56.677217563364316,0.7594231467268745,0.9553693014231155,48
20,936,89.2059631344804,25.62618530636302,0.8916822916405525,64.77181592848835,56.81675508685869,0.7168688430176139,0.5897043960591597,40
20,944,91.08006466173237,25.46886638667588,0.9044856928702703,66.40552189587089,57.77948502878619,0.719262740813806,0.8203858095300012,32
20,952,92.04232686243446,25.217896290366582,0.9043705599627979,69.22840032875773,55.23919780094875,0.713610534431987,0.8692370212748695,24
20,960,91.43490164094581,25.745622753542673,0.8848746622025626,68.11599146935356,53.57998343916974,0.7361623147329597,1.0281738324934506,16
20,968,86.73727031325944,24.905521709799746,0.9010402658719364,63.933661373621696,57.33906321296091,0.7048760111053538,1.0732007458372148,8
20,976,92.78480025196212,25.49300107675673,0.9198861996472061,67.14779757987365,53.261479025282625,0.6947219142178447,1.0687058355334522,0
21,0,67.49664308376227,24.2673715886384,1.2791635946910387,49.38456487065528,53.67826227026973,0.8854648274312044,1.1919607081059986,544
21,8,71.28693128804065,24.60447733646064,1.2713486367682059,50.50916888629158,53.34319539509118,0.8596412197416772,0.8837701545205592,536
21,16,71.4576104728634,25.44981767141673,1.2762071875385226,52.64031891774627,52.58596244751425,0.8913821458867651,1.2207302792460082,528
21,24,69.4337610468043,24.965468685184227,1.294659923525747,51.94465414445097,54.010626931825584,0.8497803613287748,1.2093611317344968,520
21,32,71.12057242289865,24.153295783732528,1.291779462136118,54.230908599197484,55.46750843855694,0.8467566179790272,1.4719961697754358,512
21,40,73.04453178750732,26.32578398036819,1.2907760267812907,53.827406584075824,60.308131016355304,0.8765206109745952,1.254835257507478,504
21,48,72.65315002491319,25.59453278941256,1.2768027432171087,52.772663530269504,59.34394357278406,0.8745694660613336,1.2956897965543996,496
21,56,71.71124820966759,24.672848290574045,1.2816451837257166,55.310688364267534,55.45872440516637,0.8401503808345152,1.127610514756379,488
21,64,75.92615398732225,25.812576131876916,1.284533716985827,54.28914495628035,58.7847167608258,0.8481559636187479,1.3949195130294623,480
21,72,74.51622416214083,24.303733051480908,1.2883082332190023,53.86529936563124,57.33732398794558,0.8556887690525685,1.137338867194971,472
21,80,76.9655038927202,25.75378696968425,1.2915381149705294,56.040781770042265,61.28816177333354,0.8517025384653147,1.2427646146768714,464
21,88,81.67841426778575,23.6655554466859,1.2868779633062257,56.96088169176778,63.000258948088806,0.8236827844804379,1.3912209263732311,456
21,96,75.90075850647415,24.737054787220792,1.28908168964696,57.64735875605826,65.78713733559752,0.8279928409075599,0.8461324002237601,448
21,104,80.59183540095844,23.321892550219452,1.287535970334509,64.797211133275,62.650898227350915,0.8107726028685309,0.8730367706536004,440
21,112,79.6325400707131,24.02831605479723,1.2884908404540372,64.00897356036381,65.76255436269558,0.831319154885955,0.960640245980079,432
21,120,78.34137278154947,24.123015051515665,1.2858697884834884,63.78368657175534,67.04061547352218,0.8239081360281781,0.5619502809555821,424
21,128,81.75413953683164,22.778125840176195,1.2924694588645114,63.78644560448787,65.77744570544024,0.8308798041828391,0.5478135865163453,416
21,136,81.90876068286774,22.76747899963716,1.2917097610828423,65.80745730516146,65.0542470126211,0.7876015424488931,0.7139067573677227,408
21,144,81.80683431642291,21.580070175169578,1.296060413478107,63.46510114853323,67.54240217113068,0.8102333859915366,0.830956743102199,400
21,152,83.64483045458566,21.2314125124145,1.3112808887795222,61.019640362183395,67.96060450243857,0.7688708561219256,0.6644946706193492,392
21,160,85.84858695884378,22.503169645521243,1.3083897984036865,67.07453011558735,66.61655008035822,0.7884883873600024,0.7931209271758038,384
21,168,84.15001422615865,21.37911975025361,1.325963950368271,64.12948238845385,66.00024034813714,0.804814994928055,0.9819158745611959,376
21,176,85.83262137846603,21.106333136808082,1.3197926850112982,62.089077926255406,67.29793664511108,0.7927795478524402,0.674938609908909,368
21,184,87.38126855984011,20.593861088805237,1.3044630053798494,64.65535794252511,69.80155052047868,0.7743348308057422,0.9919100798953093,360
21,192,84.84757380403835,19.881783194634405,1.2981052571582894,68.82199549609442,64.39796949024054,0.7680445992855051,0.9285001815969451,352
21,200,87.39102895543304,19.510198684197196,1.290322155070662,66.73756054144367,68.75688557094722,0.7770080894627944,1.2984079875952053,344
21,208,89.86250683956033,19.257624135805045,1.3012737639417042,67.40107908262624,70.20383756685146,0.7360554343560033,1.1996990267655445,336
21,216,87.26562749984105,18.00595108936702,1.2902972468012852,69.10691831853464,68.06989132225787,0.7247817432236332,1.0369481509735228,328
21,224,88.73293433457692,17.892194527264113,1.289757200837922,69.59123473758495,71.25362545439225,0.7539564502309395,1.3673402525864788,320
21,232,88.34228808143305,18.91812491243326,1.2820188006838302,69.3901303628443,67.85846275986731,0.7092602547865202,1.2005567546047624,312
21,240,87.90716793497621,17.611638615611778,1.2884225414209098,69.87354561540133,66.68545620473336,0.7540577556384287,1.4465348796718147,304
21,248,87.89767530983565,17.595710579758716,1.2856600585587052,69.70853812270802,68.95674587792479,0.7403622734035346,1.2312378546813585,296
21,256,89.22217652248807,17.36599719414943,1.2813074170508554,72.00932777250632,67.34051673929167,0.7177920705318174,1.0846632255514428,288
21,264,89.05737013147825,18.05885638602858,1.2803459904235952,70.49139404251724,70.38035966445621,0.6998148567410872,1.3921684789110336,280
21,272,90.05040096966898,16.895470962736027,1.2856642488669496,71.13222618820991,69.62624383275141,0.690890580274936,1.1478535175761038,272
21,280,88.86576271213656,17.244361247694446,1.2756705911869952,70.43582216847594,70.05775593330728,0.6754086274207577,1.2080809619888657,264
21,288,89.54968963924448,16.14357936069249,1.2587590172230854,72.24747276888817,68.91414591620241,0.7005266993373023,1.0880625332282428,256
21,296,92.12503405142773,16.751799425700302,1.2568136584769112,72.66241119395657,66.83068065120875,0.6753232779054931,0.9072086526631049,248
21,304,91.40258049526847,16.609667209697786,1.2695115965599202,75.98722560532772,69.64821802433991,0.6536136556662745,0.9374243640530318,240
21,312,91.08688635066719,16.356755444010442,1.2663806598700103,72.76627786859358,72.60946819636582,0.6623272155910733,0.9319796331507195,232
21,320,95.951353024334,16.896401737236026,1.2607749457354824,76.15785234505448,68.74631383517811,0.6765247970399557,0.6840033664328724,224
21,328,96.47507481690035,15.834385204130278,1.2362236789871721,75.01673814628049,69.27000420464594,0.6850116315255943,0.7430568693880403,216
21,336,95.55319562128102,16.919614988972086,1.2441899629809412,75.97862228911806,70.77223003690577,0.6701625905690218,0.8078699067571747,208
21,344,96.85634999536717,15.710087647878838,1.2391742471692826,81.0770801050352,71.37216623430193,0.6968736742584104,0.7284475763404588,200
21,352,94.15678637608913,16.513619426250187,1.2250929215083772,77.2582271939208,70.80822284147722,0.6553611594862783,0.9256268936144458,192
21,360,97.16912453049628,17.471150707871626,1.2381132537690223,76.30385454501908,68.94475223333092,0.6206354901054671,1.0082803930890114,184
21,368,99.36949827022049,16.92908532718461,1.2563416961641785,77.32305683693471,70.00817634434522,0.6514424812380643,0.8550586898220123,176
21,376,102.46110862009051,15.770644304660072,1.264047291239567,79.76477768027826,71.72162310926694,0.6321203273998091,0.9186798823901785,168
21,384,103.40930910371856,16.304772220702258,1.2656380181094395,79.54580310613346,70.35557282456209,0.6275523997864245,1.0521926556932262,160
21,392,101.19027698601585,15.560580804007245,1.2660447271410942,81.22979633674392,70.45979150048456,0.6303073566114038,1.1265063455568654,152
21,400,105.22365159080675,16.658950350527054,1.2578225887105563,81.21502859161238,69.79191797349525,0.608708162408666,1.0187092966733706,144
21,408,106.96805850105056,15.920827975302466,1.2592472356324445,82.68298093482842,69.63295583780793,0.6223853928127985,1.236807123254127,136
21,416,107.06062692861912,15.978592019540752,1.2512476745343946,80.08531448058334,71.07564036525987,0.6249638065882224,0.8923661877671423,128
21,424,108.82644482482985,15.360702938794553,1.2522958914503006,81.98352584760903,75.50395485282057,0.6270869327311743,1.442391258711517,120
21,432,111.4184463446864,15.510441388645926,1.26012128853229,83.54705034143545,70.41333041628612,0.5955135687484795,1.1275731918811736,112
21,440,110.32720649867396,15.448731515594215,1.266463303188336,84.1377744505711,72.13759175655969,0.6201071859062791,1.2648687446964804,104
21,448,113.06151118995733,17.025666505755545,1.2487753017503038,85.75591033617722,72.93803661793328,0.5842969128714085,1.6353139404742139,96
21,456,112.1613307532063,15.787083005094091,1.2581630591935853,85.57998016000178,76.42154620609618,0.582422810459013,1.3298798407402617,88
21,464,109.12239350681646,14.499012669001871,1.2576728222064257,88.18221279220482,76.55850195146766,0.5755023870137903,1.2443683801842653,80
21,472,115.75478889423113,15.138849415713548,1.2489814823265484,87.71477494240675,73.64735968284356,0.5895205990349035,0.9462093549874251,72
21,480,114.57958389015064,15.457630026433586,1.2400483078450686,87.85042963408324,77.44182400225164,0.5905307467970451,1.0515609455712767,64
21,488,119.70610241148862,15.183040705746754,1.2372759804641755,87.85427595200348,74.22039971418776,0.583789488385746,0.9159444758470777,56
21,496,117.0775279713454,14.029213759127574,1.243912486704433,87.78694131868274,77.46758026751007,0.5630307268649897,0.7133355558508534,48
21,504,123.27515280807374,14.85505844701478,1.246746471730628,91.02347610994553,77.88109003967855,0.5541908054115334,0.9091181313598461,40
21,512,122.93152399916161,12.939078146233175,1.2524290264629212,90.06427676169974,78.37389282070475,0.5475566544854574,0.569597296423432,32
21,520,126.84913907972043,13.229373700797487,1.252522838109475,91.36277175259043,79.98934334454383,0.548945148371836,0.794783527322982,24
21,528,123.37649761361617,13.450056884669408,1.2540713287590222,92.35321501813598,79.09090298745178,0.5345081881330815,0.803636952929808,16
21,536,129.43517142560086,12.81705338991154,1.2492735929516434,90.83849880255516,77.01892541231122,0.5287923343943612,0.3972058260575371,8
21,544,132.1700057314334,12.45319506430877,1.2470404069736534,93.10728786213227,77.3204575000308,0.5063269826623302,0.8377960310744812,0
22,0,80.36650060870463,25.344788406532288,1.0287013222545585,50.0649856967655,48.010596523778716,0.8447029456194807,1.2431456658945201,1208
22,8,76.73104963819591,24.629814658392476,1.0530173767071007,48.83781584208382,42.86568600459209,0.8848602175831318,0.879298100621478,1200
22,16,78.97479516768328,25.41824995973955,1.061865930212691,50.28258885569562,41.24608778320907,0.8652723711384488,0.9297903217470164,1192
22,24,80.59104684581901,27.010354561331877,1.0389506401766944,52.51092363628753,43.9810804244937,0.8936564555584512,1.1944317801176036,1184
22,32,86.28705686995792,26.248838694229345,1.0316553641279982,54.46331503235237,46.9629711760722,0.8462895444521652,1.450225620113824,1176
22,40,81.96524010884825,25.720861036200827,1.0326099357868896,53.32336618415691,44.9449258272535,0.8611783870788362,1.2897835587993756,1168
22,48,83.92380428417033,26.18477090705143,1.0327689181094313,50.625033282704365,47.64863496680283,0.8517458008439165,1.2823862485845752,1160
22,56,85.13716454236831,25.633022714690338,1.0265283426009502,51.18123505675079,50.70970192735521,0.8931736761156082,1.3620932643401298,1152
22,64,84.35081423688435,25.213780713176913,1.0308949778106966,53.054810297175464,50.96244601208013,0.8629892983762493,1.1738446384038794,1144
22,72,86.82624397793897,26.378871346559432,1.0382772087628556,49.06076088394456,49.719363905843565,0.8761718227283382,1.4889140717023563,1136
22,80,83.23080815039307,26.817762160997074,1.0511307883366112,52.61778861129554,47.91397327817499,0.8633808168964555,1.26840963164237,1128
22,88,85.58288399489653,25.90227296305276,1.0612225429303026,52.89991833705049,48.08265657145518,0.8874081004527351,0.9779772155381486,1120
22,96,86.83024819824227,25.876958828883886,1.057623294344426,54.202041226599206,48.135823200262735,0.8630509551392925,1.0043244504605646,1112
22,104,83.6650980447403,25.111266128822272,1.0561636031439539,52.87755779777601,50.361968271291275,0.858062952755341,0.9685014280857758,1104
22,112,82.94801576485146,27.57389954855134,1.0704364621738713,53.916355099046925,53.408286843639445,0.8888265253630485,1.0273772330402502,1096
22,120,84.38039770325102,26.69681682750415,1.0869120248649111,51.31032898474423,51.94063597135711,0.8362666989367853,0.9314733669328135,1088
22,128,88.31477166443385,27.38938986797598,1.1038494757173951,53.793733045661284,50.18723939385508,0.8668482176240526,0.8316526931399284,1080
22,136,86.35991991853085,27.247086906944364,1.1011628960948245,54.342511451954664,51.8247938867356,0.8562477690311499,0.606422305866998,1072
22,144,85.04720988621264,26.775373177022885,1.0942522878477237,50.62713865073166,53.291267719231065,0.8398645008089771,0.8546997720402464,1064
22,152,84.80216832973602,25.746588310143952,1.0931779044573586,55.9452812271568,52.84892140871782,0.8416062311850342,0.8501032717373759,1056
22,160,81.20854895971503,27.058736261881005,1.106461823445985,54.7668993537727,54.03316563326969,0.8625808037871316,0.7146377602766141,1048
22,168,86.93119567405759,25.86056731011535,1.0803687796666652,54.742826841047055,51.18678237401676,0.8559838902227014,0.5742248935404928,1040
22,176,82.71601104393714,26.05401255400549,1.0865196991111905,54.122319174184454,50.71165120729251,0.8648855758420685,0.7990212108409801,1032
22,184,81.19661882676675,26.65966727955261,1.0847364340177712,55.102391924031885,54.267087518714405,0.8314487109156032,0.9444038490821246,1024
22,192,82.97875944781417,25.394685611531962,1.085435936072511,56.27304756534088,52.975731240954886,0.832703796682529,0.7233461675113273,1016
22,200,79.3869543603361,25.944191885346346,1.0897519749482585,55.87232339797086,50.626048627105725,0.8564507275391209,0.9250028639658711,1008
22,208,78.40077250443848,24.892109017228805,1.09701178957777,55.096575305430804,54.68925941066358,0.834080109936157,1.2139711752416784,1000
22,216,79.16344876433001,25.38087159289922,1.0979796264833728,59.09361965333239,51.49171124139585,0.8404540732353621,1.3182851012204857,992
22,224,82.75309386706171,23.985774978163327,1.1026955426134055,54.05509024967233,49.73001139362691,0.8329158015692194,1.122412437308254,984
22,232,81.71089129243643,25.34749966380368,1.1128785323785055,56.5835989031697,55.02652906293962,0.8437407827899341,1.2600239324079672,976
22,240,79.36380688012227,24.968018842404973,1.1154173306211081,57.08771614866751,49.49885530375655,0.8132597231082287,1.5932323437901352,968
22,248,81.31777785384543,24.11648650135685,1.121393832492673,58.21637497739623,50.21906797540725,0.8272928178270231,0.9764431685669639,960
22,256,82.8724569978745,24.741270202305465,1.112906328638702,56.88483283622402,47.351887568552726,0.8289869930303261,1.1925655136914732,952
22,264,82.99966535821649,24.774301251240797,1.1073779507283912,60.6376658713827,52.03312750587419,0.8384529677385959,1.313293243578058,944
22,272,82.20035665119434,25.85522243250537,1.1121190574261157,61.95244732222185,50.51677966968577,0.8585742913946188,0.9930919562464635,936
22,280,79.23920587673354,24.733940982321236,1.1064247365676874,64.74803494166069,50.79083268136278,0.8038203221083203,1.1463429689466733,928
22,288,79.46663784722413,25.151283362436104,1.1228221847810433,62.86962575167126,47.36213435837864,0.8213559614504498,0.9229029474735142,920
22,296,83.52925681748451,23.327150211614473,1.1342069709985827,64.79204943734607,50.48928626124745,0.8065090234275719,1.0361043727127641,912
22,304,82.86161762065562,23.378358282192167,1.1466904532860367,59.4345337376187,46.32527747932026,0.8193816822456826,1.182174434703013,904
22,312,87.56063098125041,23.45065579441325,1.1504057316760303,55.96473115198417,48.583326185187914,0.8185830912187338,0.6289323901565207,896
22,320,83.06591715913001,24.97866304454805,1.1429465548366717,56.045737912485095,47.80746004614117,0.7989178124241872,0.5435735753415192,888
22,328,86.62831808143443,24.253238913086765,1.1520294639368753,55.81067990491703,45.4521403750473,0.8181909237337066,0.6182732362690354,880
22,336,84.48255868398263,23.23135626643178,1.150381084677657,58.721220598963114,48.05248751923186,0.7690830739382462,0.6744837685503067,872
22,344,90.46029771354748,24.48854103113319,1.1676855092436382,56.46515209824093,50.19861785944665,0.8330583898759265,0.9092581400769546,864
22,352,85.97046059473821,23.679315057852367,1.182063529166709,57.48885666114943,49.989426652348925,0.7923094588307227,0.8626846852187284,856
22,360,87.90593929865089,22.857056371364607,1.1711038130827667,57.128302925632845,48.519817376249584,0.8034161263668547,1.0732596197205706,848
22,368,87.3681652199345,22.17342501920653,1.1608844670621796,58.71791980572803,49.07894870136216,0.785477095239178,0.6211481874858401,840
22,376,90.35386027489355,22.215773707283624,1.157422896422491,60.11540650096263,45.530701084823306,0.7916758890332504,0.9671201976516616,832
22,384,94.41834541756977,21.583321743581784,1.1564105352725211,58.801778806943865,48.22025102301416,0.8141799476471753,1.0976132339345457,824
22,392,90.43384226733363,22.856781699699876,1.1525806166329755,61.96381086154246,45.542281483687795,0.7886960166860117,1.1788512785172678,816
22,400,90.03422186602741,21.053767307678275,1.1432782379135435,59.44590881180575,46.33541877353964,0.7935299209968782,0.9892358515463562,808
22,408,93.6442042857479,22.11344072124225,1.1437636399793896,61.536632742569,44.92867937478089,0.7778504365542377,1.3251855292146602,800
22,416,92.39814336084595,22.83638460852529,1.1433338384961593,60.94853919280823,46.3653618882127,0.8066404908452617,1.1866197297035845,792
22,424,90.58507046260412,21.41014315702371,1.1406476722902041,60.030848898136114,48.11352459636877,0.7728693968571938,1.3833679818334421,784
22,432,90.40783691976891,22.56272842149725,1.1378688503242784,60.091142717234675,48.69760362602561,0.7935574933255559,1.5461579410659445,776
22,440,96.83994009744818,21.989129646977265,1.1368554904076242,61.70402793565545,49.27353871343739,0.7796633491511061,1.1377596863630637,768
22,448,93.89173552576669,21.35454225213416,1.1303397167297367,62.554770313845026,49.03557886871544,0.8010127320557279,1.185144143976461,760
22,456,96.11878398808567,21.076735304037857,1.1308241500538483,60.38858049666552,47.69692602613609,0.7733509525709327,0.9609798060242667,752
22,464,95.51016704214814,21.52488759722632,1.1336809241672376,61.75846124047904,47.35474414939415,0.7772868007265971,1.0019063816165,744
22,472,93.93348663105019,21.136900373761357,1.1268030629958234,60.092181421573514,49.971542364570894,0.7790290230460738,0.9593095105384367,736
22,480,93.03157806223521,20.75831190713407,1.1324812854437032,62.59438004364458,47.129255348605994,0.8061972078103782,0.9001518583777346,728
22,488,95.5025363247817,21.37112551378224,1.1349496688607215,63.00238960086965,43.17574565714409,0.7923094679691698,0.9578442963306163,720
22,496,94.02815911114082,20.31853739882282,1.1438041375001256,62.410312241661224,47.78307912608472,0.7828991514840984,0.8209817381146257,712
22,504,90.46488972191233,19.273980745541845,1.1414435717550024,62.62848806833313,49.153236219253245,0.811911553344264,0.7670051364889958,704
22,512,91.01187146434428,21.43594296381596,1.1341512333241979,59.69330618869344,49.88112877860426,0.7674381788892191,0.7109446744129523,696
22,520,94.30565396839812,21.121320683873027,1.1327251825482059,63.51012062303543,47.685582936157516,0.7728420232408746,0.6927030107749248,688
22,528,92.74422999718637,20.357908039477994,1.1208358382086436,62.148234026041266,48.40205814731247,0.756341059397531,0.48029008418456565,680
22,536,92.5868395704439,20.33631123082448,1.1229089459571697,62.57327409871765,48.822865298801986,0.7749687226694153,0.7024188640763159,672
22,544,90.7142236715777,19.786084668800324,1.1121928980344107,62.38308041657177,51.486163704158216,0.7548609307944376,1.0285697532492752,664
22,552,91.29609938868981,20.332188436475178,1.1152061107799542,62.13297147083214,48.09276636050243,0.7670915980148988,0.6877611999757635,656
22,560,90.80430265404662,19.542701822798723,1.1206664907686694,63.8235843392925,52.84457267460552,0.7570039858830284,0.9665836440934548,648
22,568,90.77058575718554,20.027577994344586,1.1318761145387408,64.65068929648496,49.88768006580393,0.7573756603317873,0.9489913005118823,640
22,576,91.73351466657932,20.336918204046537,1.1489102263561968,67.1984547670986,54.525594852390306,0.7517024574011133,1.0943744044232404,632
22,584,91.91121525431964,19.7179924324346,1.1564910187657884,63.87411770232275,52.209354667857184,0.7743432072308423,1.0930114851476322,624
22,592,90.85655408326987,20.182523820259583,1.1574287442148337,66.8272117554956,55.04087414945316,0.7490790058361552,1.3669414095906844,616
22,600,91.2769198968046,20.260589729425668,1.145734992264321,65.87678575583934,53.95497196329349,0.768120037386545,1.3522906713203764,608
22,608,91.78902041429465,19.499094216304925,1.155154574000802,66.36312214482376,54.88647776372241,0.778480542018093,1.2187518181643882,600
22,616,93.67850291989272,20.211771977217193,1.157786458054343,65.5775684907966,55.690125622621345,0.7796033096055205,1.0958415274316082,592
22,624,92.39342044048963,19.334425478985878,1.1532278024324758,69.05333063200841,57.65361267849451,0.7613251745193889,1.362299998807386,584
22,632,94.30482191629979,18.684297316005267,1.1682432477227735,64.6595347961913,58.4293315587963,0.7533127081649135,1.6274776959486679,576
22,640,92.97221688443308,18.70219193052063,1.1713691767166494,65.8364831481266,54.74213344913515,0.7575789631213444,1.2556453750655123,568
22,648,97.90149187358351,19.01760915711673,1.1784707985359546,65.55596743861776,59.04359073341985,0.731355763913212,1.1004529924514606,560
22,656,94.23605970274016,20.543136238000006,1.1678768769319658,66.26131581571755,59.21644855217763,0.7435705121089883,0.9910205239511614,552
22,664,97.01907552144284,19.37545730310157,1.178304097324974,68.05405060807448,59.333870861472505,0.7216711170128829,0.8849995965439615,544
22,672,100.33016536390225,19.120782773151063,1.1783894741772383,67.06111063690017,61.60532594441872,0.7209118663979351,1.1374849056153349,536
22,680,98.36050579621035,20.33129905591558,1.199811337487954,66.49919177018965,58.94866561023459,0.7289834063918852,0.932247475750367,528
22,688,100.64296298632517,18.720830870636718,1.1923861919548362,65.57029189552144,59.287884528761545,0.7289523647941388,0.6167051053902399,520
22,696,102.70222597276091,19.86711549399605,1.205261702092093,67.24403991579806,56.600526414147424,0.7334238382677706,0.9549084240348347,512
22,704,102.81743477137321,19.3712289501833,1.1903675716377153,66.417016315731,63.490073117485835,0.7124625036553183,0.6593126994211277,504
22,712,102.9282974651581,18.704854591611653,1.1922336651825802,66.65281494668358,63.12220817777924,0.690805796893808,0.8010168948977011,496
22,720,106.11486278229117,18.918543257380477,1.1989210266377717,66.60062445057096,62.799364396230935,0.7403222664238498,0.7191328235882339,488
22,728,102.53052348429937,19.625878409459077,1.203329786095925,68.11925602527135,59.01163994450097,0.7050974951580281,0.5798619910169165,480
22,736,104.36783301446827,19.062989978481806,1.2077748775577097,70.01577903745799,61.181463566252035,0.7279095223813061,0.602468881749904,472
22,744,103.08262619379914,19.683021605554988,1.2173092205181877,67.64840667834295,62.701610351981515,0.7323466324369702,0.5745138773848264,464
22,752,103.74994490430038,20.759733127997894,1.232104676693004,69.5362180419718,62.928373196482866,0.6963830609125577,1.235103362718564,456
22,760,106.57741504540088,21.217251822945716,1.234936262929373,68.05894714393551,60.01705772244704,0.6974449286098754,1.0887445011563526,448
22,768,103.77933982529376,20.290925893943704,1.2213316898292208,68.15078021502087,62.16291543417966,0.6901027127736443,0.6833615277636609,440
22,776,101.59911065790806,19.415218271277507,1.2144188066905923,69.54644285621103,64.2917014134925,0.6632104201303526,1.2695612319010467,432
22,784,105.5369845558252,20.67501532891333,1.2387936824832058,69.10803976541949,65.04301728455557,0.7156829703966336,1.2119248479133482,424
22,792,108.38578835032612,20.445036931973082,1.233373763856977,68.44707845782888,64.1469920643352,0.7022599486968876,1.0560550038457044,416
22,800,104.33221715924209,19.564574941221252,1.223249745238532,68.77436608152333,66.01181810467023,0.7062145677668709,1.2352808038192322,408
22,808,106.5741333761548,20.21795849707406,1.2408700483090125,69.67566477671981,60.79821151803322,0.6931239880038808,1.4109349494386678,400
22,816,106.15874893699261,19.371748113642756,1.2518232382810028,76.45586491265163,61.09763148365929,0.6667223282676485,1.043969741081122,392
22,824,108.34511600998158,20.407290199521412,1.2588009063194254,74.6454931919474,65.91221477448651,0.6602708726410969,1.2703306567412715,384
22,832,105.88123866434029,19.802552214193796,1.258075660233151,75.62536443017532,59.996644522221956,0.6725986374626322,1.1267055622546016,376
22,840,107.78442495691398,20.432284723399622,1.2645502081541282,75.99197316113515,61.31344398079867,0.6852035107344883,0.9954278040079156,368
22,848,105.14430435803595,19.432568316183534,1.283350284552331,76.10510219395253,65.88870289933121,0.6975108980107143,1.22409516508531,360
22,856,105.58821741808016,19.03198474782829,1.2805852089317813,71.49734002642354,60.525149519818676,0.6683480442124999,1.176303753632277,352
22,864,108.14417250255896,21.163435692326257,1.2841008671399732,71.51413213208703,60.96221491026233,0.6710745956940852,0.8826684629217322,344
22,872,103.06511913473007,21.042962887592516,1.2870134946833005,71.08823118491301,60.12502309573273,0.6625845447818758,0.7769771535676563,336
22,880,102.22490974289602,19.95241388465618,1.2928412019190907,73.4619163783399,60.75836189899884,0.6876473148145607,0.510720220521895,328
22,888,104.13746803228543,20.280556726489035,1.3081216955543438,71.47738044422199,57.94954442361555,0.6728076650031877,0.8401446181057378,320
22,896,104.63589134870071,20.455535635527863,1.2997676240658087,73.47108905189246,60.27425927789689,0.6836757891951856,0.7064667361497838,312
22,904,101.06156624174247,21.07412256537769,1.2941654212660056,73.9148774293933,58.66102710703033,0.7077656312067747,0.4982070064347851,304
22,912,105.28484305667803,20.447489540558745,1.2876447822231887,73.55224266511868,61.643791410513955,0.7001866044088023,0.5395347130846129,296
22,920,103.40595202501578,20.18175484369592,1.290703248713814,73.2371822350559,56.24226952069722,0.671061211873384,0.45562019500309087,288
22,928,105.1724402779778,20.60070190861957,1.2919169059590918,72.96822830745603,56.00683702384243,0.6956076355179256,1.0816454191120028,280
22,936,104.55370780764639,19.729218239278747,1.274946635440111,71.92953527973755,60.475454569748955,0.6756997909974632,0.7974364651815975,272
22,944,104.40585931342456,19.748244191643515,1.2656517452386742,72.8265774893642,61.154074867502025,0.6875851843725044,0.6850093381351443,264
22,952,110.61679826390329,19.903825600977726,1.278473363126016,75.58455340760932,57.01997134300759,0.6808847038558339,1.1839847935382184,256
22,960,105.43305847443881,19.169939191759944,1.2893079661736635,72.99115465203884,59.02566101998833,0.672292263357199,1.0209785134991278,248
22,968,108.31657067760496,19.727953681105603,1.2886251514510003,75.60648445845972,57.22780787146365,0.6614931356704457,1.1531587894189612,240
22,976,109.91961624022017,18.730367549089774,1.2849683726269046,75.15098071454972,56.34668428501176,0.6524052663833575,1.1845328334217238,232
22,984,107.42164264111624,20.616465216867965,1.2716063590920037,74.90244865793203,56.024401999801285,0.6638672510640068,1.0145118662701678,224
22,992,108.38461979417333,19.56275873312477,1.2701074974305817,76.61508923492617,56.259892093372194,0.658669926644153,1.0827684864012268,216
22,1000,114.90070038333042,19.036843064861465,1.2714986125045833,73.78191741854869,54.52900226575832,0.6409767068647907,1.2613888473473183,208
22,1008,114.45198793096122,19.2790665907293,1.2722246551069951,73.85423675430992,57.261390876946194,0.6994284233063844,1.0642875731038908,200
22,1016,117.12293770142146,19.894074960085064,1.2697473653308096,76.0212772815426,57.148594728113096,0.693042625363162,1.1937077670219933,192
22,1024,112.76941457601654,19.46271178278802,1.2848667455456908,73.30130143207955,57.23883005650789,0.6622840058271483,0.9939348440979674,184
22,1032,112.31835989682148,19.071653876332718,1.2974423869882632,73.93157990572588,56.2768375254259,0.6370661005141081,1.1386463089892847,176
22,1040,113.17819626852456,18.951133249479405,1.304398827992497,75.16025168039018,57.51804696650654,0.6664709582688859,1.0864202587114316,168
22,1048,114.9269322304476,19.245375208178867,1.2954909905623835,77.55642928154947,57.88717625198611,0.6567258543067631,0.9537209021276452,160
22,1056,113.37876948124476,18.234028126524645,1.278694589641489,76.81861630310945,59.50307398128652,0.6456634618124857,1.185419209104781,152
22,1064,118.6165303337894,17.457143860772764,1.2782784971008991,75.39244359614663,58.530214914996805,0.6751333738807194,0.6755199034824845,144
22,1072,117.62982438025742,17.721030059350927,1.2883820423900063,76.40224953493002,61.68834135506937,0.647074925444059,0.7864954101321993,136
22,1080,120.1910669507737,17.807852101837764,1.282693830337296,78.72243545448312,58.10733987456804,0.6644842149920863,0.7427078738364591,128
22,1088,120.39086353221951,18.2138461289132,1.2690494160662378,76.79623571466591,55.900811644661516,0.6658480995718666,0.6840518228427617,120
22,1096,121.24607093313044,17.902027495137666,1.266561850099151,79.32150502633615,61.139654106178824,0.6279950904627473,0.8621363720893661,112
22,1104,120.02424741854843,17.582993679341882,1.2629504472499795,75.9537326686787,58.54235217534306,0.6255989685948625,0.6452924085186903,104
22,1112,123.2325784835026,17.35277220242297,1.272353415111327,79.31292355713745,59.911483513559986,0.6332107085927339,0.6671977518520331,96
22,1120,120.37076887152729,16.891611521005586,1.2698555849798177,76.11910603924484,59.33819386660835,0.6475241955498154,0.8510945167865107,88
22,1128,119.97832791623746,17.13083670477194,1.2643524275760478,76.82382292653703,58.3496815511723,0.597033050920419,1.076457444382857,80
22,1136,117.30541639422225,18.04093403002582,1.2867208543096553,78.87887204824516,57.462165991829366,0.6567066150648486,0.837655179109275,72
22,1144,119.32880336942087,16.134456568910004,1.2953505566860093,77.67238917255558,65.59606343797243,0.6296642957847083,1.0772766359871477,64
22,1152,120.2410728599335,16.9338952390351,1.2992111963217394,79.11907433302206,59.70741062092755,0.5946968645184423,1.0573126700773852,56
22,1160,123.4059075075649,16.27909408015319,1.2848782823717617,79.55881490818098,59.99566928529912,0.6033581674690394,0.8904958924114603,48
22,1168,119.98841417118402,16.493542040793653,1.2993784881221702,78.6813660446385,63.853646771516786,0.6222846436552146,1.4095730916015654,40
22,1176,116.52671276932071,16.971312941467268,1.2958766359824858,79.796521301414,64.53720842041987,0.6156832693314696,1.1570704640411182,32
22,1184,120.75080366088375,15.886628842020265,1.2664350644172409,77.82220740824671,65.97049812620597,0.6039673077241389,1.1109971096050757,24
22,1192,117.78966412030799,15.277247301668005,1.2485446667797735,76.18868912829451,62.147553702430514,0.6086270620316412,1.3179405083180165,16
22,1200,120.01459466946267,15.425383343017451,1.2440635009547496,82.23221655215224,65.08443407887768,0.6053095479873626,1.2476505696031943,8
22,1208,117.78627272979665,15.428647965834518,1.248026641091575,81.16230121195737,68.9369939111336,0.5975972697308874,1.3416337291150695,0
23,0,77.13532956587733,26.362728000599922,0.9808529756595277,56.30723974709729,47.06633868241055,0.8733152219435348,1.0889023358236465,1472
23,8,81.71784731890418,26.573557954631067,0.9817286354552758,54.739987159340444,52.81438596108838,0.8427370350961967,0.9672725215075827,1464
23,16,80.06051029020031,25.698162724934722,0.977954921822657,53.83282131306171,55.97571155724309,0.8690632613929691,1.1437750536019264,1456
23,24,83.08208998149324,26.250289269279946,0.9743242061916195,54.256779966279176,54.27100162991656,0.825134726484857,1.3808654714302029,1448
23,32,79.68840741335259,26.49618896683949,0.9804438569578662,55.715019882849944,56.83325949575697,0.8752179719362038,1.2185700395823778,1440
23,40,80.64700165660109,26.52810606362831,0.9779340496302366,54.53630291372478,52.57011199264419,0.8580583801882912,1.466088159686127,1432
23,48,79.09478255901503,27.028209771831673,0.9808296076844792,55.791716827942764,55.483829964599174,0.8812410082867734,0.9191362918183118,1424
23,56,81.0724647958462,26.479693530573627,0.9726494174119897,55.3294749883208,55.22343545974133,0.8686458402303509,1.307445354191989,1416
23,64,83.68413989149616,25.796868243511092,0.9668890241755325,56.788099638440855,55.027650115339405,0.8261732063891379,1.1968226673579347,1408
23,72,84.11336909288663,27.831554785911813,0.9683795429004131,55.78948094885766,58.20065939736941,0.8465457999016285,1.3210094474764051,1400
23,80,78.63674479672345,26.247248343307888,0.9724083753729785,55.91008469723917,58.12486015535581,0.8833676702369667,1.1903362287361057,1392
23,88,81.38439726899615,26.732312839174764,0.9623217173728137,55.87862698401584,59.13833539092189,0.8387780691503428,0.9516799547589455,1384
23,96,83.49874342083186,26.324232182424126,0.9902806434746968,56.39647199951414,60.305469036448414,0.8594972849660802,0.8110268245255954,1376
23,104,77.92049583247885,27.263224633319627,0.971286999491481,54.93264977703909,56.19503225342041,0.8334202754373355,1.1489840105617728,1368
23,112,86.60411291875569,27.00391532408648,0.9698923089538826,56.39138399764865,59.569528717374396,0.8517185906757422,0.8982692225017547,1360
23,120,81.8634488834877,27.129898630301955,0.9629658332752793,54.988876357130515,59.1921705995698,0.854298003676785,0.8416973792245048,1352
23,128,79.49029790769941,26.441628981364264,0.9630907133328488,57.3674057541715,59.90051714747721,0.8525792519380917,0.7158468631713537,1344
23,136,80.15324722230147,26.582402777052483,0.9676837447460702,56.576101527982104,59.66820188625503,0.8528061147420157,0.7064069400372707,1336
23,144,79.209125047938,26.507542884767982,0.966490009490028,54.457652346688505,61.60410066848324,0.8265506509952882,0.5595666342332324,1328
23,152,75.59345534792583,26.711716838770347,0.9682219172591594,56.554556292406296,59.630860090585415,0.8580931452690251,0.7349236545605558,1320
23,160,77.2294790606521,26.794221526198555,0.9871598421309344,58.71181417218351,59.15297830809628,0.843459374101482,0.9262680652351619,1312
23,168,76.29868378564787,26.03144629558376,0.9637906079855185,54.80699604250519,58.85818024995525,0.8266046510717644,0.8362583476094114,1304
23,176,78.35080063962931,24.982383097389523,0.985494483212195,53.77909416185909,59.42821174690644,0.8381169719177555,0.8416416603759321,1296
23,184,77.16074966640576,26.21121471846028,0.9798057727736824,55.48234217272615,57.44795381268535,0.8519300734652445,0.8421856581860531,1288
23,192,76.7163043892946,25.336010877971262,0.9908675614394763,53.3238917990096,61.22752256410361,0.8436890067799224,1.0484676904892665,1280
23,200,76.75009194138424,25.112846102235586,0.9929869745296455,60.751366780141,60.3483667813055,0.8513916202354066,1.17449344588584,1272
23,208,75.98282019332883,24.716364865088448,0.992174444195115,58.302485489201906,58.893946798096536,0.8474282981341872,1.2776996444093522,1264
23,216,78.38782907320054,24.487196418745096,0.9868975143586032,61.31106962105568,58.89461299147899,0.8291871750303647,1.1801440026428496,1256
23,224,79.58045502710964,23.01055116711919,0.9790801796774742,58.62996144422822,57.17167696882279,0.8411375859904111,1.3754732038421777,1248
23,232,79.13231651930137,24.588709818477255,0.9670244196300581,60.42387701337414,59.04855764342848,0.8403088233008659,0.8707910140000759,1240
23,240,77.60526204638207,23.496706697346177,0.9660664011924865,56.93514883100403,58.82250373288472,0.8227235459266483,1.4018160547606646,1232
23,248,79.88900327975041,23.19441128121271,0.9669509250898181,56.55720037808454,55.85968898820645,0.8157361260139316,1.632098287828285,1224
23,256,80.81881517380089,22.885131066840167,0.9639631549661071,58.350019899945835,55.70951823263038,0.8521968530661695,1.2504366665551885,1216
23,264,80.56778991088444,22.790711999574437,0.9613349777928958,60.1506546597431,58.52585213130196,0.8260906976830574,1.490618999441593,1208
23,272,84.40188333667176,23.009709572570205,0.9665324366313338,56.6639372452622,56.55809265604785,0.8234900712436184,0.966408715724142,1200
23,280,80.98052367534365,22.65267828506963,0.9684127969974373,62.37556725590624,54.748824066481085,0.8349588131169441,0.9715676340785162,1192
23,288,85.43462223698802,22.351256010945477,0.959660266495123,57.20208960161929,55.318174536236214,0.8021278801799439,0.5822328877875653,1184
23,296,86.39241813764792,21.5803156871724,0.9491679154001765,57.348364739873496,56.32197215265029,0.7943714593742895,0.8924879700579462,1176
23,304,83.27987360055515,23.34436136118472,0.9486974259244185,59.84391900188998,53.425736694772745,0.8322868505437604,0.6678243175406173,1168
23,312,86.89803014458475,21.743687252362538,0.9500409941783158,56.87687947396706,50.41619299975676,0.8399729635368277,0.7598050256495429,1160
23,320,86.28011850919363,22.564503413271705,0.9525440368994506,60.201648512719636,51.465243014393785,0.7887336110774102,0.7029931354693869,1152
23,328,86.78859856493209,22.82136058466312,0.9543445467887449,59.4917602340876,51.96134663446436,0.8030853846535622,0.8005370243683769,1144
23,336,87.07623414633153,23.614256878821703,0.9649173755127815,59.90171647203203,55.79920864808563,0.8243568950618334,0.6328166883135725,1136
23,344,84.8034103300794,22.050844476570038,0.9598757267982913,60.41538635701206,55.58192807514948,0.8422722730437254,0.5975218526469345,1128
23,352,84.51744650792484,24.12329307398055,0.9621231313185955,58.36620152847146,49.91130940064672,0.8163143833987386,0.7513317896338206,1120
23,360,87.27495600744017,23.692772583759005,0.9862535231456073,57.256758682104355,50.084132219212464,0.8000540347534906,0.7584661228630579,1112
23,368,84.65298675861412,23.678350351278443,0.9819015110029842,57.92697569216576,52.609906083194666,0.8219467930747858,0.6847857862964584,1104
23,376,80.9372658071167,22.20563538428083,0.9940033217877454,56.174267114196134,50.6606731621511,0.8300157833632245,0.6111495092971603,1096
23,384,85.91793172135503,22.266764489607635,0.9728267080026618,59.28100916833635,49.82673376686511,0.7907105008812197,0.7657492665059514,1088
23,392,85.35375109279016,22.94812263072962,0.9728773887338585,59.31132300347995,48.42945863623385,0.814655374911287,0.8461212145048914,1080
23,400,83.94060559142433,24.02580003635772,0.9687989884824011,57.69903084796721,52.12517655248619,0.8097756343581001,1.1725217984211678,1072
23,408,83.41427255895854,24.25160270059698,0.9648299964215914,58.25737227038624,53.94618177981807,0.8138565730944191,1.0872441015052765,1064
23,416,84.01537730765531,24.193185804116556,0.970028373252681,59.25248045583913,52.09184569221446,0.8133332983890387,1.4437664804144699,1056
23,424,80.6029111322382,24.357426195032737,0.9712571934389375,63.147726149541235,50.991924378164335,0.7922071787879786,1.213568708699904,1048
23,432,78.85094822159866,24.946649519725554,0.96652306769894,61.569226549000234,49.74862356038726,0.7970064066475092,1.2983611623466993,1040
23,440,80.55252153494283,24.764129415700562,0.9633580814130334,60.97934130204858,56.42837814138915,0.8124824438037335,1.1375159842337161,1032
23,448,82.76125902068182,25.142104571644843,0.9688173621459784,60.60003803960794,50.88569713942829,0.8015719961567388,1.1826992100224651,1024
23,456,81.11149067172612,24.34197516302323,0.9777961530242116,60.19463631458709,55.64434888888777,0.7847534641041654,1.0995935135888555,1016
23,464,82.71356091802008,25.424631743732025,0.9833501641630695,59.84286094860972,55.19826852673232,0.7795527648018691,1.1124762464975528,1008
23,472,80.67042011347357,24.70314301294991,0.9820478068897908,61.406766252122125,57.75693471736152,0.8001733335882223,1.300523343323452,1000
23,480,83.60838238240699,24.16067965415928,0.966545514749905,61.63818470955255,51.48351393697427,0.7728529535145418,1.2823631416680117,992
23,488,83.81291559710291,25.745241665100856,0.9754703984248649,62.748962887461566,55.181817006064776,0.7689982559574713,1.0686092566201855,984
23,496,81.96525193798442,24.320045207098502,0.9760394583138116,59.95842817186027,53.458292227278015,0.7658487333871964,0.8286245756928702,976
23,504,86.00905745522607,25.11796053497482,0.9787290843337149,62.831452115679205,57.122824364963805,0.79345581903011,0.8596849789850476,968
23,512,84.65798587159378,24.292896184554905,0.9947455983507749,62.40951799212565,54.649094962577614,0.7894233412613256,0.6261483965700557,960
23,520,85.82735487056672,24.23923843670438,0.9949420360221387,68.20780574275716,55.890815519203215,0.7975112686610188,0.8086392470593529,952
23,528,85.33022878722736,24.775773519294464,0.9895771495156551,68.01809388796386,59.15745738805651,0.7815390976672975,0.7844103679166096,944
23,536,86.93867814990591,23.4717940735836,0.9904262769612745,67.77170644470426,61.64407089435743,0.7873922580285294,0.593640591962751,936
23,544,88.56158461244952,24.950383221078216,0.9767595972309451,65.48690379054041,60.39773875817913,0.7638121498434275,0.8400245685926343,928
23,552,85.41503001773087,23.83428416595306,0.9748647814856314,67.72746278073969,60.08880852861106,0.7681380691030067,0.9791834968574037,920
23,560,85.93167799774946,24.1913850268015,0.9730551601630912,63.9400351390726,60.25291228129245,0.7611453618282098,0.8354516146640436,912
23,568,92.68518730756361,24.889068905864153,0.9747193186861657,63.791298211261996,61.062286172018396,0.786502429291001,1.1318352176783335,904
23,576,90.65217177805381,22.87401600197872,0.9885219847181975,63.34869724783128,59.57656228804475,0.7545578715057344,0.9253804798388845,896
23,584,94.01742500944448,22.599762903392666,0.9876028203437013,66.0385229854057,62.60415577618038,0.7677295609253976,0.9707249090320582,888
23,592,93.44540309646236,22.394947747749757,0.9894861999938088,64.66911002451467,65.92724085782923,0.7613759743398867,1.2526129858829596,880
23,600,89.82288671074727,22.2549023363484,0.985962747438048,63.43881911115071,63.20849713395261,0.7434446192466436,0.8939349713306657,872
23,608,91.17939143986267,23.60914772127603,0.9945341723196186,66.72829559087806,61.63089740391512,0.7794672522406153,1.2682848792901877,864
23,616,93.79695358635806,21.59106344986619,0.9931356103693255,65.63614511525171,62.784856537816964,0.7784002059946038,1.2658667888188653,856
23,624,90.71456178798503,22.715888972120887,0.982194042763815,64.08705814813285,65.50099507338754,0.7758850090820099,1.1899075006521627,848
23,632,91.91405407879778,22.259144404708177,0.9890091981730758,64.87011377988864,66.04264651626295,0.7717586663826236,1.3224718619858522,840
23,640,90.26517967337352,20.975252091609132,0.9806348630509049,68.4987047140182,66.14710513714448,0.759071637124933,1.1009905500005974,832
23,648,90.27812488440368,22.65324499291569,0.98601251937003,65.23358939289346,63.33337000070277,0.7562927828476418,1.2037859603369774,824
23,656,90.54146978129496,22.056338960710406,0.9845985464532758,63.663836680118415,64.81540392051318,0.7514530572841273,0.7648436439449586,816
23,664,92.15620288244517,21.7690917891775,0.9646798082613965,64.37286428167334,65.60937751573807,0.7758882715678501,0.8623191725070456,808
23,672,86.23148177026256,21.378262919182593,0.9707110798665135,63.525103300157234,67.3400904251528,0.7550432113105066,0.9598987264286867,800
23,680,89.02688592952252,21.44936667165569,0.9784797708933366,65.37271311031395,67.30593579202178,0.7452264894024351,0.7677660120412,792
23,688,85.3207841284006,20.852949778392745,0.9706231829040974,62.93351004745106,65.70525708435851,0.7575234513999363,0.6892789276088158,784
23,696,86.73429182689627,21.89206326533504,0.9630586944840851,65.25279033920467,65.80725403912979,0.7527660235970622,0.49929318891145835,776
23,704,89.49229404129984,21.32762691983529,0.9598159064553807,65.03267472616872,64.60590492122152,0.7621645835335992,0.8387674290224177,768
23,712,86.1596226102696,21.048877739402375,0.9626198116084731,66.88041505193259,67.40183240722162,0.7686794573864754,0.9447469529824628,760
23,720,87.3221260351977,21.216534911609354,0.948033768052044,65.53708249209302,63.7994426403472,0.7272324825688834,0.6156447240647445,752
23,728,84.9697311951667,20.54249192563579,0.9506867973074539,64.54769485099565,66.12359714855272,0.7459617561826367,0.6964940022006468,744
23,736,83.82341911793432,21.288327679652628,0.938171351169911,67.06607130732965,62.92027358023551,0.7592161759961361,0.8194149765800911,736
23,744,83.7452613229983,21.992852563829302,0.9494703847482804,64.28638522783746,64.82932379685765,0.7562525969508335,0.7671423302212627,728
23,752,90.05651670575214,21.23388326148994,0.9442433252963333,66.13287198582677,63.58500803899425,0.742346879962065,0.6614437954412564,720
23,760,93.17811158981256,22.00417210135348,0.9487772618389594,67.11326887702455,62.56539849334066,0.7472049243701169,0.9390530953513527,712
23,768,91.80912384676152,21.222313918107496,0.9633683275407096,67.31387793171768,58.55084424926981,0.7517396289999786,1.2080454352918402,704
23,776,92.58391086480182,21.183868233408575,0.9666097025476659,68.01514859337018,61.154212044374866,0.7687530897597946,1.0892871735736078,696
23,784,94.25200154382385,22.398909145947083,0.9641275961337045,67.2359956446323,63.20839393170624,0.7710730738432775,1.1550412609934337,688
23,792,91.1851332309357,20.528597697234343,0.9632940511751663,65.92419214626544,60.08919751292571,0.7484918760866722,1.053444185539911,680
23,800,90.84735672902339,22.041715245451268,0.9546046161124692,66.9151172685185,65.14135356917699,0.7185421112329792,1.0138673333620287,672
23,808,94.27821438463208,23.00826238491176,0.9498642117873012,69.03480431887786,64.14602608302887,0.754653035895978,1.5039994978399627,664
23,816,98.65390368261909,23.068798917554375,0.9560381936649016,68.14518501939166,59.553819172437926,0.7440890456940982,1.45071310638744,656
23,824,94.47857997367716,23.18253741773044,0.9455669374924404,64.66643547604187,58.45839633458001,0.7505753703067527,1.145932572575037,648
23,832,96.87770471048225,22.58251832359129,0.9476183142181248,68.55764913769033,57.4892535592684,0.7465134487834052,1.3895291380526338,640
23,840,96.15067366372938,23.070562372789663,0.9412170745770254,69.73907686571276,60.085588830631245,0.7668417162585579,1.3880852120573333,632
23,848,96.4429650012429,22.246008348302095,0.9438816075530373,69.76790122444943,58.50745675499111,0.75343973248815,1.347565424018888,624
23,856,101.22800853362281,23.41279475137507,0.933793124102244,67.0010465256643,55.84465245196701,0.7547401067534224,1.1546798617332519,616
23,864,93.1228722603919,24.013697713459877,0.9382001431141147,67.90614381832721,59.29013371638177,0.7455836839543415,0.8723204196402651,608
23,872,97.87589993393817,22.87396593269584,0.9353976072658353,67.15853675730175,59.47650576535091,0.7218794740178096,0.8865186360157703,600
23,880,94.90087582762334,22.747206897227905,0.9340716988105883,69.38898199033592,57.924015597109126,0.7472518309136231,0.6161529944205647,592
23,888,92.65364184167301,23.42486101299485,0.9216232696465673,67.23208529257202,58.81947468640221,0.753012754298187,0.7932098299478858,584
23,896,99.45712464310535,23.42237611687406,0.9393763143815309,68.53534328528794,57.762175658368065,0.731851061554281,0.8842810247443667,576
23,904,93.96932586547129,23.47858052402098,0.9364974616727383,67.26479993329335,56.71223260183783,0.7600088310900315,0.6038628527199708,568
23,912,96.82743731329973,22.95411476350348,0.92088943329411,67.33749279833228,58.09136095350801,0.7476142543643269,0.7454327344442171,560
23,920,93.52093756497024,23.3677815781973,0.917221266590212,67.80324295942339,59.547575122171196,0.7461000650568348,0.37529299622048845,552
23,928,97.04695884542697,23.155177413128868,0.922704376384841,70.85294902762138,58.08651386696979,0.7356385166295958,0.8479123152081598,544
23,936,96.77242170208157,22.504427902337152,0.9311503376683227,69.47239325324401,57.879042280273204,0.7350665726003028,0.8775672380071551,536
23,944,91.60483834387631,22.371507367404703,0.9439988203244875,70.40898406329829,56.05440330581466,0.7254167498788562,0.7253204072810868,528
23,952,93.80500158315733,22.045988156840593,0.9570256161054574,69.422278455609,59.327781691356705,0.7610672987692916,1.3104282593976462,520
23,960,93.98901250720677,22.24144700448897,0.9405266808184908,67.61511614752845,61.74983349689963,0.726305741784547,1.353460921069481,512
23,968,93.26470948500688,21.25318915655214,0.9519290166052248,70.42945007599478,58.61101289008129,0.7414587770009673,1.0760356387853338,504
23,976,92.39846276100499,21.789703528544244,0.9414922007121863,69.82923643114904,60.932297391755554,0.7320401790953176,1.112058251185966,496
23,984,97.37715171889627,21.384707928355716,0.9634219660586386,70.326370842618,58.08315580402348,0.7370789283227062,0.7855118967961128,488
23,992,93.79002445904875,20.902364975410865,0.958153677914775,70.28709152017053,59.73721420591931,0.7236320656986837,1.1452176398955274,480
23,1000,94.86410425722731,20.889789795914865,0.9567921635211111,73.5376833665676,57.8804712044738,0.7214823852752126,1.2628647175137684,472
23,1008,92.77214024024154,20.69233342456208,0.9369121391466301,69.10315673317452,61.7038735995679,0.7393188091818367,1.3066248421842228,464
23,1016,95.38631849560905,20.370596580632885,0.9375418509364349,71.31819342677275,61.166823223131814,0.705915140233803,1.133098779833384,456
23,1024,95.13849917328807,21.152417603892328,0.9395745563203374,68.75543722438704,61.05721579867954,0.725481521171031,1.0827455504683143,448
23,1032,98.66177096305749,20.017332574294382,0.9220289569656087,70.82639789565299,61.93320337073547,0.7647996170898718,1.4620871955131887,440
23,1040,99.08304860541148,20.650811599254766,0.9216591467463234,69.553605570326,61.84324781321413,0.7080951443062395,1.2223712155640034,432
23,1048,99.00534772669562,20.720957464928432,0.9265080333567284,73.06716870732477,65.14859351847858,0.7339611176138051,1.00116522408058,424
23,1056,102.34736017540789,19.16608687865476,0.9068162184177485,71.04806025136727,66.19849093077241,0.7047322821586071,0.869131260408365,416
23,1064,98.95536986083084,20.514127197257594,0.8865132670565612,69.7462425236362,61.69942442340189,0.7141757228207383,0.8731750019947058,408
23,1072,101.19939610810422,19.528335704116948,0.8928045238810094,71.87131162104707,65.48744263647899,0.7187295600788689,0.8964951038744446,400
23,1080,102.28495519338878,20.233071501909148,0.8875437321759574,70.71484408244685,66.42238477641716,0.7199069115877782,0.4663327064655669,392
23,1088,102.46428631494157,17.465210053299863,0.8838977501391871,72.4458171392733,68.35465513675632,0.7278627288466403,0.7950288494459173,384
23,1096,105.20903047162527,18.047533311058668,0.8620568917388829,69.47568981001726,66.0470103795957,0.6831991040690519,0.6860987967436939,376
23,1104,103.64716730474225,18.818497370814345,0.8384442930393179,74.10316161521068,65.82469490037363,0.7137447069528603,0.6661990559196544,368
23,1112,107.15136443265371,19.680017283462398,0.8545386471278529,73.48564334417175,66.76182483318705,0.7049133829679546,0.5400928306880984,360
23,1120,104.55212985600609,18.59558931193956,0.8358350191780523,70.80069498671618,69.16897469713234,0.7149931606225155,0.6979304191484486,352
23,1128,101.77512491187309,18.82665263286728,0.8129924654467084,75.15127993090493,70.49709628649205,0.724325724520102,0.6364325322891642,344
23,1136,103.30678666486911,19.02031953625506,0.7947178561423847,73.59462419318032,71.21174330558902,0.7212593089187399,0.5561071083789269,336
23,1144,105.6465799634093,17.66114642759141,0.7663708869016148,72.25348155414922,67.94610837234757,0.703501543768937,1.1305433489990084,328
23,1152,102.03307447478443,18.623772640309326,0.7454492939204878,73.92690167542804,70.72357454774965,0.6953795451212305,0.9153280324894749,320
23,1160,102.20358071385878,19.274313596590762,0.7392018836346145,70.8592624531712,70.90862233878046,0.7005682652147911,1.079824988778469,312
23,1168,104.31852914883363,19.07299238360748,0.7437992987987054,75.0380843084964,71.33758284402687,0.7019282124037447,0.9896970360812095,304
23,1176,102.86403733572779,21.28225099254781,0.7415242825816635,72.81731727837646,71.89471793483476,0.7098272505568884,1.4061953376837295,296
23,1184,102.50307384812774,19.885510403832498,0.7443647337777927,73.61550513926299,71.87912483970837,0.6893893924760621,1.1164286489555562,288
23,1192,102.45871009465414,19.89873427492524,0.7626416221170015,74.79857674426967,74.6061789454443,0.6909064174536571,1.126145235747396,280
23,1200,96.78495109312247,19.54351502588618,0.7534824957826306,76.97443382876307,70.66248717684361,0.6936659013190875,1.1902393004875147,272
23,1208,103.79982679703535,19.02892275660637,0.7507836700166961,72.0741281987048,68.4526034903624,0.66551654298147,1.1616280604256883,264
23,1216,101.78052164606046,20.168837844692888,0.7622655646104772,75.60940740045694,71.82546967147105,0.6969045616963748,1.128995222447515,256
23,1224,100.79645006753012,20.22566124307243,0.773363593058674,72.88379447235315,71.82294485252079,0.6719064147915991,1.3767818815126633,248
23,1232,98.99883258369655,20.051933575792905,0.779319304058648,73.11000670027539,70.94443355511952,0.6848468267685913,1.238090682789453,240
23,1240,97.97204201949619,20.128906427259693,0.7904507801162177,76.94090254920958,71.11122260826568,0.662037776702436,1.2264949484209842,232
23,1248,95.95277864881452,21.343283032002585,0.7819245752014476,76.47563194574671,72.03729650420539,0.7031065156441703,0.7610843693701563,224
23,1256,100.25326450373808,20.25082239643486,0.7802770152332287,73.70771098891247,72.19959284362093,0.6783592748551068,0.7756973413181929,216
23,1264,102.35493117665001,21.221164082530755,0.7810464611180988,75.84947367722913,67.82503387929677,0.6765863666295338,0.9558446723424562,208
23,1272,101.23243634780378,21.01216175231822,0.7783340649324698,75.85206319835247,71.93308061158667,0.6984118712726278,0.8960235593586646,200
23,1280,98.14000752570763,21.104194620467958,0.7804942696952625,74.63232717397769,70.44175470726925,0.6625068349466129,0.8242186761599284,192
23,1288,103.05360637474698,20.677146201806973,0.7746600543668116,74.393997158005,69.00174758150041,0.6528903486858079,0.7811793456316511,184
23,1296,104.74380044682498,21.88034189804852,0.7770747891444817,74.53034615273714,67.70028576611055,0.6721370096470245,0.502328203410996,176
23,1304,106.00496661908579,21.0027772047383,0.7793877088242586,74.53728738104046,69.0437300065877,0.6501799478881193,0.9896750014741236,168
23,1312,105.40035117689425,21.468975598013483,0.7901712154654557,74.89721211308566,67.3366661556466,0.6720396735599963,0.8525504279515783,160
23,1320,103.40375701260369,20.66557939399806,0.8015181504284568,77.27508171891814,67.53078670028275,0.6352386524007315,0.798997121326359,152
23,1328,108.87663879978028,20.484702156279102,0.8080223227992795,74.10762500818689,70.68044738391217,0.6591109109193543,0.504361469398475,144
23,1336,108.99047262486734,21.244385631558078,0.7921014897809208,76.24232839184153,69.58238783373824,0.6878367267023063,0.7778067894389392,136
23,1344,106.7144484349105,21.039769615323475,0.8021405985736421,74.36582421415646,67.17159537760041,0.6570816198203591,1.0647063447170644,128
23,1352,111.66989874173026,19.905858826164692,0.8022103341646164,74.26502796097114,65.14672811285193,0.6835231175773855,0.9475179150021262,120
23,1360,110.66813923454693,20.227396031826846,0.8108603102727258,74.04079889608887,63.91583832987963,0.65357994662305,1.1041115949771023,112
23,1368,112.52312233162576,19.157944046185,0.7899976818167758,76.38716605353288,68.42416807813919,0.6456326204145418,1.316751104192896,104
23,1376,112.03550425929222,19.454777145661097,0.7903775208326501,75.75496435516783,64.19743569323303,0.6471014891053719,1.0572678284347081,96
23,1384,108.51072578884428,19.21904523368561,0.7806866583524075,77.71735245559748,66.37546194143705,0.6753987557114176,1.2537274607617457,88
23,1392,111.41171555712283,19.519070948360625,0.7724954370597095,74.50076720479471,63.08873680960327,0.6408760337451046,1.0885352758149172,80
23,1400,111.41748297468037,18.861953885702253,0.7741812962903374,77.84423366835459,62.14631114709832,0.645842576375223,1.2437525282379522,72
23,1408,112.45787128460387,17.48151234982222,0.7613585671701677,74.96583565351494,64.61771348797198,0.6423041661357707,1.4106480343174324,64
23,1416,117.24918960832476,18.948752835115158,0.7604218657853427,75.39721985109783,66.38642164110192,0.6533120559010691,1.3801334351832895,56
23,1424,112.27906467398104,19.203195859673446,0.7511639251784854,78.05258518038058,61.580882175431775,0.6653794387246892,1.1934031591832777,48
23,1432,109.77251667077853,16.908322786675072,0.7583763774789785,75.61151228947371,65.42833796474103,0.6473009522326809,0.980611373193278,40
23,1440,108.90590305698684,18.94541767991631,0.7820476925047601,78.89883786586344,62.12555118893815,0.6453075793145007,1.0050167623688504,32
23,1448,108.74675651789627,17.752277523894236,0.7884969486457896,76.16000149269719,64.36889172768082,0.6546144420119019,0.7883378551159306,24
23,1456,108.80118353259972,16.906774298268967,0.7928662087785844,76.8369331776435,62.933563686072695,0.667191986722793,0.9350125415711681,16
23,1464,111.49929039409882,16.884657134909663,0.7808899670341878,73.87128621291635,62.80359393595479,0.6390820883949657,0.8947501099475176,8
23,1472,112.54041805952919,16.685665335584797,0.7675494474197709,78.60824647700605,65.45693015664023,0.6353317404637191,0.8747705051716865,0
24,0,74.86498528093291,27.80242820761162,1.2482544499116393,48.60401168579241,51.42825738737525,0.8716244771143022,1.0106686298780934,904
24,8,73.06460380780473,27.463407797666314,1.2623902800485416,50.17482515113988,49.609669240835544,0.8614802588973051,1.2730580084878453,896
24,16,78.1599842856279,27.702419221448476,1.2759768830958722,51.74288347962824,50.34504296743632,0.8589901375243405,0.8961822143529812,888
24,24,77.43632291163007,28.08907790915711,1.2681081388261322,52.52896316908041,51.94161738060718,0.8685559102903841,1.2340865194185553,880
24,32,79.26143953243965,29.30791514973869,1.2656341632829364,53.944491742398995,54.1829012032841,0.8720203104750005,1.5856963068646412,872
24,40,77.47660511586007,27.48958987509206,1.2658353002509088,52.167652237782164,52.01447428915719,0.8736911680200805,1.6765827674797764,864
24,48,78.487002404558,27.707331805080198,1.2723255899115242,50.64848595919208,52.75519475270433,0.8694128948192278,1.5218744355845903,856
24,56,78.2429291671807,28.529800894310437,1.2638927651870848,51.9935019707066,54.41296029913103,0.8674091755739665,1.0793922367576263,848
24,64,78.49261707436274,28.311936668309947,1.2835134590795045,49.81722710441291,56.42354125140415,0.8670875981207489,1.405302805263299,840
24,72,79.0469086950838,28.839508212745724,1.2795368646686056,53.99435787670557,53.48625755942047,0.861601923958508,1.097529241126364,832
24,80,76.07594637657093,28.849898809049765,1.2800495439701183,52.11848495296328,54.92520335524919,0.8764657639268664,1.1946340344829092,824
24,88,79.12707770517912,28.82584695068556,1.26992225056175,50.635209855619536,53.680563663979804,0.865979775338562,1.0061108215518215,816
24,96,76.42222790304594,28.384096176716948,1.2694064928125532,53.94688309180978,58.826281509247956,0.8396528564500693,1.0617293196950497,808
24,104,75.63568765000315,27.690999603471145,1.2638706109540223,53.36443337868914,55.9484365830919,0.8563359948855068,1.0419179492683506,800
24,112,75.0645006713289,29.364644427668235,1.2747692654665321,54.81247337619593,56.85102770556562,0.8562245017944026,0.7002777469316127,792
24,120,75.45973335263797,27.715340098152492,1.2849800956186568,51.680850189531476,55.71490427862378,0.8603054247133762,0.9040039155241791,784
24,128,71.56352317239815,28.057328779505383,1.2874396872876557,53.075579330656765,55.23384263645647,0.8416380299149065,0.6424912079060194,776
24,136,75.04225137595299,27.624086359985,1.29457030566528,53.01691728518673,58.356727750538624,0.8571494893746503,0.46526599678213565,768
24,144,74.26855070398916,27.59347098260071,1.285468833059368,54.980304279500345,60.716439080214506,0.8584806974681355,0.7204772334754854,760
24,152,72.95115789391222,27.774604207913114,1.2709958468647211,55.43801249664654,58.69738885768751,0.8508265446329539,0.8396308293573964,752
24,160,73.479846156387,28.336702834261615,1.2760018106197284,53.20154682277915,58.69841185284017,0.8633846876990379,0.6387754380322814,744
24,168,72.53489083676628,28.341419911624126,1.2638584784326614,55.78660086194313,57.732797053984015,0.8517715441402259,0.6339123470445962,736
24,176,74.9907200726574,26.621878094542204,1.2591292076097034,55.3201989563274,57.20222307110713,0.8430582094666572,0.9443562035981502,728
24,184,74.21311293186425,27.8499829516668,1.260016528632473,54.77187840571246,56.65702752413403,0.8562016449984394,1.0777211724115934,720
24,192,75.01508833539596,26.889148094041413,1.2470485270452387,55.58320808877549,61.92806620200543,0.8760261447242526,1.0614761642520754,712
24,200,78.94518180824284,28.013631882436602,1.2314972724012263,55.86815992628425,58.812731336069206,0.861001206584366,0.9053550451922012,704
24,208,77.89660636546486,26.620859867934012,1.2386955552038055,56.69547640924305,58.93786455446496,0.8406311465123494,1.0400567943341434,696
24,216,82.01346534927762,26.49289201884182,1.2437297503600977,55.2249734252693,60.12634531033207,0.8746253733168436,0.9641351770972463,688
24,224,80.33603466753932,26.20146672455946,1.2459783492093306,55.38975493624837,58.73470842914305,0.8519799888869621,0.8823804671916192,680
24,232,80.37311680470295,26.277776382757068,1.2382039898158654,53.62392609126664,59.18706756790358,0.8507897977790183,1.3934369599405771,672
24,240,80.79398902337309,25.63744038255172,1.2239104007681874,56.95024558488329,56.825799086618375,0.8189881640519935,1.3981828743247455,664
24,248,82.3946576796903,24.430552562156752,1.2411550668544213,56.23979342447535,54.659274307293074,0.8393494186502224,0.824157057668843,656
24,256,86.88487683923275,24.966187303676666,1.2314421438976604,56.332371035710196,54.99829741588964,0.8487383045192229,1.1535232813196608,648
24,264,82.95961512237076,25.023367702841558,1.2298381268003902,59.18337395374947,60.56789471286695,0.8371734100868826,1.1404811742191974,640
24,272,83.37427373325237,25.50701995106876,1.225386901285813,54.99881560343684,57.10766462004023,0.8140091743977362,1.0310264705356578,632
24,280,83.66509916381756,25.312065103539716,1.2105246438244566,56.24941568715905,54.30935941847009,0.7874820177017686,0.9310576207064801,624
24,288,77.88096441595263,25.630487272524785,1.198900089663103,54.23856122920404,59.10648006879427,0.8346980776724995,0.8482017034477771,616
24,296,82.17850563061107,23.731564891601835,1.1904358384398628,55.927927719656466,53.64070802482395,0.8208440173098432,0.8564347562214931,608
24,304,83.22915576261863,24.10838006243591,1.186714941804903,56.8629772894183,56.813428114484815,0.82118643846589,0.6391578821860454,600
24,312,79.5759935217135,24.913652661415632,1.1892178696504816,60.144494072059715,57.90280933228634,0.825676074346758,0.6168948601267069,592
24,320,79.05227144538962,23.4333392792349,1.20358958178628,57.65850387385763,55.747392916532675,0.8358127878621828,0.8370805444972708,584
24,328,83.31009946167161,23.316624254631037,1.1962468722226705,57.52697426336769,54.90447754689621,0.8303334229495717,0.6676702179994263,576
24,336,79.11625423474611,23.88593232012938,1.1807118032049886,55.41111929263617,53.27706147482152,0.8233855603988058,0.8738978166372526,568
24,344,77.53593024700031,23.55187208372967,1.1928158711767065,58.93069787552267,55.26191769833184,0.8242654927634414,0.3963115717011044,560
24,352,77.10538856808508,23.453338937676442,1.180002438272083,58.27251874949721,51.94735405201858,0.8269513168448522,0.4250015401592277,552
24,360,77.49139733540055,24.17837010398889,1.186474410491365,58.572655303775406,52.808689877754986,0.8157791992562857,1.0905324305285613,544
24,368,80.79740969537967,23.58584252568647,1.1807908262648519,56.62457083237308,49.66276561716551,0.7929455430592339,0.5865983489952669,536
24,376,80.74381606381405,22.63638923470949,1.1848016917003314,56.706245952380186,51.82811983227823,0.8164324824621927,0.8990504000373978,528
24,384,82.78789221575187,23.19755539796236,1.2081778086228567,61.19858791940672,53.90271205166862,0.8035025285453584,0.8838333524324715,520
24,392,81.50919901653849,23.450959550279823,1.1853123304373099,59.00173496123352,51.40235123924329,0.8186939722854957,0.9928224149437515,512
24,400,80.62886146128317,23.19900694135134,1.194936402027764,57.13520761199059,52.02349357329774,0.814734131748711,0.9952774329315649,504
24,408,83.59822165386603,23.822650493018347,1.1922681776425008,58.39964631222367,51.74487536130969,0.8081662378235998,1.2204955068557288,496
24,416,85.50837533459568,23.99417826868501,1.2070799439227418,59.0331345584234,52.940949883350996,0.7906920931650956,0.9579323289716696,488
24,424,88.03300995745886,24.20412930370175,1.2038154743489704,59.69951160943607,49.63678377186601,0.7820578725823668,1.2613597789529163,480
24,432,88.32125329243144,23.18368410164456,1.2121099917396014,59.89302988246924,51.336451896146855,0.7850290576260214,1.102450825916971,472
24,440,90.84918939864109,24.438099976192827,1.209462470355606,58.85288563649899,51.74011408342867,0.7749825827618214,1.3657541185306463,464
24,448,87.89338248062809,23.6731556405226,1.192498969871889,59.15717398300395,50.90159932099608,0.7875271816480083,1.3121083644914822,456
24,456,92.85779895924482,24.98332556399884,1.195278437330225,59.26516431020822,52.6238623205505,0.7872586358878998,1.1780055107438292,448
24,464,92.72239424894862,23.994126543388102,1.1877925751329403,62.4871456736727,54.90820977159386,0.7686250565849395,1.2629976060704562,440
24,472,89.6866790481909,24.737503008803905,1.1761572553459292,60.86946435517588,51.71757654335141,0.7742156209027348,1.1956130937397298,432
24,480,91.37966990926952,24.64941819796278,1.1902027484666262,59.58538224413068,54.7894389107059,0.7689715721479766,1.11081179670693,424
24,488,89.47361849194732,25.357193709613263,1.1956486212898374,62.7801921702737,54.389991740564916,0.7792598619551038,0.7006065096526723,416
24,496,91.32560101757409,24.29456753086683,1.2068783230996873,61.56272082978438,54.00197164905601,0.7735367012978464,0.9753809817443253,408
24,504,88.97478086724018,24.099994416078346,1.219456356851245,62.75419628902567,57.03222991336419,0.7832153636054158,1.020658107707126,400
24,512,87.65685270462293,25.982585716556976,1.2168859834403551,60.283492678808074,56.64329330981315,0.7765417604242657,0.6568097728568182,392
24,520,87.39658408554152,24.944506380006175,1.2099821745179733,63.29364042227728,53.02837619290951,0.7673372561867373,0.9425569730138519,384
24,528,88.63753161479346,25.560161593223153,1.2099037082592614,60.58862727018251,59.51603181375732,0.7762229546547461,0.5988295768186601,376
24,536,83.33012197786728,24.88976937948454,1.200612554047726,60.6392335895598,58.24735436399622,0.7515901870845745,0.7300399338460998,368
24,544,86.96637301469366,25.131882591747353,1.197492292558625,61.478531125905114,54.64213344414106,0.7567507149221505,0.6709214855826501,360
24,552,80.77262321452028,25.154607380452823,1.1867106032353145,61.855519821153536,56.795880664406766,0.7632369016529356,0.861076604530411,352
24,560,87.60027389039978,25.114101280244746,1.2003124840111692,63.04890814828167,56.514957551382324,0.8011684346329826,0.7232265511145441,344
24,568,80.38746896571898,24.886033608218778,1.2161311878430014,71.623965590967,56.24278632932473,0.773447721584425,0.9897119841402693,336
24,576,83.22023539478617,26.375178708582293,1.2154649034104676,67.19764253115534,60.073408312890535,0.7830882565071401,1.0564720536001346,328
24,584,84.05364644719324,25.0825926464954,1.235022199894252,70.26358562492945,60.137578331292154,0.7675887093590397,1.290421847822206,320
24,592,86.47314946362552,25.529649382307642,1.2404425558030092,66.93418013955059,59.29708344914784,0.7584366007772828,1.1577127193287011,312
24,600,87.48555833454795,25.08358065473687,1.2349082050622007,69.21772169944782,61.52064653567602,0.7586760694073952,1.0434677581543197,304
24,608,85.50624330969576,25.27185097087268,1.239581439466213,64.29381479709504,60.92211424895812,0.7501088412815501,1.13078124693011,296
24,616,85.53350981480295,23.60859903095566,1.2414228560530016,63.141072275495084,60.1599177971336,0.7558143398923407,1.2888266752102262,288
24,624,92.38968007348399,25.003059864783424,1.2518537356558936,66.53026820691359,63.14325112922935,0.7692125857549067,1.290876638084022,280
24,632,91.60703510711555,23.701982532821205,1.262460906006891,61.08813792511092,59.46062831384357,0.7338434299144097,1.1367804187766395,272
24,640,93.83156913558477,24.55909454382989,1.2539279034924606,65.16963495164686,61.220250076679775,0.7335564623916951,1.3508004607401087,264
24,648,96.43950630284023,24.631091720586124,1.2454274759940818,64.40171431831638,63.62853414519008,0.7481169759215778,1.2586048111089656,256
24,656,96.13282187466001,23.08682830054968,1.245940671600081,63.354727641384336,64.15286700984791,0.758108462343338,1.2352661062178112,248
24,664,95.07649891352172,23.774747279223725,1.2452462486306188,64.92734185308483,66.83393860869728,0.7416793803084102,0.9842889665628342,240
24,672,97.37198225270299,23.891746164739477,1.2290586426079224,65.60219250203943,59.78548786465896,0.7320205953707969,0.9069720674617552,232
24,680,96.00236601068937,23.991414583375622,1.2316470647279876,64.30463276588038,62.492986039515266,0.7313701414985073,0.8990488971771652,224
24,688,96.53079713191258,23.540399050988064,1.2236599001032982,67.23082508510156,61.49798777362547,0.7250356885832409,0.6955778708585401,216
24,696,97.88191149321746,23.229082547801355,1.222756353121309,65.50703257820413,64.28382837290545,0.7392066486043707,0.9548606236138489,208
24,704,98.20818253021737,22.196634430577227,1.2081251639873125,66.4785841456561,66.52280604945965,0.7367215805830598,0.8782021227796281,200
24,712,96.80458557533788,21.765732308062265,1.187134921057491,64.75082143901523,67.81390905416781,0.7622733101597725,0.40797352017977667,192
24,720,95.41535403345749,22.08499451793069,1.1910387638409201,65.40420013219276,62.136628331302646,0.7441185836807187,0.4687759674999672,184
24,728,95.39434676929194,20.873456750278123,1.194659965972765,66.12724057250499,66.15070269363544,0.7311021280804271,0.8886680446815451,176
24,736,95.314092702236,21.597727065003244,1.2017871733147165,67.79687819955294,61.79549637812058,0.727817315750007,0.8090555049293384,168
24,744,93.90907900590206,20.937214349754488,1.1930593363166435,68.23543183098268,66.54664360393157,0.7208256477523793,0.644375751305482,160
24,752,88.34490036699515,20.988319109802926,1.1790400399347365,67.11122317575685,62.77628108635318,0.6933757657395926,1.0503799393766422,152
24,760,93.26670483771113,21.231143623127146,1.1954059115911249,69.15924564732447,65.15015561528854,0.7151227501157803,1.1450472790034916,144
24,768,94.64826103948697,21.562971716686064,1.1950653191615783,67.60988557315295,67.6415266254935,0.7365100954176097,1.2540690324351522,136
24,776,93.84137413086387,21.869695894099834,1.1913400276553372,66.09917156360521,69.44477268853842,0.7312742193474033,0.8435719415464246,128
24,784,89.67982637608424,21.58621593631867,1.173082051138505,68.34400005887801,66.73392407848824,0.7264833038515383,1.0195517596773513,120
24,792,97.26597827060843,20.911877035862247,1.166958240250146,68.91843870377627,66.92769520974026,0.7023042405328517,1.0004648187076572,112
24,800,97.10205804303565,20.49311797954643,1.1782253438635877,68.01377443768442,65.98753057276257,0.7270651322474744,1.3386380671901708,104
24,808,90.4908694681592,19.716685860601153,1.1799022320970896,70.88627825051445,67.42001963531808,0.7088186215625474,1.223640996966285,96
24,816,97.7609260692101,20.89219681503751,1.1735972194206234,67.91454951575652,68.47654709047956,0.7252248942113427,1.312192712180777,88
24,824,98.26313206906572,20.954395698433782,1.1578676884842491,68.96953647221095,69.05388282903671,0.7036137988190032,1.3221054841236888,80
24,832,98.96875116795381,18.95477074126559,1.1562932936334598,72.3616376887519,67.48830934998293,0.7308832528479979,1.0143401745679899,72
24,840,101.31553366059067,20.074629582948464,1.1450608819460397,68.64502966626904,65.04445425478241,0.7184819533553553,1.2228502997476547,64
24,848,99.16922804849673,21.352551150209553,1.1507299339388497,67.04041735126815,64.15011995225356,0.6991461113929608,1.1890834143124998,56
24,856,101.60495154705026,21.311233114138975,1.15951281203694,69.99433827849354,66.36400451609428,0.7079674477515296,1.1442119058991678,48
24,864,101.99589495239803,19.537133477472455,1.1495195561562932,72.40049512260399,68.24679230595959,0.713697538606654,0.8222531350761995,40
24,872,101.7739420508792,20.846908236930656,1.1440570416542983,71.02598561192933,63.89465985519009,0.7077762348513561,0.8567430870525098,32
24,880,103.5538214157632,22.22485314505328,1.164397577759426,69.94471438350557,64.4493855398763,0.7069092604608607,0.9776272634677199,24
24,888,106.2281485320093,19.845098877473273,1.1711503094672395,72.99581266806953,66.67635801578108,0.6966409349911724,0.6547270550485685,16
24,896,105.26751986586007,19.149452876839256,1.129098904205874,70.47088041501374,65.41032747337542,0.7019105237774259,0.7741589790363544,8
24,904,108.36900424582502,21.056864201535717,1.1250258349351603,69.89903228496821,64.88779867431043,0.7010276496366407,0.8650927369485817,0
25,0,67.93179177412644,26.828613387151183,1.076303812213241,49.75174766903481,47.23602448631956,0.8297333032638208,1.0725871789256727,928
25,8,68.04960957654123,26.442804525752145,1.0760567440859428,49.988856008610604,49.45734717384137,0.8431516860869079,1.077240418377904,920
25,16,67.9580207844938,27.368105282495215,1.0736024243878854,49.97380660809889,48.84039605772338,0.8394176528521318,1.2183479287801346,912
25,24,71.62592875262486,27.666244553197902,1.0715556063883842,51.151813867942785,46.97760190160343,0.8582973371113055,1.447936720980719,904
25,32,68.8882570550076,26.53872055292774,1.0723478677537317,52.45431516520614,53.4289311901623,0.8346424210477481,1.334050963695477,896
25,40,66.61489561403631,27.5915597770062,1.088464659924286,51.63375692470881,49.87010966639052,0.8062698933110827,1.117879013278049,888
25,48,67.69810371170594,27.257523108878956,1.0850287285198739,52.898393726435486,54.849609997302025,0.8558985716552849,1.3195847133780265,880
25,56,73.34365860451713,26.231965854083413,1.0868091027723563,52.53795180810485,52.66969682337227,0.8435133562854868,1.1689372124111643,872
25,64,70.63083915187477,27.6485367448173,1.0943862237312763,53.87523377351621,49.099298570915856,0.862484342227093,1.323700727228663,864
25,72,69.13409413158445,27.71007119433742,1.0793403084205648,48.87624846613623,54.849379263935354,0.8315251137540123,1.2357709924429596,856
25,80,73.34879651294905,27.404188664887847,1.0730063573376518,55.93475473747284,54.006565275885954,0.8313849839244121,0.9077208644876159,848
25,88,73.30966983896549,27.44117179621878,1.0738441243129206,58.277977888272815,57.491136959575776,0.8734341662514552,0.8096432436393728,840
25,96,67.99205541855132,27.29068807029916,1.0728110281302903,55.84167906121058,54.376008877422464,0.8270868135316678,0.9829317001717468,832
25,104,73.14942002794724,26.71934541732637,1.0757630562940237,57.02816351989943,55.72648714748184,0.835425120599573,0.7638135328825507,824
25,112,71.61976672331119,28.272766717377422,1.0730771935988093,58.14502749540589,53.68317614191163,0.8033213664284266,0.85061409614707,816
25,120,75.80050534754231,27.754494580864385,1.0812615634753633,53.35405148654872,56.40180280186514,0.815313911151738,1.0334856317762706,808
25,128,72.30683220854971,27.30063371368529,1.0785613535023928,52.85605163066057,56.043689880283054,0.8110861973242661,0.6254502669205767,800
25,136,71.91502939357993,28.00480221085869,1.0912146697775953,52.61212570170734,56.25898490269865,0.8115238456511953,0.8450219128439311,792
25,144,74.47631640448726,26.543993895700673,1.0891468326548777,54.26415075935622,55.60120858778218,0.8457112492928146,0.5840327629519905,784
25,152,69.90019617709288,26.7451313350545,1.0693243051904977,53.812764046215776,57.02048676692715,0.8413514307221612,0.9274430912211831,776
25,160,70.54792838094767,26.642876980975164,1.0759851339566797,54.547517420726784,51.973624334506034,0.8358526913352001,0.8277189878218242,768
25,168,73.52505953253845,26.77245375583312,1.0875366604115955,58.928333898696735,53.246057069708264,0.8206188356483279,0.6584809589867426,760
25,176,69.80382610362372,26.84815402576483,1.0844050802778213,58.040887557660014,55.64410002796284,0.8142358954389981,0.565493015435496,752
25,184,70.46072569359876,25.134738259189962,1.08321021007212,56.82520024366728,54.98254846828298,0.7985627535883275,1.2083548812472404,744
25,192,72.63563482238548,25.578649574747402,1.0692231703312853,55.60537418792245,51.47795016965794,0.8006747751705117,1.1261597821474074,736
25,200,66.97984664010912,25.934645632961843,1.06969294530934,57.13266901401836,54.27105346176317,0.8154422641471905,1.1764306852234925,728
25,208,69.99035569649568,25.056414418072137,1.064821358255579,57.630694392382026,53.365464462607775,0.8303446985186338,1.0651386737707211,720
25,216,68.28923531318055,24.65450025506419,1.0532438734453484,56.319201769969055,51.31453445474476,0.7930454864224359,1.1804593371544552,712
25,224,72.95368370304462,25.406707378042178,1.061041086939757,57.89523034437727,51.46134163482034,0.8022891198969488,0.9834654508046428,704
25,232,69.66907328064265,24.25292391719553,1.0669065609102932,59.137971416977685,48.33929441468864,0.8139810250669223,1.4252448640206257,696
25,240,69.05613465801561,24.817643741558886,1.0570638664106353,55.81389070045263,48.560931302982034,0.8120876894579013,1.356045665865955,688
25,248,68.55974414537961,24.086964661747782,1.0705738859670677,58.097539698278425,51.00353871033535,0.7931277421859961,1.2778279919666575,680
25,256,68.61359612092704,24.63436698017021,1.079325454657332,57.07986647004169,48.92311451547534,0.8041036970167245,1.422140900757412,672
25,264,70.40942761333613,23.83450738668047,1.0650076695666528,57.85360940037227,50.445198306936746,0.7979194208336751,1.1868300700114662,664
25,272,70.46879460663685,23.932131154453508,1.0767066290641685,57.192147012537596,50.85435518278162,0.812062172918904,0.9336179039668877,656
25,280,68.96597527785458,23.86443579395232,1.0644357798330304,59.08537622024422,50.39773685497348,0.7908640770214778,1.1343802414948467,648
25,288,70.59027223917273,22.62863197861665,1.0599164519598343,57.523015557967454,52.09686327780364,0.7892576626713338,1.0626554013850673,640
25,296,74.05709600802938,23.006724549646954,1.053972579734874,56.03388121872744,52.08082974950929,0.7934812031964313,0.9867918233952457,632
25,304,79.00250730899162,24.12495363146656,1.057583839565822,56.86124897044356,50.438473490041126,0.7529470198202555,0.9018297311661833,624
25,312,73.25380619105641,22.964027151452207,1.0344168729952037,60.53837074735314,47.63488609777479,0.7570600745698951,0.6567625497866856,616
25,320,73.9190769182131,22.82556909348989,1.0177570419406878,60.93791785195833,48.434539090175434,0.7729841077808256,0.6286024097740893,608
25,328,75.68360601443706,22.65294833178533,1.0197193555486006,60.2649180232157,45.6270657736248,0.7901633764701477,0.7982810923711997,600
25,336,73.50434531426995,23.084645441770995,1.010908599036252,60.117213145713166,52.35110117163835,0.7818343153158978,0.7556928548049628,592
25,344,73.31682533193877,21.419749639826243,1.014306551664778,60.44801279307285,53.49492046347885,0.7709484858540963,0.6031132192732783,584
25,352,80.26931554463293,21.847102665116747,1.0062930263395309,65.2478096496117,54.356004904736736,0.787586230660648,0.4985209879236743,576
25,360,79.37188100490022,22.28771355511596,1.0010564344956858,61.561115899834,57.20780538674886,0.7422611647877646,0.9372382602547159,568
25,368,77.92200028942425,22.383633771378634,1.001469772970804,61.4466236550678,51.513830207309915,0.7586275798643743,0.8646074183793363,560
25,376,79.9733366700981,21.94898822923022,0.9894235037024474,60.82826783137307,53.648271805648356,0.7408257886984004,0.9242469946267855,552
25,384,83.03198883461874,20.740538739470484,0.994310878151777,59.882124538033125,54.744885800580434,0.775545571102462,0.9661526851982876,544
25,392,83.52637206352955,22.663058505894877,0.9899848997698806,62.153493865722375,55.97189394959031,0.7769863677044303,1.1916231143866722,536
25,400,85.52386238571133,20.938191886375044,0.9947232787672141,61.84757252621433,56.35117327048698,0.7374479893425195,0.8776161524145635,528
25,408,81.09107191407784,21.66069266067228,0.9941588448015851,66.40089293198402,56.78509383393663,0.7315042153013434,1.1059696810424933,520
25,416,83.73690306770267,20.927392717758437,1.0033000836037695,63.08435356105226,54.29656747122759,0.7419172827348477,1.2961801420478705,512
25,424,85.57883097983992,21.59045316357109,1.00235340079072,63.31133680259128,58.61342221466756,0.7527644850387525,0.9587458755119227,504
25,432,84.47448616270626,21.406993441992043,0.9869576094447258,63.703834135734446,60.54997415874629,0.7138249701432635,1.1236342936672734,496
25,440,84.87221740056731,21.166120008867793,1.0053490458923102,63.49482515287814,58.410291191022985,0.7400401997862328,1.0396988123161146,488
25,448,84.62232923614502,21.85243701895265,1.0149597458334585,62.51157327291421,63.382823309052945,0.7008176171688825,1.0910948911038938,480
25,456,84.09988648953723,21.293841235028186,1.0166678620925504,63.93306454875553,59.58920872044071,0.7307825855469251,1.0675676368918179,472
25,464,86.73609047465222,21.03805816590855,1.007109175779409,67.77164198510286,60.27724220535141,0.6995338078041139,1.325979181291506,464
25,472,89.18710030225098,21.150032048917236,1.0124399174340737,64.6367908097503,62.01967849626937,0.7136624843496476,0.9834747277780416,456
25,480,86.70407671626332,20.500861840383806,1.018796436827459,65.28399052028864,65.074700258075,0.7481929428326044,0.94846653576115,448
25,488,84.85824131910806,22.272117211151325,1.0269097707051016,62.46697897161764,61.62276267219453,0.7118977898096593,0.7944413335073888,440
25,496,83.6723090166475,21.53908788433599,1.0229443110967948,66.1084049680573,64.47550233688447,0.7013778923626384,1.1019400364560041,432
25,504,82.62738751827973,21.186650938091688,1.0115951231446274,65.61490177906178,64.76848925791147,0.6911256874770583,0.6507684184879325,424
25,512,86.2153055537298,22.25977270120435,1.008349433594635,67.63355251541391,61.66828380889112,0.6918806185934346,0.9031282023739617,416
25,520,83.94719424514184,21.55162035914762,1.0169077842877416,66.07907135940297,64.95168949368268,0.7090942908235853,0.6737207621081193,408
25,528,86.8690994190643,21.56971475258185,1.022452462844539,67.07070842298407,64.88374699985839,0.7311793548544404,0.8121322192866776,400
25,536,83.30786524152923,21.460410193190057,1.0245924536380386,65.2176787692504,66.90875354397778,0.6787673412740427,0.5947075812398133,392
25,544,87.03297739203985,21.844754120880115,1.0283185796581233,67.55061597217437,62.98352137792578,0.6970944870500718,0.9351415324180211,384
25,552,85.26917139348807,21.922553974249254,1.0243753634662163,71.03009280598835,64.59780230361842,0.6762402849555035,0.9999045490505967,376
25,560,85.0787866423405,21.915101865441414,1.0095354059254105,68.06711212975992,63.84440476706055,0.6811336737763151,0.4922687582928008,368
25,568,79.56968477371069,22.197758487385904,1.016343581167139,66.93641439413227,63.560667242654574,0.6911771182773655,1.0737872139814248,360
25,576,86.52198973458188,22.40520967103501,0.999827612009863,69.77913491560072,65.37730488793056,0.68953402495208,0.8917042754812882,352
25,584,84.65102775734803,22.28787640557028,1.0167706695947494,71.38952747983342,67.32896740497974,0.6760146516379828,1.0741940021494352,344
25,592,86.3198054547995,20.963391067602075,1.0305750183652171,66.99525924978333,64.1069232399168,0.6718571197471009,1.161483170282972,336
25,600,82.4064512647278,21.677749962322544,1.035591807598741,69.69627944864598,63.443706360706756,0.6937657906683441,1.3515581385973192,328
25,608,87.22349620367028,22.65099012982585,1.0405588086650637,69.89013633903839,59.3152516384091,0.6594872423347617,1.2061716265515325,320
25,616,88.38518900483272,22.004890873001678,1.0244353469428495,66.87197060513986,62.07437169474857,0.6871817301700063,1.1636243057178746,312
25,624,90.66706272062616,22.160161004580715,1.026696648837507,69.9626346598871,65.329249264068,0.6744786061481968,1.1625483727442494,304
25,632,85.6534959382125,22.008978773662005,1.0328655863224185,70.96474717394236,67.75779062575216,0.6418491512912166,1.3623909137577395,296
25,640,86.49203557589425,22.412627388918196,1.037237668230481,68.13848963132565,60.89374760736795,0.6749402069110486,1.10879536082101,288
25,648,86.60334401143324,20.820525463288206,1.0249358391873078,71.48559015499163,62.95697342568636,0.6872043376061039,1.237329760721021,280
25,656,90.93776525025274,22.234554413945105,1.027172988305339,70.14733864489237,61.668586420344155,0.6745174643391646,1.250519548978263,272
25,664,90.53584019082616,22.429075040228668,1.0416557138664235,72.0799470770367,60.03743687683701,0.6600265526918603,1.2234829585379996,264
25,672,91.36919255331907,21.308565120975317,1.0476601320455832,70.7392582670895,61.61049101429758,0.6564447373516544,0.9851075669031449,256
25,680,91.7606201800006,21.133485043865683,1.0580520427632245,73.11770461466959,59.88662062522293,0.6446158698294552,0.9395945302251661,248
25,688,95.48152602447473,21.90043548247498,1.0415595591036466,70.99234487395857,60.47837937910138,0.6654718184652432,1.1182979736921466,240
25,696,97.33405152598881,21.545161441545698,1.03295188552221,70.2297958938602,62.97037351245691,0.6579758041033974,0.7928519731244958,232
25,704,94.713661838205,19.423629363759144,1.042369906512817,72.64491578668205,58.14550953737026,0.6590282852719606,0.3855655859510219,224
25,712,96.20889330207888,21.68919946864403,1.0409365103675663,72.63959847474489,56.2107924653687,0.6498188733190935,0.5566071212591168,216
25,720,97.56166719411523,20.163837636714096,1.0431819994619123,74.14793410227345,60.454853568220365,0.6342256279660857,0.6779354708593538,208
25,728,99.38265511000597,20.866755462146873,1.0450849043861756,74.4167685150454,59.537253384084316,0.6557372545242711,0.7809075935198782,200
25,736,99.49582106173278,20.08483389231128,1.0427054674505014,73.91549040076613,58.26667342759758,0.6258650672528611,0.2610055766544791,192
25,744,98.06614390019037,19.561013303834514,1.0376777052094757,72.0297590001755,59.72937892827519,0.6515095500292748,0.8622125561978466,184
25,752,100.99812712032467,19.288994515583695,1.0471398823484923,71.89337354709075,60.39509328509658,0.6453945213341716,0.7790641841731261,176
25,760,100.20514844252746,20.769234277406667,1.0626237752062646,75.01947137779705,60.48711546766911,0.6430516158105204,0.9059512155212283,168
25,768,102.82352109445058,19.338470283252498,1.0628577839990696,73.63670147924856,59.70006985833363,0.6533054398490116,0.9039355827662681,160
25,776,99.42788896261055,19.846680674106622,1.067329410163248,73.9166860772194,63.770121804290454,0.638083490033536,1.198235390295344,152
25,784,99.12503690352965,19.46838686500023,1.056999915008096,75.66413555034764,59.07611496866727,0.6314066722479847,1.0589865854278229,144
25,792,102.86085510131632,19.3901342669015,1.0600280488005485,74.28061959714454,65.70734900172195,0.6372877009137636,1.1890556409140096,136
25,800,101.60096119556405,18.309102262979557,1.0596976006214336,75.63704088665254,64.94640236441141,0.660919926452887,1.0924868799164495,128
25,808,102.58459115537103,18.255980133969288,1.052652124369031,77.52292278508062,63.87737328660056,0.6179222823667418,1.237622902021672,120
25,816,100.21239618888241,18.947641650031088,1.0327048328801682,75.63674694134875,66.61206125578532,0.6313570348128108,1.2927113629900642,112
25,824,102.84490036797389,17.456068168412465,1.0296711654654855,73.1394183790316,65.9787962726753,0.6289116606543864,1.4303636121413383,104
25,832,98.25927228546792,18.17674233976993,1.033423802021644,75.98897435593251,69.58281938334383,0.604577536665206,1.0457451936088873,96
25,840,102.36696972346816,17.967269721863676,1.0448350981586203,75.37533215039065,67.93069137649283,0.6345790701044002,1.19547927059856,88
25,848,104.64839865137405,16.5396067460709,1.058898508601627,76.19743334743052,70.87511927299437,0.6331874108246666,1.2239563564760134,80
25,856,104.25268475292334,16.622756015406978,1.0538278463802198,74.13172905704008,72.9560658084597,0.6272788179767183,1.1375675502651403,72
25,864,101.39284285688434,16.442114694164186,1.037062287050458,78.49050449411028,69.42082394527756,0.6184441631530425,1.2747228595240703,64
25,872,103.45385659432449,16.393921445486463,1.0534975086974612,75.93696798617808,67.44954529757227,0.6099605302112125,0.8942803238300852,56
25,880,100.29802926117382,16.245881767005223,1.047157964335964,77.92571785004725,73.17517106827243,0.6109318563910493,0.5197583073816074,48
25,888,101.18770695975856,16.413440958779315,1.0352716006411202,78.57867882122117,67.80642068859815,0.6153594334784741,0.9345407678511737,40
25,896,99.88856718442133,16.567641076449526,1.0332121373656404,78.49667006481855,72.04323160900753,0.6215612202997364,0.8554310900463462,32
25,904,101.78028020364603,17.407096728021248,1.035055343741841,78.48667114968646,72.24606333091391,0.5732326882334754,0.949632604919691,24
25,912,105.45392439342048,16.45962748327575,1.0246752697663453,78.458485825017,75.2373190454333,0.622866025592246,0.7152149249678567,16
25,920,103.56225408748321,16.57549685313022,1.029054507107022,76.73458662895582,75.13075381986711,0.6057338162878638,0.5272626499513802,8
25,928,101.03070516911409,16.508912444119158,1.0400464192468017,80.5813768404387,73.50083611634216,0.600893037746761,0.8948609042312998,0
26,0,70.37648945700056,24.805022390758594,1.0515099357349489,51.09215231856952,48.52312133687354,0.9049596745014007,0.9216321619659292,1608
26,8,70.50430733684047,24.1414314220798,1.057945236773968,51.965225193759075,49.43680774297992,0.9138369237994914,0.872746934568942,1600
26,16,69.00033526124949,23.87525742673335,1.0669529143663619,50.963167713760214,48.12578301029891,0.9094294842253513,1.1482775894935973,1592
26,24,69.71634929238995,24.52531494045048,1.0533279475659305,49.80937854778947,52.706758313311994,0.9001085859929637,1.0919981081228378,1584
26,32,74.47610667197068,25.15068078310342,1.0541948618787305,52.96995043625894,51.38326722706324,0.8910653954210423,1.3833182393257613,1576
26,40,72.84181728755024,24.871796648063366,1.0641744769082222,52.15767579388584,51.640264805473926,0.8673423291028932,1.3078609260714391,1568
26,48,75.53498218360365,24.220519098601883,1.0685758507677654,53.17761451599001,53.947866305461595,0.8792032265598639,1.0995381592328257,1560
26,56,75.36367322266342,23.59221674528966,1.0641331100201976,51.39395068318999,52.465162787525166,0.8605607629767951,1.3510990432141143,1552
26,64,77.29225672406434,25.075567746479717,1.063312862733058,51.178858381685444,54.99435129345531,0.8950283239236152,1.379881098546248,1544
26,72,73.55005462506755,24.629897812477363,1.0593524494611857,49.40514080376295,55.87681804953246,0.8808448374760582,1.094085597086408,1536
26,80,76.39563359951738,23.97978894195389,1.051070340011841,51.43393834707598,56.40755966186556,0.8869067646910889,1.2261504583466976,1528
26,88,76.21426980775901,23.641152888523976,1.036110162934681,51.765710149875495,55.777068867434274,0.8849683967244675,0.9874344894104169,1520
26,96,73.69515266238881,24.622845839633523,1.0318276576624523,51.87586315854334,57.48195674586296,0.8697072204277047,1.0697651944513509,1512
26,104,74.9298444382585,24.35924408175247,1.0224097141886597,53.94644596340321,54.455240514378175,0.877619162148696,0.9311718167363294,1504
26,112,72.45867892986199,23.898440399833294,1.0306074676266885,54.36006676986514,52.77166674587859,0.8822158106242141,1.1856999753980886,1496
26,120,76.93934378904703,24.806971760061028,1.0249240453910637,51.22982487686369,57.28370709131516,0.873101507188098,0.9583455418826917,1488
26,128,74.16918149286394,23.795283455873257,1.0341122938760954,51.24897722508801,56.05477589820541,0.8773527921249235,0.717503254308899,1480
26,136,73.14082544480276,24.638172893680448,1.0282552320296638,55.77112791636319,54.15865803217067,0.8850549949779819,0.854320304920302,1472
26,144,71.47702082840883,24.89064604690268,1.0240310351776056,53.37200201674783,55.1064476854097,0.8457590281984326,0.6157089534345062,1464
26,152,71.1800286378477,23.945029571274443,1.0333130707079734,52.04029968440641,53.93462692251764,0.8814499460800905,0.7326523844798215,1456
26,160,72.12507785076619,24.11835751220358,1.021207368942937,54.06022222188213,55.86656512515624,0.8535150179100257,0.8493630067666668,1448
26,168,71.68568865663036,24.160106972349368,1.0223624520818169,54.75210108689851,57.69754929107539,0.8678863865726864,0.9207962720604432,1440
26,176,75.31127111318688,24.027912723424688,1.004223929311458,57.68920082533954,60.38491514019266,0.8811400450543918,0.7460448281413444,1432
26,184,68.82605801451679,22.050111784531598,1.0014173660484778,54.76277564068791,56.8275841796352,0.9005032720143908,1.0099087468688668,1424
26,192,70.98864130419068,23.2873421363301,0.98758895457912,53.64903741760913,56.53647898574895,0.8707493190051967,1.0401536937354294,1416
26,200,74.66374831094669,22.528985203330908,0.9772145986806597,56.318541813595914,59.17751481579849,0.8667542135923231,1.2968569346022243,1408
26,208,72.5458091569265,23.571488093127954,0.9768256618733275,57.45704085865853,55.192050832886174,0.8665659897630146,1.4083035412735678,1400
26,216,69.29993818494687,21.246420481765714,0.9727242044798939,54.92517230191894,55.056411460886935,0.8598654358874505,1.4282326835268775,1392
26,224,73.67519466535852,21.068184432347913,0.9834941112570026,55.284132585388136,54.256395299472075,0.84591640566553,1.3876958944130668,1384
26,232,69.97648318623362,22.339440616657015,0.9733812020869401,58.29627790992821,55.381752542415406,0.8306477399656861,1.4345694285359065,1376
26,240,72.18742900421715,20.579672671078026,0.9758478087337357,57.7998416063179,54.709354311200705,0.8546721537161547,1.2392293670291488,1368
26,248,67.77596448929432,20.976998954037892,0.983979470158285,56.94626708776598,56.0222075965172,0.8439181250390664,1.5011504373049864,1360
26,256,72.63854171202834,21.500471630271964,0.98987820531475,55.32868632509709,61.57011080852315,0.8545553248798012,1.261992647260653,1352
26,264,72.53912007315434,20.289629711099476,0.9935991448303801,57.88331778560135,55.93062768712501,0.861354978225335,1.0874887616784585,1344
26,272,66.38802507151793,21.322974462062046,1.0044692532394415,58.60830767537274,53.23968387034195,0.8479272337111802,0.8306855915492861,1336
26,280,72.61307511807485,21.135910371262312,1.012210073760549,57.01978449620808,53.24245167345043,0.8592426980040743,1.1157269694819603,1328
26,288,71.19202751788056,20.177472249635105,1.0035504948079261,57.476108800453915,56.468394058849746,0.8219925868230186,0.9649696103678941,1320
26,296,72.21838655457591,20.552086346476404,1.0113065880155991,58.97468292066894,52.86174157427281,0.8510117813710169,0.6798761023145796,1312
26,304,72.04045146901096,20.804260244959742,0.9876900241399023,57.49082030612891,54.62691976029285,0.8204585831611242,0.8883889813451487,1304
26,312,72.96622445205507,21.07904001765899,1.005119166269881,58.32835419765163,48.70295064860229,0.8389051334319538,0.5580283884737204,1296
26,320,72.7758268697098,20.444412213241336,1.0129443766449127,60.65539400943181,50.61236358678122,0.8325239168355508,0.6086256641099973,1288
26,328,74.67153886199782,20.78339546879506,1.0167556989360707,57.0975029922911,51.13157278132927,0.8302003983799406,0.8917419380798951,1280
26,336,79.06086141998732,21.12355971115018,1.0216861238109025,56.5866059855654,49.58989931867663,0.808924019423755,0.8844146151047985,1272
26,344,76.46071098138502,19.34442549764098,1.0298768765071413,58.30937100304503,48.007830147454754,0.8372001514330948,0.7092801136100487,1264
26,352,79.72507370106267,20.85105336480006,1.021025995029944,58.07500684205935,52.463198189677115,0.8540061730624535,0.8445467575024904,1256
26,360,76.41911619542604,21.234109865304088,1.0136781036348936,59.85452545775396,53.90313437596924,0.8272656490481624,0.7093467283057161,1248
26,368,82.97069125300519,20.86789468534289,1.0185362366354365,58.05235290159801,49.77444572548685,0.8280360288262447,0.6343584774310504,1240
26,376,77.10868328556853,22.17542663854698,1.005660483412703,59.28716832417825,49.91925419226506,0.8383284551408015,0.9322817855639853,1232
26,384,77.18293037823872,21.298531436990032,1.014812979630828,58.30431202265225,51.383312714647346,0.8346733096665739,0.6769409866850151,1224
26,392,79.06932111093556,21.01413935559194,1.0238276446778538,60.33730388315776,50.65833801939668,0.8241527492596372,1.3025858574235418,1216
26,400,82.93786913975994,22.054763537441627,1.0205536158033781,59.666052589082426,51.01131819351115,0.7998962735308006,1.2613042655085778,1208
26,408,83.6990082190547,22.318018985161586,1.019857755441165,62.11778394117415,49.723143668255794,0.8227843122858106,1.2147681668600365,1200
26,416,84.17906105378117,21.733247616430592,1.023791071045041,62.465858280983674,49.61338972307331,0.8169801819401522,1.3008028937848575,1192
26,424,82.7674418057915,21.534146646341306,1.012734143453761,58.40393427165866,51.61486921445349,0.8107161314815872,1.1163212819653208,1184
26,432,82.9062631256322,21.488861509531734,1.0093497997401646,60.348058618322455,50.43268965295231,0.8319923830948119,1.5122593532067499,1176
26,440,83.23100032773219,22.524178151747506,1.013896706986601,63.22164329963631,51.265895693876786,0.7936051179826203,1.3081917310590565,1168
26,448,85.70008031198009,21.86969275641854,1.0087984917895017,58.92092290647769,52.32695092153668,0.7962237570452503,1.3910252103426213,1160
26,456,86.87982624962874,22.14961066585011,1.0187047759621295,61.84632685327839,52.97259669794743,0.8104903514820986,1.1449623316916604,1152
26,464,84.60675651395223,20.80996516567867,1.011172200032631,64.48160916830736,56.50448793255033,0.7908448312653537,1.1922798945859452,1144
26,472,85.22652691999976,22.3364422656907,1.0088764995457602,60.84235952194421,51.78895578325169,0.8000204735789875,0.8615192164311544,1136
26,480,85.524592792869,21.951207045916277,1.004750814485109,64.88156106439631,52.08709826083118,0.7916202591340398,1.0395307126095665,1128
26,488,80.42173642896441,21.944347288769986,1.0216867238968241,64.82782785067802,52.024232934433705,0.7954124949187784,1.040553967367811,1120
26,496,84.28428292344854,21.60608398130103,1.0064443538775212,61.525157663619325,55.99871198482437,0.8085518702733441,0.7654251519621181,1112
26,504,86.08314271880884,22.10561436279676,0.9969492930228872,62.14163388225315,55.50397954686245,0.7853039510881046,0.6671751001948862,1104
26,512,82.4364923997826,22.023613523453488,0.9945289184943067,60.74980750975686,55.13756702892584,0.786088488867078,0.6946632344322736,1096
26,520,79.1984377869446,20.506922588709692,0.9849533075106718,65.00424502858557,57.885349052445534,0.8006457094785854,0.8380361954160064,1088
26,528,81.86097140239208,20.956586422774862,0.9826858085831043,60.659988050124426,58.3374251544926,0.7690433737993329,0.5597469099469247,1080
26,536,79.98270615031387,21.48332540140967,0.9746992144826638,66.59406226682064,59.54584776264853,0.7754224891969473,0.8503946682611342,1072
26,544,80.68257446933825,20.160700238399002,0.9888984693691131,64.78360657683821,56.87001765778593,0.7747966108634255,0.9556888439356523,1064
26,552,84.47049259270254,20.702890404272686,0.9829842803706608,64.96679621906141,60.53476204679489,0.7591766594494231,0.8506884936123927,1056
26,560,80.35148006977177,20.545086400440432,0.9942396599398766,65.84960381978598,61.377750006897564,0.7885659277260907,0.87295142638743,1048
26,568,78.22607758729526,20.357221825939437,0.991258192753332,63.76569471070702,58.64368600333626,0.7662661535120189,0.87937552550606,1040
26,576,85.26860633772985,19.816100671023495,0.9773943896081492,63.09919548249777,61.281662352187254,0.7511966784066033,1.0810622380606287,1032
26,584,84.09887040452992,18.171144132114716,0.9778220161988471,65.98238398813865,61.39353446390153,0.7588661685190868,1.0603610634428489,1024
26,592,80.54018359206053,19.792485355632135,0.9688484455955475,65.73918939112652,62.39539091868547,0.7661740372663028,1.4267353174714161,1016
26,600,78.82703035411559,18.095288068981414,0.9723017483950628,66.04877310355363,59.72029185562824,0.7689899659511239,1.081058213145781,1008
26,608,81.99210187112128,18.887080668622595,0.9707938430982289,66.94142670868278,63.50241600511357,0.7356533972487034,1.2322683994927321,1000
26,616,78.92454461590582,18.45241535755517,0.9730244044421723,66.94585028145187,61.448440105799946,0.781326286409261,1.3794611222464326,992
26,624,81.0348983251879,19.09033964464366,0.9761944256996622,68.22199352105852,65.53343023293574,0.7602291956879124,1.2262082002897312,984
26,632,81.25325833254112,17.81002738014955,0.9737864985341659,64.9715118036643,63.88846880730303,0.7607735246260566,1.2831194971971425,976
26,640,82.82142650912063,18.8316409183733,0.9562852588207157,65.8896510998157,64.21337325715544,0.7842801655442102,1.4623778835410786,968
26,648,84.96108891809183,19.441774220807694,0.9636482871814643,65.10726592539449,63.058461164846534,0.7626072163016231,1.2088656697233922,960
26,656,81.28246385043354,18.028811523816547,0.9717436682708762,66.96738133959902,66.87590954614228,0.7390312940190898,1.2559280667606194,952
26,664,86.47997799009237,17.32673325482467,0.991327341768209,66.44933923559216,65.30929543211212,0.7425404836890811,1.0766470661308458,944
26,672,87.68188997480381,17.768190451778338,0.995714401418623,65.29886572386195,63.376693686090576,0.7260916783410575,1.0142011388236722,936
26,680,83.627353562078,17.16913486268948,1.0015602879238892,68.57800071877894,66.43690002415768,0.7558509901156022,1.0492401431138467,928
26,688,86.08630457815272,16.91589789228431,0.9906708809059694,67.49145170022321,66.00570948827033,0.7578479578539812,0.6748032659358001,920
26,696,86.6498796385254,16.91076750597549,0.9656619509973038,65.05536879322682,67.98497177112678,0.7375191233001268,0.8765790341923695,912
26,704,85.49652673322548,17.371415786462787,0.9554736326730506,68.51756109193148,65.96388967750573,0.7478908000393385,1.2419273506514,904
26,712,92.35575760196994,17.77947702504765,0.93144096659384,68.49380943993434,64.34201572684736,0.737868147093917,0.7162488510582864,896
26,720,88.74993033593108,17.52297326287914,0.9529115199065229,68.88713102250985,66.6599086405834,0.7224737163132817,0.6442465579126502,888
26,728,89.83076283807439,17.080861623210478,0.9614351838162465,67.94361248444363,65.88915800901196,0.7168395259484434,0.7230193772696534,880
26,736,91.25132921539772,16.53995482069961,0.9700364145729619,70.8592038086458,67.44014248234727,0.7340720314425175,0.28827583216871766,872
26,744,92.66713783033221,18.382854784671718,0.9733836530283089,69.17891270349004,64.1547242900317,0.6927038450532599,0.6456226385809803,864
26,752,88.18071367319114,17.429330284874442,0.9655234124055929,67.9426618398512,67.16049770761693,0.7252031007738702,0.7146336884538808,856
26,760,94.56473737081514,17.765082463100413,0.9781274381719465,66.94350444525797,65.39827928685796,0.7137163240118729,0.8981082046437492,848
26,768,96.1181814311849,17.005891453400643,0.9708122292145643,68.47510206103317,66.44390326747647,0.714500001389411,0.9470114121345319,840
26,776,94.0726960135659,17.29339913084755,0.9513456343114057,70.50308105437163,66.43334384711956,0.687347251755162,0.9878574613872172,832
26,784,93.6834833103786,17.470712224704396,0.9481166058881276,70.2497003978381,64.79377295558949,0.7137399602790654,1.0040463976209308,824
26,792,95.35666637460704,17.944390210711106,0.9548968716248019,71.94904939699232,66.96198934376757,0.7286478942382809,1.3582826720158954,816
26,800,95.46296878548081,17.194805305553054,0.9360771397788106,70.5735880944229,62.822369103631516,0.7213041491490251,1.48948672678828,808
26,808,94.49673384109019,18.168194162610522,0.9415850526635544,71.2585012942579,64.36021847247234,0.7174621278474679,1.2872764285347718,800
26,816,96.94817221064378,19.67248645826612,0.94311474492759,71.78268189189343,65.1809018622724,0.7142302043605463,1.140724459877656,792
26,824,94.44938498712327,18.899620835566054,0.9385624259181453,69.89598905435446,65.27189355352512,0.7081279465767695,1.4329521520390018,784
26,832,95.83447739695869,18.32613359576619,0.9456143462655554,71.19676717980572,58.763505060393584,0.7222549646128334,1.342200879412567,776
26,840,97.22648460242063,18.910611825757574,0.9315324370349827,71.7926890096669,61.28243028288026,0.7328975140060614,1.4744717723967609,768
26,848,94.87019045204315,19.673775381939677,0.9454790215027901,73.12720046371685,61.71154593143846,0.712181813448482,1.00762498694178,760
26,856,92.23832184134146,18.776665098597366,0.9552097409930767,73.57828864464004,65.11776472675989,0.6973216317600032,0.5857234707792873,752
26,864,93.3069477557512,18.523179129943358,0.9459081146520606,73.44016385465807,60.2751138753133,0.6983889962558245,1.2030495326459911,744
26,872,98.2583405390246,17.901549388946815,0.9539126152087872,72.97311014515132,60.1012383248874,0.7134354007847968,1.1501180363312096,736
26,880,90.77327826217106,18.75258532816986,0.9579602015259998,74.65464720035257,62.239386776429214,0.6936651913335999,0.7430070493794878,728
26,888,91.69255931920733,19.146363239506385,0.9729589202550741,73.42539797154062,64.32094017258812,0.6912685810517444,0.6482678359144228,720
26,896,93.81486984408289,18.627315482074124,0.9848592125869463,73.10977787821469,59.3361262882039,0.6935360480851193,1.1748382234911374,712
26,904,96.408961114168,18.984487472454347,1.0003612834977877,75.81959288595061,59.91196204913859,0.6993275851721803,0.7576264869067697,704
26,912,93.79585860872501,19.272744017654404,0.9916700845485661,73.78306600278154,61.15756572569332,0.7231564802546225,0.8738427083508032,696
26,920,97.76725434568891,17.529140381078115,0.9968947157572705,71.2261568292341,58.485802859785515,0.677352149003516,0.7681841995760657,688
26,928,93.45577867899671,17.684571738771794,0.9907593229188784,73.86142597651333,59.40097186505852,0.6730972784374549,0.6562145469226914,680
26,936,94.4930219723999,17.10329496595798,0.9936488132081147,71.57658350173807,59.37994469086006,0.6811645879483539,0.651450965467947,672
26,944,97.39295039476552,17.163062429185693,0.9970697878202031,71.5781356528638,60.646657792237924,0.6732527502565229,1.1305787797492624,664
26,952,92.11701571781852,17.09300719973023,0.9905111711180259,75.59744428520972,60.29494932034091,0.697045038122007,1.0180132943722415,656
26,960,96.33644195169421,17.701548036665038,1.0010089562347397,75.35440706740441,59.34798212671147,0.6885762832052397,1.0834969605007547,648
26,968,96.11004333356155,17.14031422843102,0.9966204636623445,74.60020976152849,61.412963244860606,0.6842810382516569,1.1386537029367525,640
26,976,93.81948040215131,17.319266310950198,0.9792651679727369,74.5512798469742,60.58142127348619,0.6791241960336101,1.246820939609851,632
26,984,96.68929076786787,16.65764120483327,0.9922497105636583,72.41520251880648,60.164593985966334,0.6807405084230699,1.4185702385788679,624
26,992,92.7684447305578,17.04418585924621,1.0007166332121877,74.22963433105382,62.526342072706996,0.7034201272781032,1.1145331032564936,616
26,1000,92.91879132579147,15.617263257396166,1.0185021562469285,73.27156609343112,62.26127038829473,0.6703140358828104,1.3156776665261567,608
26,1008,100.38533663690211,14.751231234415876,1.0038544937452665,75.03869883959744,63.552645367375206,0.6738200038300662,0.9424417281847073,600
26,1016,97.07623302760422,15.92345509663846,1.0015572862039774,75.34381237818482,65.17027133513716,0.6771863074760395,1.3856131834108887,592
26,1024,95.36298433144292,14.391842351025245,0.9975164001438485,74.62562282784626,67.42300499248681,0.6752365901960028,1.2267102293243917,584
26,1032,100.39574051527464,14.486469934242932,1.009576087899256,77.58836031862454,64.84089722704863,0.6837542007900448,1.2003766538669987,576
26,1040,100.69360626411382,15.794242238090954,1.0189394973637718,76.30098678663883,63.48499572417242,0.6907483277558267,1.4381497169399478,568
26,1048,98.23980920484439,13.9148428157103,1.0251274473780128,74.25952994560977,67.28616404456574,0.6758231650380772,1.3649223303744116,560
26,1056,103.60477446783003,14.442614158723067,1.022054711875964,76.75510218915936,65.37917775677033,0.6831275311608547,1.0147461134148335,552
26,1064,100.51099383488922,13.890970955221901,1.029406482134509,79.3921803384281,66.82091041421987,0.6518139123963071,0.7942485834666848,544
26,1072,102.80316459090285,15.014684584494162,1.038243034284051,74.50852939819526,70.46885248604106,0.6730080319047779,0.7561359111752824,536
26,1080,104.07539561763855,13.07112087260052,1.0450707543861062,77.05015360348312,67.7080844765075,0.6707272188707496,0.683666074111276,528
26,1088,107.4879043756087,14.612504569403622,1.0527949278872668,79.13869427460213,70.66665990561226,0.6718682903450796,0.649145293473609,520
26,1096,104.62666476818058,14.825696342595194,1.0312431543729674,76.48391779695254,71.63180540845238,0.662246470380895,0.5075051303885555,512
26,1104,106.9566215753663,15.47491888702111,1.0411694462989374,77.15649639742527,70.30262475481302,0.6754629016361001,0.7278912788355626,504
26,1112,109.5036833934903,13.988921132135104,1.0417588088500056,75.85451179361804,70.62198584298392,0.6413872279053503,0.6912405194979021,496
26,1120,103.95551186286481,14.460348484634308,1.0346415052823683,78.87926707401648,73.2088317664074,0.6711986623604086,0.8424414763719507,488
26,1128,106.74245237422885,14.126692996406652,1.0377126737113307,74.93430805418832,70.64213142724356,0.6611283836087065,0.8418485353727565,480
26,1136,109.62782979866506,15.004919916412936,1.0368983180934976,78.28387379387944,68.97267989129084,0.6408849230513655,1.0105622151649798,472
26,1144,108.10894332745752,13.838708590045448,1.0504281319504127,79.00971337366957,71.32974061234047,0.6562127486739034,0.9277528311919455,464
26,1152,110.96962300001084,13.476679310680046,1.0548610489996872,81.27800123824396,68.1534729913523,0.6352181235110353,1.191291108200879,456
26,1160,106.62939856872396,15.271142394566645,1.0556900369515705,77.3995699268398,74.36731240709801,0.6411437214139593,1.2797124904417159,448
26,1168,112.91581571458237,15.354357544077647,1.0647458404518815,77.90663026317274,75.22712690512017,0.6520371542507188,1.0159324045657476,440
26,1176,110.42004481130508,14.994901374422207,1.0833118323404896,78.81041626698004,74.46969193458294,0.6622701336857632,1.16476988034657,432
26,1184,108.24463398478387,15.836899237726863,1.0825084547776465,81.05004940441097,76.68551851290442,0.6480882757097364,1.2200772171254841,424
26,1192,109.33406935264907,15.427409760464494,1.0802963035387076,81.26411655880536,73.38448463920763,0.6241328414707077,1.3088185664827081,416
26,1200,104.36903045122328,15.414610491081763,1.0777373750125676,78.36938504790851,75.80267148882548,0.638010740867615,1.6063935712775896,408
26,1208,107.89403729813459,16.398216402597008,1.0622602923701094,80.3942418421061,75.3103792348866,0.657109485209806,1.496463195062645,400
26,1216,108.4016951953745,14.9863576157484,1.0667409080489865,79.59958193863503,71.95463836195734,0.6299003036908709,1.3761492015293528,392
26,1224,108.01216789006733,14.79659442842008,1.0574180319206026,77.50887247844072,71.34902930457905,0.632459354339592,1.2946530088431178,384
26,1232,106.02402317971975,15.86992070116858,1.0462053220466263,81.03469088477858,76.78430012659652,0.6278894931132949,1.0562255773970255,376
26,1240,110.96068393374316,16.389683337248368,1.0423412014891529,81.96327822449906,75.23115626583328,0.638431052129206,1.1050971446746267,368
26,1248,106.92707030146191,17.137280960705947,1.0461219057599271,79.11526924884882,76.00524062685007,0.6544765890767125,0.9805613146011913,360
26,1256,107.95411991893015,15.542175644557851,1.0319633498165866,81.29739476616483,73.99852039892582,0.6412087525119149,0.8551057564023614,352
26,1264,108.08043372745085,16.688948055370975,1.053737211069593,79.9955883840405,75.78484061646135,0.6221546536971991,0.9455648336494292,344
26,1272,106.504452747563,16.253871012675663,1.0495061276608337,83.05149556764633,76.33164115656527,0.6144337644080134,0.7760082788544507,336
26,1280,107.16884209897225,15.077123560787104,1.066392272778846,82.80394835622809,75.43014774713272,0.6479973760893555,0.6866261861810194,328
26,1288,106.04145707423045,15.719087015363726,1.0514493131458422,83.02649783972282,73.6555030381261,0.6374614565611948,0.9972149424553508,320
26,1296,107.72052219648987,15.52682089249701,1.0576966104704422,80.42058248041229,77.61445553061324,0.6144810158865014,0.9173831111856668,312
26,1304,108.05383268248366,15.572832312758754,1.0608443167681332,82.2121887817956,79.14552284021958,0.654171537010528,0.7493338656495893,304
26,1312,107.07259857986566,15.72548329123693,1.0523337227555805,82.25792713897715,73.67627339463554,0.5959095582918981,0.809440995582586,296
26,1320,105.87030148778355,15.334266467414855,1.044515375748904,82.6892933177458,75.55669912158642,0.5979558447769936,0.9100974366272948,288
26,1328,104.99842347860083,15.667757158517164,1.0551658180611327,80.32636054900544,74.3198383781885,0.609601488696534,0.8256506342470714,280
26,1336,109.97271018918575,14.874665579395364,1.0503540871344654,83.2646065775363,75.46184642271005,0.5954723605839365,1.0372113629833484,272
26,1344,110.4850705089144,14.808901903469604,1.064556925654294,82.57781582000227,73.5790335411835,0.5880292028102254,0.9009087234729586,264
26,1352,106.68646897048659,14.746735315512069,1.0851339679289214,81.3686400785839,75.58146705881101,0.5986903951002662,0.9345440286810325,256
26,1360,110.21009335195336,13.425767975072178,1.0821014263165911,83.93196180268156,74.47678784140149,0.5972086016635689,0.9644592060523423,248
26,1368,113.07743774329423,14.306244900052212,1.0844315995933185,82.52545238477379,72.17217147733871,0.5954573329718635,1.1207978171962436,240
26,1376,114.19714857464244,12.6334816881762,1.084999337525195,83.15764901353226,72.17018047595664,0.5870042156342966,1.6033500893378552,232
26,1384,112.81528357496632,12.71475596746673,1.0755721078511808,82.06111002177421,71.12565286693896,0.5804582816228683,1.306452825697525,224
26,1392,113.16242642158163,12.723001097251508,1.0867479108997111,83.84121447819939,72.7683473203509,0.5888982470461159,1.1155299576837425,216
26,1400,113.22568395405912,12.202165875506328,1.0898068592829,86.54361522851669,74.74481050850524,0.6119476976426065,1.2463996345085422,208
26,1408,112.39199163108346,12.106364385998328,1.0868558501298602,85.20756893015096,72.29655649320053,0.5803415986779553,1.1042616392143607,200
26,1416,116.53263065031287,12.776432529612896,1.086703193737381,85.44374525564201,70.39106145266669,0.6028983330487732,1.2586644300774859,192
26,1424,120.08340469898948,11.69220350702817,1.0875561451124007,84.21784824299603,68.70119307950287,0.5955426317462285,1.1295129774796753,184
26,1432,118.38952579059828,12.579192835316498,1.0938662868288165,86.32810915160918,72.48744448670416,0.5358426426351179,1.3128338555817003,176
26,1440,119.89739003133433,11.299724527856043,1.087041404030872,86.0994411367897,73.90399095409516,0.5751937427096787,0.6821811460771507,168
26,1448,123.0461336150649,11.613191024740738,1.0799896779291007,85.73688503213185,71.05566744685366,0.5522408063844934,0.7124684311346868,160
26,1456,120.61938905153016,11.406328262414863,1.084520829244619,88.70330948838111,67.66421782907244,0.5769219253868624,0.7764870929543279,152
26,1464,116.61518641341627,11.649334521529244,1.0887002051443484,88.03452286086706,69.63133799829463,0.5616762465691068,0.7794907201951117,144
26,1472,125.74411953170645,11.184628890834725,1.0671601845969862,84.39996090014418,68.90559967758993,0.5591681434867695,0.9653571782080016,136
26,1480,122.99011162307455,11.289150870098926,1.082729710493983,86.11219347402916,70.07316524543013,0.5646748922077914,0.4834661648870563,128
26,1488,120.94042923321432,11.334785305668767,1.0810446430557603,87.10105331096835,66.83307952696317,0.5731269129010109,0.682038878004924,120
26,1496,124.63265317516525,10.015610268149162,1.0743562303080096,90.34868297235624,72.19138381124074,0.5459890837044908,0.6904894194011035,112
26,1504,126.51078034095336,9.654884568171267,1.0756178526627804,86.07524916713533,69.89405846279811,0.5539562873247861,0.6847140693006356,104
26,1512,121.06283120505195,11.106111023451511,1.083887444186912,86.4476374169127,69.75187964881421,0.5540668572469686,0.6514573299594517,96
26,1520,124.27312363720716,11.529561317590833,1.0786355993761534,83.03123272550553,69.10969278838583,0.547868891113099,0.9040368993652228,88
26,1528,125.42701351771646,10.311147325157524,1.0602848776159024,90.1961130959861,70.74776444410294,0.5549238403278485,0.6520358206128244,80
26,1536,123.15519697191296,11.842218255104164,1.064495229898621,87.60791043917843,74.46245779915421,0.5423561123342366,0.8589961049964763,72
26,1544,125.72475419328649,12.408045866002942,1.0565961345313037,90.8115307361211,75.59076850812667,0.5630392926286908,1.2021848096839547,64
26,1552,122.81811696922698,12.136324706511125,1.0567391438216864,88.55535128189281,71.94217653154188,0.5281612488742617,1.0425745249164495,56
26,1560,123.41904103269943,12.311637333726283,1.0606050806185707,90.89348055446328,75.42395328997209,0.54475752583681,1.1917497598191837,48
26,1568,124.65382623081344,12.209323062142877,1.063576331458181,91.28968011176748,74.35771489400136,0.5222430687724077,0.9278888877975275,40
26,1576,122.12036566180838,12.069653127032291,1.0793954746101586,89.14709746224258,74.56214121434421,0.5521004871249952,1.562349568959231,32
26,1584,124.72212068545625,11.685153515751045,1.0745524594622513,90.49319646920681,75.33766766129845,0.5472229221928774,1.3734613820545891,24
26,1592,121.29616820144383,11.295499931529855,1.0897847169065473,89.7284671792479,70.61845985788894,0.5675535004007792,1.23323991421378,16
26,1600,119.11323485934957,12.293813609746042,1.096186189694954,88.8416575604941,74.6584069813165,0.5453184383261518,1.1070744243219175,8
26,1608,124.86469848104144,13.050848646908394,1.0922621675146826,90.2189109316526,76.66821837905407,0.5221255926171285,1.2195302586581824,0
27,0,67.62051365557194,25.23059414250965,0.9126898564019681,54.51012402254525,43.8258392388806,0.8934949512303196,0.9182448845542437,1744
27,8,70.16298002977506,24.600357094954575,0.9175078952071223,54.81834171437948,41.88241139675545,0.8360684526287485,1.1683340880985311,1736
27,16,73.46180777299776,26.051229114743403,0.9167473488469637,55.05100285047915,43.013680107000035,0.8916026196227905,1.4385710288526654,1728
27,24,68.91274355994162,25.22085939898047,0.9094826078437496,53.52221848745873,45.05626178956277,0.8459352112454716,1.3566139870661151,1720
27,32,73.43853161986036,24.052476411352032,0.920536417282646,54.5103678036997,41.030288736639115,0.874120112063361,1.2504048913936805,1712
27,40,72.89675736002957,25.40380358723743,0.9227575075104698,54.486318101653794,46.22973993424224,0.8603363738196049,1.4470019515605164,1704
27,48,71.29139766521756,26.086035192230224,0.8995234099097635,56.990418914042074,41.77818112296903,0.854280932420276,1.5738745534047385,1696
27,56,73.45065787117753,26.328010627923803,0.8969226881071338,54.82921687177995,46.09843537514002,0.852943449734324,1.4491131764126017,1688
27,64,73.16024690301366,25.40299888238689,0.8930641975424497,55.01521677497423,46.90502194112584,0.8645502955069789,1.3227565169835462,1680
27,72,76.0500394611883,26.60204179776062,0.8958883015415205,55.78158965708159,45.3721989859649,0.8514372319953025,1.1087461459411618,1672
27,80,74.16743675604975,26.10425342383303,0.9122140769313604,54.9859234549978,46.357769013872776,0.8598718487924223,1.1643753281907243,1664
27,88,75.82686451760563,26.376984342379576,0.9145316203375704,53.28082739830587,47.545163019039975,0.8579575268591403,0.6650771134117603,1656
27,96,72.39999595235355,25.65446653806387,0.9176954511665277,55.94145588412264,46.95751007372116,0.8769252290956054,1.1388374720876997,1648
27,104,72.81990565460896,26.53457744301681,0.9163984656169991,57.84769165335242,43.11982582309544,0.8616570798840905,0.7184041998513415,1640
27,112,74.78939534218766,26.24767979016544,0.911572128552319,54.960688047381886,47.475041253657416,0.8578452377993196,0.6633405396111922,1632
27,120,74.52442830177465,25.71076191954153,0.9003871189444367,55.93785721563412,46.03013525218165,0.8945356148231224,0.7113529263360899,1624
27,128,73.63619376578968,26.078881259949746,0.907343662669309,57.12731415088302,45.76844540710802,0.8747371448577795,0.5511036009908541,1616
27,136,74.29940687330475,26.018775067412726,0.9082777791963347,57.983243303709685,48.8542544843097,0.8682884797448718,0.7808246230161672,1608
27,144,76.00442111646223,25.56453701538644,0.9190888409965015,56.96694577667704,48.84874649238303,0.8739822046002164,0.8092585138596661,1600
27,152,72.48308258049735,26.937372214459312,0.9071030452662073,54.49882992390853,47.44512373777386,0.8824832877299159,0.6960113858182669,1592
27,160,76.82521131214095,25.336300012130636,0.9217006807412157,55.80580697511836,50.9642866013656,0.8501099677691104,0.6396699398846601,1584
27,168,72.36171993632459,26.401028027938267,0.9192275781403337,57.26482252489106,51.65561670994358,0.887354169242678,0.5733228026015549,1576
27,176,74.85583474101037,24.577309675249122,0.9046614964207151,59.306806270053876,46.47284793963546,0.8807714495826213,0.8041954795195763,1568
27,184,72.8277164165106,24.730131475809397,0.8938673312940424,55.90137742583709,49.39858545131611,0.8430725300970934,1.0578979616117108,1560
27,192,72.89728470609768,25.664573292641595,0.8870481521896533,56.86389934863705,47.39920519977192,0.8433038232937381,1.1217978516415876,1552
27,200,69.72299403243437,24.85808576627217,0.8845352091605081,58.44209345834303,46.41938770880518,0.8409074382932255,1.132123595447665,1544
27,208,73.66454985638843,24.36106969030946,0.8932580975144094,56.95630172880055,48.89906609336864,0.8502505506865595,1.4632592495884698,1536
27,216,69.40142742734892,24.113551843216538,0.9010985299395691,57.657240190691155,43.75173641519963,0.8436586512564406,1.1106835846793055,1528
27,224,71.68240204205559,24.259599106281183,0.9034187205185568,58.40978365797898,47.87907340247525,0.8457157418830049,1.2779463752106397,1520
27,232,67.71912282830505,24.65245668934144,0.9092693639040779,59.6989273845136,43.9118458733335,0.8666447000912231,1.3764427161029398,1512
27,240,71.80758462404347,23.27940179110693,0.9013224129900531,58.09220717064726,43.31234373078803,0.8654035892452031,1.0789109513734152,1504
27,248,75.84873439341352,24.372895327950726,0.9017351509394962,60.42673136740221,45.019428771036935,0.8312133867634224,1.297174806588642,1496
27,256,71.40591105012896,24.223920261939863,0.8996336632439961,59.91407848063772,47.738577934773936,0.8346078442241028,1.1581763052634544,1488
27,264,67.1920417186482,23.734967771719255,0.8836132564373148,56.88032920278948,44.162571980020914,0.8341719841654354,1.246173778898891,1480
27,272,70.18577897137644,23.834668317302896,0.8923168297250872,56.58048779918189,44.379664982333466,0.8528941615107426,1.3431698878424012,1472
27,280,72.86472458585476,22.275709264683393,0.886616951767033,60.563248253951414,45.336346237891874,0.8269307242302306,0.9681709218811694,1464
27,288,68.97815455710233,22.69134054963534,0.8913929330809438,59.99429112025277,44.710647250316995,0.8442800784203583,1.1684459866442993,1456
27,296,71.92347100513001,22.54149643380169,0.8850402434018935,61.30405502216609,43.820417852100036,0.8506219748420994,1.092000725894354,1448
27,304,72.08068915342342,22.98867328542139,0.8837626091536174,59.174408404151976,43.74494096828789,0.8332911182522245,0.6948498644674922,1440
27,312,69.52810018330503,21.637613722515034,0.9005382708213894,61.595278544869494,44.20441688312086,0.8409506321838003,0.7198544786533866,1432
27,320,70.93059226695249,22.318841129397864,0.8885960728816223,61.61729465765498,40.243430423848174,0.8213198809019229,0.722394999037026,1424
27,328,73.01551274779632,22.20546739197047,0.8813676506582138,61.7132277668491,43.679936459620635,0.8376570851912539,0.8607369900539524,1416
27,336,74.72250856011905,21.935134621176495,0.8788774535569709,59.692785914166066,43.09944250570597,0.8254951828072138,0.5543122236852658,1408
27,344,74.81658593669947,22.05366727394518,0.8605542503178324,62.37510826876593,42.65098723216153,0.812683693309829,0.6807498628631133,1400
27,352,78.89427763688991,21.038208137574337,0.8596532482270675,61.896466106470655,43.031979036330995,0.812252870678485,0.7678425084309117,1392
27,360,78.6617882685306,20.458337525938717,0.8541657236677099,61.81294535185449,42.65029748015269,0.8579512684314411,0.7417849146781006,1384
27,368,75.95908694910618,20.126853847230745,0.84108928313844,60.639112150017645,39.676387711386994,0.8377153422287847,1.1233427793749462,1376
27,376,73.24474566340915,21.63600466945691,0.8445766854167605,62.46595584937974,42.92982844681096,0.8062986618680412,0.642849536013866,1368
27,384,78.10813773577301,20.74013358256385,0.8526635638099467,61.042960751530615,39.3398314271798,0.83243450190597,1.0429999554445393,1360
27,392,76.53352214246513,21.344500584520663,0.8552168339167421,64.45518434351199,41.03745998024526,0.8149037610312084,1.040008966615711,1352
27,400,79.4575015578157,20.523776377484456,0.8437759944153985,60.215112914630225,41.837995052806484,0.7788491355169439,1.0948850726196833,1344
27,408,77.69355002968406,21.303908496211168,0.8480188286674499,61.18590488129832,46.557682474807855,0.8151840648437535,1.2368039148094732,1336
27,416,83.64147478912066,21.71461693604391,0.8469158556735571,65.22732109124664,44.37882411306155,0.8008623764026543,1.10611217372656,1328
27,424,81.62918292742764,22.058428368155752,0.8451446628039854,61.63642391673396,44.73491523993514,0.7950772623939253,1.3839925606992414,1320
27,432,81.1913370619658,20.894324878789412,0.8557176661125547,60.10958209129147,44.521588684525554,0.8281388307949668,1.2461604288728727,1312
27,440,82.01682365830133,21.635773621823954,0.8662586240246543,61.49088482947187,46.524095047258044,0.7910501035883185,1.2032490218664464,1304
27,448,80.33742262854923,19.82063135708606,0.862461394716392,62.22585876097778,47.000377812992255,0.8099482528129697,1.3195688342058338,1296
27,456,83.23998465709626,22.013906805707023,0.8686578037956387,65.69463431609108,47.45426972065023,0.7977754573715725,1.293980504106531,1288
27,464,82.10694814470489,21.186673487762334,0.8595288784532211,64.52872776956876,45.077603003940446,0.8061812262657236,0.9778818346677552,1280
27,472,83.94724683969332,21.362328980984245,0.8582224856537007,65.63868605739881,52.346044732919225,0.7987441323330992,1.0717925028537487,1272
27,480,83.2879924283995,22.147140782741097,0.8575540730643058,63.887152832790115,48.785176042171805,0.7654089705482987,0.7128598806196387,1264
27,488,82.22864519209686,21.844560800753843,0.8679402953967121,60.646351388850356,50.130675363652664,0.8090612969139122,0.7846801208082856,1256
27,496,87.38979308223644,20.875202992395717,0.8497028164181296,64.55624021815747,48.43768515229828,0.7995714867273849,0.8805443916906581,1248
27,504,85.55857499652578,22.383879164859376,0.8375803528944948,63.89131010333519,51.31665600443444,0.8026159531830199,0.9261639860626117,1240
27,512,84.72530704868647,21.81541450072401,0.843443929537822,63.64338311372169,51.96593977245548,0.8131892971386031,0.8177020555743334,1232
27,520,82.790202124571,22.36045145815362,0.8519737699393367,64.28691763369545,52.36211525789742,0.7791844433100993,0.45971815924797044,1224
27,528,82.02710776697984,22.41287759358392,0.8603939394140397,63.44988796486974,52.67286294180001,0.7890872033436739,1.0379678441308733,1216
27,536,84.59790503377573,22.905630761067677,0.8687218227355293,65.45091241042076,51.62296774027087,0.770308163372512,0.584955153827406,1208
27,544,83.52203547805428,21.824199667133442,0.8692096735460908,63.71298837794601,52.134209500603234,0.7994888887521634,0.962979708178191,1200
27,552,82.30412541008874,21.14617477707351,0.8739998776760761,65.47427742285146,54.15741526513071,0.7840918817900067,0.46476403635973634,1192
27,560,78.69706218563863,21.86296938941878,0.8629557827766408,63.655040560839126,53.495597180843426,0.7616169509204886,0.7373781706043449,1184
27,568,80.43414450363379,23.124685803497194,0.8557661029807223,67.59529818114441,59.08420521788203,0.7814356481213492,0.8279191733741156,1176
27,576,81.97316035672512,22.632898946222213,0.854625796226845,64.96250394128373,55.17970565557611,0.7776932856115409,1.1227109053334343,1168
27,584,81.04046034716518,22.468840755011435,0.8559514329447251,67.37809325192302,57.36530356966399,0.7645810281318035,0.9462715522596793,1160
27,592,81.95623994525175,22.01298978684373,0.8738437543213865,64.95012958083159,56.31564794339243,0.77287225860204,1.1489645219444946,1152
27,600,84.14127523515572,23.19232981346445,0.8800282005925891,65.83574056732259,56.40074239023864,0.7489532250667427,1.268287128634418,1144
27,608,80.30867700591341,22.998266969895354,0.8920718944310687,65.68718773250482,53.84104874947841,0.7203702620753352,1.4133214961823808,1136
27,616,79.733892213731,23.634051190326385,0.9022603159515741,65.30889134693624,56.77091579023959,0.755361734618154,1.1609958039843873,1128
27,624,81.71331696209747,22.408350197165422,0.8974298803954466,69.71019732080678,54.08437387825428,0.7658057878480624,1.2817227529138875,1120
27,632,77.62648202358828,22.8057027028684,0.8930541685373642,65.78391021051362,54.26328216754568,0.7440570182322744,1.3774397595373602,1112
27,640,81.44797256061575,22.780692755237762,0.8857277980480686,66.98866992249478,56.96120487317216,0.7557160198906763,1.2307425299559178,1104
27,648,78.28954924310813,22.257577370331894,0.898529134820895,68.9984978245364,57.45691414291169,0.78777752214628,1.1894538527592033,1096
27,656,80.35337444151521,21.987789070421528,0.8977018071002858,66.24923775776628,55.94563011913244,0.7596585314458896,1.0435406635521782,1088
27,664,81.71320652216777,22.5529890836785,0.9095316794781748,66.5995407147646,53.79597794777235,0.763598088559538,1.0418076088523247,1080
27,672,80.35554415998932,22.875974685802042,0.9190355461213555,68.12165630322603,57.665005995802396,0.7407666473937066,1.2151244784175255,1072
27,680,84.62238336062845,22.056794423510055,0.9276835552427947,68.12250543610422,56.220575074233174,0.7801581298238691,0.8420196679282548,1064
27,688,79.55789272958174,21.8801835314005,0.9126812245112275,66.67842103915551,54.681651884057246,0.7576894037156684,1.0563208169375464,1056
27,696,78.96699185606171,20.654226529406486,0.9095909753844656,69.78662579485827,56.923598874532125,0.7443153560076646,0.9106022839093527,1048
27,704,81.63139825601321,22.270803022975375,0.9189918157649547,69.89442134894554,51.71192057880587,0.7351747164053191,0.6498442567692151,1040
27,712,85.75932706277948,20.485295291422823,0.9208603392050909,69.39452790289296,56.46127409296022,0.7673343543641413,0.6865458162869178,1032
27,720,85.34292096077155,20.754118962479406,0.920395044025262,70.86889124182053,54.13625281821922,0.7442664305422457,0.5093647911880306,1024
27,728,85.37662410314712,20.936313664845326,0.9091457099873652,70.9946470183504,55.83620736966248,0.719186363685835,0.8515968775169594,1016
27,736,81.69105304466241,21.1372508211405,0.9095769865472039,66.2358982221159,52.00225950363951,0.7473197913917934,0.5664999057370221,1008
27,744,85.79761418467031,20.628250983048268,0.9042797765889062,69.09497169127582,51.552542082994385,0.7681047639287453,0.5055239084305974,1000
27,752,88.70766793849202,19.725976241856404,0.915529084067764,70.68595177888966,51.839846870878695,0.742205717545702,0.7782943717572854,992
27,760,85.91628943059077,19.62090273830679,0.9090730188080925,71.12507876342133,50.915426076762195,0.7553287430635243,0.763724404741838,984
27,768,88.92241927665633,20.30566280680353,0.911913336363102,72.89702348247509,50.235461410075196,0.7650440668925989,0.9953532925350282,976
27,776,86.12613962678824,19.26978097340096,0.9025717967391519,68.83288008637672,51.371242764130024,0.7569815014824117,1.0766692215108118,968
27,784,90.14478858945938,20.98203162046708,0.8945025090028353,67.66803884191218,51.85545403314931,0.7293818779504153,1.0443154015613436,960
27,792,90.9088650133998,19.200781788444417,0.9134863114000457,69.19749033905838,52.19315966351836,0.758496828877622,1.2171833265526626,952
27,800,93.24757675557906,18.289517659027215,0.9152372166008637,73.78236044968067,49.986255432944226,0.7462216791846533,1.1057451365972806,944
27,808,94.15810893184208,19.214511119053704,0.9122051456879703,67.43558072198228,44.6100371662821,0.7330155449844084,1.2076247817794736,936
27,816,92.50540710432608,19.270741884091656,0.9143730546502994,72.00541948547696,49.507787820522886,0.7497854510134576,1.530758587168687,928
27,824,91.89503501981008,18.281398482474543,0.9273027905815512,69.46955692906528,51.29326655633618,0.7652817942001842,1.4501401233210833,920
27,832,90.7706853513317,19.201412219880815,0.9434434804355588,72.59634743407985,50.368733245088634,0.7405696270573504,1.1025527731664817,912
27,840,94.57903363477665,19.173130192461645,0.9432020195744971,71.43810757515648,49.04214792406192,0.7365111593638266,1.1124949543048102,904
27,848,91.14844037185374,18.85724015099311,0.9461834920089229,71.31078523591577,49.399127862027484,0.7767147792486973,1.0486997600445032,896
27,856,92.37675560163426,19.01233124852492,0.9515450230719462,73.80629589196245,48.5603783765855,0.7096110373382182,1.2328303756291412,888
27,864,93.7275445198326,17.82184258847958,0.9417445423885541,70.48142383346737,51.34622099786564,0.7202940118692147,1.1872068134653924,880
27,872,94.09337675185854,17.316808506010116,0.9485329889040197,71.68579851256985,53.71219232671729,0.7243369504901023,0.7866586331436892,872
27,880,93.11988758083307,16.978926790251077,0.9487636041214281,70.47155279193973,48.27509051567884,0.7267107120499618,0.6303212904310024,864
27,888,94.36427023492637,17.570437784265284,0.962953357462382,69.50901665524975,51.010763669873974,0.7335437304861477,0.8251105196263142,856
27,896,92.830806271266,17.489305298913667,0.9506832493110383,71.60538795841674,50.699261778452,0.7184274404605289,0.6682717731250101,848
27,904,94.24208775324296,17.721071578805024,0.9358023125389745,71.81235404287742,50.196209296402344,0.7357687189463741,0.6911292328182822,840
27,912,91.33751622564081,18.5564167387125,0.9391204199191174,71.15199850656347,51.21252223067295,0.7508742698735049,0.508835373054471,832
27,920,92.73141546778905,16.974750452837434,0.9326985586535715,73.22348847976606,52.1610392084586,0.7469794815763253,0.7387618525172591,824
27,928,92.30063701532778,18.330892019966118,0.9416170856023679,75.06385579916875,49.56447704797216,0.7415349402767135,0.6742109107888044,816
27,936,94.86837575862734,18.042711224584085,0.9475703460407833,75.07098462631782,53.526295440743844,0.7336235752526423,0.892469029869996,808
27,944,92.68047838804792,17.662071855855167,0.9401592856982763,73.2963518514007,56.13244171241548,0.7132816194979021,0.9025543589382081,800
27,952,88.53196648788945,17.512832300377706,0.9549707911421612,73.29085940980528,53.283751542982856,0.7153739381151804,1.0082115341354465,792
27,960,92.17531865977834,16.963579674700476,0.9661387208177622,74.68465028726828,54.07726911039706,0.7067159852444873,0.9547044915719636,784
27,968,87.38601796301279,17.429452456446047,0.9544852025027717,72.38848728489646,53.40917134490731,0.7182776181264777,1.0965028243565158,776
27,976,94.07913941047792,17.81556350178289,0.9617381055749603,72.07782615965571,56.56424697180587,0.7214294721740929,1.00911132909675,768
27,984,92.63926015622478,17.941433683560383,0.9578630867991215,75.84112337717065,55.86023662420181,0.7150759632705265,1.4975064792184414,760
27,992,95.31736363843007,17.675863001950923,0.9428092016457861,74.92362955434817,55.196463557623375,0.6978693754988288,1.0680558475973232,752
27,1000,87.63852680299755,17.350567654050266,0.9483654260233083,74.39163517099443,57.97792149914451,0.718454572974582,1.2313674382156392,744
27,1008,91.7425528778638,17.704548827888573,0.9438291771943578,74.57990294252502,57.40560984263329,0.700123637404145,1.4875983977885994,736
27,1016,93.63125147566144,18.80196436333143,0.9562998690398958,72.6550912408831,58.249407446130235,0.7421967372166582,1.2340752691297379,728
27,1024,88.71592782255242,17.88827137774671,0.9686043846586606,74.0680710586624,58.31406576269927,0.6998586773839282,1.2638891014024856,720
27,1032,90.0606451520042,18.269957434247182,0.9704138414402129,74.78157718449503,60.35049509763244,0.7034755397274521,1.2061017585508043,712
27,1040,93.00071834276997,17.956120018225246,0.9633302164028094,76.17911259708073,58.910787719088326,0.71108121093939,1.255579789741835,704
27,1048,94.79647055657203,18.63529081261795,0.9672885516517521,75.36185591554317,63.23825061925654,0.7127419086614455,1.302897564975511,696
27,1056,93.07415845581984,18.582137980617464,0.9667660750699362,76.26714079009706,64.6046444620853,0.7276080127229849,1.0669192059923045,688
27,1064,96.16450788907024,19.624003843185307,0.9600781065611931,76.6558892756493,61.7095125957094,0.723100766182293,1.0352551736816729,680
27,1072,94.03602779200914,19.698859468125505,0.9271037269449183,75.09508311348812,62.70202799223759,0.6652013559882854,0.9109883024658088,672
27,1080,93.76874042858272,19.295572363897637,0.9345707667657627,79.22572750142587,64.33911952837349,0.7006001606866474,0.8818314084013124,664
27,1088,92.40764785746912,18.781896010473535,0.9569506857289399,75.05691236742453,61.96588801466762,0.7157902587336362,0.5876673067404428,656
27,1096,94.3125969954454,19.3952917768275,0.9688322281082368,75.34173561823785,59.802509685005845,0.6920779783670652,0.6681293003800338,648
27,1104,95.79727059589518,18.677501414297794,0.9655854448928851,77.39202098485451,63.6695967619518,0.6975464699899832,0.4869262790166167,640
27,1112,96.37928240424904,19.382999330635645,0.9842934042057992,78.7315727083056,65.20452501395235,0.6695151202190232,0.8013190319498646,632
27,1120,96.58687061965576,19.571452040163223,1.0027306183304572,76.86999536601962,60.73049360359898,0.7033852703110266,1.1944976191428252,624
27,1128,101.12155534678766,19.883248920170423,1.0193171284449092,78.50762640775561,63.25850693566086,0.6771501872438885,0.8957625780269335,616
27,1136,98.2689885819027,19.407411953396693,1.0190784156647286,76.11600776964866,63.05959029134831,0.6909389503617972,0.7688296472835875,608
27,1144,101.7902300031027,18.96327456590825,1.0165954051342057,78.79246452419301,63.70859350896949,0.6659662064642573,1.1836952046680251,600
27,1152,103.62981007943296,18.722439005093605,1.0067293303559803,78.34611903684477,65.29762724219664,0.6764711317755162,0.9915081028805399,592
27,1160,99.26093096737371,19.03734915859665,0.9995928513031838,78.39539636446848,64.284598223758,0.6912038969323248,0.7878686825539188,584
27,1168,101.73569685062635,19.705380704244902,1.0098765790460027,79.22646750795494,60.399499018193566,0.66189042687252,1.247037766844074,576
27,1176,99.7192859102883,19.263319239383904,1.0199372126652888,78.4147867370876,62.64252618234497,0.6859671360940488,1.3132528811302246,568
27,1184,102.75974103429526,18.96331144197241,1.019577475337314,76.47731856898395,61.9367592952919,0.6490991731798135,1.1990044350220492,560
27,1192,101.38242365368,18.16983607281299,1.0131865941616531,76.29170219774798,61.970730909845116,0.6617133859699521,1.130534519775272,552
27,1200,107.74609183995912,18.682049993165904,1.0252777735912193,76.90284220697264,61.22645035721181,0.6511883711360126,1.3889897694045015,544
27,1208,105.01932352149261,18.77865797619081,1.024629795036152,78.96636038480281,58.742342927300264,0.6681159875318388,1.0292258311973201,536
27,1216,102.25150668039299,18.166696837175376,1.0242737647010975,78.12354368559195,63.38192645411697,0.6650144136389406,1.2051573584303368,528
27,1224,110.1203823007242,18.074366456516994,1.0201922738037483,79.54483295969442,60.68264808878289,0.6836381108827829,1.460061115612199,520
27,1232,104.0113688301525,18.57034640277435,1.0543928657318546,77.92457979351015,58.96163122998297,0.6519183277903061,1.4664557371693652,512
27,1240,105.43913883738874,18.437788185706864,1.0746463371880093,79.4640022042245,60.160591504369684,0.6640464416616196,1.1645447370322404,504
27,1248,103.80197729604602,17.88522935726439,1.0557454635981243,80.78456121752988,56.318856172357684,0.6520554866550236,0.9072945007632242,496
27,1256,105.7682745782026,17.326132400817812,1.0435933953497034,79.27747309195922,60.661761459829386,0.6415717092877252,0.8601161480867824,488
27,1264,106.7870072908056,16.285614724380828,1.0320359240927603,81.9458508030005,58.03576798769779,0.638165852251696,0.8899456285032316,480
27,1272,106.2938258790006,16.37991466372599,1.038928676142275,78.80291791908563,55.349342709492426,0.6311454211595141,0.9524522497602959,472
27,1280,101.46834396631141,17.585787330800287,1.0518898416595797,76.86732867978714,57.81520752318376,0.670361915560768,0.8319438303921902,464
27,1288,104.95977956736625,16.26812082658419,1.0467312780085345,82.41969770947058,57.20725296279774,0.6766241264703398,0.32284962986867644,456
27,1296,105.9714446348855,15.89732798334658,1.0292431937302746,82.26978558767057,57.553904836325756,0.657552932138659,0.5494721341850682,448
27,1304,105.01305756419568,15.872761422683478,1.045802169356804,80.81327570404004,57.50713590499211,0.6158420676742624,0.5414335567078962,440
27,1312,105.77638658928191,15.312209198005027,1.0433922399815658,76.94414141045154,52.60258181029534,0.652676156455913,0.7585739238312755,432
27,1320,101.88454779697102,15.94309302765916,1.032424364315088,81.40569779626634,56.52198708246195,0.6284377975688072,0.5754946854932728,424
27,1328,107.45983202526295,15.474737291260409,1.0274336647881852,82.43095034221554,56.23109331784097,0.6572856239004033,0.8358356779692698,416
27,1336,104.73686783710389,15.605668856599472,1.0251207509678104,80.8211511426032,57.90865745011814,0.6407177538777006,0.6462143312827378,408
27,1344,107.42001981445236,15.176675296775327,1.0234285056497496,81.6973500277814,53.68116909568268,0.6180401748292779,0.8877477834775143,400
27,1352,103.91474908790417,14.29856501112453,1.031115777915949,80.18169452140079,57.89892982726046,0.6403048736556672,1.2682693617870544,392
27,1360,99.60358638456866,15.351000651839266,1.0265328948857475,81.3539338131754,58.82469942362368,0.624702427471581,1.0963076220281462,384
27,1368,101.11037901421398,15.087447077715387,1.0255702528714443,80.21400358679143,56.91144186622668,0.6535975880613724,1.3221706804840185,376
27,1376,103.02293912044806,14.968713981631126,1.0626629631709603,79.78251429437185,55.649995440989834,0.5945776877652644,1.3580370783050335,368
27,1384,103.29975270039199,15.193743647964096,1.0457742598969268,83.90218706097606,55.74037451108799,0.6221085242084902,1.3981418804263537,360
27,1392,105.94398633065957,14.91464467327027,1.0351270654561977,82.24230444667307,56.69438664763669,0.6361779413627633,1.1541456056332855,352
27,1400,100.92560503868772,14.47659648043476,1.02708800874953,83.69353989095458,58.923440265858154,0.6339719770000756,1.1738971772631241,344
27,1408,104.96873167562269,15.705097280009628,1.0175850133248756,84.30338801616189,60.605431572735476,0.6308166367252134,0.9256051567484265,336
27,1416,103.92542393775354,13.946548487203705,1.0252939991220689,82.02594799413869,59.255872509563844,0.6160375454770094,1.0892631031724864,328
27,1424,106.63077555759159,15.349525045953971,1.00576547037761,86.50547779272404,60.573768402409456,0.630718200650811,1.094002775294603,320
27,1432,105.14785968423584,15.17057272296743,1.0012039698962687,81.5155794266705,59.31296961399871,0.6399188245214984,1.2112907867181026,312
27,1440,104.93696984183562,13.593797056686663,1.0188686655920884,80.61963392890962,63.324552853418574,0.6137678187365231,1.2232694233733739,304
27,1448,104.97139151958618,15.188003785978697,1.0168605210464992,82.47036831265538,63.1246154003528,0.6105470015959856,0.8884068716254379,296
27,1456,109.52663716105036,13.567935367130696,0.9943291260337632,81.48172686574165,64.42517007261652,0.5970215116299525,0.8586484015063498,288
27,1464,106.44727886870918,15.42853480477093,1.0056994615819497,83.37425660662245,63.047941536684746,0.5893786538077583,0.7243904608443819,280
27,1472,102.08981371842428,14.767201954799818,1.0112865450626287,82.17480268846454,61.89285527232305,0.5914982445665612,0.5808300243928244,272
27,1480,109.78181318330125,14.561074289422875,0.9997059927653026,84.09517154257681,64.87377195359836,0.601236732295448,0.7893482369742276,264
27,1488,112.4999023802072,15.150875723683585,0.995970659372182,85.75580280017121,64.0480396847065,0.6080115232859368,0.594737178327142,256
27,1496,105.38020415348164,15.745426124593617,0.9802461443964133,83.00330184851805,68.24646589310828,0.622203322000837,0.6618342194362246,248
27,1504,112.02734684802186,14.77906345068838,0.9666779299642241,84.3534368904429,65.97921414570008,0.6081602752919938,0.9904112392862855,240
27,1512,110.86841650117151,15.331877946017466,0.9598265805547098,85.18555937843985,66.27087025129082,0.57212363201032,1.079663007484668,232
27,1520,114.89014274557874,14.901319590662816,0.9452732073794072,82.75414852328122,67.65717924811447,0.5854768258583742,1.0973084704178528,224
27,1528,113.92098560897816,15.417893505615428,0.9367517821645853,84.02608212052722,66.71138189590746,0.6031437464727574,1.2830296516219974,216
27,1536,111.44731744755853,15.94430412097628,0.9499699669759067,87.24708606732392,66.25309223743238,0.5991277743845319,1.1297114296739146,208
27,1544,116.44940863354145,15.337705957224024,0.9395886730080764,87.13329132398269,68.50972493269916,0.5914643403983779,1.1246501192400489,200
27,1552,115.32802090369361,16.09392442042366,0.944857053606424,86.68492933415102,69.00663651320288,0.6063226186393746,1.1044399552344735,192
27,1560,115.13256590182753,15.199407336798355,0.9522879033686117,86.22989407510818,71.7333878343345,0.586994479294466,1.4177724995234235,184
27,1568,117.6915675505762,16.002552657568152,0.9377508666968715,87.84412531519827,69.85084954224224,0.6248895608176667,1.2756584322581919,176
27,1576,115.1646386775071,15.286085974506795,0.9210969861427659,85.75040021119187,68.47938794298426,0.6100667680146925,1.2569649992344176,168
27,1584,116.67941638578543,15.637987784244325,0.9190932286580304,86.82882414493588,72.14710651187643,0.6006041679872046,1.265173020868227,160
27,1592,118.22720620798538,15.932920444420779,0.9109256892095619,88.99384767512973,70.77103308752585,0.5918067987452172,1.2362132640973622,152
27,1600,116.70681274230196,15.915484578011156,0.8969318117040608,85.24338095040405,69.415167727361,0.5807186569735576,1.0480570745206663,144
27,1608,118.01584263657148,15.404519908931043,0.9147872502529261,87.60507412484684,68.0407942233584,0.5908733357160688,1.3829166057874405,136
27,1616,117.55821415173696,16.07613574137953,0.9225972168478769,85.35170532188609,72.29875541979798,0.6042801107299203,1.0543826391701516,128
27,1624,118.59965760180437,16.481940752644036,0.9171463849497777,88.13733992178466,68.87528594422871,0.6022092276657144,1.3082862501593426,120
27,1632,121.82115968869597,16.61487830643718,0.9092003136504833,87.10099914206924,70.46533554221112,0.573202258627462,0.9047735720982346,112
27,1640,121.60487510477701,16.094430463774298,0.9004976821385723,86.28910688717534,70.61130767633172,0.5900781232202371,1.1175189817186693,104
27,1648,117.04383982143834,17.34320738799785,0.9143866205738582,85.4732847102664,68.79627947413161,0.5867472018169055,0.8414465766819028,96
27,1656,118.75771410985605,15.93642750297624,0.9136902133811068,91.19255010626826,70.03514943620077,0.6100214026970825,1.0228888404009708,88
27,1664,119.45983573646434,15.827585815506943,0.9086393987044311,87.05585109022061,68.23661908908024,0.5789798840379927,0.7791204777244397,80
27,1672,114.76521025123948,16.543907864863385,0.8885307211382767,88.0438771796318,67.15799720566136,0.5650893208092621,0.8547294517023689,72
27,1680,120.63913229968017,15.168645296858136,0.8966034795722824,87.75619753408876,68.11175521902723,0.6092339668070609,0.7563099373548539,64
27,1688,115.26173413446672,16.597949423442895,0.8928072263056887,90.402880164661,69.2411702915955,0.5768947374922584,0.7834589390093522,56
27,1696,118.73061686955226,14.765250948210076,0.8831464285688598,88.66381982906485,67.96025365803094,0.5516850588816432,0.5142844285264023,48
27,1704,116.45594887749361,15.484579054569382,0.8740457701323984,88.07453599370402,70.06795362561049,0.5814824460664735,0.6031513322682129,40
27,1712,113.33233115822073,15.726583795711164,0.8744411004935977,93.42417325114933,68.80927282617054,0.5532874223630436,1.119310120916628,32
27,1720,113.71451004407402,15.49267944069947,0.8804443276794129,90.81680886810922,64.74338327751165,0.574733691288309,0.8262390708357334,24
27,1728,118.15156319928133,14.677613292123407,0.8775251673209206,88.31947208415218,68.99043300471008,0.5844839738340726,1.016438928270012,16
27,1736,115.75046932627595,15.419183202875363,0.8880996945489494,90.95458695580984,62.944427629268645,0.5853040527862212,1.3969266142040007,8
27,1744,116.47979426368056,14.455412386024962,0.9118533473725937,90.5568917613548,64.86366100858902,0.5549312068886212,1.3854878815608445,0
28,0,70.87977052733518,25.764556521670087,0.9378476231047521,58.56902514266507,44.14162919122879,0.8764537771422457,0.8784766290953036,1080
28,8,74.10276038193328,26.099389458353006,0.9374975870167807,58.68462057790059,47.962382900442584,0.8535348533726682,0.9547440530477619,1072
28,16,69.94729477861125,24.72328276437877,0.9468300309056152,57.18704832619684,50.236818868675655,0.8920008792365178,1.1112439849621025,1064
28,24,75.9812337176105,25.25685056132562,0.9523517083869479,58.1505846504951,51.357630761994784,0.8526271478711325,1.1941318381616588,1056
28,32,73.17982744425649,25.874175801730484,0.9517389069700807,57.40474589471674,52.39299225450807,0.8892103812793003,1.1425256933703924,1048
28,40,72.57424008457717,25.44780238546836,0.9501600989186231,59.00367271404346,50.83664518615784,0.8773422780974076,1.581416533511597,1040
28,48,75.77558680118186,26.110644480310665,0.9430669087569538,61.960285289302185,51.1900984151659,0.8594056282301467,1.29990327602457,1032
28,56,77.57554852534669,26.51287516389718,0.9233476368863176,58.811471749964255,51.887409397567545,0.8503791832412124,1.4624009690535327,1024
28,64,74.73506865270147,25.773539529059875,0.9249735291662041,57.49893101988593,50.1282966682787,0.8506399255418918,1.2903398557053027,1016
28,72,75.36891257762935,26.061064958320685,0.9230518741358676,59.46066415780053,52.24865924007445,0.8738493059145744,1.1321207713672954,1008
28,80,74.60685231014631,27.030516353742946,0.9066209545066042,64.14952885010959,52.56037308855198,0.8836265997284786,1.2488226295300389,1000
28,88,75.59656692988814,27.095908300371217,0.9077960371064488,59.56691491583885,51.610490436227906,0.8582244642835573,1.1061108017152075,992
28,96,78.81710032176564,26.275865035868613,0.9154745729932513,60.245355846150076,51.22711329664063,0.8613835647578101,1.0051350152828853,984
28,104,74.27992608764669,26.668879344753126,0.9100451808301301,59.85409281320832,53.493875771808796,0.8571345079451206,0.6694298181877621,976
28,112,77.65909364837462,26.303701008401152,0.9105185818160565,57.685506372668364,51.996028045084955,0.8714079871958088,0.9253426855368145,968
28,120,76.8102937441279,26.854792229306785,0.9097609127863515,60.58429923599705,51.835271219002415,0.8588180706286483,0.9310349324399503,960
28,128,77.66241541258458,26.864826044578322,0.9263979680174984,60.408717614074284,51.714248324020566,0.8826010086343955,0.5072741253733452,952
28,136,79.79266437032865,25.24067591128187,0.9422012053945851,59.777596503787116,54.26986902297749,0.8593707076779697,0.6795658633619399,944
28,144,76.35922231758047,26.53272555635305,0.9361864658113258,61.29275381147085,56.54295886276716,0.8676651537947606,0.7462842618496836,936
28,152,77.38365201521204,26.47322018865593,0.9330600545452644,60.048676803746694,56.70712128636799,0.844570876011566,0.7831701304454243,928
28,160,76.15269807262904,25.952563157454573,0.9317280158263448,65.49752825812524,53.359983803551536,0.8445079516616295,0.56197234268487,920
28,168,78.86891956461683,26.307779851057973,0.9320498573026534,61.33583831397696,55.10038863869378,0.8687186958723342,0.6609836472880442,912
28,176,74.64453731646026,25.268575449544134,0.9233267788277945,61.6603034002537,54.20177898398195,0.8576710472338697,0.86704687272505,904
28,184,78.82955600428264,26.06948444419723,0.9348220462817447,61.84537491250467,57.09801863032686,0.8832968961699863,1.0889208030736084,896
28,192,74.41618388081447,25.90232935538152,0.928483264305837,60.61201496871858,58.71026846524134,0.8344199674038945,1.1035366546519918,888
28,200,74.32593601484392,25.52056812481746,0.9255911742750318,61.67355886421384,53.4364312724283,0.849053433122332,1.069017345443079,880
28,208,78.24327458040862,26.558106265180143,0.9233117245386004,61.40842779538037,55.42501687205433,0.8853150434040119,0.8045605890083148,872
28,216,76.08387399304411,25.649882456641112,0.9433784461124252,59.3855757840241,52.13404566081678,0.8501696147818701,1.2040576940582548,864
28,224,76.13646834487588,24.293536469183575,0.9594551243333793,63.4194799442492,53.57687896966898,0.8564319526747226,1.185902974453083,856
28,232,73.47101249770444,25.428916684540464,0.9611740594127018,60.48258832814823,52.86746093824458,0.848343779970554,0.9613738245399222,848
28,240,74.79501472164513,24.934429877366004,0.9795726966236774,60.838617923895264,49.82927018929327,0.8731538366431646,1.4892239907879359,840
28,248,73.46968603080194,25.099781537840524,0.9680847852817227,60.59393620055015,51.71274789070398,0.8588146090754961,1.3580478007792298,832
28,256,72.22069073924911,23.97755439601418,0.9679172275062666,61.99101032604002,56.907800236270674,0.8330829312796618,0.9801781077427865,824
28,264,72.79010210599442,23.650878694576,0.9952664039613603,64.41495101968957,52.3129404786469,0.8705136473640451,1.3770982447592586,816
28,272,72.127603584931,24.10029844570372,0.9955286507136586,61.07727134381435,53.70601640522395,0.8534985586465975,1.2053841244939025,808
28,280,73.10366842147,24.062401831668556,1.0048313305382872,63.80334698116317,51.53378790853247,0.8467170131482523,1.2299585266782975,800
28,288,75.07472138538587,24.93666188209677,1.0154877976164827,62.606173413305406,49.15500327877746,0.8369154427095741,0.9496242532802522,792
28,296,70.17095875686255,23.677467174041563,1.0204148156157211,64.22377214352308,52.24819232992882,0.8248362857571752,1.0022536734229932,784
28,304,71.43086527617216,24.273219044935317,1.0349056086954989,62.89155256870071,48.04160434792836,0.8528017712835382,0.9137182031267052,776
28,312,70.07191461352011,23.752941292870236,1.030955502796226,63.6796373478568,49.013556419723066,0.8506542909898661,0.9082819249217572,768
28,320,71.96018288375897,23.491704360855778,1.0292800277412957,63.29425287083069,52.366345005039584,0.8659697498953117,0.9258845014894455,760
28,328,69.06842031952893,23.07706581236144,1.0356362993791604,62.419033812638446,53.23957072971329,0.8671662142788342,1.0068748859144818,752
28,336,75.34433612096491,23.550548138414225,1.0480228454197142,64.38432815841139,51.3625995176445,0.8323830529912506,0.8446260443514376,744
28,344,72.03535281777098,23.18929699263824,1.0591994042802504,63.09158961046078,51.78985672023737,0.8188156920808662,0.7878784217124215,736
28,352,73.11458514106874,23.227430457763013,1.049685162578772,64.81909052301711,47.77277035733858,0.8372648478094983,0.9056534593481799,728
28,360,72.08368915285914,22.997822509929655,1.04152067902291,67.54128038637829,47.13941623146978,0.829824482554354,0.9454408457803807,720
28,368,75.14908325416764,23.2041667016502,1.0240167332567383,61.57141189958837,48.23965998661449,0.8542822126300764,1.0094865316954893,712
28,376,76.66501889196233,23.48147901482752,1.0221975420591367,66.20757068026982,45.11660116968074,0.8598551514696323,0.7786647980712926,704
28,384,77.77679415513639,23.09744302098959,1.0305149803897007,65.5268655236164,47.74500288858321,0.8305072108071371,1.0204167032881948,696
28,392,74.31836277849465,22.074752177064248,1.0375054546997005,65.27829588232404,45.91540881907867,0.8550434171537763,1.1107295421166017,688
28,400,71.69544835609224,21.171957124752254,1.0320314306230163,62.011933597842166,47.044430828375596,0.8424881821884725,1.0173794725894614,680
28,408,75.30024525960908,22.66720420070625,1.0181213826976645,61.98674945090459,48.43158240205038,0.8415458057625415,1.1658063405294325,672
28,416,77.1537967831804,21.702352594904063,1.0271899443117078,65.55835939551686,43.6311632609437,0.8368283002710941,1.0835427160305422,664
28,424,77.23426447334455,21.943284294273553,1.0005993686462122,64.91304255639574,44.79819417150068,0.8336746073995845,1.2452883203180387,656
28,432,78.60802913814459,21.42024318977626,0.9977730298169706,63.42196344491421,48.99318979781628,0.8273264675820342,1.2747797066289315,648
28,440,82.11553818289045,21.81155397885884,1.0027168369754011,66.57891927587121,46.963938410098606,0.8252011256534862,1.335408954114118,640
28,448,79.41189102924335,22.412290302336753,1.00868778561978,63.87483481961439,45.02878797527526,0.8083161824830405,0.8587010729863203,632
28,456,78.73727416839876,22.405314616275625,1.0169902331632965,63.13569141630959,45.79768999293636,0.8181158006337237,1.2610045975878588,624
28,464,82.51927074109285,21.33340851428678,1.022127673665592,62.867805766322505,44.662227012880635,0.8098274996937769,1.0451547336130431,616
28,472,82.71370112664391,21.50626412263183,1.0215914209184582,68.62847235854441,46.97929439881898,0.7750558030901193,1.320685811829628,608
28,480,83.56765121239735,21.969635937857483,1.0095575675407502,64.71976722896815,49.856712128302355,0.8383247396905289,0.8056959963931826,600
28,488,81.74178428071725,21.478474313694704,1.0009514267913464,64.21876830749024,46.072691248510424,0.806333062386172,0.8054562068207164,592
28,496,82.14604793500662,20.21234812991402,0.9947443524052331,64.64253269202382,49.32271118407559,0.7992138700683442,0.8247893363929507,584
28,504,86.75141015335944,21.126970238338572,0.9918951406573288,64.6373059286553,49.176125272602775,0.8136941053625538,0.8837684345592052,576
28,512,84.21575774533757,21.50297781613192,1.0077673407179815,64.87761661085354,48.49358497004808,0.8134942457907888,0.92498779892962,568
28,520,80.70905740228493,22.25346329666232,0.9980170672571695,64.8043370459228,44.7317439183669,0.8246239838551047,0.8802011589599911,560
28,528,84.16463228329314,20.674511020442782,0.9918712322069767,66.96395835357703,45.97626685520779,0.8145946079010851,0.692797122792817,552
28,536,85.10532813060621,21.44164026814228,0.9976350990475025,67.31519242916679,51.12880691156268,0.7920129367714127,0.5885638176689943,544
28,544,86.4106526186139,21.355780314815156,0.987297761053584,65.3013124892109,47.372270583536384,0.8081597019160183,0.8717312622863802,536
28,552,82.69135736201612,21.905269017490173,1.0202717992553205,68.38768655984838,45.78519842534659,0.7741419152017963,0.8829815458003999,528
28,560,89.69697897983372,21.388605192261554,1.0351055849365074,67.5036059244397,51.55882220704049,0.7790506643305235,0.7646776746377147,520
28,568,89.82079831548415,22.83270898362499,1.041448838073133,64.37743236383271,46.737949340278185,0.8036296630228197,0.8073570735502106,512
28,576,86.37714908821107,22.222229826530572,1.0500877562751523,68.6252516746709,49.66367249559396,0.8325275542737355,0.8723005630705745,504
28,584,83.1960900007804,22.922665597260337,1.0420832552906556,66.05463958936078,52.191863136293094,0.8036757438826986,1.1488331259363933,496
28,592,85.92612387427107,21.67018329298885,1.0355878791510926,65.86551206755452,55.601444834694526,0.7993129870494374,1.581991243736017,488
28,600,84.28971028716806,22.124094506580068,1.0319931840208343,67.4611436184726,52.483629552794206,0.7908162759604093,1.1944536574498648,480
28,608,84.74788938786776,22.570300236105368,1.0412947297574646,68.73217956702076,56.70464807006257,0.7872639853053084,1.3518115221828926,472
28,616,83.83124374865922,22.519023296795538,1.0228236149757524,71.05743607647864,51.908551053757016,0.7471483892983196,1.5529105520983695,464
28,624,85.12735212219054,22.589337203772875,1.0156787488290042,74.11913630351611,53.239030628306345,0.7847196297657043,1.3985596669436786,456
28,632,81.73209417853732,23.141083021579465,1.0102975875674112,70.37678365941869,53.70191583244977,0.7972804477300247,1.379851170613839,448
28,640,84.25395507159324,24.023006370806886,1.002240700345162,69.46942528023854,53.750716328473146,0.7965894247845944,1.4602506746584323,440
28,648,85.21712906757635,22.913279828002,1.0030097347300722,68.62590519425552,56.846530751553175,0.7742387768445126,1.15246625661891,432
28,656,85.50424137747778,22.6628115736639,1.0181429035785508,69.7807522737058,54.41618112093823,0.7658950531972605,1.0748197742095376,424
28,664,79.79241347938714,23.370554793193097,1.0008907855893288,68.30327180315544,54.665314788713786,0.7646515812881969,0.9482522222779064,416
28,672,83.33035029996171,23.285902297777263,1.0250542443054624,68.24158466766589,56.20349394639433,0.7619731915319335,1.0879842978047745,408
28,680,83.30323727970054,22.75875888118603,1.0272120778212914,69.87967394006787,59.16616821938634,0.7527023847588825,0.9751907097870287,400
28,688,81.65991106822025,23.048230916840765,1.029093048332281,68.8802582328405,56.77961196438169,0.7758254259631713,0.8015511830577179,392
28,696,82.51892337108062,22.02959028783329,1.025331481877326,69.45058042469344,56.65516455075614,0.7557543133912679,0.8917992831564316,384
28,704,83.68797747618314,22.64631507572819,1.0308543533571561,69.26198533639189,57.4232835196999,0.7600217898335725,0.7428335468952532,376
28,712,81.36195005694877,24.219899295727906,1.0238146463718,70.66322438693234,57.00912531452677,0.7384430122531906,0.5184183659661112,368
28,720,79.96883541653561,25.387744828427493,1.023811881689215,67.91585004554118,56.71726405070968,0.788812497652828,0.6717016101292019,360
28,728,83.82393647854249,22.70385445612807,1.0343126040400181,70.44922992248573,57.74704699075443,0.7371622084367859,0.9158850887254126,352
28,736,83.91757566666153,23.547454423509258,1.032628746789477,72.3523716302682,61.45600028359513,0.7763533817871117,0.4392365537204724,344
28,744,84.84916927668267,23.441246910510706,1.0531250958778537,70.91706324918647,59.27397486851502,0.7604796036069728,0.6604233798752404,336
28,752,84.2602157968692,23.40597068098811,1.0434089876355044,70.41850078132443,62.47250819600244,0.7803658436000329,0.5056212296484579,328
28,760,85.02092603831798,23.22505654918001,1.0562736541760562,68.21684369158892,58.813994701716794,0.7315674934341697,1.084020317090042,320
28,768,82.70155866487562,23.151136084672643,1.071914419711919,70.35225675245695,62.51831896371541,0.7719616585989955,0.9553801859875588,312
28,776,81.54476849803864,23.358966192151744,1.080318055055655,69.94999865403717,62.91704835887727,0.7465595576658886,1.240089579443231,304
28,784,86.47348744265129,22.272331816598733,1.0844186265259743,70.19720219445837,61.13394368928004,0.753408247480097,1.2057405025692898,296
28,792,84.67263929040722,21.591782415916505,1.0753908867688908,68.46329068046032,63.34061675750723,0.7445150649803117,1.3374355837415601,288
28,800,84.66615955267707,22.353239840157755,1.0748974973746892,72.89769959595235,56.97183594142299,0.7393695903555837,1.212346928554666,280
28,808,85.96316614062623,22.33226785443836,1.0906859103902948,70.73415304962978,61.19952060243565,0.7573282410162739,1.3992242769234917,272
28,816,87.61451887078235,22.450783843685205,1.0875519862982965,72.54871247383095,62.71756573690503,0.7463820498338488,1.2663816107892685,264
28,824,84.28180085139999,22.65089752734009,1.0888837159309863,68.75278286589543,58.98193049416407,0.7881131265414526,1.3314825171899185,256
28,832,86.2729655237661,22.386498338749025,1.0976847387923083,71.9834217628161,61.2100268910347,0.7487737978259903,1.0786775874382013,248
28,840,84.14084918560245,21.48884183515447,1.104409830167927,70.85690841129325,58.44641236355052,0.7532864395758672,1.1910174694276727,240
28,848,87.16523180415221,21.659964472731133,1.1141441177749007,73.7157898304592,59.5313233483588,0.7458602882992933,1.2257721657043847,232
28,856,85.40548249971677,22.32211750421131,1.1207500776779302,70.04862186605135,61.90192722891014,0.7644351613840671,0.9319660900546466,224
28,864,85.99372516034349,21.80026097337757,1.1352953745763357,69.79648747620504,61.906451128750945,0.7570228073355324,0.9627553100570024,216
28,872,91.87724181713497,20.98671663382275,1.1302524551215316,77.85967527724553,60.42979269183193,0.760604950575074,0.9023511996669403,208
28,880,93.54669475399514,21.664855535253388,1.1225804745924886,74.67720442909717,58.27301362193835,0.7820692969282264,0.6136499795968227,200
28,888,88.00149944617908,20.581870000938817,1.1145042892663317,76.31142703165042,59.60444332754032,0.7591945371953618,0.9716447478308305,192
28,896,92.99720029099758,21.448014981471125,1.1153620795164758,74.44155498327831,59.74535874920599,0.747177433689186,0.6671838256828362,184
28,904,91.20933468714188,19.455518419458535,1.1076194137606437,79.37326361545945,60.26956422586379,0.7648450877694973,0.6245864728050056,176
28,912,91.51236978419213,20.25592398789783,1.1023837838657224,71.15189407080732,60.174960780243445,0.7242627582504229,0.6630629048356589,168
28,920,97.80083757905359,19.38538544970793,1.112552484643586,73.87469854354633,58.61362971852384,0.7305222249117593,0.5563901451378401,160
28,928,89.37995800632024,19.897508365626873,1.1061275585514467,72.30089673079895,55.52281078255497,0.7348062596754082,0.6002114884791283,152
28,936,91.96372891739968,20.11109034518873,1.1371608743806774,72.28104831213265,55.741706292413745,0.7572780959879677,0.748659682004819,144
28,944,99.04502619181028,20.258487426244013,1.131639457643498,72.52834429763705,60.251641661481344,0.7516430616124976,0.5793808749363504,136
28,952,98.44083353846585,19.800480226608464,1.1381459150778772,72.45493486870173,55.075603308331495,0.7622853677644148,1.30379696272059,128
28,960,97.3671528997921,19.640039417160967,1.1532469840870225,74.74102012455364,55.27278247272765,0.7418993031738642,0.8386567615644875,120
28,968,97.21356990849429,19.03382564729289,1.1408869980066574,73.45450504517423,57.32077828256958,0.7322519258388538,1.0572273096845382,112
28,976,95.68481821118203,19.550674088672203,1.1378813049486909,71.583620273883,55.43932242041156,0.7517622121670208,0.9582438713926771,104
28,984,95.8225933591989,19.609773915487896,1.137880683787063,73.3429474749975,54.50467293145092,0.7255677159131615,1.390168318212053,96
28,992,96.66709465769621,19.985964787055625,1.1345666257511906,72.98165622486445,55.50307405890022,0.7093522732194956,1.4298611282817786,88
28,1000,95.58980839402011,18.181568894774713,1.1226709306762301,73.22631497606571,53.431597997658045,0.7399338185690669,1.187745126289987,80
28,1008,95.58947030233965,18.71286880231449,1.1203752921138808,74.7177340519449,51.49688058061144,0.7518050553706943,1.1719021875093827,72
28,1016,97.77028216756636,19.33126822879533,1.1202688066876543,74.01183910353996,56.22256778501945,0.7163798450749053,1.1598686807716867,64
28,1024,95.96299101977502,18.800877604008413,1.1177067700532142,72.69356640217364,54.32530196955146,0.7358901555757653,1.1550607996490474,56
28,1032,95.95530190193124,19.449374930118918,1.1127274128197855,74.68256176824012,55.856295841307556,0.7237271924336338,1.1925293345564005,48
28,1040,96.74321924884582,17.909612381742924,1.1123284905555397,75.63693236547155,56.51435064170946,0.7418049183464575,1.280596307053656,40
28,1048,96.95322368540691,18.85825555207499,1.1082960882459756,72.21373155785459,55.31937840309316,0.7271530567544029,0.8846549855236564,32
28,1056,93.55150135518261,19.11163720114421,1.0888335731273882,74.87070036588972,55.02781936800357,0.7210392242169154,0.9439430558238895,24
28,1064,99.07940018105698,18.19073039387282,1.0941900444786639,75.16761897197449,54.47730916171641,0.7269466855737838,0.797845375060786,16
28,1072,93.99015367258036,18.821940424835248,1.0929805510396597,74.55032840330139,51.82252227705601,0.7050522951714117,0.9224273019527622,8
28,1080,97.31737538174652,18.049739512161374,1.0760313471088887,75.27221249640391,53.118001890788335,0.7451356816621095,0.6627862351405783,0
29,0,58.94510357686978,26.03263038915406,1.0121531857473536,62.576206784625256,43.67670485632176,0.8734318311456657,1.0139841561130305,984
29,8,66.40993301770426,25.74653485714918,1.0092893470434077,57.396096884153316,47.327198473146765,0.851563612947881,1.2538613664964349,976
29,16,63.44719040276983,26.345727751103514,1.0082770263152094,60.99847562591546,49.049349380362116,0.8510919838501297,1.0536816245852387,968
29,24,68.92623273072547,25.259549875849622,1.011813055163707,59.80403223844411,47.620845942579244,0.8709239323610938,1.1749945208015804,960
29,32,68.40670672349,26.405231387640903,0.9997682867989849,60.49819457830566,46.33584288364555,0.8578434524869732,1.1370948813943687,952
29,40,66.33426360035321,26.099497305335586,0.9977685787034521,58.32180574386676,49.28428173382425,0.8456812525954149,1.4139883122753865,944
29,48,65.03369389373654,26.15450023634222,1.0051546547160806,60.91215581238491,50.46797535587066,0.8695151962959055,1.5235055826418322,936
29,56,67.51586773210136,26.156428660526462,0.9957584996701576,60.561098990229986,50.912078172702486,0.8455123970026681,0.9389193736741721,928
29,64,69.3498211659914,25.62687426827744,0.9981730307945973,60.29122997526954,51.1859053497096,0.8865296602666111,1.2383211740011142,920
29,72,68.7787867712858,27.514518080933048,0.9965063010908375,60.176741730479165,52.83548301159681,0.8632344216363628,1.094515545407831,912
29,80,67.70865468175799,25.595835495074045,0.9936126882449784,60.84167403536578,51.580825273060455,0.869310781625587,1.0799195692275814,904
29,88,69.38525528272012,26.547106135976943,0.9908356695116737,59.25492739651684,51.18326508681613,0.858596873304484,0.8607449592727769,896
29,96,66.79360435616395,25.553498508229985,0.9970114225728984,58.580317773182166,49.50208972455762,0.8628279296929295,0.9895467851049238,888
29,104,68.88913424099788,24.949140509789785,0.9847532986425704,62.24717692644584,52.94570832045863,0.850331797208218,1.2524522311425959,880
29,112,71.28119799019473,25.32240209620226,0.9768702857327158,61.868010060461685,55.29206674937504,0.8780279307693705,0.8678311589912594,872
29,120,70.07917465569496,26.482095437067997,0.9627284785005085,64.41157267851094,50.864547759185434,0.8405499305875569,0.740628599496018,864
29,128,69.95434323836913,26.064472131371325,0.9604597990240263,66.86285914637126,55.34234610937171,0.8386347145144029,0.5436605340185052,856
29,136,77.6672023405911,25.044004149363023,0.9588121705225597,61.788722444157436,53.053692139094636,0.8461396630463441,0.7010899951387474,848
29,144,71.32245388598335,24.861756296594184,0.9719875160525003,64.46257459424524,53.15750383996598,0.8666623124150022,0.7556598860289607,840
29,152,72.66892448222488,24.65554009174561,0.9645839475308263,64.56106562464275,51.82022374641134,0.8299711608132787,0.6911191570362388,832
29,160,74.47562097888816,24.869416538237772,0.971725559152901,66.84106077152461,52.683133977361905,0.8057785478358506,0.6371587458662933,824
29,168,74.14441678140062,25.687184453634003,0.9715931782943501,65.04032831875865,52.522730530977654,0.832616843897786,0.8584920953565158,816
29,176,73.60859124289833,25.160194954543655,0.9597259133235247,66.83120442312135,52.33698253032843,0.8401155288388148,0.9058924564361112,808
29,184,73.63823984467845,23.846428375194574,0.9613897597593813,67.7568625713795,54.26255480799231,0.7950487857422208,0.9498595252456816,800
29,192,72.47440617737047,24.43913351416575,0.964767311129763,65.4641071837972,53.266109082259746,0.8279296314563193,0.9497267821480828,792
29,200,74.35644117992221,23.962691449486254,0.9809849979963416,66.21565865810213,51.44819830134332,0.8125283943183342,1.01983681168712,784
29,208,74.50005530925868,22.147141600602794,0.9882326330958912,64.48607581497095,50.8524736980039,0.7993432369811715,0.9087485953856602,776
29,216,76.47041517873022,23.035081627169188,0.9688618341971302,68.21173649291671,52.50056821285147,0.8379953026638955,1.1412383799792896,768
29,224,71.08750544400064,22.6228126179181,0.9765924701340888,66.15976820564963,51.0995245152324,0.8195436715640095,1.433460431518692,760
29,232,73.39763768358357,23.447259762136348,0.9833387503050659,66.02849435366801,51.96788998306677,0.8112232598871428,1.2012777731085096,752
29,240,72.59687041296925,22.622689706742754,0.987475637492617,68.72597740840693,52.0486585170892,0.8151641110941821,1.3970785157951746,744
29,248,72.30027982580766,23.091614073672115,1.0030040078295908,67.93770872790154,50.163537688792886,0.7859686759585494,1.3676835563560434,736
29,256,72.32009580304272,21.049971949521154,1.0006790867008684,67.88781888040927,49.986320922877184,0.7875049783404289,1.6324514759047095,728
29,264,73.73103444170421,20.847082294291553,0.9954763635898245,68.40850532056062,50.04186881889696,0.8005859719899142,1.0154184631679677,720
29,272,75.77514099198879,21.68979944231313,0.9941773565884137,70.15828895594335,49.18803841520324,0.8124652759676815,1.1513309733367183,712
29,280,73.24161448972903,21.283897894013833,0.9838017122208229,69.07495228542099,51.3839659880323,0.8030305760570506,1.1575714705389564,704
29,288,72.96140365476488,21.07099373479631,0.9939459560601144,71.9381206796375,48.943611866216344,0.8159628800160061,0.9771007622218422,696
29,296,71.33697527971647,20.823257379921376,1.000306906486157,71.34946744945616,51.53066966524659,0.7960428389222404,0.9494739900418547,688
29,304,70.72336224880041,20.838529109060836,1.0083958550984335,68.65055169464995,47.843937897734236,0.787354195786214,1.0043752483606445,680
29,312,75.42314586702206,20.19114958577419,1.0093748753309473,70.0226460301562,52.258743653695056,0.7899181160014427,0.9247682839642216,672
29,320,72.36790994511756,19.47296981861503,1.0059633194452593,70.02349912515359,51.93579813663296,0.7893796514260466,0.7251884238038432,664
29,328,74.95419387684466,19.460431492456678,1.0033414385943684,70.456552314967,49.68112589270054,0.8047200638023666,0.6433409169600743,656
29,336,75.04877297349724,21.256578262207828,1.0001606734867103,71.6782283830384,49.65353053956016,0.769815609998413,0.46539472109713975,648
29,344,70.85262279249136,20.755501842505822,0.9939538609268074,73.5955309984968,48.15114084408002,0.7824958077696369,0.6987907393834968,640
29,352,70.26791316944363,18.71521511198752,1.0005599888720522,73.59104375957236,50.28710392966487,0.7605668328575534,1.0635660387140984,632
29,360,77.50533078384015,19.761383437425867,1.003260959951153,70.77148747624301,51.4107326503836,0.7705064932756083,0.9074246720150101,624
29,368,78.57526658997966,18.264807225772127,1.0046387022226175,73.17167777392031,50.45294155869831,0.7796832048781628,0.9068448764519502,616
29,376,75.43612724700161,19.66327042189376,0.9947184430824489,74.28902092461344,51.28516953806799,0.7615802564497561,1.270809959127807,608
29,384,77.5608173487791,20.919749455636033,0.999466781593257,75.50544922452153,51.467346098846754,0.7458095549316899,0.848061939720029,600
29,392,77.27436398483368,20.046801680516833,1.0189579217972589,73.91146076948542,51.449339580367734,0.7414208284882438,1.0054073887293484,592
29,400,77.48306819087507,19.693767940496475,1.0285942466222677,74.49535595853578,52.66601398361239,0.7610776051842693,1.235513489232049,584
29,408,79.33785263163006,20.73653647640004,1.0288315131210055,78.85558398897635,53.657045400354306,0.7361561872466719,1.4489913090347215,576
29,416,79.90536612654059,20.25230904965303,1.0416501563532987,71.30622514331077,53.71418642433739,0.7434902803708792,1.0342494842922936,568
29,424,82.79680777535305,19.79790281052954,1.0338208215170681,74.69548131950009,55.65220079952118,0.7512518989542839,1.3136741208292142,560
29,432,83.1917541358515,21.282631367408733,1.0234216447606015,76.47819148332165,51.851228271897426,0.7598905466624567,1.3430055732163475,552
29,440,80.91201213680696,20.404039248739764,1.0142473619263528,73.52483118900837,56.96199333582657,0.7516042266276663,1.1529397451992531,544
29,448,83.70301715480602,20.336822408736946,1.0177314843236849,77.36886705584453,56.51052929687146,0.7203979540884801,1.084202127251436,536
29,456,84.6849356834707,20.66308232112071,1.027577578522359,75.57979213151913,57.136053302257515,0.7305030052667617,1.328769840581132,528
29,464,86.500252029572,20.727217271059143,1.01594187531524,76.7957286406758,59.590556706635695,0.7130691147417548,1.2124483774866353,520
29,472,84.0288481645944,20.710837779490472,1.0179647552408706,76.43522009318718,58.467653094968604,0.6860233206069988,0.9438329813483027,512
29,480,88.76021174385116,21.835984299100794,1.0092275170001888,78.63867713329776,57.66732944537118,0.7168519187731177,1.0611360852847505,504
29,488,87.26740384288652,21.238722169076038,1.0206185971065036,76.50809865117526,63.14565255787863,0.7376292624636204,1.004885555473048,496
29,496,93.59418617480343,21.613902250145376,1.029663559206806,76.50419414309665,61.23481317212557,0.6906935948374571,1.0518937216640578,488
29,504,88.03278117067403,20.90918919984671,1.04300550876936,76.62576418968483,61.15200774023385,0.7062860903974147,0.8853310411237484,480
29,512,89.48347349657355,21.18407964172141,1.060597089481537,79.31247034711845,63.52827584678013,0.7296742765447038,0.6642993896234168,472
29,520,89.00973462730086,20.489541702354874,1.0545599998827822,78.60981790439664,65.03523126842202,0.6917160344997971,0.6233814080912259,464
29,528,92.15777300012506,21.004982301794822,1.0530798988313117,81.20795164945548,65.20093424666143,0.6928205856928255,0.437337691927186,456
29,536,95.07706477860637,20.629386905908216,1.0457022141986614,76.79830011274083,62.01651016290366,0.695909191774249,0.5514524387800178,448
29,544,92.50121028742143,20.78464272450476,1.0457109534723876,80.57635818476867,62.59841644849871,0.7020206817410364,0.8292915299341793,440
29,552,90.3145723965974,21.079721044150947,1.0558879334022837,78.42943219676692,63.9447878457544,0.701288130767946,1.1241852919774808,432
29,560,96.2851733486262,21.444630694029133,1.0562646380488205,79.02152334712977,64.56890811160238,0.6882504893315159,0.9005933057105341,424
29,568,91.99184631303511,19.86451573033051,1.0639112707191158,78.48752609142844,63.72285578726361,0.6900011771792938,0.9424276923996107,416
29,576,93.68470056238655,19.897363961773028,1.0493309140445812,80.51361756049717,64.89153980124058,0.6660824716370669,1.2002668649005863,408
29,584,99.61437132863766,20.762702767109836,1.057311577752687,80.29354148511078,63.73956978052477,0.6884086017235383,0.8049151042365933,400
29,592,93.73581178234484,20.901092092464648,1.0485759106452617,81.93672096615333,64.1957152205548,0.6496887617678048,1.1807928875671028,392
29,600,93.84627982109788,20.43495329045083,1.0341874595769296,83.23919878152383,65.51000583600485,0.6551290713430578,1.2044836522546556,384
29,608,95.04673690037647,19.53832254217221,1.034921965749894,83.01107808816198,64.51093603010804,0.6519790617569815,1.2383397972642158,376
29,616,96.42465218578415,19.618746837462545,1.0341559358026666,82.23069891408772,67.6943495487767,0.6681985890798312,1.2548626758022092,368
29,624,94.15348682019166,19.676459840864425,1.0313418504650338,79.55987293021356,63.461147705832246,0.668276796109111,1.2999002458705144,360
29,632,95.62196113059349,18.973931349632,1.02338209406976,81.96956237234215,63.51920907616779,0.691418863716005,1.1910636347312682,352
29,640,94.61064965585983,19.70564412414153,1.030602059413045,83.74536721089824,66.28501816283885,0.6559407690745539,1.2600085999961337,344
29,648,96.31509245637345,17.8551185631263,1.0352184566471792,85.40224502984434,66.1715466570336,0.6882790481785209,1.3435269558645873,336
29,656,95.89336151070691,18.097374940484606,1.0166404112940042,85.05693183068362,64.11618558697998,0.6290857320530552,1.2006608862820085,328
29,664,97.00966675393978,18.21995795095172,1.0127769253000525,83.96180895314745,64.94153290910613,0.6406126066436406,0.9195275421958861,320
29,672,98.08621179093014,17.13760914894434,0.9963830095127267,84.86202957361276,64.75147207794123,0.6483170044762377,1.1159769993830375,312
29,680,98.33579854479507,17.74056055932213,1.0069774936369549,87.26528947675001,61.4847922256988,0.635261591333659,0.9128269527655007,304
29,688,94.82314602092082,16.808010171721094,1.0184009931566145,83.49370954021273,64.53882008500939,0.6533088064959957,0.6924426618021101,296
29,696,96.21250254190835,15.763649329748295,1.018786779200842,86.38533119581191,64.53216852920299,0.6451077662470035,0.6573699456823775,288
29,704,100.16049703144903,16.62366587443878,1.0214845573861098,86.12200286973942,63.1060026908527,0.6296049260264779,0.47660022431674975,280
29,712,98.55540394677861,15.627034375433462,1.006746032854731,85.78322497753634,63.52389644732307,0.6264101019763588,0.7332695186129671,272
29,720,97.8708297918959,16.59962917724233,0.9954643107534097,84.96482229330259,64.30387539758733,0.6531934093714334,0.8961721363229567,264
29,728,98.00146618897902,16.3978286449535,0.9936893309807147,82.96728017841232,63.27390180333985,0.6348871381792115,0.619681555131769,256
29,736,96.78192041853953,15.349665323959469,0.9986323189384466,84.22095149920932,60.45124518235308,0.6360105723605594,0.5333911634783626,248
29,744,99.84600128787513,16.07155924226673,0.9868453853041215,88.12688120993761,62.709102486072126,0.6254444730132273,0.6134059097105399,240
29,752,95.85581493534347,15.341292057082125,0.9802804774195734,86.97103277359062,60.865722952716986,0.6167564382159255,0.7137859904372852,232
29,760,98.26110876046124,15.110736881080813,1.0031347366006105,88.12606977233388,60.37655223767855,0.6321854040309043,0.9909975653163794,224
29,768,101.23744126417503,15.970746749963872,1.0027458281643145,87.04252079519735,61.46762803688026,0.6245664365662412,1.2436570694046023,216
29,776,99.70467906403744,15.895121823722734,1.0204513675552853,87.37756347715073,60.78883843571904,0.6231186794174753,1.1349173410183757,208
29,784,102.1162349552173,15.383256056653119,1.0108324184500883,87.62094581012607,61.97633547705999,0.6143342821768475,1.1117487754579025,200
29,792,101.11714543121477,14.770753830036584,1.0301453954105546,88.03850963123847,61.12061066868179,0.6230897036035381,1.2709255509193689,192
29,800,103.02028789890954,14.955368887253693,1.027725508214115,89.87914019812722,63.200654143515926,0.5913478327597165,1.1290715420125639,184
29,808,103.52884426529614,14.698310498830292,1.021985618080196,89.93360237064877,61.03254154177795,0.6110853901517855,1.3522150545387706,176
29,816,95.23571959982267,14.378683393348675,1.0157244790569289,90.41378757011043,63.543023088274786,0.577708626911942,1.3848137465007238,168
29,824,101.59226145251127,15.569260789211391,1.0090810418227205,88.40000025222741,61.425838772931286,0.6287281136547866,1.0387116011255044,160
29,832,104.25550354771609,14.651746548838519,1.015582330458817,88.787301415921,69.23798028218,0.5835077009459186,1.4339261155201874,152
29,840,105.29930866144613,14.524348502908595,1.0177296747118727,91.1245083923454,70.0920968544562,0.5795640796529833,1.148243264161807,144
29,848,104.16790933237661,14.337515288020757,1.0327073220272316,90.83822616565062,63.68585625335262,0.6170736951326978,1.1799335319944793,136
29,856,105.65262509711937,14.981220931705838,1.0175180312861294,90.79237272673608,65.80816742425999,0.599287950201235,1.2147949452103375,128
29,864,107.78182731945914,13.886733667188546,1.0133264490401324,91.28872045868198,65.12841117592853,0.5898983256689351,0.9592220101299469,120
29,872,107.81795017077411,15.976508542479465,1.0182724828582157,90.56821521280405,65.00019621730871,0.5666130464389058,1.1977389549309736,112
29,880,109.91095476583693,15.508153828475152,1.029111574614559,92.55068318965638,66.79524980885915,0.6240314864279596,0.5417065090135296,104
29,888,109.38544203777624,15.635322166491957,1.0348121761956108,93.54124537271075,68.3467758173287,0.5825314654945595,0.8080201083087226,96
29,896,110.29597633460557,15.948941925451363,1.0413591845166217,93.92530364399241,68.42172786254223,0.5813903669294309,0.8633211347325579,88
29,904,112.46788012003147,16.162710486448674,1.0615925698951263,91.81861396560328,67.95336409856321,0.6015032015883713,0.7894647263048258,80
29,912,112.06041469478845,15.57927107721674,1.0417887763762752,91.46337404505061,68.60042508718387,0.5281364114643929,0.4523899508815107,72
29,920,112.39563932403979,15.09363673363501,1.0564927961557158,93.22897263443352,67.35623803334776,0.5586689385759368,0.7879260910392116,64
29,928,115.73421448865035,15.06570920045632,1.0532146292526063,93.62234455851379,71.27809512929797,0.570164244247864,0.5358996153314936,56
29,936,118.99702835722583,16.74229101334323,1.064498036603087,95.826084279742,73.68073880150514,0.5700181162317747,1.0109830767953851,48
29,944,116.34592284423047,16.043456609577838,1.043105465613868,89.17672395451999,73.77141324304586,0.5734171614410086,0.6575634701963442,40
29,952,118.06071851055835,15.099992364746013,1.029686302651819,94.20627232202736,76.01671229885226,0.5553003259108295,0.8678441268430502,32
29,960,117.90904292303146,15.681882519269722,1.033676554421781,95.54581658944845,72.28555176669167,0.5530677204989622,1.0349699705349926,24
29,968,120.6291229131572,15.555345278191172,1.0068424095327588,97.1405257121197,74.68770486743536,0.5571567823666506,1.162324973692291,16
29,976,117.8384265314805,14.70980098476583,0.9848581259538025,94.26842446246226,75.77553555397517,0.5923319946902519,1.114836079827475,8
29,984,119.55195694066452,15.934876039668096,0.9999787617086486,93.00379152312655,73.46967430449098,0.5485852818125424,1.2692366197093075,0
30,0,65.88593165143301,25.32963612046127,1.2490177773265279,50.10617620225122,46.81468189326074,0.864693553932413,0.7626646196982946,1728
30,8,68.18151995053357,24.79535079363508,1.2344641590537437,51.79447377535711,46.407617446727876,0.8443717740644949,0.9628635962224056,1720
30,16,70.26747848997675,24.00853121632994,1.2495461138911743,51.8155365607759,47.40313184432833,0.8455871078498728,1.3142198663787026,1712
30,24,76.8954293330547,25.7884910682372,1.2551170027898089,50.18841504316126,50.393700019365525,0.8566682743822903,1.318513313372404,1704
30,32,71.41498088440714,25.388199191109816,1.2630814337508018,52.581566827805254,47.71342474350947,0.8348430504156444,1.2371194762813447,1696
30,40,74.63400030075789,24.372056922047257,1.2777442231485376,52.541959931394835,51.56950327139889,0.8479912854782299,1.3956478990830425,1688
30,48,70.94521906853545,24.151065654382094,1.2772554309523445,50.55811247844426,51.4267118396958,0.8667313016181569,1.2135615592518278,1680
30,56,72.6483863352114,24.55647854815113,1.2972074951368227,52.08192063611557,51.281749493010444,0.8518183650484568,1.2340964019810305,1672
30,64,74.02657161768421,25.530270784441015,1.2901730051184892,52.7816417253596,47.3899952049361,0.8041701346515764,1.2615741188806164,1664
30,72,75.46939394771523,25.123953206019255,1.2793491068616591,51.4014715438636,50.3125616952151,0.8527485751087992,1.0786574028506166,1656
30,80,71.25838297491866,25.490336789654894,1.2751558016757432,53.33249287203815,49.14887181055036,0.8364917734181647,1.2475875098190874,1648
30,88,69.58873349391459,24.72713435909384,1.2689126832676718,52.94835996505074,49.77041850501703,0.8469957817497257,1.183854783849388,1640
30,96,71.8288044253472,25.965483183095145,1.255918870772882,52.96519221516361,49.16893311221581,0.8431201124803444,0.9863102664446703,1632
30,104,72.16239189102502,25.254941735891933,1.253708669110931,54.617345300874916,49.18514616439638,0.8490185667372555,0.8080954366138822,1624
30,112,71.3907438068759,25.44849947216957,1.2604356611267735,56.554895612443204,44.21793999236,0.8220082936583498,0.9010204839831585,1616
30,120,72.4813269410694,24.866654840072616,1.2607136067855451,54.69889191171688,49.69797400399291,0.8338893747875837,0.890810041226335,1608
30,128,69.12938040963495,24.490470872366505,1.2380155004026034,55.87303903199353,45.9026215432074,0.8358120822262536,0.9104737504980654,1600
30,136,72.94620818036347,24.26235132125788,1.242496876537703,55.404206366316394,44.26599561962586,0.8612935871642694,0.6767021034493026,1592
30,144,71.4943615887439,25.07363838353706,1.2533498353570034,52.95279709640408,46.290113950866875,0.8231007588964695,0.8623035208475462,1584
30,152,71.87924697302635,23.369994058376232,1.2567037410424473,52.446279636247915,36.70993937252082,0.8378369546795006,0.6538581118938213,1576
30,160,68.2939683078293,23.881164576268084,1.2543860931257855,52.78254173043487,43.10933885739701,0.813383195465401,0.8056590711258217,1568
30,168,65.16355225517442,25.18110026775654,1.2531100629838188,53.88942395171747,42.65982801754722,0.8538179165550286,0.6557681838420825,1560
30,176,66.69897932000578,24.557890356933672,1.24161543712854,56.7911831571828,44.66567700340131,0.8148047578622029,0.684011315143692,1552
30,184,66.0549916334583,23.650820367643885,1.233832904440179,54.64491245671233,43.59034750205634,0.8264862779432517,1.0992944049549864,1544
30,192,67.29508772648803,23.818294814892024,1.233385700306363,53.41298132967635,44.795132032565725,0.8438481034785265,0.6521398630286888,1536
30,200,67.94981716781245,23.867282089653607,1.2256444909243926,54.906844417210436,42.70949064094912,0.8197299657801821,1.097454302065863,1528
30,208,67.65680940872872,22.573263358425603,1.2107989772252987,55.36411716481986,41.58632280254637,0.8184831745293444,1.0399162975996425,1520
30,216,68.76171320446527,23.215466093989395,1.2175609276024948,56.00812275173405,44.98165560638664,0.8378937864824623,0.8657663203419845,1512
30,224,66.02996752139656,21.51960899794158,1.2119267478943454,56.441512507436656,47.9112900084383,0.8308094146315113,1.486584827982749,1504
30,232,68.040605918448,22.791644039635973,1.2183454745998281,58.98728669423279,46.18568478954486,0.827256352048856,1.3370895840276809,1496
30,240,71.91717632805927,22.766541313361397,1.2294986336204101,54.36003330261634,48.01623741693763,0.8258745048568491,1.1523457146779847,1488
30,248,70.78383089698151,22.495110270488702,1.2284184538932823,55.02827136719546,51.61053398398927,0.8418834653097772,1.2589671507469495,1480
30,256,72.32342108998623,21.563271111136594,1.2280655793804405,57.59337202855783,49.38497656432695,0.8085269453590641,1.2771627683573035,1472
30,264,75.85355460436831,20.519010239621224,1.2246388101221508,57.71900284414977,55.859838850765975,0.8230248441420825,0.9555758889484385,1464
30,272,71.69189287634958,22.039314381429975,1.2327721385128638,54.99330607326545,53.04830270932128,0.8202545773874739,1.0779365078722696,1456
30,280,73.43834559679867,21.604103237067136,1.2233790593647114,56.68376547477407,54.23879303360387,0.8008339456076078,1.3798954602987055,1448
30,288,72.01690777113863,21.29922905888963,1.2254478336100283,56.656883842861966,53.8837009851077,0.8186163725741651,1.094406820487099,1440
30,296,80.45722493770637,20.738666656343067,1.2290231832197098,58.14803178314834,51.351649477741425,0.8261327477862244,1.03456874396597,1432
30,304,79.01018130452493,20.849564882541696,1.2393136267845084,56.65757457386593,54.4330742229022,0.7894020297513245,0.6900990340355616,1424
30,312,79.38534284368636,22.012311825817203,1.239527633525715,55.41742522044784,53.676226003897625,0.8149384146481664,0.6133560370504174,1416
30,320,74.89708885540466,20.561226376160747,1.2351878441327708,54.381578342447625,55.33523429554932,0.8014422346762091,0.7367279585678378,1408
30,328,75.04121583681354,20.978890300240735,1.2428601534493908,54.22879609141905,53.21271556252135,0.8134563754512814,0.7633353539138849,1400
30,336,78.32275156612937,20.535970004625035,1.2337453563467242,56.55057693384575,53.79023759587536,0.7918667107380294,0.4556466205371358,1392
30,344,77.74083146158361,21.839121650322102,1.2346732619510803,58.150063471679566,56.13189555036112,0.7966772024968719,0.893300062432584,1384
30,352,77.58455340777236,20.73757938110474,1.224814937348205,57.11068746590101,49.75268919482474,0.7629413772924274,0.6076517989755164,1376
30,360,78.22447904516643,20.680321635893733,1.2242735099459277,55.16895705939405,47.76912882025975,0.7948137548118562,0.7605159237260939,1368
30,368,71.65718196134284,21.131869921383085,1.2115366787149748,57.811095765439866,48.99567961892395,0.801033437566954,0.8742820581265683,1360
30,376,75.53525843477479,21.580243485745143,1.2116973774941686,56.6004894609075,48.64446194069653,0.7951171882508925,1.1114612633835828,1352
30,384,76.75712977980562,20.678430612689386,1.2078027796884687,58.235639399125354,49.171549006352265,0.7848415022345038,0.8717699348323229,1344
30,392,76.93919337425692,20.89100576835081,1.203308599688066,57.81509353921827,48.20680674140464,0.7739789455599729,1.0582660777087498,1336
30,400,72.07631881554653,21.084923369669163,1.1994211431233381,58.91576862553703,45.76149245229976,0.7635272519839854,1.1421924874097773,1328
30,408,71.88724132206487,22.29626879019165,1.1910295765343235,56.400554265674124,45.89627997028459,0.7768002381489342,1.2617538723883905,1320
30,416,72.23298817025555,22.219615433231404,1.2064242344266658,58.95371107490943,43.42985908303064,0.773884861125111,1.3119586093742621,1312
30,424,71.09003063158151,22.343279921431012,1.1963185973724808,59.81653500589116,43.93831716531868,0.7957884767940819,1.0310730719708194,1304
30,432,74.54397015964891,23.065575412338497,1.2092091309741928,59.304489860973746,46.17104801696697,0.7473324170736768,1.6714312873780421,1296
30,440,75.18745860248454,21.671932424764343,1.228881918803884,58.95155948620739,44.661492317503104,0.7697502048152238,1.1239783752254116,1288
30,448,70.35156236222988,22.588875003040442,1.2464702435519806,58.89397886930981,50.701469695181544,0.7629875374928621,1.2096958648110856,1280
30,456,71.90257231888636,22.392637521219417,1.229227425196647,59.213159654305784,47.499106565495275,0.7877922315262313,1.2868779672495094,1272
30,464,75.65873859906138,21.657791173728246,1.2442644467842625,60.245016963681,46.33186954946831,0.7737394403225603,0.9987039088824623,1264
30,472,70.69442413592385,22.494910139403785,1.2282064349076234,60.555685380491674,50.826530796233556,0.7730675099216116,0.9941558007137773,1256
30,480,70.85519034632544,21.717647646926565,1.219059843132969,59.040992125438315,51.78769032051698,0.7811458762303521,1.2703565573576237,1248
30,488,76.23117489826987,23.009474672617635,1.2278104355376778,59.423517224429204,53.47244148104998,0.7752430769032506,1.1791823334174207,1240
30,496,74.4332459784916,22.992746891888515,1.2368944102619186,60.99202587271189,53.35177876009037,0.7652957719650646,1.0238272750456692,1232
30,504,76.75354380522299,22.798312735279264,1.220075867663512,59.10300468845515,52.231487609109706,0.7751978060333736,0.8649624363205841,1224
30,512,75.96077288571404,21.585984167176626,1.2067490857971275,63.67178720696068,52.52125758690611,0.7765992853960251,0.6639808484538062,1216
30,520,73.12596427542675,22.798627502986115,1.2185406547948987,65.50753063354938,54.426527793476204,0.7624320526266312,0.8057563975616528,1208
30,528,76.80542719087902,22.990398272191403,1.2307843181851703,64.68270361888912,57.16709780605801,0.7748665995877064,0.6575814830027562,1200
30,536,77.6853121484526,22.9235437619076,1.2230275069627476,64.65682797696962,57.522708525004845,0.7691558920422724,0.8475559231250187,1192
30,544,80.90434257780839,21.331469204387606,1.2189449318859842,66.52039565201635,58.634020071681505,0.7396822475759032,0.7116038850450562,1184
30,552,81.70857369233107,23.199416613764885,1.2146843129772917,62.22453439927407,55.96563307523501,0.7643876613595662,0.8020844203518648,1176
30,560,82.37117545083646,22.398717117477084,1.2147211310154713,60.96985315403113,57.86386061366516,0.7735588280724289,0.8495432240627759,1168
30,568,82.74794252883197,20.331805957864553,1.2203797038506976,61.775835144995455,56.88369984168498,0.7876357595161837,0.9505949761429441,1160
30,576,79.51616945138512,23.016034812616546,1.2359802559677577,61.160562382605164,59.042024065862435,0.7428688046258052,1.1561468152015575,1152
30,584,83.6633812121098,22.40533771810631,1.2358759316163843,63.74016431636368,54.15853178560027,0.7610710129046319,1.2380623640851227,1144
30,592,86.4691481363268,20.973051983068327,1.2554196350137525,61.771702994899854,54.69699037482115,0.7614349845563297,1.215504220958691,1136
30,600,87.56284341746914,20.881773569313587,1.2304260368504338,63.69404507139983,55.10843508591073,0.7768183198407278,1.1082911089316259,1128
30,608,84.16009560710448,21.800956196002158,1.2173022051684217,60.77828809854184,52.25633794018758,0.770431816598323,1.249847423476846,1120
30,616,86.0089521770819,20.294191803741338,1.212548210964815,63.422547643836594,52.58881304379697,0.7807532784941809,1.1822245730804475,1112
30,624,85.6704484563685,20.388406292793366,1.1945525908310373,64.24101927924495,48.63218982097712,0.7724546175130579,1.2326217737700935,1104
30,632,85.0607676649566,19.882234671333958,1.214545395450264,60.637016900833174,51.927128353478025,0.7540794183004413,1.2892208454926095,1096
30,640,85.83937783358778,18.968750050533256,1.2122531191991945,62.390676994998884,49.843404115156446,0.7621972293857366,1.2065317613375255,1088
30,648,83.109555207781,20.91278087127469,1.214662714890694,58.9643480116454,47.814440364645975,0.752811419743478,1.3476125568213762,1080
30,656,79.83007175755967,19.027585333338962,1.2209747094571803,63.10966172599379,49.04991631155277,0.73584132169415,1.0773493317013878,1072
30,664,82.7502811457771,19.47098291724014,1.2381506558144235,61.82936531110733,49.25952551102094,0.7631429790270489,1.0525684745318487,1064
30,672,80.70227375445518,19.526919889894714,1.2400303339910743,64.40443497861749,54.139357740891626,0.7391646445986284,0.9806995038921104,1056
30,680,81.52093551404194,19.362613776211884,1.2431266843218516,64.56929048108839,50.59255155067268,0.7586256345515164,1.076431493338194,1048
30,688,84.3224428445587,18.74560875913815,1.243070913985265,64.41497481220804,51.74989115500532,0.7740160766817386,0.8844054418117571,1040
30,696,79.4171522122609,20.445610856553525,1.2385184130731366,63.9269263476213,50.739670774519745,0.7606172052103912,0.6146822414883528,1032
30,704,80.99075339459772,19.078623602447024,1.2403031746637683,63.16466042154788,52.99015389230125,0.7747051045076262,0.8638116217697234,1024
30,712,80.17979614420032,18.700356570069104,1.2373472749406604,68.48368844406073,54.052739961762306,0.7717699382782083,0.580092167204163,1016
30,720,78.22315915012301,18.03658197656753,1.2341229410123664,64.50396475779989,54.454915950226166,0.7436104647083147,0.9191592564118531,1008
30,728,79.21461628869292,18.05482164255672,1.2156721434306854,66.60920929547305,57.51504342799763,0.750605048542938,0.7290639368435936,1000
30,736,76.89716697804847,17.712364102110016,1.221612405823458,63.76873927531549,58.27122014390095,0.7543979192188103,0.5488100431577252,992
30,744,84.58404921727819,19.17040270676202,1.2190673531969713,63.8920584475932,59.91974559527487,0.7531842621173547,0.6140128538932554,984
30,752,80.49346551006461,19.114445045127578,1.2274859441726425,66.9141575898399,55.85502666430412,0.7672374899996748,0.6340686565168665,976
30,760,80.30867211065535,18.235862056148843,1.2193979495544212,64.88707307145272,61.645939615338776,0.7268323389195434,0.8230905315843272,968
30,768,82.3047164296336,18.24909952749923,1.2324687589599013,67.9271031039957,61.03334356573468,0.7366213282047357,1.2764350098541846,960
30,776,82.0179750946615,17.85877013025101,1.2326427120614885,63.802691632481704,56.397326707136415,0.742969562826442,0.9580328051323562,952
30,784,86.07349055330994,17.404777343181514,1.210601449504121,64.66371404456505,59.67793580008362,0.734092238975895,1.1036182276969912,944
30,792,84.8009207157832,17.33779044396304,1.1973448678083314,66.24408858014786,61.37534436830594,0.7295558237893861,1.1131126984485142,936
30,800,86.98184010330307,18.511259962410712,1.1987630649840801,70.33654003214092,57.75063604148174,0.7172780601084419,1.2656735176740692,928
30,808,86.74365522138565,18.570567808098357,1.1836717235876257,67.17521502193121,60.55942945543907,0.7434410363775389,1.327259457550199,920
30,816,90.3192726005168,19.094823428321337,1.1937044588145187,66.7341973590229,59.12742935860117,0.7328702950974807,1.1231423003439738,912
30,824,91.76027226824547,19.299961162235487,1.202313771192379,65.958934092236,60.56548570605539,0.7218208922669012,1.2238813330939753,904
30,832,86.59141223392295,18.77109263733116,1.2033875470371158,65.40304836133731,58.88869603237216,0.7097998700893478,1.2810857829835889,896
30,840,91.17180152631148,19.61438891074519,1.2037752737203624,66.58057692381541,53.30412958274936,0.7256494006203562,1.616818956561446,888
30,848,93.3241217063972,18.679685184487372,1.203725130350895,68.27681316689402,56.50651227151263,0.7041204039121377,0.9191377345788989,880
30,856,88.81992022913411,19.477177671964125,1.207915620001875,66.43901942479516,50.81338133390671,0.7303695938694861,0.9992801504673088,872
30,864,88.58896591625144,20.974296386932235,1.2122854593174637,68.86149169672836,54.23425060310153,0.7073045306604471,1.1715800634135582,864
30,872,90.33625165317956,20.68311462275026,1.2246969505116527,67.10909953457204,53.97222037070614,0.7160823078504469,1.1649247236661922,856
30,880,91.91451566457508,19.275797648806915,1.237671013306047,67.88465658111325,54.546444174034704,0.6951592065170681,1.0806499820416107,848
30,888,90.56735725919604,20.559156606656288,1.2385860722249,66.53213662205755,51.14410974071961,0.7028141492948957,0.32570746106109877,840
30,896,88.60433978274507,19.239684341446996,1.2532580865677139,67.3705943890101,52.49493719096213,0.7152516634067144,0.7864710554330823,832
30,904,89.68769287407598,19.850084177761907,1.2521925438957369,67.8343241157803,52.22829948859039,0.6864342046720181,0.5815756628014235,824
30,912,84.9603134172103,20.259330761278335,1.2654329653777392,69.37707732620572,52.81810086809953,0.6890823610947042,0.5651280169778734,816
30,920,83.50009013680247,20.705418535637758,1.2568522093157597,68.76932407038765,53.15275359479168,0.6848259019486279,0.7208917150973471,808
30,928,89.35816046065283,20.31372153617162,1.2621870156306123,67.70733744952653,55.22737284781117,0.6981470333078321,0.8432036917961379,800
30,936,85.89218072729598,19.801001518395143,1.2552876500485008,70.06618816708537,55.61968777633292,0.6956804113493044,0.8796758099593267,792
30,944,85.3054520921558,20.4878728396665,1.2562112019451548,69.4508056434272,56.81076452858325,0.6750145550197532,0.7469340300366125,784
30,952,87.82157631728278,19.506632268124285,1.2586000767460492,69.56337066626635,58.883865708796314,0.7094695650536978,0.5604445815265594,776
30,960,84.4875474451641,19.746597298418237,1.2670995675074668,65.06821094602229,58.32473189200449,0.675204015798962,1.1248171693100337,768
30,968,84.8381536157522,19.54231323937044,1.2771492070811048,69.20826204912987,57.38673812459487,0.6956512220869522,1.2342360839935174,760
30,976,85.88807799882811,19.75799677507516,1.2532733279396466,70.87754184132667,59.110320661344275,0.6903957165011014,1.0761795393132747,752
30,984,84.19801015912363,19.55273456941281,1.240566017617795,70.70784541233763,58.266032176528945,0.6613775692466316,1.2658726388995802,744
30,992,85.06211291845318,19.074291991474144,1.2308719597074933,69.66871993450168,65.48920139316822,0.6829426015537475,1.4957830468171716,736
30,1000,88.24496791270637,19.434809084935956,1.2234853896757296,69.08592047766717,63.24661816966635,0.7087438396751813,1.3751216728007793,728
30,1008,86.59801390600276,18.708748867545452,1.231956646240846,70.65201367333539,64.22914615278529,0.6769328007877788,1.302260216361169,720
30,1016,86.6667963780802,18.34259797460603,1.2374118348463432,72.3530842641204,64.09111324314097,0.697878658377826,1.2078493714008878,712
30,1024,88.68438374301212,17.893279529384102,1.2464919368752991,69.42718398961165,61.42424058537003,0.7006334335187477,1.5895366145495848,704
30,1032,84.69194164283743,18.196088724380846,1.245518665858533,71.67207426676556,62.081058920918636,0.6792807451943532,1.2366297744021602,696
30,1040,90.22063122225346,18.392309104668808,1.2404756595522537,72.02917713067026,61.99210648224133,0.6814381484688087,1.0203453214613583,688
30,1048,90.98983645881262,18.27228688190841,1.2449255861910877,67.98621113696224,67.80458573391276,0.7037175970927977,1.1387790095981465,680
30,1056,90.5674047577746,16.260474370499388,1.250869563882077,71.86073315246138,62.672708438649884,0.659068393715617,1.045069878997666,672
30,1064,95.58454315575523,17.936547026597513,1.253203328978084,72.76944356574474,59.595174793928344,0.6864340505440986,0.9135403565772489,664
30,1072,91.6151274239069,17.792274235978002,1.274191855034446,72.07688124597202,58.87201792971466,0.6928291005545696,1.0641060895227878,656
30,1080,95.95089632432912,16.140354584891103,1.2875992093607191,72.59890568494967,58.77916340427178,0.7024369775244652,0.7572110010853005,648
30,1088,96.8051038991622,16.600009256288185,1.283804827522226,71.97507856002974,59.38618323900943,0.6770572124473241,0.9137739200769387,640
30,1096,99.09633767631736,16.844268561317502,1.283238747979482,71.27353513154311,57.50957076436518,0.6938267714762408,0.6753909908435222,632
30,1104,95.7654792311436,16.796074733996896,1.2754561442350816,71.22389760072056,58.71396938187024,0.6814460615117451,0.4271073431843563,624
30,1112,95.47217459322934,15.015859925257176,1.2696229716944911,74.7327531545877,53.554588391172224,0.6981399648791863,0.6145409599380403,616
30,1120,98.29735361345995,15.651236338954558,1.2598035976862123,70.60414066099852,55.26893571017971,0.6780185501317286,1.0327087391367562,608
30,1128,99.19631940497241,15.131916001437206,1.2584399008541964,73.93419849427856,55.131607730829124,0.6915563650345845,0.6978168483355248,600
30,1136,99.6483585367426,15.108265322306133,1.2543406568026074,71.77683745130447,55.064235157072616,0.7015021161008518,0.8459418939245191,592
30,1144,98.69235013848986,15.672641115905648,1.2462561022159069,69.09114611713598,53.13065628171226,0.7038603200958877,0.8033822874154328,584
30,1152,99.65341567038409,16.051683242360742,1.2595613419038505,73.31930404595606,55.66737066014783,0.6679617078535217,0.7409663245762091,576
30,1160,95.6218143623012,15.794800767963402,1.2517361621879053,73.17495732105705,57.26176964835724,0.6611179724318945,0.9605750176603232,568
30,1168,99.22752635959242,15.22139400842392,1.2524281800565464,71.29830933292462,56.32488139625141,0.6628189580759885,1.2608074996876133,560
30,1176,96.84072386215507,16.381106827689624,1.2530812391218682,71.6281933756501,58.171967252607104,0.6958536600823099,1.2277197275175988,552
30,1184,97.82872494553439,16.362322684556347,1.2491912062460955,74.50449660379728,60.21474643658383,0.6848340128565342,1.2373165445693137,544
30,1192,92.7989462749782,17.09739131756076,1.2510218777118252,73.6888425958332,60.42651309698808,0.6579795220531222,1.0385697590433292,536
30,1200,91.44206193304979,16.992503330329768,1.2542360325806807,72.49448490238446,60.20083492397432,0.6651037779979064,1.2305949448166604,528
30,1208,93.37089029375927,15.972404169836699,1.2535172408089486,71.7595589560076,63.66073087884748,0.693394360384739,1.1610206704766532,520
30,1216,92.06083141776497,16.07476926294705,1.2485863789561842,70.99589090619966,66.64961126482372,0.6801038227417913,1.250696350998156,512
30,1224,91.70903322531926,17.349803042808357,1.2417492103089705,74.35325734255599,62.54593891335271,0.6557546853840687,1.4229166974721232,504
30,1232,93.40793800130805,15.390767999119195,1.2450038671339203,76.03817715624969,66.22159055077594,0.6598202774124586,1.2756898337541693,496
30,1240,92.44067943465636,16.745393107985226,1.2588465430135185,73.9795815154649,70.04417665458246,0.6591531488709037,0.9452978184545131,488
30,1248,92.2659543455189,16.203175980182483,1.2590392355549649,75.842860618421,68.04893386316539,0.6842310534305694,0.9686224060881328,480
30,1256,93.97113066704149,16.250330856339524,1.255894633650863,72.44947832593665,67.29174358425753,0.6359647687043973,0.6710838123304725,472
30,1264,94.2235840131337,16.984638052505858,1.247385332969767,75.61401209612355,66.25636324041157,0.6726051898978194,1.0353560303465035,464
30,1272,97.14771842916566,17.71065054506592,1.2501405715854352,75.98914356264953,66.15673977076965,0.6626297632234032,0.5727055745390681,456
30,1280,98.01632457000834,17.082742296874947,1.2576423322263488,73.01581819806766,63.744402086164456,0.6553612449904211,0.6490727060290614,448
30,1288,97.62234048497707,17.83956656342982,1.2559715925257438,74.65721269279072,65.34927938714875,0.6541127864799128,0.765524403717882,440
30,1296,98.19287827760566,17.586214155317982,1.2712093155236717,72.48732096412522,65.66478578151589,0.6419543570500563,0.7483337041768952,432
30,1304,98.21907902965009,18.202315448568108,1.2819327879960805,75.14182760440976,64.77494041681547,0.6502201722720666,0.948805674483745,424
30,1312,100.79703805266149,18.489201751198415,1.2721580389131693,74.7067733420273,64.51954632951866,0.626020501395056,0.4825452398888108,416
30,1320,97.8465508995408,17.87691802666921,1.2653996716032367,77.18872003619283,61.017550051564605,0.6740364634290825,0.8278764885175214,408
30,1328,99.68075073763707,17.762900592186522,1.2664352427882382,77.855450883646,61.50198670544632,0.6423387707001258,0.7502006990863321,400
30,1336,99.92034404224306,18.587566172463244,1.2770174899382054,76.02319175449769,59.7880896721398,0.6449558273406497,0.8571030794766559,392
30,1344,101.2058176214196,19.017227212162762,1.26439475763145,77.00443453585872,61.745012132147274,0.6072503820275532,0.8218605768903862,384
30,1352,101.7831395300573,18.0053558939044,1.2937423594954274,74.41477419093118,56.07163188110939,0.6347733472784257,1.0827463932110464,376
30,1360,104.19900510814155,18.459974647709736,1.3037878941320153,76.10064531046545,56.17547476228387,0.6450227028297767,1.2979526063044702,368
30,1368,104.57636394882871,16.873542178254688,1.2999582908894312,77.900708931289,60.8727927958692,0.6444020570925596,1.2998051675513498,360
30,1376,104.95410445324694,18.42513362889527,1.3047620555898354,76.49790930358377,59.312869699934296,0.628803583389337,1.3505536435828769,352
30,1384,105.46037460598343,16.9777832289099,1.3014294885954178,77.38598408086347,57.797241438921034,0.6476169689651479,1.3557355078793676,344
30,1392,106.86898823828292,17.888146137017745,1.2906687694068777,78.5700437944003,58.461601083953596,0.5913194113529469,1.2365147602135116,336
30,1400,103.65698394579518,17.126867089497253,1.2933918359817862,79.42980489948015,59.474341266637104,0.6126664896517693,1.400026808330826,328
30,1408,102.65085445586595,16.961908694642926,1.29752329294913,76.72891704386001,58.64321883195181,0.604334627934812,1.230198572478533,320
30,1416,109.29420898433024,17.49222727882194,1.2928390958094367,79.59114335607887,63.229075115649366,0.6213053473415897,1.564066318034162,312
30,1424,101.07710732159386,16.81221945222197,1.269185631344603,77.79037344469667,59.09986630976089,0.6254281427099657,1.3031243945055173,304
30,1432,105.28803727750416,16.687844099431306,1.2769138902894317,78.68204418637156,62.446792581700194,0.6366639255327277,0.9340948587305749,296
30,1440,102.10269455763009,18.063140416728885,1.2765487867931176,77.28147011009227,65.02121070921204,0.6059302448862844,1.164817479343855,288
30,1448,105.55088075801072,15.74511108975336,1.2735654260171936,79.4625353320906,63.48604352222356,0.5821504960918618,0.7299610792104474,280
30,1456,100.54626044450144,15.499233570809617,1.2573672279260228,77.87523316403387,68.5487185852264,0.617550714330927,1.064138525261656,272
30,1464,102.39436808375173,15.800370068575008,1.2708054136278097,77.5808362051556,67.57201276050112,0.6091116563886847,0.8092236857461367,264
30,1472,101.47346849627738,15.840427315963684,1.274473182238419,79.91425739145959,67.97288674216604,0.583614819011317,0.8568164790086038,256
30,1480,102.93323779431768,15.195704209951426,1.2798661231376272,78.56050773841159,70.00041006998374,0.6068497223450361,0.840449331549797,248
30,1488,105.17906282302245,13.898481646867408,1.2775718850076376,76.5810629092358,68.78577895775084,0.5892069369873449,0.8813790942691793,240
30,1496,103.86269625866912,14.950860564569934,1.2818702515753853,79.81044577432873,72.17630384440899,0.6187824622118672,0.5985028187152395,232
30,1504,100.09872359528151,14.290755681243033,1.2872280487612182,78.88070067575988,68.22559512648142,0.5911105111743357,0.7854062242963977,224
30,1512,104.88496421512018,13.848583054339816,1.2932781112672573,80.29761493938544,70.032279747186,0.6056499260862247,0.669084831902458,216
30,1520,101.5435418978496,13.642121489277077,1.3131975367462303,76.56369741356741,71.12953995120168,0.5811792293829107,0.9084260967343846,208
30,1528,105.48637645652127,13.235574958579246,1.3187590526353143,78.19057363920133,69.94380777728914,0.58803229451674,0.7808834172070857,200
30,1536,104.16628785859706,13.51465056387162,1.318403075524237,79.76492548189285,69.29672878293964,0.5749279050973155,0.8041660441985846,192
30,1544,101.91873337754963,13.168440029275663,1.3229853611574973,79.42364787341522,66.22045200898597,0.6015672954225538,1.0269888109127823,184
30,1552,102.66168097368977,13.29382977150947,1.3167002320859869,78.60983532331481,65.02041367077666,0.5938675230649194,1.0210661638653347,176
30,1560,105.53033483208357,13.280381556652525,1.323860780525833,82.88085853931575,63.73963871271396,0.5996045421410474,1.260272728104488,168
30,1568,107.7515371832624,13.296007866141096,1.303178982963707,79.8935077929579,61.61067981106954,0.5978936774512302,1.2599245333955746,160
30,1576,108.0538723404032,13.177581580356891,1.3080859454065332,79.32322604941244,64.41889736487772,0.590613329811742,1.3579283751739832,152
30,1584,109.10601547961367,13.105331636298414,1.3127124776803323,82.20992543971288,64.44911282758343,0.5995218638620236,1.4289982870623954,144
30,1592,108.15250985723247,13.869279111491423,1.3198498044318825,80.53701520697929,64.34776115764414,0.5814917811110323,1.1730060185165079,136
30,1600,109.88344538211683,14.063301316001874,1.307208860638849,79.0894112737028,62.21367192780581,0.557993985941352,1.076326418202528,128
30,1608,112.05610835817116,13.689162881746045,1.295757484666937,82.09460882995302,60.519499354195794,0.5995517942750667,1.4201811508699766,120
30,1616,112.99018820641739,12.8754974254694,1.3091337689503335,81.91295764422905,58.640092637892536,0.5832826474436942,1.0178243965616507,112
30,1624,110.47362190151658,13.732912506654888,1.298433959135635,78.43145825022859,61.344908911983396,0.6094526350744573,1.149845380215495,104
30,1632,113.84315995872004,13.700977946791028,1.2931922288263231,79.9626300466171,60.21479641182388,0.6055771331183031,1.212043657454963,96
30,1640,116.93285154412324,14.389002487222116,1.292726178608623,79.61607744430937,60.549288321291314,0.6051457526704301,0.8375174786074376,88
30,1648,114.39197243090375,14.495136595424439,1.2880002564849442,80.98008838764119,63.13437800374593,0.5969127943170104,0.7684508145183547,80
30,1656,112.540644583675,14.97208429655639,1.2787852232200048,82.91930148543943,65.65103037593539,0.5872109155673803,0.8474417022635798,72
30,1664,112.35623128526244,14.828607165646082,1.282836952310602,85.21605828788611,63.382968240616904,0.5713560643586665,0.7352841126520817,64
30,1672,114.85453977132028,15.520436393065754,1.2821948494819104,84.1674666556557,63.40601236626769,0.608910492874783,0.6151315159365837,56
30,1680,116.10157375559362,15.527959360491726,1.2780737207098722,86.38125375289944,65.49942922478171,0.576694808753761,0.642987069901332,48
30,1688,114.92398992710905,14.930308708414211,1.2843743103072094,90.26671770185955,66.79938693828706,0.5818566904102748,0.6912667217866725,40
30,1696,114.4026690947452,14.268332311181075,1.2832079985806746,83.72744468323708,68.41949272202687,0.5757178269150819,1.0719704018848208,32
30,1704,109.85091686824566,14.529219529185022,1.3071932609710721,83.42135972284714,68.90908428754643,0.5845094735857385,0.981853495382267,24
30,1712,109.96630641732597,14.717483556684495,1.311004867843093,82.74397949173144,74.5262268215979,0.5676684932700409,0.7554149639728378,16
30,1720,112.03089044027175,14.732534501936533,1.2938469711910017,80.54281596364562,74.0091797325008,0.5560530235262865,0.9424796921623242,8
30,1728,111.2074968951387,15.623016079981765,1.3017148490628099,84.2675911651651,71.9243289059226,0.5646599625385447,1.1785923590040666,0
31,0,69.72549938378128,28.43318745661792,0.9680595749541985,59.87025763900567,40.36723046421818,0.8876016839137718,0.8439717455198525,784
31,8,69.76047564435571,29.2103023632529,0.9599394263258181,56.956218927438755,39.63337616060282,0.8706540394230489,0.9764521499824588,776
31,16,72.86164116925352,28.48757927154982,0.9597876422080223,57.35874574068763,40.79184875491314,0.8642623310473662,1.2559635872430372,768
31,24,66.97199776289371,29.476264753846287,0.9496024628644931,58.95080744689796,41.649202407798974,0.8390656392097299,1.461722786657212,760
31,32,72.9481430141285,28.591663645267957,0.9653895017847399,59.09258515287236,45.16072016201,0.8357145067696822,1.1186095935550893,752
31,40,70.6987025447819,28.747287886214085,0.9612615760777715,59.845210254307084,43.52871981730883,0.8425358741987179,1.4206793612816808,744
31,48,68.85552345188243,27.79862911646986,0.9454201310250138,60.374796083032955,47.49335090784989,0.8619234648487922,1.388981275511016,736
31,56,73.82786889876124,27.50991113742684,0.952542438339624,61.96789588877361,42.31264900198643,0.8765821802511967,1.22427543467159,728
31,64,71.920939714084,28.833311354741543,0.9484136685496551,61.4312675577119,47.737460859190186,0.8573197226309891,0.9484597148279267,720
31,72,77.40357134131465,27.861528742601834,0.9369916214940799,60.10567094646301,44.578196424355404,0.8648583811774668,1.3069865829495824,712
31,80,73.33903962788311,27.36876839235394,0.9299945047717084,61.92750763966433,47.11727365349716,0.8407519044046566,1.2772450485735485,704
31,88,73.29197201820577,28.017302587192443,0.9256828859463777,61.27508488645099,46.47700658656298,0.8249990838054213,0.9461659872971936,696
31,96,75.2420729066995,27.302989104897637,0.9198389582134764,60.63598870847933,46.39842731596267,0.842597933464952,0.8648579403329381,688
31,104,70.89088508925435,27.857460662209945,0.9284646245825722,63.40650427077045,47.712619802961505,0.8442139261909933,0.8211898591280486,680
31,112,76.05221459419367,27.617115432408973,0.9280969828830048,61.74614985639765,48.37053402799355,0.8552896957668606,0.8301668270383272,672
31,120,76.78441498101323,28.21592429246042,0.9339290520327308,64.63796190409136,49.402089821184944,0.7971042828765281,0.9020608846662966,664
31,128,78.47310214985662,27.15848390986026,0.9158853007866452,62.79509680801856,48.306186936059866,0.8307079045027536,0.6147960667201419,656
31,136,78.31014004335408,27.771507879562904,0.9269972472638167,65.84546680070989,47.507854226641406,0.8246123951293415,0.6525412527311215,648
31,144,77.83421465036557,28.344949641316603,0.9246528185603957,66.18859938287,48.81073427692275,0.8265062302423624,0.7855465183638917,640
31,152,82.14289275123966,27.421124504263073,0.9226677301682219,66.68317400259293,44.60909813022762,0.8186965182293284,0.32684096212441804,632
31,160,79.26369005009897,28.44832627049579,0.9164222029385667,63.188994884738065,45.92872448995646,0.8035058668533646,0.7559341374576215,624
31,168,77.67763036071663,27.6084171636864,0.9424340659072067,68.33306689242121,43.48154376643106,0.8131205175384265,0.7123215243883221,616
31,176,78.1185760843974,26.36385720431599,0.9319807851723383,67.02801031438274,43.910685815545925,0.8415331396493909,0.9034857892994508,608
31,184,77.06908317181632,26.713659611440896,0.9380827043954624,68.68514901548717,45.8352046900728,0.7926113342346669,1.047567421969647,600
31,192,79.23083047883571,27.77744089488094,0.944077193615036,71.71632966384895,44.23812269243521,0.8502320843937168,1.1714630739979004,592
31,200,77.93861898801754,27.306263480473863,0.949608654820292,72.77517462986519,45.17068838562025,0.8199584244653633,0.8500087355270332,584
31,208,81.74020481568685,25.984295248196055,0.9716762833111523,71.57481209927528,44.275864869017695,0.7965973265710093,1.2112047499932683,576
31,216,82.19863951917887,26.12560793101608,0.9673920735939225,72.268608474254,41.92260859903869,0.767801800005149,1.2053420421752112,568
31,224,81.30769958942888,25.382189099943087,0.9720381304872029,72.33200678234218,42.58763542543306,0.7881955610112128,1.2557721578715266,560
31,232,79.89709087067999,25.720742253215107,0.9662041315452303,74.52763538080272,43.25386607414517,0.7908952642381158,1.0760320808786221,552
31,240,81.75165471274715,25.302064952782853,0.9442790025319094,72.81930054758756,43.408088793748014,0.7703417230081069,1.068937739061894,544
31,248,77.64745459179883,25.379200261688386,0.9516202694027072,72.56551857694988,44.63461908363811,0.7963200338243,1.1161730482352012,536
31,256,77.52614270126449,25.913977974196424,0.9570763541930156,74.14356167101212,44.59208581239619,0.781268496668626,1.2692216373869898,528
31,264,78.94667611121368,24.54110884995888,0.9513445665665375,70.37300780103254,46.04409648950293,0.7783683342173232,1.1865046470525897,520
31,272,81.40461068615915,24.812569264749776,0.9605886193149498,70.12600682455955,43.373923673167674,0.7993691613562244,0.9760774506894367,512
31,280,77.80911399264052,23.323779996820264,0.9637951522194446,70.80984006141898,47.17768599656694,0.786015229415162,1.2138825552730799,504
31,288,85.87020470243378,24.973245043536757,0.9612833021331624,70.13984869733815,48.31558344621111,0.783483023230477,0.8431847004667501,496
31,296,78.75541804875661,23.17632153017091,0.9759056507690858,70.8711295791571,51.50376436317295,0.7845322982812213,1.0423876149183,488
31,304,81.43118399996935,22.141224307378998,0.9770368931457837,74.90893335938249,47.28886850318544,0.7919922222871578,0.8576649200233041,480
31,312,79.296761118093,22.914208830730363,0.9582350205436293,71.31195237310205,49.479466046117466,0.7932988505763203,0.6676606722321614,472
31,320,81.89441013559033,22.125771048516118,0.9680411888404814,73.04899468310424,52.728694299655494,0.7666697017784115,0.5802430252730979,464
31,328,81.69793624814383,21.315053997664684,0.9515431284035843,75.42576695467153,58.51275305301384,0.7366813627513292,0.9005545992337448,456
31,336,79.53721314293777,22.062618212364214,0.9549553713894607,73.45500703348738,55.850836511588014,0.7536614787222276,0.8141764616675143,448
31,344,83.12028067517535,22.457634058317385,0.9544766171125523,71.52753575740854,56.00161080617741,0.7307006867921201,0.6791410799940302,440
31,352,80.7610929349682,21.785259099789936,0.962590212881047,76.70061702627471,56.23075234457617,0.7214101577288342,0.8964580671027271,432
31,360,82.4694907165923,21.780831286637657,0.973642166566994,75.16262114413801,56.47015777430962,0.7174169748679273,0.7532357215511912,424
31,368,86.45959162498318,21.99337388284188,0.9756127951302301,73.83673727638589,56.751534971661876,0.7006639297996833,0.882424254340485,416
31,376,86.93978482683163,20.665166806396066,0.9665909206303968,73.79280164170383,60.64867527826919,0.7283435815882702,0.9066311080574705,408
31,384,84.48505844906417,20.956958462333258,0.9608595020230173,78.66493786392212,56.83379416317589,0.7227694902316097,0.9474123824432686,400
31,392,85.92152185124317,21.033111939820373,0.9478985645406647,74.76085289664776,60.14923253128239,0.7409650159427762,1.1884577406000287,392
31,400,88.19147517269866,20.510262842443755,0.9442268351160332,78.14502489047797,58.88748545754733,0.7082055372889,0.892918197321831,384
31,408,83.11979928564422,20.187383172630824,0.9498405547742295,79.68594640701876,60.585051823615125,0.7279552106606335,1.3415831704531314,376
31,416,88.60085380503928,20.513164978674535,0.9605030049892722,78.83156345455518,60.2044941825991,0.7103515850476229,1.3134765059816835,368
31,424,86.2839940872949,19.94951566316039,0.9627245118180261,78.22106122306096,58.90373146726032,0.6923660495641859,1.4290214195454296,360
31,432,84.91402333850087,20.3866811035662,0.9659616727231276,79.1046436021603,61.38793047676826,0.7031565171095312,1.100615118985298,352
31,440,88.85079645462454,19.62773265111305,0.9725205952348162,79.54344280505501,56.24862148428815,0.7044180839375701,1.3538990863037286,344
31,448,91.21563415049572,19.636992159774547,0.9633577613505825,80.19719505181583,56.42877788120119,0.695376493368559,1.3527380472906656,336
31,456,90.9017741710787,20.018456426621956,0.9510348619092415,80.0016035040629,54.68249895428734,0.6816788315922383,0.8227404598595469,328
31,464,94.0098867564628,19.340865673080316,0.932302396762497,81.73568937654979,57.749306296316476,0.6729799545535241,1.251566105260218,320
31,472,95.47854317448727,19.28518835041519,0.9211099759074811,79.31857562044289,58.07920980431885,0.685606373517697,1.0585035710426252,312
31,480,97.21094472864874,19.78257024787328,0.9289061614050985,82.3901252082244,52.77902750438065,0.6578643765128936,1.2228912473025588,304
31,488,96.73040918214555,19.150992625186014,0.9256062623512079,80.4128062029272,56.099871110457705,0.664610963979298,0.8413237998138564,296
31,496,97.7559583499488,19.279722174776776,0.9068294285040066,81.34917316535537,53.1120290676474,0.6673250770443373,0.7218288555568634,288
31,504,98.22913238045577,18.24257375130003,0.8966355371079915,81.49509236033349,55.06151440170739,0.6552230369896643,0.5786167206914139,280
31,512,98.99308372586091,19.38599174642318,0.900666386876136,83.97202480420357,55.96856321144619,0.6573408833535199,0.9395130793576281,272
31,520,101.35971854477616,19.380696386547143,0.9139762659793633,81.21295777781141,53.1806711481829,0.6478633747180442,0.9994329846467833,264
31,528,99.48989926490106,19.70768481531261,0.9186820316828788,82.60994695104318,55.045835588872535,0.6541671697081142,0.6882729420900531,256
31,536,102.11106099114562,18.08654847604426,0.927329351620722,87.23547766545192,51.83900101821578,0.6590079908131365,0.964586508515763,248
31,544,100.45944511592913,18.543828892232572,0.9022828024251878,83.88671302084606,50.65980728007953,0.6689354633409976,0.5699855089785342,240
31,552,104.2232118357259,19.105740304993827,0.9000507617237924,84.84236608631288,55.04814200304699,0.6356323567053898,0.7532116109238092,232
31,560,104.10129181750358,18.577133282523658,0.8923163810659483,86.13990827917745,57.86451083297237,0.645097510980543,0.8701362924165718,224
31,568,103.30590271405468,19.290342969594008,0.8833892934702888,84.90920288403319,54.79870720999447,0.6263598897531293,0.8187391897586224,216
31,576,108.9840097063274,18.806204907111276,0.9056012401511402,87.76679201816492,53.42626205283047,0.6294928991202147,1.1770548522326445,208
31,584,103.89644092136933,19.83240840127056,0.9020354515549251,86.91274271900802,58.35300473857299,0.6331111105040557,1.2784587234164877,200
31,592,106.35895069793064,19.250617868063323,0.9175151697010493,88.34886902193762,55.42682772884368,0.6027461763499773,0.986209430767892,192
31,600,108.1831227273365,19.74364286468687,0.9105436087127406,89.78019039858442,57.24306187090845,0.598001051506854,1.444772850480792,184
31,608,108.94392266074597,18.003468071669015,0.909793725723428,88.73735685619113,59.46743001192095,0.6000134656984046,1.2415562681048686,176
31,616,109.10033612087132,18.85666422982585,0.9122396094340585,84.59291233446977,61.35494625171118,0.6044397622589255,1.2480125539086724,168
31,624,112.35105263085657,17.538167682810485,0.923050229269105,88.72335989244846,62.398250432423865,0.6201636649744138,1.186641559760412,160
31,632,109.1072912483879,19.650951037310787,0.9339272637849599,85.29648932782187,66.98540058503197,0.5872259154403962,1.649530083402147,152
31,640,115.06871976268059,18.558221633748474,0.9266634337897813,92.2495992719732,65.34756385990968,0.5912844384225261,1.020838854616489,144
31,648,115.52295996538174,18.868474517848927,0.9308502023989639,90.90254639244564,67.90596412406292,0.5893948019674593,1.2459624033527794,136
31,656,111.69395139100297,18.979925496975664,0.926655349729288,88.81087124428183,68.34628717028774,0.5929879743119837,1.2883790467477587,128
31,664,117.37443781109161,17.876764034117635,0.9154807432162566,91.70981615154393,65.24590321806396,0.588583640678569,1.0150165548985408,120
31,672,115.40495205636495,18.651086300581973,0.9087466203464216,89.27920458373906,68.22601769757283,0.5875114903219674,1.0555330848240525,112
31,680,116.84060826089576,18.94376881851704,0.9055460223862375,93.78742249497634,67.14992493064437,0.5599729794723811,1.1932158606377352,104
31,688,117.89491303265181,18.041812216905726,0.9087075627263485,89.67488419395461,63.73197623977167,0.5777616198790058,1.059645715722714,96
31,696,117.62042504446417,17.822474839847953,0.9207037275546206,94.30054979058391,68.95640389223178,0.5824971440383043,0.6226861919038373,88
31,704,119.35132841244304,18.73144537276028,0.9077406836585462,94.45259015022604,67.71540762863623,0.5575648415195523,0.7844676368207676,80
31,712,119.5026880042693,17.88438364815859,0.9162360117409775,92.54519221149916,71.07444759322046,0.5463260955067909,0.7556685805338397,72
31,720,116.49545112085988,18.482475807544226,0.9169202503915412,95.96941289849553,69.18906238648285,0.5271653880111004,0.8237340602585773,64
31,728,120.45295115573767,19.2013706360977,0.9033346209485463,91.16868982083925,69.5903092869191,0.5518271132046229,0.6433060683553615,56
31,736,117.50729871980482,16.948518675837388,0.8844278790760217,95.78021945030632,74.1491156816302,0.5435874180472222,0.7938133896734322,48
31,744,120.99637282452477,19.026072751479923,0.881462222551193,93.92888032803523,73.50932871711825,0.5438677114645659,1.1659808456960028,40
31,752,119.42269236579735,17.401698966822,0.8778101651455799,93.76025871293423,66.63659266204165,0.5284516223101594,0.7952961218172323,32
31,760,123.84987854767074,17.41242212452775,0.8841704241027777,95.03103825815353,71.87276059595159,0.5046683851182895,1.1285777391718772,24
31,768,117.9052797424605,18.367849093028802,0.8706083384179915,95.88622992254246,66.36928881594018,0.5274598106861491,1.0174473828361834,16
31,776,121.74654537302544,18.221987148577686,0.8621117364228071,96.01782667898868,65.10020709157104,0.5196708391681129,1.0561680406623635,8
31,784,122.21307801155156,16.788826481140823,0.8451704278627588,94.97343926781588,66.29179589733229,0.5365639609879216,1.079443404198993,0
32,0,77.09732141518923,23.65428959495117,1.24611398331876,51.423443636429425,45.17901638235569,0.8796857023760245,0.9334336465828905,1304
32,8,76.68278404722106,24.612252345929615,1.235636303058638,52.72414543121468,45.2548644939638,0.8945716876785647,1.1798258567985143,1296
32,16,80.99591644398934,24.170332290609604,1.2397891775385557,52.12591742861646,46.25996910602022,0.8769668796367365,1.0954142751401477,1288
32,24,83.02773266222198,24.237882190315876,1.259432028743308,52.88777437538753,45.89742271966652,0.8697449065480254,1.0235690247392615,1280
32,32,78.69878832478477,23.631131556083528,1.2572733384401449,51.60149372986831,48.84284449095679,0.8904868400806613,1.069649025627936,1272
32,40,81.8626918026227,24.896706562047555,1.2431069669840733,52.772137055744565,49.79765241397204,0.8608524331832774,1.1257815450134732,1264
32,48,83.2733093439984,24.919331056868835,1.2373702743412487,49.07353127704576,49.21706133676708,0.8526150868041149,1.4187582537622285,1256
32,56,85.58520907424517,25.492852254132764,1.2353054774374663,54.26090923453866,50.619804323964914,0.8704190383653626,1.2298302522290383,1248
32,64,81.77815455683448,25.632654917347185,1.2450046679597995,53.73002055612171,47.83897605680532,0.8564183658161592,1.0641114980598836,1240
32,72,82.05188353215512,24.332952972755955,1.265058188702318,54.33870958153106,48.69717309860007,0.9026042010031033,1.1852723563436665,1232
32,80,83.10947332990953,25.64900820461184,1.2490228652207926,53.555453899749004,51.33355287642523,0.8696305216790099,0.8280085299253345,1224
32,88,83.16324120073686,25.53538869163628,1.2445082856126974,52.70826411795479,54.99084447231942,0.8720343011928232,0.8498622163995373,1216
32,96,79.51939660073198,24.15576836963407,1.2407271329874934,53.087143885164814,48.66272982193199,0.8986144432117158,0.9978326045780589,1208
32,104,80.05087025598095,24.987305908309306,1.2444372913856523,54.66759146469415,52.074522222649826,0.8865190340286885,1.1188486823040433,1200
32,112,80.74976143618969,24.15012345887298,1.2669313228806822,52.08483651657402,50.36347631420917,0.8944689708661822,1.084225437255077,1192
32,120,76.22062920407355,25.29889670640498,1.2656690077931227,53.44559172371743,52.31714445463717,0.8819896812754409,0.622976913563526,1184
32,128,76.71768707786288,24.52693614776659,1.2862046612973428,50.50514416464893,52.519595366149716,0.8601645102512463,0.7777094948238779,1176
32,136,73.68117169361886,23.335443073302585,1.2907521497334844,53.195478374368356,49.83649205927916,0.8987674254612423,0.7255658440483073,1168
32,144,76.86593584003977,24.625681788648695,1.2802637394632899,55.59749882005387,51.59904695189631,0.9075425261243287,0.5660313783371327,1160
32,152,77.3448582365734,24.264400150609312,1.2552944228925307,53.943210195577436,52.83408890187181,0.9017165342022966,0.4732643584516054,1152
32,160,75.49247424160676,25.141569385846406,1.2382428171847386,55.37566673737902,54.093202686620025,0.8789421784630821,0.7950388765151344,1144
32,168,73.63832904201293,22.99918308145459,1.2278629131399872,53.01851373215207,52.880679283415446,0.8768439876249216,0.849204617324737,1136
32,176,76.27175397418567,23.858840657835504,1.2340897995305076,57.71208054958856,52.34959092425119,0.8836089446310538,0.857060511573176,1128
32,184,80.5237219359366,22.160440224324848,1.2337229137922847,49.748190794000294,55.71669088965548,0.880928008963772,0.7447781970388985,1120
32,192,77.13337452619645,22.373410260995026,1.2324076421921082,54.58988381896153,53.61357850555135,0.9025540687746415,1.0158934750375075,1112
32,200,76.36337855505536,23.218801322068884,1.2497965948530951,52.392783088035074,52.829971199805215,0.8658564244809661,1.1464398603292796,1104
32,208,77.3836139110512,22.458677139969996,1.2568202974330762,55.866852951237384,54.074532561108256,0.874367951953905,1.0226817079578576,1096
32,216,78.9522873452147,21.870401011313582,1.2611022523316904,54.5158598871415,50.43556445859721,0.8738660265051975,1.1448470119600218,1088
32,224,75.60067967641625,21.00790407912518,1.2513131567995377,54.46338281059691,53.49226521787613,0.877217678331826,1.333803618111222,1080
32,232,75.74698399780354,21.339240142504515,1.255834074602435,55.408134869600026,53.35086244025866,0.8584790790727894,1.262542522436792,1072
32,240,80.59546741389977,20.23669036486689,1.26958007801831,55.69906673225748,52.33483699831942,0.8680685584449084,1.2974616986974845,1064
32,248,78.4503859324029,21.96023739368812,1.2658520852568862,56.07369446032662,50.90976478515922,0.8928319717404141,1.072051012996779,1056
32,256,82.87018355688694,23.225733897803007,1.2698920169497792,56.636199669133234,50.31390353765505,0.8546297955746481,1.0565763855846997,1048
32,264,83.49844096710738,22.196280675668383,1.280032617925645,54.516703764992556,51.07606799107881,0.8730371354215398,1.0637335588332975,1040
32,272,80.52690000632604,21.017386836946784,1.2830587110369798,52.6790580300236,49.4441436002486,0.8386195874429144,1.2581182347065747,1032
32,280,84.0481328277717,21.368850661719552,1.2884302703252093,56.49193724260173,52.63851743543734,0.8722900368185342,1.140454584682092,1024
32,288,85.86911620581867,22.426295323167206,1.2694719810528479,56.8847282854544,50.534183043511675,0.854523043466851,0.679987340147632,1016
32,296,82.18917974083153,20.668526813999456,1.2677805161213058,60.04574091162662,51.87360605497973,0.8338792114425979,0.7935241617573573,1008
32,304,82.4101715141702,21.661632935965837,1.2636270114695838,55.628663871143,48.38217143123755,0.8343936824487377,0.6168921537061232,1000
32,312,87.26213066178526,22.46940971587213,1.2575218710042255,54.41973562405421,49.07049195067226,0.8534933132775698,0.8665846766471076,992
32,320,86.629323559719,21.37048461119273,1.2547424044941695,56.37420046721406,51.87583784284159,0.8595989915269147,0.7114079694044377,984
32,328,84.96694386187127,23.32408605390138,1.2575213894328199,55.65880755430216,48.77752834711128,0.8471778970585634,0.5167035029381981,976
32,336,84.30984939125055,22.94942595681157,1.2515931543466121,55.73466247938801,47.09285115943565,0.83378477027313,0.7271108640289281,968
32,344,81.91204966245544,23.067956938945294,1.2613602360157545,55.04460976821962,51.09011068275425,0.8737840293701128,0.7282811547166651,960
32,352,79.19402811264646,22.602093246351647,1.256124830106188,55.07773468876205,47.26988357477505,0.8302235270047658,0.851654942428017,952
32,360,80.25010571256084,22.99414758648959,1.2508895904053485,56.037235151812084,45.34691982763594,0.8436775455310086,0.7183010186309025,944
32,368,80.18931612917297,23.09085824753793,1.248437795199791,58.50571561174274,49.45943595222994,0.8216200087326971,1.014932919365082,936
32,376,79.14900881494874,23.07633583965463,1.2489169393908,55.280479644152145,47.03441408948815,0.8480119294345022,0.9159579685037513,928
32,384,80.52907610688862,24.336315960342763,1.240679159003632,57.70689372411762,47.31889312767688,0.8487613294206309,0.8104753744773333,920
32,392,77.96486282146162,24.344578693391988,1.2483861523723863,56.62252383675832,45.73580805884478,0.8397179434473298,1.0788283914286099,912
32,400,76.34912775914583,24.548126128543057,1.2462546202953282,54.181106492034374,45.694556414214254,0.8446074869809737,1.1159308963389374,904
32,408,78.14307663820625,23.57198870343051,1.2316069456258485,56.44792529697022,46.79580135623257,0.844648645470653,1.2966188491477657,896
32,416,78.09266773146739,24.689896150836653,1.231586451052394,58.94388479199183,45.2303351398504,0.827946661061119,1.1052215049373173,888
32,424,77.38201253497962,24.337925410694407,1.2209401439219452,57.42329497065291,42.258170949646896,0.8282959903850549,1.2752412444008394,880
32,432,76.30620035297781,25.07309558831925,1.2145018442146904,56.413136179923086,41.96401868003085,0.7952631387670389,1.2448365022971288,872
32,440,79.09579771579062,24.40768669749861,1.2074210873646336,57.90694711192887,45.47419200737607,0.8359849505784165,1.2052149175779672,864
32,448,81.70666588060162,24.630643144139224,1.2080509231897456,56.83673485960311,45.66753414818932,0.8365064159059785,1.2758387951066181,856
32,456,79.56190097097318,23.533855912806523,1.2066073289761499,57.479815635759756,46.258120864050824,0.8525903748202812,0.9096107729472249,848
32,464,83.14974394834817,23.668697592888673,1.2072025308161582,56.731022350220485,45.54012783984721,0.8463991421692564,1.130899151972174,840
32,472,86.64481598823815,23.19614541213757,1.196878343904693,55.98336058033262,43.31503487367472,0.8595462732470853,1.0010268722040079,832
32,480,82.25612429688279,23.456382334668582,1.2028259940826451,55.55440869806937,44.21584166281451,0.8255617714113019,1.0970730181912152,824
32,488,86.32364686647956,22.572805428206806,1.1938814115914886,55.53275106630251,45.525059454445866,0.8459533930211107,1.2297706501485512,816
32,496,86.91097363434334,22.4267208900127,1.190519910713709,55.79796445553367,45.752063765380974,0.8472310855723355,0.7093082801817472,808
32,504,83.63353812937001,23.379070680061215,1.1997975867026673,59.04885672062231,48.14225084491798,0.8383350199058377,0.5790013883086963,800
32,512,86.47140817000695,20.769809702749832,1.1860538231303999,58.348707962831256,47.94636438937623,0.842107538449049,0.49316462165871794,792
32,520,84.77874027109719,22.064790181650743,1.181413831428101,59.30946885861354,46.905786274139146,0.8307261904112869,0.951282452489097,784
32,528,88.38292450437014,20.755089917498523,1.190943399601815,57.2078966850267,46.14806285220933,0.8693771502853782,0.6639997956187957,776
32,536,88.05523627203624,21.8441224124988,1.2027574027324264,59.67454357733827,46.188687606428104,0.8483065487045958,0.9292705989255449,768
32,544,93.52811630474248,21.322254599768133,1.197426551025962,58.71597125245532,46.328650255945206,0.8166204473672326,0.8936908711048677,760
32,552,90.6789821705191,20.688552285265644,1.211028640620637,59.43858044286138,45.166394711541066,0.8394215775379934,0.8029214237104473,752
32,560,86.77690082638132,19.72693386270231,1.2031707362803925,61.44046636682754,48.7980043244179,0.8549441922598784,0.9674896862072884,744
32,568,88.95050029762078,19.38937353841631,1.2037511558844518,59.23973394892295,49.650083552563046,0.829260880335676,0.9721770808330132,736
32,576,90.32579308651954,20.787170203584612,1.1952312322871015,55.33770689913198,45.242990354847706,0.8479731680808921,1.109986637980355,728
32,584,88.50342853246448,21.10011661986015,1.1891628689414944,59.37209166846026,49.543316857623914,0.8301109767417887,1.2144653943305694,720
32,592,86.38274839720431,19.01630211007495,1.179230285106873,61.40092377470358,46.62496694813606,0.8046909150729943,1.1300286236457535,712
32,600,88.42004898578,20.847977161040756,1.182119073413778,57.46777833955357,48.564888238632705,0.8520535796877126,1.2093806063452879,704
32,608,83.00484081498246,20.73164048324211,1.169296685462008,60.66427820981924,52.74223823942412,0.8296686964787064,1.0643907582216567,696
32,616,84.52236106033799,19.753771234177133,1.1764330711545488,58.44818915977972,54.358502555495036,0.8366828664231495,1.140999977505456,688
32,624,82.91316336177672,20.55886562119749,1.1827868403638233,59.53959713012456,49.47903922752294,0.8504521790127652,1.3923100279381568,680
32,632,83.00537063130301,20.461321951190925,1.1816471446923238,58.58748731708327,53.122735752619846,0.8182140404953983,1.2583768875040549,672
32,640,85.9018343708706,21.07080258365429,1.1906393469159928,59.297775718710156,52.196330899938424,0.8295220878545915,1.3882066742632602,664
32,648,82.68322869064016,20.86894369290339,1.199639803124141,62.53901221119488,55.83633650152686,0.850864620908266,1.2357382533948567,656
32,656,80.89808409753286,22.14782883581614,1.2012471642870146,57.69849419379817,53.53943614685281,0.8463768161999041,1.1074282499524233,648
32,664,79.64097549301594,21.482772866196925,1.1997305668999996,58.85049571557728,56.78647328757076,0.8342614383192493,0.8373413522517759,640
32,672,81.60807138682648,21.87925604549155,1.2027524122837596,58.21291298606999,56.776516033546024,0.8228674502988936,0.8833835406114852,632
32,680,83.93594393111005,22.67285240114721,1.2154507331458506,59.510922122376805,55.32591034770339,0.85937224257442,1.0010430265330357,624
32,688,82.94221675898653,21.851184913917702,1.1945531647422734,59.03894199410202,54.9271120182194,0.8222979280722859,0.6685968967040969,616
32,696,86.28739148867685,21.668982323667702,1.2117309285986186,56.74246967145691,56.96377247291682,0.8160326779683319,0.9007262951069638,608
32,704,84.82903810976447,23.638043184267023,1.2102185031405834,61.093124552957924,56.397818562653924,0.8090573973452286,0.8637433477813293,600
32,712,87.37500701068876,22.34222617611214,1.2186272649389938,62.355849720145635,56.03665379095958,0.8254714311078098,0.8331642806915137,592
32,720,89.58751196560064,22.842551477713297,1.2187740042014799,59.624549960809034,57.65717944106262,0.8187825819926081,0.7634410669134017,584
32,728,88.12883073967481,23.93343854450285,1.2151281168593306,59.835233164323206,59.105368311858065,0.8256600382853928,0.5444208118997438,576
32,736,86.71844291732046,22.906147099418327,1.2124626337951427,59.14103919052755,57.86170657652003,0.7938456130996576,0.810995144766112,568
32,744,88.82784253670894,22.49575913116151,1.2096023775955538,61.72904827383631,58.77355029481282,0.7985304996712442,0.9442831753765523,560
32,752,89.314549585278,22.91900539499816,1.1960896412421356,61.49453551725481,60.28047597186,0.7938016888427927,0.9794696864152024,552
32,760,94.74854686927073,22.261487774306534,1.1845582666855228,60.65351346739997,55.866678653477145,0.787535987052418,1.1684106263229117,544
32,768,94.68519975488454,22.97988662771109,1.2030657773430906,60.87253108787157,60.099152921898785,0.8079313192200284,1.1273593654352778,536
32,776,92.7289843459107,22.634678746240954,1.2017996949141039,60.33201938196356,58.9150154790111,0.8179813086317712,1.2875608998633978,528
32,784,91.70790074565554,21.650226767882803,1.1976474482648125,62.12433309287067,57.73396084108511,0.8082753161534665,0.9382845189735386,520
32,792,92.03039279456168,22.032001781593234,1.1971809296354845,62.67569574724868,59.48560695991066,0.8018372014714438,1.3060136913337284,512
32,800,92.03245566746574,21.79859124171978,1.1778060525300036,61.793575894147054,59.179380872366316,0.8090860075375951,0.9861170672490218,504
32,808,90.5700067214091,21.85279801656029,1.1865970784553495,62.39292320255105,56.78793409149622,0.829548976463748,1.2361749479199886,496
32,816,91.18208659301227,21.33788096665309,1.1769825826194442,61.518819829565025,57.996826480610125,0.7877077088396249,1.4364816918223782,488
32,824,90.48771071431621,21.39354508898449,1.1784061574208817,61.12925623615573,54.79086285878085,0.8118275729223996,1.2589757137672755,480
32,832,88.34803737007735,21.322794414840374,1.210716954654924,63.609088594689474,57.32912019826237,0.797827841874126,1.479931389698855,472
32,840,91.76216833968651,20.853703055001873,1.2173989185072922,62.628346102663244,60.31751738898573,0.7962298351440213,1.0932522877103117,464
32,848,88.12625524824593,21.37865313394011,1.1987878008111053,61.87072696889293,57.82448485021023,0.796100163612165,0.8877747840353665,456
32,856,87.27777515908441,19.45648356716226,1.204771085084176,62.04842963690112,58.02186134596768,0.7763298927676102,1.1775003115074913,448
32,864,89.13500062598618,20.479286596716467,1.2072162150266612,60.813016175566155,59.59143944279607,0.7915000741117557,0.8662626186086,440
32,872,89.63091481595728,20.13356387315554,1.2154526992523462,65.28327977051761,56.98347385205832,0.7785185345191938,0.8095571332237088,432
32,880,86.35938620403485,20.20841496464399,1.2104413043762052,64.08604211893545,56.32124815194064,0.7787245369227466,0.8225312810063591,424
32,888,88.13864446003633,19.484683379937344,1.2024180546701846,63.71185101058947,57.487369999948974,0.8298168167372704,0.8102871050823478,416
32,896,87.04963405050262,20.0044809769892,1.199095049285362,60.93725655769557,56.94941764505027,0.7903270836086951,0.6355958285089858,408
32,904,86.7872542847354,19.275918219229986,1.1851553010148839,63.11894129444531,54.71131510432911,0.7759302226535297,0.8514330266043917,400
32,912,84.7675102425346,19.603601020640095,1.1759780410513065,61.050874332320944,56.91763979728132,0.7807303421377533,0.7787209887769734,392
32,920,86.51059720149476,20.50088125780192,1.1732032717324496,61.76299713443627,55.86876462215599,0.7862614503844729,0.5710632522978855,384
32,928,90.47846495042613,19.04692578952171,1.161229177881411,63.14897963226898,55.62786111767254,0.7831418379638022,0.6983870677492152,376
32,936,90.5129230949543,18.671379916477154,1.1507343160726355,61.390610377813466,52.223573740897166,0.8006143913309101,0.8503101098830795,368
32,944,89.62066439875356,19.26671389069718,1.1517470840514605,63.020154447975415,52.216151466727005,0.7815784849966426,1.014535815396078,360
32,952,88.94130073496846,17.75912986919436,1.1517569415688795,62.132850793322284,52.78956286230622,0.7772651046049223,1.1610076182889952,352
32,960,90.54050392383394,19.234487681981918,1.1621083141292166,64.98131546385409,52.63290595793646,0.8149052417915077,0.9672207778551072,344
32,968,93.95649569784703,18.967488727305955,1.163689049927698,62.638093606607534,52.48440344301056,0.7727828929020137,1.0236268766454493,336
32,976,93.72703564500763,19.65700762742596,1.172184967383433,62.819471885151806,55.32260127758781,0.8032903039669983,1.1675809273374262,328
32,984,94.36961342024526,18.966328591605258,1.1710283079388728,61.39373542802605,51.735244300630136,0.7757679442008276,1.4279579632621664,320
32,992,94.60490374088373,19.87233831612348,1.1859617549744523,68.67233204639842,53.071918137370176,0.7660194175333935,1.4033665132003204,312
32,1000,97.7706313457532,19.069324122918825,1.1817643916884242,70.52669497013432,55.6894256767851,0.799186228962683,1.0987844606633943,304
32,1008,98.01974284299102,20.685805033126154,1.1814425052826998,68.57908608680216,51.052645123119376,0.7718756899702681,1.3199020391440064,296
32,1016,96.59817437034891,19.14302837276459,1.1920848812609117,67.20188486900436,50.37001219758024,0.7632873273438922,1.1174574593187196,288
32,1024,98.89153605676914,20.942559656293266,1.1989031993544952,69.96877892970053,50.70894363603382,0.7849365664110624,1.230269746285031,280
32,1032,96.61496671539997,21.258641800764767,1.2058446347148322,63.46450486825446,51.47022143048949,0.823866886141978,1.276815885980736,272
32,1040,92.60339737599568,21.28948327919642,1.2105189694747702,61.941569495514315,47.42627833827909,0.7880797597389145,1.2965160012137982,264
32,1048,96.83990920488252,22.627345499719954,1.20600421221573,62.3684960958746,49.873702770374315,0.7748168029979158,1.1038375192013112,256
32,1056,95.14488048897994,22.322080125975443,1.2217205932415338,64.29011487535249,50.51866559737088,0.7791813951186792,0.7875985662091468,248
32,1064,95.36949122713858,21.475987221197208,1.2315249415949254,64.03255748324104,49.92701967391561,0.7720963465115356,0.6479670941576468,240
32,1072,95.44984211510786,21.876414133923756,1.2409256038885177,67.15603622108343,50.68156396237193,0.7936670333530057,0.885660284358905,232
32,1080,94.50478990604448,21.175850872593365,1.2315477733771252,62.39927893846078,48.44929667812609,0.7750557671894236,0.8229632635215052,224
32,1088,86.662490645892,20.61735808907325,1.212610673559804,67.94367801838699,50.1428542799241,0.7805203192279119,0.7221161258479378,216
32,1096,88.82047269495423,22.054725700238663,1.2164532923100955,63.32866214367494,51.45366973421295,0.7719910577380774,0.8981933496453061,208
32,1104,89.44116596983446,21.575252591143734,1.2111304656345303,62.63768964354951,51.13340248860746,0.7795681548915134,0.7259907716731941,200
32,1112,94.74806047129208,21.605392655471565,1.1981493378810617,66.22497370767422,51.766240947504535,0.7766613177196072,0.7226237732974207,192
32,1120,94.06639648236965,21.325937198919323,1.1880592254707705,69.27688496594122,52.029309479735645,0.7635726914974786,0.8756873656445171,184
32,1128,91.68358781494544,21.127932506817835,1.1818950474853946,63.30475747175548,55.625627081442374,0.7784227650108325,0.966226733869216,176
32,1136,91.13199437042232,20.455554501801917,1.1944507745562243,65.26725323584085,54.42609456689465,0.7957320212182809,0.8088900815984407,168
32,1144,94.0591494374673,21.218341265554525,1.1876991587563144,65.62530961809557,52.73731072141622,0.8038300094694414,0.5222230246156332,160
32,1152,91.8148802818265,19.81006514079483,1.1832386525326806,66.45335390067855,54.67175281052599,0.7640321634050359,0.9121772691694201,152
32,1160,96.6822232060803,20.111800468305212,1.2047911502910773,65.11351259361615,56.22284704130724,0.7888880897745569,0.8177600115207907,144
32,1168,93.93560856722603,20.2971229677399,1.19587107819098,65.36951006570571,53.69100950407662,0.7798169579381721,0.9677555864134613,136
32,1176,95.99205011443605,20.29161761743188,1.1910742832063927,63.786965322620865,52.73337798174522,0.7657412506041221,1.1654299613009538,128
32,1184,93.41022313105869,19.15637079175047,1.187521481104956,66.14551542219368,54.86466092277053,0.7806954620005004,1.2102271018211197,120
32,1192,94.42388266231703,19.348827983849862,1.1842488840653227,64.38294139235484,54.47398739996371,0.7672380458923858,1.3737799336485406,112
32,1200,96.15758277681672,20.982995919271413,1.173731597117518,66.68238184674274,57.07149826402743,0.7674777681076,1.303273115386436,104
32,1208,98.15497264699457,18.633560642752972,1.1712532175665666,64.46986156529375,53.80649536574662,0.7798017983419648,1.3512054890205387,96
32,1216,96.97924613565911,17.86005432645655,1.171414944866551,68.86729234408062,56.45286854683148,0.7841907489323264,1.296247687380346,88
32,1224,98.13489593495419,19.218735870279044,1.1680656507878895,67.64158941386997,59.39273913492014,0.7638577222450414,1.5105411100620896,80
32,1232,100.40614297223472,18.217375159564213,1.1503975168112346,70.66329699998657,56.179640216233054,0.760226716296386,1.1023672799918358,72
32,1240,99.83590306606054,17.12644592625206,1.1400375650987238,69.28330402958524,55.36612548089881,0.7614623881894426,0.845946012056723,64
32,1248,102.65636632584626,18.736568887933036,1.1522596702160182,71.16167517389243,56.9756089003347,0.742119738523461,0.9674575594016169,56
32,1256,102.70461107555874,17.532086742499853,1.1666582971547113,66.60102612102645,59.44407407424851,0.7577576181684266,1.1239568674438243,48
32,1264,104.06878601064379,18.32801892611492,1.1894861678797144,67.78061823410295,59.75421761399101,0.7519625498501487,0.8602093940022179,40
32,1272,102.24921794292814,17.303941420550675,1.2026129715143339,67.44938555821088,56.28595849616413,0.7841788711967801,0.7660314337395043,32
32,1280,102.23155208725804,17.759902829751773,1.209110775911447,70.57308043577201,58.99945864734222,0.7197544871262979,0.5246012900789689,24
32,1288,105.69536915168653,18.03404071136877,1.2146457761669949,65.59470620721311,61.56282483625492,0.7521539846668609,0.7008923137652469,16
32,1296,99.77391814357382,16.972869118521302,1.2000316531065043,66.1396140500144,62.9680686664575,0.7488718598815187,0.7630104298117601,8
32,1304,97.06204887353628,18.219150267433832,1.1923610359890622,65.799038054762,62.66467299887999,0.7560641383354535,0.5500765746333467,0
33,0,68.15219063682594,30.143360446726827,1.1894525615428897,52.55540097745942,38.495764036009795,0.8604697801693748,1.2837318237565793,664
33,8,68.42088471889497,28.266930116083625,1.1798843084452766,54.21123393407978,40.5065979289868,0.8760466966907313,1.2674336672568263,656
33,16,69.65625394066369,29.5646765656314,1.1777868656140646,57.57912124782142,45.97103260827765,0.8711673020923993,1.017480872570807,648
33,24,70.50478487557636,29.594340825691035,1.183282692045559,53.57160245266132,43.65470988076636,0.868738527242627,1.1663823950881163,640
33,32,72.32515289483196,28.90806670797402,1.1835883221707815,56.7638944554627,42.85693845154936,0.8744793572189464,0.8690875151779534,632
33,40,71.45119429946277,29.430334086968248,1.172655155516736,55.03670254848345,44.08835907830244,0.8595778720307762,1.3335448223117798,624
33,48,73.00656662642928,28.47896594619638,1.1689091450542486,57.690078087577824,47.3283570437438,0.8514809398290785,1.3911120804529724,616
33,56,74.49072461716707,29.699381103224574,1.152784358928336,52.806326636747464,47.26598194704358,0.8595874658278152,1.3060141008987904,608
33,64,75.03905886362585,29.055105892386088,1.1590207259817342,56.1095997009189,46.957291706518575,0.8690081336397063,1.2272023571130386,600
33,72,73.89933585299119,28.257715158614037,1.1632667172374953,58.7886332767176,51.630226874007676,0.8606639721523281,1.194843936067092,592
33,80,73.53825044664681,29.743173724187688,1.1542898919773317,54.574813141061426,48.526588518436725,0.8361824838717573,0.972833991537769,584
33,88,74.20949187610991,29.454322587040856,1.1538293446527583,57.69313618227099,48.269806986947,0.8670444127196492,0.9523069266460829,576
33,96,74.74721336111035,28.986825341832713,1.1545646662139555,56.69874902345894,48.82689561729332,0.8573308925366154,0.8887393629025491,568
33,104,77.22718958070422,28.979034008651354,1.1521374141916074,59.799342511560496,46.52805061491136,0.8455707757622039,0.7810851752492236,560
33,112,77.0285285883398,29.0187893295691,1.154103030277245,54.523936534320285,45.76890931482907,0.8335402053026365,0.9384482926642199,552
33,120,76.40623729430064,28.615231470910818,1.1597949149995777,58.573531608314205,42.81541706491873,0.8797027402962491,0.8085456080327695,544
33,128,75.73745526979835,29.442207046355104,1.1609667999987932,58.698821002003676,46.549926371241185,0.8746220615437118,0.8434475311767983,536
33,136,77.30829964020002,30.727174204347506,1.1488022776404878,57.87555927930368,44.58778606207275,0.85467582399641,0.8914381582667565,528
33,144,74.14461268924477,29.75444263898113,1.1456670189590834,60.73860993024677,40.30641997996292,0.8446120107998839,0.5603788825742623,520
33,152,71.44101326378774,29.19717686272315,1.1505552144223916,60.92567289458715,41.88742388520972,0.8252800044812885,0.47492635693912244,512
33,160,77.49192475566568,29.5532762929591,1.16531473588917,60.036865300279274,44.241102336368485,0.8195224789057474,0.8731062631260067,504
33,168,79.26864894490784,29.396483495751017,1.1677545679473063,57.830782429722234,41.55800163579636,0.8216800174641592,0.8284887226226818,496
33,176,75.68513059455046,28.130626113124613,1.1526916382906132,61.42052696227687,39.93760551006477,0.8321605453314052,1.0925824676637765,488
33,184,74.33446115042763,28.196462410126454,1.1495722141097926,60.90456371903888,43.09807070982328,0.812723906473771,0.5873046575961753,480
33,192,79.46671803227596,28.53956149106718,1.1343267920000153,63.54098396890927,47.2117987108705,0.855044691309451,1.2273513110947312,472
33,200,77.5835313129562,28.351903532146192,1.1258748018314986,61.69829057783782,43.19570092151012,0.8426839549917976,0.9406434518323588,464
33,208,80.71690955386042,28.44925092748374,1.1135691544276856,58.82689526081417,38.60304253330932,0.838341688508783,1.2954331331575009,456
33,216,76.14934606370619,28.033581632775032,1.1069585795912318,63.20969281646569,42.822911235918205,0.8244983800446072,1.2422278576743901,448
33,224,77.95978605550361,27.9207169974801,1.0952116737371582,60.79794927669255,44.98228645212433,0.826154820382391,1.1341659624312312,440
33,232,71.96680663932118,27.967741816191488,1.115028606306789,62.75963393693083,43.01085442200653,0.8227925684023577,1.2153914868112548,432
33,240,73.91211533823095,27.78781668074994,1.0885213322742937,67.99037362934541,45.50229536978062,0.8157254146254185,1.4475212915192919,424
33,248,74.28409822277533,27.97224497541993,1.0795451200969441,71.02753595958254,48.110279313873285,0.8012107819585059,1.3470716153582778,416
33,256,70.48644829200104,28.023658187134984,1.0825911663428027,68.57611424207226,48.37079592536833,0.8252476899785856,1.1137240249597529,408
33,264,78.28300121250635,27.847865885799866,1.0707179789479588,65.76078578172702,49.69024575356655,0.8038550053448217,1.0941592991377782,400
33,272,73.91606240967856,28.261771701183754,1.0771577844385938,68.42312375527831,53.737087792468465,0.8212454792801872,1.175914544674601,392
33,280,76.2143694949692,27.001632293645756,1.072261637998737,63.3070585605767,51.35330622595209,0.782906088469851,0.9276951315704445,384
33,288,74.09559800089535,26.48203296313355,1.0819188033824911,65.23916535694686,52.74590506111139,0.7858301489299189,1.0587812131239445,376
33,296,71.2998667467002,28.2098261835087,1.0651601605795429,67.58039407106578,54.62652336709112,0.803593395643153,0.9069615459487534,368
33,304,75.35152031558717,27.107730314027588,1.063127646641748,65.0373749885757,52.54445297599961,0.767805410249266,0.7788339409647269,360
33,312,80.82750658208944,27.120869614760785,1.0657119426748007,64.91795814419129,53.26815551423222,0.7918881165217235,0.7531610521307955,352
33,320,78.60200711148994,26.962981365351986,1.0575746850512628,63.32671533687446,54.62473319634628,0.8122273771893487,0.494915503876933,344
33,328,74.11352515412814,27.507556614746377,1.0718612613769907,67.23459967511891,52.3866772192919,0.7824769109897267,0.796506286266695,336
33,336,75.56068074792489,26.955656287377327,1.0755396923834306,66.39251475938575,51.07433635622585,0.7645299026473075,0.6981074873990596,328
33,344,77.07666596425761,25.325107243023552,1.0988926024047334,64.25862218294152,51.538650789059446,0.7562103037274928,1.008554560988737,320
33,352,76.89927075915763,24.828374655052713,1.094659154287629,64.58546549152989,48.208892859564166,0.786251147893111,0.7325123938817251,312
33,360,77.97629787260112,25.74945175806774,1.102245917807335,68.42566444266785,50.86506862727194,0.7589352404786923,0.7140097055398291,304
33,368,78.66684140346453,25.406857218233423,1.095181964338209,65.47572018527522,50.371141943742046,0.7632062133054983,0.8891105519579663,296
33,376,77.69246813108678,26.54325593581693,1.096092065480589,68.9658627329345,50.15425635523728,0.7600272721592964,0.9937172823552948,288
33,384,80.27753784473592,24.414768956093337,1.0954347287382515,68.44131118294905,50.34221154348394,0.751399409325779,1.0305644829833864,280
33,392,83.50619294964883,25.806771115413607,1.092812344814397,65.53318203976742,45.22987647190579,0.7316054555915271,1.0526972660041256,272
33,400,81.0099290537945,24.371910080342158,1.1120751582332156,67.0884819410265,47.70834854309554,0.7283303196130378,1.0523618858389914,264
33,408,84.54650520735194,24.21269849754586,1.125011006704503,70.08739400374803,45.586400742343564,0.7422036640046453,1.1838482503143695,256
33,416,77.84267782247834,24.939584403604147,1.1227532642641707,68.26336518105317,46.46743667982462,0.7520895469168546,1.2676647038543019,248
33,424,88.632811703033,24.72254829532437,1.112701716437762,69.01690742101046,46.07274252638058,0.754655402420945,1.3803967352255442,240
33,432,87.54202548252198,24.700361886216704,1.1150035072253812,70.69776885823482,40.45956701638943,0.7506065350602453,1.048343879064554,232
33,440,87.32559335963,23.78663020109044,1.1117824983734477,69.00154255189415,50.22667695433768,0.7323846262369191,1.2427854895909332,224
33,448,88.20632687666766,25.09033603487307,1.112237134386183,67.5166920173076,47.33663726179819,0.742932110521107,1.2108784747335983,216
33,456,90.68216556094373,24.726751589089293,1.0875976367260032,70.147879706977,50.95617198768934,0.7214605947948041,1.4790460055954338,208
33,464,88.95495959460291,23.9820288438381,1.100964611999716,70.02501233464199,48.47601003213032,0.7568757073227574,1.2123364281650515,200
33,472,90.86842333113995,23.829136398944474,1.1212658663581374,71.89299928776188,50.86475062522367,0.7222248054328867,1.0924024521988895,192
33,480,89.57985034366116,22.818246478379027,1.1391516455944637,71.3889497332471,48.667580463774094,0.7270115474968039,1.3781641666670694,184
33,488,90.45224143238924,23.17729504241295,1.1317617194295402,71.78598691928637,52.78118659352608,0.721204693886896,1.0556749742161307,176
33,496,93.18902868803235,23.405058475775032,1.1280116257903183,69.83592869765172,55.00920105881505,0.7279454158054868,0.8344705235576653,168
33,504,93.06098781385452,23.925393903725617,1.1221451656789592,69.07971937400485,53.709120536180514,0.716693601415567,0.6887154954757692,160
33,512,98.52543651354321,22.867397376714592,1.1248400624351365,70.79437127341959,54.48908380886969,0.738056410488727,1.0042961799625427,152
33,520,92.20139729796101,22.730243059486003,1.120018054816544,71.02164447051594,55.57557322701731,0.6984636491651172,0.8374977070614483,144
33,528,94.25279601824353,22.255398638369545,1.122106266046012,69.28931984053635,55.71645815952556,0.705440364187274,1.0446832515476658,136
33,536,95.89945536416266,22.167047657305844,1.1259659885223783,71.38784362529083,58.95235492576415,0.6976601319064921,0.7752894808352968,128
33,544,94.15772322309125,21.860098456903316,1.1221114052210486,71.75264275387059,60.79872182800897,0.7284937798587999,0.5804493546495042,120
33,552,94.07716025889307,21.769354979957864,1.1336602145191832,71.57682451387589,58.57066574401774,0.7022860877998649,1.136881122542888,112
33,560,93.68671723972066,21.48020023204017,1.1118911236341324,72.62676553153976,59.996927742441855,0.7070857313021125,0.8534508147299739,104
33,568,96.00135703548031,21.777973961783523,1.1129534177932991,71.36468876509842,58.21463635435844,0.6938376615313782,1.0742864460247719,96
33,576,95.29268733721159,22.999869942631904,1.0981820290222355,73.67773612197891,59.70373072050518,0.6924766838159393,1.0946356845277527,88
33,584,95.96952046210963,21.75604480474772,1.0799243095223936,72.31427824270936,58.589608683271805,0.6742968727362187,1.1368084313513405,80
33,592,91.87270424541617,21.221423920313125,1.0720294096918659,75.33148513492918,52.3179055703217,0.6916930552967362,1.0775529085790374,72
33,600,100.23482410521008,21.48786002283519,1.0872148910754438,77.8806431527973,54.9851721144743,0.7111907569142637,1.3151982834569735,64
33,608,96.13691446725296,21.804572012885735,1.0946884839338804,76.38715566663902,58.380666516898934,0.6794347002048886,1.0618647274137467,56
33,616,98.74953633979815,22.032402897251355,1.110514753717911,77.23359707018072,55.46339226239177,0.7082426086832091,1.3068876010190382,48
33,624,97.35329178658607,20.792771375585993,1.095780058093617,75.06230281415857,55.25139381652544,0.6902980807957935,1.407688159260092,40
33,632,97.88337542182055,21.611430949586584,1.0892095063267657,73.72728463604398,55.41624259525184,0.704181149698689,0.9973631504310326,32
33,640,98.0515721493219,21.362135362061544,1.066939408373962,77.1426053103567,52.605194472078004,0.6986808275101763,0.9923781200968211,24
33,648,94.05667938795173,20.210272702889057,1.0629978408037977,77.77034731669131,53.451212020106226,0.7112333481228454,1.025508220523392,16
33,656,99.57440376654557,19.75842509768284,1.0525343340960158,76.77253538662774,49.60592269266854,0.6819373068047548,1.04852886544564,8
33,664,98.63940164609842,20.686171048287196,1.0465117591003519,78.2841390721749,53.0136750481212,0.6986623815846196,1.1233407349793423,0
34,0,65.06376671396721,28.616632050179465,1.0555076306063553,50.69213722054334,41.928788100495375,0.8317836365903779,0.8920441151222502,1536
34,8,63.19227961342274,29.602148043096946,1.0580841061133475,52.453052818941664,46.7938359141275,0.8597262528871344,1.2014124077345731,1528
34,16,68.22760991411569,29.922500463799608,1.0597087306428103,52.85498099544374,46.85211153983417,0.8514004765554126,1.097626106634249,1520
34,24,69.80761048770995,30.301652591310795,1.0647093652091153,54.118874937597035,49.672932963638864,0.8494153614278467,1.240932841288549,1512
34,32,70.05363427263804,29.234718597564044,1.064449415525298,52.097081769933695,47.45201084672888,0.8506601907065283,1.527481788585984,1504
34,40,71.79927115184283,29.504421273236975,1.0628336371946154,53.65956850500186,46.52987155423222,0.843670582173516,1.3313701492233747,1496
34,48,72.69104951696451,29.949591276672134,1.0685448621063123,52.194953920384584,48.83191454897666,0.8572777567290149,1.5051944171497893,1488
34,56,70.31535827761807,29.487159148690598,1.0682662326156722,52.45750504175923,49.09312352265719,0.8227675351516697,1.1879260312787232,1480
34,64,69.65635079662333,30.55177339362693,1.0570691947967508,51.84576588041964,48.20573241120229,0.8556960848967785,1.258896624732881,1472
34,72,67.16837707197212,29.70527252171486,1.0681762639300838,53.843472056737845,49.24740137450989,0.8588542663863512,1.1916765713429234,1464
34,80,64.77258695107659,29.964560963425274,1.0784631735901395,50.95671206564102,49.444587460623545,0.8585216954021574,0.839677665318654,1456
34,88,67.73966584447575,29.74730403369172,1.069831395655533,53.686841260045675,52.33308264109852,0.8332918142345606,1.083271786679089,1448
34,96,67.78530213425502,30.268237261879207,1.073346869159819,53.06047071779809,48.88096375764592,0.8659127612967941,1.1026357368604554,1440
34,104,64.17195106633444,30.613213548997436,1.0682968598104088,52.194958672030864,52.62357047996518,0.8505792096350474,1.1123101006353133,1432
34,112,66.71653182039577,29.089845366010437,1.0596724430497042,53.88228687504022,47.66673966179235,0.8470273806877779,0.6430829020321169,1424
34,120,64.7866482424224,30.78444483709317,1.0455867243762476,55.61459970428038,50.30741417222076,0.8569089608767576,0.9745588356894274,1416
34,128,64.11837391890099,28.788382613317992,1.0388396043229144,54.220640733035,47.468153396499304,0.8340132707369908,0.9857520893789169,1408
34,136,62.836475509250214,29.667862644454292,1.038186506950478,54.086200082682645,47.48587145395232,0.8343432389037898,0.37338203301829226,1400
34,144,66.64978176254567,29.877069657760945,1.0506285932841128,53.62325954473715,49.654010944417074,0.8341696083675951,0.9139480288155626,1392
34,152,63.31218014476508,30.913984037231423,1.0600049629142065,53.29160353922568,43.81525747095099,0.8307699359479261,0.5961978154106301,1384
34,160,63.29482514568565,30.76512201958948,1.0439168594124364,56.04832021656996,49.138564122437636,0.8432516468173502,0.3711119949342524,1376
34,168,65.23414083063716,30.36812897082574,1.0337992271711314,53.65809239030144,45.267360258861224,0.8476381688126259,0.8381016348173032,1368
34,176,65.37092643714364,29.991643399622596,1.0192772338989553,57.91190509300194,45.79324480441758,0.813100605977636,1.0560361749169103,1360
34,184,68.1461061965805,29.307158148568334,1.0297090443297678,54.97036966834092,46.24504618819301,0.839199662325179,0.8820433849969466,1352
34,192,72.28580046428466,30.97404492956566,1.0146149600820267,54.61503968289908,47.56338946583522,0.8551176829233987,0.8721092734491093,1344
34,200,70.48722629616103,29.5197584923811,1.0187112889253087,56.86510796158456,44.217177000419646,0.8452211670693023,1.1687212870069543,1336
34,208,72.7160688867456,30.015268728560294,1.018654499003737,56.39583083043102,46.19082493692813,0.8465092534498463,0.8080323869064767,1328
34,216,74.3301801875379,29.362907610351613,1.0130552265377306,55.12451894231204,46.535391138378145,0.8327656040881952,1.2414051384413025,1320
34,224,72.30340536411575,29.53231655880215,1.026573009111764,56.44301534609043,43.567354027415966,0.831422472265094,1.0420332136734203,1312
34,232,75.26539286902772,29.261208447598214,1.0245261392183176,55.66948356033542,43.98284929891211,0.8323204345320163,1.035971434478474,1304
34,240,71.383244249571,29.489974575876403,1.0486261884021038,54.54160090467095,42.08066733917583,0.8199277956989447,1.2075445701216057,1296
34,248,70.64559914806797,28.985614665790486,1.0436408538434114,54.22093614659435,42.682699566924384,0.7981261725755519,1.1957437895837304,1288
34,256,72.77919580928305,28.614916847900666,1.0311654343043506,56.75295590296738,41.90207677949525,0.8178262526708492,1.058379219092742,1280
34,264,71.80177614702345,28.826310657183733,1.0234274596143214,55.14664961992532,42.621841608533416,0.8234458377334191,1.0861497537972233,1272
34,272,71.6015631425937,28.63126166806978,1.0247909746601296,56.03111879815687,43.54563235845623,0.8094959290552548,1.0676969004687866,1264
34,280,73.50460962874166,27.3601843172808,1.0373539650559558,60.025423196405924,42.48369838866476,0.8121999664777807,1.1807901155856861,1256
34,288,64.80509331362727,28.249361696373345,1.043420191417485,59.32494448940128,44.09239711803438,0.8160114689993788,1.3128364043068985,1248
34,296,70.57698030953512,27.42949652911503,1.0366439956821827,56.03970299242446,43.273471528214294,0.8133607297446738,0.8719017984769468,1240
34,304,64.89366013958357,28.876784547451432,1.015215328505055,55.436975070560194,45.08399306549799,0.7980319393203186,1.0097684881848283,1232
34,312,63.972498591645234,26.822811180460793,1.0132355956074806,58.052815453115166,44.821526777810774,0.8013083553074378,0.8952509919892518,1224
34,320,68.94717639695689,26.47961488831581,1.02522714806072,57.16519034668369,43.349578222944324,0.786736906949011,0.9354739090509006,1216
34,328,69.6954725565457,26.954568490384332,1.0190813310685425,57.384266504151896,43.184278616405486,0.7989033305480167,1.0853142389623402,1208
34,336,70.44679495502537,26.494520642539054,1.0074246611526094,57.425028816505225,43.62665174274464,0.8360709865589625,0.6686679486858731,1200
34,344,66.10416459704874,26.38041786631565,1.0042313189844037,59.77477960852815,46.93262878915155,0.7947283370696346,0.7334508396289406,1192
34,352,66.78777832600302,26.199940166996104,1.010356233148261,57.02519306757701,47.96965208533467,0.7969108808085519,0.8059774290050652,1184
34,360,67.78578748134998,25.94213444771261,1.0114273302083054,59.60807221145053,48.46284672671626,0.8078128290583328,0.36367417012049585,1176
34,368,70.9798290230004,26.2171958555969,1.018564139730818,60.10389555869775,45.336990899290065,0.7982883355905311,1.04126024059957,1168
34,376,72.04278222225892,26.541023704689927,1.0165687857797052,57.22846149992339,49.62122905659624,0.8095525225540793,0.867366938813484,1160
34,384,76.23964492407852,25.287454796285957,1.0062447567549628,60.48555775659702,50.497298987831236,0.790797945965262,0.8401314293043717,1152
34,392,73.62331156190484,25.74899369254112,1.0220138833230998,60.892192441548396,51.115310353427475,0.7955046993131497,1.2800446222367436,1144
34,400,75.05624063769442,26.259906395866313,1.0174974283335938,57.78672284597514,52.082885264457566,0.7884797981407818,1.2695436696055467,1136
34,408,75.66770084418411,25.26579723642229,1.0185670207650304,58.413890314468915,51.61960132595445,0.8097795292128953,1.325340788973918,1128
34,416,72.85309829079769,24.614950834565718,1.0267349858891868,57.010398862652956,50.066534170433314,0.7962587794883642,1.406456651320756,1120
34,424,79.5312138226268,26.341165069945315,1.047802379166433,59.53032615799141,51.79675019235119,0.7903106625080808,1.2407455132689866,1112
34,432,78.56568464852447,25.468836402964072,1.043025917948805,58.479182398895574,51.50496800813291,0.7736029833260073,1.3565883243073835,1104
34,440,76.3299729247503,24.60327437995529,1.0528626281662103,60.59548863328022,53.843170884263216,0.7979417021472254,1.0931974015966444,1096
34,448,71.88193931216593,24.41788889981365,1.0514449666608285,57.81898594297593,55.189352947239826,0.7612972636786436,1.3683368890141485,1088
34,456,71.40085808142295,24.89118595301181,1.0610199595376966,60.54023417791269,55.42293667098816,0.7697599074103337,0.8338543427439409,1080
34,464,73.92057940280827,24.39104863038831,1.0747542644854131,58.853141322314066,53.165946388552555,0.7522858443332942,1.1302359523350785,1072
34,472,72.09136168729603,25.02734099147553,1.0695842085357463,60.40108103607365,56.83858695135853,0.7761931733229585,1.056357410811123,1064
34,480,67.84380992914099,25.695120856802426,1.0621851089230452,61.20715529236712,56.02478133702972,0.7819827984825656,1.107549868365831,1056
34,488,70.10386039322348,26.663881950279293,1.0755014850899525,61.22281174602581,54.7773552003807,0.7811324498347691,1.0186986697796736,1048
34,496,71.85006262607453,23.836027411044,1.0796496875291453,61.69235266945236,56.66583763141816,0.775764067897514,0.7744781188152138,1040
34,504,69.8405320147669,25.460888976895514,1.086195769074283,60.47342646305564,55.097105933506995,0.760345389959613,0.8904830419290467,1032
34,512,70.89987066824044,25.525061675690868,1.0943806608070303,58.28198914279426,54.03312121312706,0.7617454542740978,0.5141306080954772,1024
34,520,74.89353881917253,24.590155314039553,1.1140696526441691,61.644527714869696,54.795434798833156,0.7902514519858488,1.0025177109001735,1016
34,528,73.13886978795136,25.474228233317636,1.1060853351228437,60.08505124818234,56.35714848294073,0.7733095179720552,0.7683051261540597,1008
34,536,75.5555933234423,26.098914089628913,1.1121197660115367,63.22928321938827,52.788931985136635,0.7323279252455274,0.6952831433866018,1000
34,544,74.09730313233145,25.53941729762904,1.1239688063652131,64.17561171619332,53.65842442962512,0.7484853657512466,0.815498519163415,992
34,552,74.98197827392042,24.88999216493534,1.1235168658195762,61.25849283719584,50.0204863864134,0.7385295985933359,0.5715076299524986,984
34,560,73.9916061449245,25.768930878050575,1.1413969364649894,60.64326524216961,46.74532001308507,0.7535579936015866,0.6267245764972408,976
34,568,76.68969889228646,26.073767480830366,1.1341420437311305,63.08019775928048,53.584827211632465,0.7553783173250834,0.7288553393683811,968
34,576,79.58886837263745,26.644137451746534,1.1268597357013752,60.76057706976454,48.38228595780208,0.7814129326323158,1.0396892874489825,960
34,584,80.78959657275665,25.928390007329366,1.111929103769756,63.769879373608475,48.53169262266441,0.7843871179658357,1.0862901494492212,952
34,592,78.9474608853954,25.951928179304094,1.1113579014160355,60.022327606332475,48.21373141180257,0.7559843239259199,1.0696142409864686,944
34,600,79.06441002746837,25.872411021305513,1.1240046037153741,61.32953715276719,49.431756466350905,0.7591112254756568,1.3210579771950202,936
34,608,79.21709203960575,25.312428948439646,1.1341324032501297,61.62843136784077,48.80917311844947,0.7940671004351635,1.2025310904510784,928
34,616,77.69917592129872,26.060599394945463,1.1256676257963116,60.657973073698344,47.376006154461685,0.7675289609757198,1.4280410623744952,920
34,624,80.8100296432776,25.398968605472135,1.1267966569214534,63.00994797031278,45.52145924177578,0.7733462207482421,1.2189754293574093,912
34,632,77.61739988101998,26.8362421533904,1.1298468966999147,62.97199806642512,47.43516696498859,0.7565235546748124,1.161406115361143,904
34,640,77.0412155866099,26.045035368158086,1.128707342182255,62.70373935428087,48.1969296969611,0.7686652747486938,1.4659658667219388,896
34,648,76.2194156826711,25.235805391081712,1.1319319831261925,64.65228438654663,44.884199404785704,0.7950840383720458,1.2352670821701794,888
34,656,74.04584168325775,26.12562329295951,1.1147255415011559,60.942968802222346,44.54176887571226,0.7480700758997958,0.984537322096592,880
34,664,76.16480067310171,26.459800859559376,1.1016125679058695,58.78842557156705,46.59346090993739,0.7499165877963135,1.0857148431781614,872
34,672,73.39180896596785,26.192602710638802,1.096933719490223,61.82499749642928,44.76657176805115,0.7737736705315492,0.9529120292063952,864
34,680,76.3640944968115,25.843275697679847,1.085982814515273,64.4279990758714,47.5963722699378,0.7456844377045694,0.9521912518996701,856
34,688,75.53567580935247,26.84138744415272,1.0962395640433018,63.21151682421938,48.682184402770154,0.7643193731454264,0.8639354557201279,848
34,696,70.14168221995253,27.154362806772504,1.1021094136095775,62.12453460170652,44.861666865935796,0.7656326242343344,0.7696407982661926,840
34,704,73.245434317897,27.057799179363716,1.0964877798208967,68.38238046390076,48.431964208229644,0.7639685234361188,0.49672056754148197,832
34,712,76.06260051872616,26.364937513431283,1.089578465426486,61.810072283240416,49.472146739844476,0.7468129567080588,1.0695798154379808,824
34,720,75.01637752387755,26.396515987497303,1.0797303906653941,65.24021170640752,47.083012326462566,0.7487138817824263,0.660390812696753,816
34,728,77.37450268633461,27.462165813202304,1.0839298696771724,62.22457191363481,48.70466086350197,0.7497695493242011,0.5574072364283197,808
34,736,78.13596556653556,26.52325445619266,1.0799527254439973,61.78165050137248,50.76547559192483,0.7588264733178153,0.4950662097952493,800
34,744,81.58547593820904,25.647592598595104,1.0892124063618396,63.88558347180921,53.493766636896886,0.7382871023992967,0.9547879666933804,792
34,752,79.9138626680411,27.425141125106165,1.0683236609976503,64.40586937357268,51.55212794586848,0.7513007751833457,1.0063636313656232,784
34,760,81.23699388830656,26.75514245692346,1.0650414426639994,62.799058209421,53.27039160691966,0.7560129752953685,1.0700691076633893,776
34,768,82.55812441820662,26.387602449828893,1.077922874786446,64.31650682073116,55.87391911300079,0.7716863910484154,1.1825794090592596,768
34,776,82.43722698816651,25.670241602499285,1.0764670572487849,65.36865355763827,55.05903537377862,0.7279047290779725,1.0139402704386131,760
34,784,82.95514081108354,25.591813736563843,1.0797580500425592,62.6030875057262,51.969672377487136,0.7251690711015119,1.21609220644459,752
34,792,87.96754869007538,26.173636842282285,1.1002101859637712,65.65188160270024,54.20683839110464,0.7531444704133414,1.1142465411869928,744
34,800,84.29202157113681,26.832900994890064,1.1027608866246037,63.746638876720745,54.77360067555587,0.7596304141218232,1.1493595371212308,736
34,808,83.38696726657952,26.498761839746166,1.1143303386908816,65.76332000612793,56.20907253492846,0.7425937434383196,1.4208782209564161,728
34,816,84.09484150353428,25.399232897270526,1.1135890319338988,61.64611440434877,55.698982871486976,0.7484347768886144,1.3613465629606782,720
34,824,77.76747121051856,25.15816336818176,1.1071398918087552,65.90891831732918,59.736804018412705,0.7340760452853706,1.2517444116145902,712
34,832,82.45880569823409,25.906950364876423,1.0860758318682544,65.86305195469683,57.61879229505853,0.7400013982869779,1.1125000448568394,704
34,840,82.74245935516585,25.25764045019404,1.0773060506706373,65.03726611460853,61.333352193878234,0.7403359200883125,1.623660151202018,696
34,848,81.41885511484614,25.62991545390554,1.077457292590785,67.85212113233453,56.07911441158797,0.7340624051634385,0.9049846590106095,688
34,856,78.3052145863017,24.67636312088845,1.0821291865426546,66.0051467567796,55.43321907966134,0.7091994042451611,0.9298563470700175,680
34,864,81.56776048765597,26.667869940733837,1.1025146603528113,66.32706542836888,60.08060545452484,0.7347306193725176,0.9728895707138328,672
34,872,80.12028006216939,25.01431042229435,1.1158984859943792,62.63890337372641,58.44426539569524,0.734444133482748,0.9677303458682119,664
34,880,78.2806026852354,24.448977819796056,1.107984178881067,67.76431740344302,59.39648916248681,0.7210127886306746,0.6469177392322948,656
34,888,82.36125661077678,24.802506445351394,1.0855279383244334,68.00947003919897,57.57737126014506,0.7758484398545884,0.8876650538958603,648
34,896,79.24566053313144,25.569546423243057,1.0918357092556163,65.7068994508984,54.46117771858924,0.7486587958548948,0.8667948676440907,640
34,904,85.36298678598108,24.48690494481002,1.0858482201254256,64.91972596586804,56.41140068802758,0.759013564308705,0.8121097092866668,632
34,912,81.54904816434906,25.734785973939125,1.082026387624375,68.21269934754554,59.58717665089643,0.7204125051303636,0.7274935749158322,624
34,920,89.39326233041362,24.637078047245414,1.0871856577223409,67.51773896689714,53.264305070021216,0.7471496404079121,0.8003096728719918,616
34,928,86.53869774199327,23.86691478832354,1.080293956482883,67.92225912162905,54.33460756048296,0.7273658531663392,0.8498883182399186,608
34,936,83.92026979933088,23.65352836541286,1.0956374744760762,65.76153443494552,54.149954284547675,0.6934311581398163,0.6955930858405558,600
34,944,85.84840620644806,24.115739389762403,1.0947892836404247,68.56232991709543,56.11595008706573,0.7069619755092044,0.7721464342854083,592
34,952,87.84003810746006,23.492736194398635,1.0721664712921577,68.26138863193415,51.50233539115818,0.7417818882057573,0.773521993066001,584
34,960,87.467646266703,22.732805970262593,1.063706689226023,68.41710911489201,58.08531340030691,0.6597480556870506,0.9720335779643997,576
34,968,90.46481943076066,23.392533306251053,1.0772258318087746,66.46196578296588,55.013341853452346,0.7353526945432205,0.8912118471859237,568
34,976,87.78336379743855,22.30576596463254,1.0677468257307663,67.34485519217229,52.70527955448089,0.693988198610443,1.561488646247831,560
34,984,89.49391243288801,23.738618326589677,1.069638299060609,70.73711427126747,53.722300510514515,0.7211806324594653,1.1108174299103877,552
34,992,87.65148559832645,22.345359064360572,1.063196312606196,70.5111562931342,52.87931732162051,0.7253302596418522,1.1055717143554915,544
34,1000,92.45350503825513,22.419871496655478,1.0698387191338519,68.63842776765941,51.98322475432089,0.6803497965141456,1.1705958731937236,536
34,1008,81.6681214904776,23.487195356092254,1.072004124975426,69.34414917308153,50.90895320197629,0.6942731081363674,1.0343287354634025,528
34,1016,85.77397925024417,23.318267055875005,1.0696785045457606,67.4197866670858,50.74267579201353,0.7034484177515437,1.3918924175652394,520
34,1024,83.94980901491768,22.037636785558345,1.064917392517981,68.73244360236784,51.758475185642666,0.6791126026535188,1.4565345358800177,512
34,1032,83.70571864464229,21.782729445050904,1.068857844352802,67.68651138746793,51.20715651823573,0.7189861526996465,1.2308939264163432,504
34,1040,86.64112108871575,22.0019894076204,1.074865134552706,69.87458458198977,50.745109032560656,0.6869847223169718,0.861980929716115,496
34,1048,86.90423872355014,21.679798288398814,1.0765541615149261,70.06497354790955,50.65575687498816,0.7164277886367526,1.1311381564266618,488
34,1056,82.58786754101583,22.246111016393225,1.0872762860144218,65.81049253279012,52.42809676565398,0.6665556014860208,0.8413134508786481,480
34,1064,84.12799001777906,21.490813171422428,1.0892870098491754,67.74085701634625,50.863882981779405,0.7093027322494485,0.9011392047790459,472
34,1072,87.17527610998117,22.139559660011034,1.091379265895472,70.90624886966717,51.4757826263914,0.7033869209002304,0.7569498886902899,464
34,1080,87.78228757301864,23.5607867762913,1.097424526234912,68.57035615257,51.66390488987253,0.68759798894054,0.8896327484963853,456
34,1088,90.2499649219676,22.593334789186976,1.100839659687924,69.368263348272,52.17655831480385,0.7042861415598491,1.0168442663858943,448
34,1096,86.91745203978097,22.12131074263521,1.1037973922388788,73.12734190967659,53.67824209339198,0.6791029979523895,0.6520372373180914,440
34,1104,91.85294643749613,22.91521564542856,1.1019930789514865,69.55291434267431,54.93234753067449,0.6890416445328177,0.7599117199695737,432
34,1112,88.52667831337756,21.82569583673065,1.1151064192206877,70.76822959907305,58.42407569134783,0.6817114833498562,0.8063490431391485,424
34,1120,89.83762686937655,21.86315002137966,1.109630691177553,69.56855873729278,56.14339365169402,0.7001441979016227,0.5163548757523566,416
34,1128,90.01188203887618,22.56553035291968,1.1195021610139666,68.2185106493069,55.229121546784214,0.6888950129115087,0.5512668998176633,408
34,1136,90.32797818711093,22.99792050805338,1.1109155482674171,68.98324354217212,57.91914684625947,0.679629547069932,0.8636526762206271,400
34,1144,92.79933053380807,22.159565964445704,1.1115449908849793,70.58353358501762,58.68381279236505,0.7162988832334423,1.1393186124227204,392
34,1152,93.91181231819013,21.353052119730336,1.1071694236188603,71.55491696359898,63.13947630562442,0.6846801016180641,0.8634592200798253,384
34,1160,94.66676258829571,21.826804005409684,1.1080733705292896,67.64274468197007,60.225284634870626,0.6733915663814428,1.0540549636481382,376
34,1168,93.04929837530005,22.074972230312873,1.1158315275394795,69.96616222907663,60.37079945580512,0.6680339981654677,1.4306821989587215,368
34,1176,92.5272633146544,22.944767800282296,1.1149919635429455,71.02242534783545,60.63372413639382,0.6718941732535435,1.3108337813438777,360
34,1184,91.07546906775454,21.99575975810459,1.106633696619542,68.8878917077669,61.78424697198834,0.6707959924502485,1.2887760595089768,352
34,1192,92.23655762158177,22.14997591247924,1.1094031653008891,70.51654043124933,61.43859727394303,0.6578939306949739,1.3174442939648323,344
34,1200,89.87635770635886,22.23057671732322,1.1203493131656042,70.9157928221968,59.32242318906758,0.6697734445416702,1.2753305164839652,336
34,1208,92.79108248971308,22.63641081518328,1.112613638366843,70.95187067169067,65.33999107247088,0.6536614260256085,1.2113011978093244,328
34,1216,91.69485491676971,23.088570870151802,1.1180161394168255,72.14621074284094,66.07950075863992,0.6778455481588296,1.3206884039810372,320
34,1224,90.25331682869174,23.132911422457607,1.08432885423727,71.92425008590828,61.848212206856836,0.6708923469284824,1.2647159751899602,312
34,1232,88.78636238351707,22.35153687162542,1.068755283854797,73.58661175943415,63.496647473701486,0.6753107258405472,1.1702039265103774,304
34,1240,88.94068002105125,22.603335862991155,1.068874074702334,73.19121780403192,61.21612390766533,0.6483982153733998,1.053209398494209,296
34,1248,86.81336339120136,22.86206818481073,1.0812602869792274,70.84445687013545,62.032137653251894,0.640823813662776,1.035679249022211,288
34,1256,90.52963231271491,22.745654418414276,1.0934616055141664,73.23891150607366,62.28468492355588,0.6683998399838769,1.0406205674682216,280
34,1264,86.01283006406267,22.406711436481878,1.0955999035122796,74.89929053652973,63.066997666454164,0.6881156759203797,0.64427611127391,272
34,1272,91.56687360350193,23.586000325741587,1.1085767526720245,72.34529618642031,60.670556613388065,0.690171349447892,0.7667171410399218,264
34,1280,94.52524316660802,23.153303619817034,1.1183270896336972,71.59802375103096,62.75529776791614,0.6613714961908085,0.649433589585777,256
34,1288,94.41191393090945,24.460977649758764,1.1361313592048574,72.11097121495867,62.17767579975169,0.6510243388179757,0.5067589092660973,248
34,1296,96.96203822233151,23.67944287977788,1.116513914862562,73.46783906998176,61.577792285841426,0.6767924900230654,0.7276556445251433,240
34,1304,93.0345246229657,23.395164965771382,1.1137246725169652,74.56625256586533,59.50702830820304,0.6714413179423031,0.7910219538067906,232
34,1312,100.75493619805111,23.264168927086686,1.125406930025829,74.87908059640618,57.967783172196505,0.6458498321945754,0.8102100050177095,224
34,1320,97.40969848707607,23.43021792571165,1.1265871178329652,71.84515063401324,59.04705767796951,0.66340266945399,0.5479998276054505,216
34,1328,100.00621222718435,23.210859072126222,1.1316186537319617,73.27328600415737,58.817091163361226,0.6595783625684978,0.800643356064173,208
34,1336,97.86406842938935,23.36377661758124,1.1114905320427186,73.42627551303222,58.288712746762755,0.6380595035472438,1.475890682402234,200
34,1344,100.15429530905398,23.834944435499388,1.1093982862199125,72.87882408073474,56.889309147348264,0.6793537562385119,0.8223334086289891,192
34,1352,97.49824361267278,23.16164151001131,1.1057756446714275,76.01056227750148,56.88207333921263,0.6503606443215904,1.3489212531615595,184
34,1360,95.15315722205835,23.3857476895513,1.1011060476922292,75.0275435508415,59.7060424437466,0.6742083885109672,0.8958856831335417,176
34,1368,98.61120321110432,23.993827656066344,1.1017026034647397,72.74101119818238,56.58260630032065,0.6622972215979945,1.1541666543525793,168
34,1376,97.70336943701119,23.409879502263813,1.0956666531211634,76.68386022760716,56.60608873505146,0.6346512580546514,1.3826860291488363,160
34,1384,97.92255368920661,22.363996088466585,1.0927052261604309,74.04151435779589,56.19827542119027,0.6481896472199096,1.4845720070332864,152
34,1392,94.52122649812293,23.24471620966555,1.0829907569813233,76.21291899182621,54.98946044217068,0.6484823376427119,1.5087256229907626,144
34,1400,95.46634306974913,23.66693587656085,1.0674642336069537,75.57528675163367,54.50844513752766,0.6495207846327421,1.2015112806272963,136
34,1408,94.22953226281541,24.385771039507944,1.0790409702653747,76.15777414952916,52.93428224916153,0.6362137199702103,1.380701483991533,128
34,1416,93.97908296301894,22.898449320505225,1.0734854348764993,73.92949840049744,56.001818413893794,0.6681641336653654,1.179340869332746,120
34,1424,91.07815484176643,22.83792585022654,1.0712599794317283,77.87347777032289,54.00673289592575,0.6686870189420753,1.202970038427891,112
34,1432,92.88579417738032,22.700741926173315,1.0549487303292113,73.41049840896206,55.42784246374406,0.6493383294187858,1.103048103095833,104
34,1440,91.59172540722349,22.44746772075651,1.047425517740715,74.15268261306929,54.32884254934846,0.6836425410164773,0.9571269982497367,96
34,1448,95.71022851744236,22.90035033885541,1.0594212673050092,76.62106962384445,54.7006840081578,0.6465218474129986,0.8424493221515558,88
34,1456,97.01707586102677,22.82536390080647,1.05905387784444,74.95352494752781,55.40226915763761,0.6357952506907927,0.9306926337006234,80
34,1464,98.63858361879404,22.18748016494026,1.0595279016166046,74.3291343479437,58.45955761019714,0.672695218267715,0.9398720807150184,72
34,1472,99.01459129524201,22.898876442245495,1.0654787784342166,74.89475486743834,60.488552516961846,0.6603756917976927,0.6418744693296085,64
34,1480,101.85583723904554,21.596498052706146,1.0640649629170407,78.06711236397533,56.43082248956043,0.6328553088321551,0.6896106815848689,56
34,1488,101.26268982383795,20.689924704832947,1.0628951005632925,75.45054401784361,58.55128464985332,0.6243860995907133,1.0239743496756284,48
34,1496,103.86280219645715,21.187385259420306,1.0623980127520596,74.88330855167048,56.23970224274553,0.6260556424852505,0.5682793376265307,40
34,1504,105.36625135100392,19.35358361522563,1.0834656447570588,77.59374566419024,61.07903228640718,0.6533392359143853,0.8744706689587548,32
34,1512,104.12418242408967,21.357389103764685,1.0885768350247138,75.7947431502423,64.3509786819668,0.6215123379339645,0.7003126430326599,24
34,1520,106.55915798788006,21.47166907177119,1.0936706951701969,76.98821912220811,61.37451542653083,0.634170517778636,0.9705375977035295,16
34,1528,106.58700735770354,21.095828581487215,1.0772284788423854,75.64709222234028,64.06878940866032,0.6248104909833765,0.8216201801439942,8
34,1536,104.08060351691933,20.495056037602104,1.0911772460749123,77.79312679026378,64.72361909107421,0.637643687444256,1.0442090207288357,0
35,0,67.69888409071667,29.74375406456051,1.0008876437350605,51.056094718976794,44.6035607809555,0.84983623260295,1.0826966235441062,1088
35,8,69.0680360605096,30.159998883380183,1.0032344120146912,53.21142857212652,45.41668247842684,0.8492946264459444,0.9520121136537957,1080
35,16,64.59265591653813,31.228302446171554,1.0002701438954635,49.91183349138642,46.05217661685981,0.8320476346498671,0.9533966151863177,1072
35,24,66.9878437978651,31.466039256294653,0.9938689463032924,53.043827359289764,44.00463740764646,0.8458903699094774,1.4075252000174643,1064
35,32,69.87929657452973,30.818377086785013,0.9879098464561291,53.08336349128841,43.90296921581258,0.8533939335405628,1.2031037469260641,1056
35,40,70.36384605881666,30.604736507788655,0.995552024008068,50.145632699965766,46.7309648228939,0.8520638940243923,1.1141089517798448,1048
35,48,69.87497283530065,29.558327899710417,1.0053663247466684,50.075861394879524,46.15465048300169,0.8347725445640739,1.240985122670779,1040
35,56,69.88183352712882,30.45900391457472,0.9964934245521002,53.86754227828173,51.31058916854688,0.8580255179437171,1.3671015634296135,1032
35,64,71.23710359109946,31.314264263537027,1.004537908120457,55.04222331057483,50.396021064850665,0.8789306780837951,1.1871019825281823,1024
35,72,69.86230161352967,30.184991050162612,0.9901271494905485,51.82933815369086,48.955914588866996,0.8685838924017191,1.2688527202289333,1016
35,80,64.77351461949024,29.362225959025935,0.9969190419090288,51.70687717485563,48.23132631118336,0.8706641506873042,1.0531467664581038,1008
35,88,67.02960255110067,31.398163746338323,0.9877254816171097,52.69069600542495,50.43159556943305,0.8482391360541625,1.2605105178954554,1000
35,96,66.71891215303243,30.51594067674598,0.9843829159304753,54.62624579535589,49.07908041598248,0.8596757177742351,1.0426606397212257,992
35,104,70.9825392107223,30.21990542203331,0.975147306571495,53.73512591559695,45.33606286295166,0.8468497944053306,1.2604076086051255,984
35,112,70.01756570827109,31.204186574578156,0.9843699613958826,53.83153074277272,48.659311310677886,0.8522908200827168,0.7411560474799996,976
35,120,72.4228187799237,29.66711523376436,0.9883250291938623,52.21390284690571,52.02000677460149,0.8537176644204393,1.0212378391989232,968
35,128,71.0202789717918,30.77748095359732,1.0028419168091498,53.32303906030537,48.534781191461214,0.8589391431268961,0.7009927419561109,960
35,136,72.61079936240326,30.243314903264185,0.996683075928565,54.0894734533576,49.33342189356748,0.8369444615445143,0.5501977158817241,952
35,144,72.41935448928429,30.44856011224916,0.9976513567438879,53.20069615249337,46.582506812573314,0.8571268773700353,0.37535335442586887,944
35,152,70.94684221211342,31.165169620549534,0.9994467726500401,55.100464538074085,47.26260649304726,0.8449641108877761,0.6393644346699946,936
35,160,71.7899150706408,29.62529820401704,1.0018941092508047,51.8237396414956,47.09110258104529,0.838415949345513,0.9239904152936619,928
35,168,70.15593075943437,29.5373028598123,0.9867276554352024,53.8337050594106,46.761458705184246,0.8553063768538725,0.9418064977445129,920
35,176,66.90195249741645,31.665132686160675,0.9985426972350671,55.819501336379204,47.27475831013306,0.8631795933918917,0.8862418066713025,912
35,184,71.63360432840454,30.123852844258057,0.9881579599505782,55.74207050629134,46.69189764272656,0.8212294660193007,0.8332874274337453,904
35,192,71.24391226823002,29.241195848881134,0.9874535003057564,55.94948293499567,47.81324451472479,0.8458982152247954,1.07136568476832,896
35,200,68.38244650846664,30.04463114060936,0.993343465888726,53.6754645315315,45.3044018550812,0.8456722934876896,0.7250206034764645,888
35,208,70.73425323887356,29.31683170017168,1.008787865045531,55.22282537003044,43.9257178182681,0.8522717061140178,1.45581275098352,880
35,216,70.25651692341958,29.10920220646192,1.0090299503823281,57.70820469121216,45.59809770607583,0.8412706221160589,1.405154933511739,872
35,224,67.83899526555207,30.021334991421945,1.0133946308776516,54.28734652318129,44.52890445207888,0.8522036703451592,1.4200254658940281,864
35,232,68.83156592197494,28.916674477116885,1.022054951328199,54.45708181657506,40.578006920653245,0.848917983569359,1.551208126439197,856
35,240,66.17907181713046,28.72972069140502,1.0196029843298384,56.10409085498445,42.76983862447613,0.8172644814573977,1.223610782935352,848
35,248,71.6839081348673,28.155611395709364,1.0053001111507693,51.519780911552914,43.91776320855553,0.8740007699512746,1.082885547597774,840
35,256,70.84909040806947,29.2739499740601,1.0118841633697067,54.00642620286705,44.08111965248789,0.8471945798259966,1.1397672483566206,832
35,264,66.3909718251682,27.91050133734254,1.0016525446966837,53.70157710700468,42.39110910084163,0.8542585486370269,1.1018152772632983,824
35,272,67.47414887992494,26.075752840806455,1.0020344139748185,56.763303334799296,42.92359990450728,0.825557739997984,1.04481149965923,816
35,280,70.26104781536459,27.551441450028626,1.0090998339482673,55.77157977917547,41.650913634669145,0.8352526812630036,1.0763536912330929,808
35,288,65.31432422648813,27.775235196996096,1.0134253453416247,55.75147041714615,41.78833719822521,0.813455012462973,1.0474686328228264,800
35,296,69.73997049096262,26.856205614627566,1.0232706657264843,54.975554028761,41.36068039655531,0.8341465811570334,0.8268445668510519,792
35,304,69.86917759551075,26.636984197557382,1.0074903471356063,56.36786624972793,43.13981867637254,0.805405294824908,0.7170183506474428,784
35,312,67.75812579928433,26.982784365107914,1.0043334050104833,56.46193517745041,39.05856788108011,0.8049776915419891,0.7313657958603951,776
35,320,69.3888483040973,27.761223244205496,0.9824714098439734,57.87735723783719,40.630460272130925,0.8407458716860998,0.6865877279918499,768
35,328,68.1232797719575,26.649456930722135,0.9812510677332471,55.30008452205995,40.65588595157655,0.8265314788972086,0.43157877582771853,760
35,336,67.36104500103275,26.139156090927766,0.9906493375282838,53.78794939268037,44.6636871901963,0.7937849678395916,0.6783005405642449,752
35,344,68.58127431468878,27.57495440043748,0.9821612699885632,55.53694027926286,43.13559700676389,0.8274464520254234,0.7467853125191932,744
35,352,68.83470535789839,27.504371571461387,0.9748942140276566,56.96358826352334,43.96265905330134,0.8112590884413619,0.7245642484724575,736
35,360,70.6365509120587,25.789633223866435,0.9797699078601159,55.48562476703223,42.79596901580435,0.8015788549285827,0.7347924243732878,728
35,368,69.01984744280414,27.121658539904075,0.967731985061188,54.89713833396937,45.40922714979707,0.8136906703205711,0.7439915698672355,720
35,376,67.550548083322,26.403696106367075,0.9760826150199067,56.58109826342114,44.38288009343283,0.8152737759644704,0.9150750549050113,712
35,384,69.7984990437132,26.610261511920587,0.9685345304879451,58.03760146546602,49.26448959717565,0.8200626715876841,0.9500672081077083,704
35,392,62.74994319664627,26.14750624527051,0.9683882736688186,56.122372195154874,49.12464553002736,0.783388077866193,1.1778714982632066,696
35,400,65.05132324851,26.518197981064404,0.9756234792915991,56.21299108704615,47.849929718390406,0.7960856700760196,0.9465258771289309,688
35,408,68.82858732212509,25.956886691307613,0.9737785826976967,56.84172024618608,48.794509641775164,0.8199507491043367,1.172235112318547,680
35,416,71.54996794591628,26.51115385078173,0.9679746443565369,56.56036836851551,47.60518825342232,0.812427187642071,1.3237099656426936,672
35,424,68.31077780676185,26.63988970993514,0.9601571775578048,57.38799934201992,50.04429104763872,0.7588416158928367,1.3063921979627746,664
35,432,71.18851492389187,26.54765395013389,0.9456028460065692,55.210457309754304,49.41557226708141,0.7933345690680794,1.435314459141369,656
35,440,71.54112897790812,26.475296355674686,0.9430859215945697,55.808599397878474,50.463557183913835,0.7837394860281743,1.0791152636248649,648
35,448,68.11797813248302,26.575843809317146,0.9456792806242192,56.618043023774554,51.522590865717504,0.8026285616405076,1.2199935174096779,640
35,456,70.56346720072118,27.722190643494677,0.9760873050285148,56.09952839653585,55.114117095682914,0.7998051189045917,1.500040010417624,632
35,464,69.28200585716486,27.263635245010178,0.9725025913529006,55.631277567678374,52.95330776419077,0.7870900678147276,1.0497241006672313,624
35,472,70.88526319051115,27.58579477281379,0.9672795547256012,58.486592787825806,51.980769525632866,0.8026516161767532,0.9832013300487763,616
35,480,68.4410395291898,28.264723202616295,0.9514417664878455,58.825219190887324,51.547730765070945,0.780233175275314,1.0960629212628468,608
35,488,73.19391107583745,28.751118415737928,0.9465352456630753,58.05858451625707,50.68281785972522,0.7945801574510685,0.9865476819859376,600
35,496,72.63886911385956,27.634662321588575,0.9414766724692614,59.86139990989757,55.41149479736941,0.7973632591126703,0.6168734903334008,592
35,504,72.81108488757103,27.98387273816251,0.9306228476214903,59.017904663135994,53.27930475339485,0.7862845313664749,0.6477344630762663,584
35,512,75.2273389940557,27.609017490350045,0.9313977179598903,58.884445832047994,53.224628222220424,0.7931851499822354,1.059715157818967,576
35,520,70.66599286002437,27.932856529289985,0.9369731943814876,57.08856659790378,51.344432607595344,0.7959723706274582,0.6623384676324435,568
35,528,72.18093406459067,29.06263095710532,0.9261030504698022,59.094254089375774,57.00932369266135,0.8050184490752517,0.6614626046980959,560
35,536,78.24657327271532,28.840343388279415,0.917700099464085,59.31122821938673,53.4474574200708,0.796788824808134,0.6217639103743422,552
35,544,77.5478739913769,28.114188624345747,0.9221050663076344,57.68594035810378,52.698917678847025,0.7650351936556509,0.7097429663466103,544
35,552,79.4489352384116,27.38831761611749,0.9334933077075079,60.032754491885,51.66603318683246,0.7986047766665223,0.8216067670609906,536
35,560,76.86144775467572,29.040541766571845,0.9465541394695128,58.486713728854205,50.657176415297286,0.7628689216007041,0.8608384300084412,528
35,568,75.18677714309696,28.844285702645674,0.9412572786786102,58.83126710934344,51.29978706223071,0.7760821377924544,1.1151397740331497,520
35,576,78.65656753066044,28.653150006789527,0.9466211005411912,56.84938174140718,46.54639265888014,0.7704936055024973,1.1486476675643529,512
35,584,77.63923293606253,27.638753732890986,0.9408999384109376,58.78415531234417,51.069204564822854,0.7843687866105354,0.8874938437571099,504
35,592,76.19835861901277,28.89493933396908,0.9494432784574568,59.20086892738295,48.66809434546063,0.7733961182076271,1.2429801574571424,496
35,600,78.2984369866269,28.145332397430185,0.9414400229063842,60.95680809028903,47.69845115539633,0.7491331146587495,1.336272936874099,488
35,608,79.08678853292113,29.041904485718476,0.939808519451231,62.17515859031063,48.75647802025038,0.7934238617314553,0.9042862310037221,480
35,616,80.30037061471373,27.897759174050137,0.9346317829019792,62.260752466895006,45.37590471819865,0.7975489797593573,1.1123082806236884,472
35,624,83.42200743167727,28.00024573220084,0.9302242239707744,60.85575481961991,46.79263051885643,0.7829672873182457,1.3276617833826292,464
35,632,83.64606623983168,28.448908845780274,0.9367233151401801,58.945569744071776,47.162917554903125,0.7866924122602456,1.2183911775288656,456
35,640,78.01792445455378,27.922273702410443,0.9253838658192924,62.503951598249714,48.19927027983318,0.7691383955325916,1.0815107623986653,448
35,648,81.79280311363576,27.992791787414962,0.921878303632501,59.645883737907006,45.65034608739327,0.7579182560033253,1.2054210177498188,440
35,656,83.16086319866082,29.222885341942373,0.9257704535738956,58.1754644378331,44.36506249192028,0.7744088639362298,0.9752072015336398,432
35,664,82.21233530287131,28.56160003590371,0.9301165788960793,62.348963293688705,44.665398197461776,0.7546744397915228,0.90770081459089,424
35,672,78.32685868862605,27.022507692269564,0.9417923531214748,57.04210440261637,46.444270024581435,0.7791414746624239,0.8391116570334698,416
35,680,82.54733174573558,27.94759319202083,0.9541817207310016,60.71394256627491,45.874982911205194,0.7688681956317482,0.8281452629972101,408
35,688,77.53721246780111,26.317086130138442,0.952075290303905,62.11861726019368,43.84222078805645,0.7629364119973863,0.8828236170157285,400
35,696,81.81088981424149,27.676312802068615,0.9612243659224204,60.563633761690085,45.990597772208524,0.7681861948840963,0.9509753976108313,392
35,704,79.77895627835541,26.187349731199028,0.9505829400276005,60.259614970477735,44.69654248928048,0.7761448876399796,0.6438238806919889,384
35,712,77.21500793683887,26.563231959397456,0.9752970305362454,60.10615059485589,48.52300917176333,0.7561253715968145,0.647039888075553,376
35,720,82.56762552980757,26.25949411143495,0.9835806239761861,63.389900805826734,46.50331300858257,0.7991935092066162,0.6692644473664996,368
35,728,78.65916587566353,25.831390353083563,0.9858999345067064,62.91259820146225,47.45096883214847,0.7860188640337978,0.7095515159964916,360
35,736,82.14585153139564,26.312864233350737,0.9799726141500849,62.87612429373714,48.336939430852624,0.7552266300952039,0.6450757519673401,352
35,744,79.24959998047305,26.03769009178695,0.9796111376130073,62.57701124397929,50.81366374766877,0.7655971091091689,0.6093469561124156,344
35,752,82.52634408725976,25.556965562423706,0.994395521103591,60.36375078037921,46.88061145418193,0.7736448912539613,0.790792676376459,336
35,760,76.51638125225682,25.856662391021352,0.990705060481603,63.085932146400566,47.517061503826724,0.7637859510106799,0.9875834894553871,328
35,768,77.55367193454796,26.12432390668483,0.9735876990545821,69.2324200460769,47.934735996270646,0.7692955329628672,0.8707787150872696,320
35,776,82.77593155326495,25.35502497189591,0.9911974831119534,66.80881117098431,51.86063672118554,0.7840905795368139,0.983506058888069,312
35,784,81.98514234520916,24.042719005260857,0.975450421548353,67.80501820041289,48.938581463920166,0.7767264432666172,1.251258365376376,304
35,792,77.54986026772579,24.885608091205846,0.9693079135601861,65.88619487995139,52.983677782490034,0.7733012460605985,1.4283989608656096,296
35,800,77.68945511510198,23.573700089847875,0.9545553550759388,62.50056063329063,49.00465702595578,0.7834045959201904,1.1669230976258835,288
35,808,76.37100132213588,24.02007627986953,0.9664080968678642,62.6418427411981,49.991012188724454,0.7731317455121216,1.2815261078392317,280
35,816,77.00296758113663,24.592174180153666,0.9776613707738873,61.60892238753836,52.923602424197085,0.777591471041055,1.1511077920803907,272
35,824,75.10969460751912,25.796083537978348,0.9834705725097871,64.06192336432473,55.96126265083219,0.765904700443438,1.2449833307960878,264
35,832,74.54998774270089,24.399265690999435,0.9976301369335172,61.345812046616686,53.858210973653875,0.7571768369751217,1.0932126372927853,256
35,840,78.15050327743745,24.823216665698467,0.9945762550457331,62.9405412716384,53.47586731226526,0.7679091291558854,1.2680368663710566,248
35,848,73.74634773182383,24.857922517060107,0.9768358277454217,62.67990611038044,54.08605146024339,0.7782511734201214,1.3600100891640499,240
35,856,77.13242709395324,24.451039895306643,0.9683486136377086,63.83139059068116,56.72300464134448,0.7548692593396609,1.1947211127896338,232
35,864,76.74554455040433,25.657493497071627,0.9525975368401586,63.03182823732941,58.05083966757215,0.7717915977183828,1.3283850995974704,224
35,872,77.62812103661223,24.764330052111276,0.9345281302001577,62.544024597737696,54.76067166717403,0.7675806466063948,0.9122436730459821,216
35,880,77.41269498366539,24.038617795324658,0.9257647370310904,63.087759096231494,55.21398573618801,0.75365327542475,0.8270430321297837,208
35,888,78.02578337321837,24.884423449068592,0.9303759522949202,63.272734900173596,54.26836005912073,0.7813482972731446,0.8258701028791734,200
35,896,79.34573811387358,24.260610837068892,0.9156336332340571,65.31534381085847,56.6949360268951,0.7502238333614182,0.7210152397122458,192
35,904,78.29585470761573,25.173096173087693,0.9016177350892546,65.4052374433979,52.74547013462374,0.7480056021185709,0.8385915639098002,184
35,912,83.87611038478909,24.474607850289026,0.9178812309870602,64.84919101270572,54.587763176645225,0.7465507657710417,0.8093816902940204,176
35,920,78.80137182532424,24.31090869200067,0.9051334881108952,64.58306436802265,56.42094323453425,0.7566117004189744,0.57110160320941,168
35,928,78.97486202385707,24.781832217201824,0.9084985548401899,62.28063935416024,56.89334199097746,0.7727869402814505,0.7701537464825122,160
35,936,83.47507467081823,24.898932024569486,0.9024775605088746,66.43479126693171,55.670951034651026,0.7552824689499673,0.7227095751025862,152
35,944,81.31768429650272,25.939244151455327,0.9116374120337225,66.65506411630435,56.88223422326934,0.744364736422905,0.6156463421766601,144
35,952,80.1956175891241,24.97918290634233,0.9182179990334245,64.3591061464182,57.966366017444315,0.731616977805194,0.9045872750524264,136
35,960,83.00769789401706,25.41254761318728,0.9026746750175285,64.66270212029492,57.22628796131535,0.7671295535483008,0.9471770372243258,128
35,968,81.7972104678381,27.060377711065264,0.907590792643053,65.8864759227606,54.178887673303876,0.760953097242722,0.8516702644565615,120
35,976,82.90446758215876,25.18475725858166,0.904637629500194,65.31809009684468,55.19069959896625,0.7582378220460461,1.2477958090694656,112
35,984,82.85080346313083,26.292502699383345,0.9188347562141863,62.92112990187853,55.269902009693084,0.7478764885106133,1.477239326827383,104
35,992,80.92237198945513,25.324200144401672,0.9137010176490886,65.97703056957492,52.77751488974839,0.7297286188769753,1.2040952321449534,96
35,1000,87.19178790622011,25.84172591192178,0.8967787583306243,65.17034014733282,52.321779496755795,0.7483576763494425,1.273251166398313,88
35,1008,84.43677464399866,26.176327481095523,0.9020364612019285,66.58449942857597,53.301492350404025,0.7313871198258779,1.3175881652676666,80
35,1016,88.36617530294305,27.060727269003177,0.8927865091587824,66.61774174240581,50.36835496322471,0.7127163922708176,1.3805986965061798,72
35,1024,85.03703333428561,26.098649281842924,0.9039811689798232,64.27026640416891,52.40296218267523,0.7487588753951391,1.0349855798729144,64
35,1032,82.94254624707261,26.86282485681394,0.8956864729349796,65.18205836950209,47.7287627491605,0.7571696223997427,1.5478485921517449,56
35,1040,87.04908578623825,26.500050256131676,0.8948628275322562,62.685847093177095,49.1396401078417,0.7086539775449135,1.401518502455534,48
35,1048,84.82272696540862,26.504144097189627,0.8884445458360324,65.90148290098342,46.184591769588124,0.7514646517083393,1.1788269079033138,40
35,1056,89.1061835075013,26.18112604739705,0.890932383306913,66.97109679989431,48.67349496554426,0.7459391409873022,0.8730487443191299,32
35,1064,90.71266597567507,26.038922444849575,0.8957686218836175,65.47454077991091,47.77108485561108,0.7403917620523728,0.9891916709806041,24
35,1072,88.93916872461803,26.566972151608034,0.8767791629798419,69.87018900525479,44.684598594164626,0.6815907682122251,0.7717684857088484,16
35,1080,88.46784939611673,26.160609854488367,0.8904305364766846,65.98563209995528,50.26213313493612,0.7231695098048297,0.848018118278929,8
35,1088,92.82819136963592,26.757278299744172,0.875249247323534,67.85017188269188,48.25258659538463,0.7515218395721297,0.7379299034371573,0
