engine_id,cycle,vibration_mm_s,temperature_C,pressure_bar,flow_rate_m3h,motor_current_A,aux_sensor_unitless,rul_cycles
1,0,3.1414892490259962,56.20729064873318,8.61648043289706,98.32293893140695,17.453708242675813,9.925273856394863,188
1,1,2.2585908049301664,53.898187493053015,8.162192225202501,91.9615851890647,18.834240163285266,11.467709599049108,187
1,2,2.7376670885213867,57.49442090489874,8.081957828943185,98.2434210560379,17.566083153119976,13.6722631030753,186
1,3,3.8695860428673994,57.63786160451069,8.181728359016034,101.45305955408688,17.840831383829677,12.759441565989537,185
1,4,1.848614768186459,57.83711232675877,8.30973831510824,98.91096897807554,19.474002640149383,11.703679422383882,184
1,5,2.866521136219813,58.467452829251265,8.417278909725676,96.8678757700443,20.19914617056756,10.632667540136616,183
1,6,3.7337498097475956,58.42821441911792,8.19032072428061,100.6872972719784,19.973191171767436,11.953539434578307,182
1,7,2.6878898488453133,58.557363607427845,8.56310094192927,95.74607014052597,18.876826293656915,12.76849971757986,181
1,8,2.8028907356758577,58.834737638391445,8.433096767617037,98.13312949093435,18.61420016140205,13.057553665708301,180
1,9,3.116587846694644,58.35420066023953,8.189781725313921,103.92209393174141,16.99120617022034,14.076322877945877,179
1,10,3.931732141764341,57.42885009077421,8.578904505050387,99.23023758974774,18.273072874343605,12.573389805355024,178
1,11,2.8891283551851323,55.76079485765694,8.640029659630276,96.08945281457984,17.55075743320515,10.280998709407937,177
1,12,3.0095445211437197,56.07553090749491,8.318134651786204,100.47766288113637,17.08550820492793,9.481706033202595,176
1,13,3.0377022254702624,56.79695202510531,8.282045040974433,106.29931615667869,18.176504175950843,7.804535735156079,175
1,14,4.38154748123559,55.552191658020085,7.885278719266351,102.19096183896286,18.31549309759027,8.201940268838683,174
1,15,4.396021391536733,57.03192831735407,8.219723448311363,100.68591918418493,17.678973523921982,7.718035889810296,173
1,16,3.829024179170325,54.398833779517396,8.24155729843219,102.75379469800025,14.651479146299131,8.93844253904275,172
1,17,3.544766016802129,54.44984575401193,8.368566242721693,94.7109485093201,15.718959904128717,6.575696710036737,171
1,18,3.7453248601909617,56.47268818192028,8.25785962191512,104.11923712653626,16.04207956788271,6.7198237379737105,170
1,19,4.147253437806889,58.54039000861073,8.353677364823094,94.28009726273473,18.95215671413919,6.560409907970685,169
1,20,2.959484612695316,55.74041974115778,8.668859087014233,97.64177844107446,18.645837993942656,7.936814338609839,168
1,21,4.041086710381301,55.092313277,8.145487097420528,102.36941165107018,17.01183048664082,6.961226616605416,167
1,22,2.8522491866921658,57.077996300806085,8.147816462963505,102.84896368879672,20.126907439262137,10.5836843070709,166
1,23,3.186568775510622,58.381051476005055,7.9358283648199635,96.57877414182596,19.03150560879994,10.27907017137752,165
1,24,3.9854814960679965,59.21938697524577,8.253482309216682,98.43419682857596,20.050601684826194,11.014325771772516,164
1,25,2.844294602729124,59.35512365515469,8.492347196024621,96.81814833257768,20.407820504271967,9.335817534941516,163
1,26,3.5155212044543576,57.081718511294135,7.802842805965684,89.08505825534598,19.34994138368701,11.073968109144321,162
1,27,3.18180665479782,58.97814774325898,8.066583556536003,93.15707476655308,21.269596321807185,12.940217116748153,161
1,28,3.5122046955607367,58.002242791337615,8.234442261289884,91.48345062948552,21.618898215340543,12.850566187077327,160
1,29,2.268246058965439,59.50089863065323,8.430365030443967,96.02164279997265,19.874542552159337,13.141543147083032,159
1,30,2.8094908166083212,59.3630607075943,8.30591272454544,89.9833319506866,19.430542074419048,13.871299090204975,158
1,31,3.373220935426768,58.13772487878015,8.283891399563284,92.39098324323133,20.15259693743937,13.969777244036386,157
1,32,4.2149735767889025,57.29301897632211,8.138752838837094,85.61896940462084,17.569171013636712,12.32384089526915,156
1,33,3.692683420767364,56.235625534858976,8.30758105587714,86.44301983582776,16.192190599510475,10.069590807959429,155
1,34,3.8093549312118054,59.10365236398455,8.432946490385378,88.25793737549903,18.312336230557086,9.491020986818416,154
1,35,4.180641794074787,58.19800553978798,7.744357796090114,83.0562808123063,17.978735839021812,11.12998635435962,153
1,36,3.4255246400164605,53.70296965463974,8.345952591478214,90.49649929691627,17.247785310826472,11.66394915234001,152
1,37,4.036029100672558,57.24657145878823,8.13132012757108,89.50449313835487,18.77713849176555,9.915773275311148,151
1,38,3.520611586035907,54.9466096166924,8.015683065266487,84.60282369149012,15.651894254465242,9.29064311131484,150
1,39,3.0886929732708763,58.08067766368298,7.529560903000679,83.65190091697403,18.010042504171313,6.227071009614279,149
1,40,3.7864610108088717,54.8087002168333,7.787371429464675,81.18809896927561,18.87960223156359,7.822591153300339,148
1,41,4.298344323929293,57.89909749049315,8.549083716306479,82.06070402541164,19.21627964612915,6.248557528518605,147
1,42,4.210410819249514,58.84293209587763,7.944522273074612,80.32699236656565,18.81094132254846,8.133227948733508,146
1,43,4.06501760564628,58.26155030936675,7.83753879490051,80.17855204148611,19.897468685309093,7.036471510119281,145
1,44,5.29707106098237,59.82446462905238,7.986677618979383,81.70111925271382,21.565135767706323,6.444218913222154,144
1,45,4.337436565528451,59.126859122006636,7.906532339741629,80.6463325137091,21.03630642104955,7.4873174707225445,143
1,46,4.650574595779518,61.54273232663782,8.115926119566213,81.62338322444931,21.032160085037244,8.06673460344699,142
1,47,5.310636082818733,60.365939580103976,8.456079823339993,77.22951914705324,21.88654216731922,8.223263525909537,141
1,48,3.5750090390209563,61.15125022105561,7.922165317689354,78.4282804419647,20.19521427644959,9.879647273105691,140
1,49,3.733272186214149,61.19346152497536,8.099357998815472,80.16767259831018,21.664337006629026,10.238193152255802,139
1,50,5.155262215308618,61.198842002165385,7.7659259682679815,79.68790385620032,21.70711967934356,12.483899291737913,138
1,51,3.915237759457785,60.783807601372146,8.424710513931911,79.70628144645767,18.878878509978218,12.492871441322082,137
1,52,4.360095042664547,62.36343593062698,8.083847580931884,79.34748020500733,19.128050048381706,12.513151709650602,136
1,53,4.911015119150976,64.17309921161937,7.758034197927627,85.31578173289155,18.77333308437091,11.482713446190976,135
1,54,4.852931637518786,62.265365738055785,8.246452498162231,82.1987948842541,17.847549053392097,11.314665266562091,134
1,55,5.316358695141748,60.27577070275177,8.312244780775236,83.39885621216385,19.349449867064042,12.24864652771065,133
1,56,5.218189001375359,57.01818680375616,8.044469092447228,78.76150257023654,18.066475418737248,12.452195323044778,132
1,57,5.03662712880693,56.8391245055915,7.586098338115697,77.30594141683862,20.02783521674862,12.302862868881945,131
1,58,4.147251247973768,59.90013549452778,8.434068037259804,86.3867619699778,19.17381548846328,11.947484258164017,130
1,59,4.962821167044579,56.19620673676326,8.057120615882445,85.43437221634994,19.343773408891014,11.410102054504634,129
1,60,4.754417989078985,54.675229029102034,8.264003825195642,84.01235385980243,19.75988605130651,8.373097988108285,128
1,61,3.966147909548892,58.309390106496245,7.825453536483697,87.04143110574532,19.619368360104747,7.693342144586478,127
1,62,5.370033900471293,59.36270541306981,7.855293967259048,92.59418701884225,20.92598629292682,7.93418023258577,126
1,63,5.097210113947422,58.8109029998289,7.974323056014186,87.54163709739943,21.361908083238696,8.549576971633407,125
1,64,4.748646768677467,60.13367408418186,8.216806937906197,89.24874469004696,19.768234905197342,7.884068076395528,124
1,65,4.6417667095908515,59.513244116909,7.965937858846141,79.81043457319716,21.217904455871473,8.07720832839896,123
1,66,4.191673062777895,60.39230457614167,7.607703004633858,92.62510658210536,21.11588140346997,5.667221205134877,122
1,67,4.923195237640059,62.20102208477591,7.979117309182857,87.2192219256189,20.56260282477404,6.240799751738902,121
1,68,5.090359816997174,61.5458662660769,8.312699725862187,90.73863061202819,19.42157977279584,6.189474091933798,120
1,69,4.473366163526392,59.49185728743536,7.91345169417667,87.28146997184281,19.905742769308354,7.087977555698589,119
1,70,5.502944301823883,60.56286362602792,7.921018389440685,86.17219039477476,21.363531814814426,7.001005686755785,118
1,71,4.40623350901442,63.039145443247776,7.564696051541837,90.12819322803804,21.04184424411287,10.645875415482266,117
1,72,3.9263706833486127,63.56985867098019,7.521232938893923,90.75271201285403,22.558828497622716,9.546952822837111,116
1,73,5.5409622654337,62.976136360288514,7.704193791604826,90.687926263524,18.739787190173352,12.445476469617464,115
1,74,4.852684588002551,63.63001301797205,7.773612565254321,90.59733003663567,19.45346937083681,11.339681402219602,114
1,75,5.024711741461702,61.21115358140016,7.872870985920373,90.43245616032523,19.606510211958152,12.152347044246689,113
1,76,4.7024161780028235,63.1508002714972,7.879947681705954,93.43748306429376,18.314619243595068,11.522358482088105,112
1,77,4.351729303631249,59.32188324745382,8.230526930022307,89.81494562506833,18.556519562289463,13.238754547578095,111
1,78,5.815952738229114,58.176914503032314,7.836302528648167,95.35077620423479,17.2570610885353,12.55122183512307,110
1,79,4.877609252337986,59.10389227516564,8.079306191666337,84.84930857735282,20.170669312162342,14.201009935081565,109
1,80,6.086315132900048,61.75138663645036,7.794927358327239,93.4450277827682,19.88162181411227,12.407543449075666,108
1,81,5.693372722040628,59.124991898033436,8.158534209426783,90.71855838234579,20.018012257770472,10.858573092836227,107
1,82,5.166303054643559,60.464628720411184,7.320247110860803,88.07937392723655,21.185350366932838,9.986535752063467,106
1,83,4.814777367264947,57.41373939676846,7.629691387067171,82.70223597687686,20.747717929663004,9.877275170856288,105
1,84,5.025626154621352,60.93110310226409,8.016650312192532,84.52357042284603,22.339234074118636,8.951833886383142,104
1,85,4.81980551965617,59.15335582248785,7.71950049191018,83.64191973690485,22.010698262130138,9.34650502147294,103
1,86,6.50391429263824,58.91511569177687,7.986779429428255,90.79712757480816,20.090731591520537,8.25131634493862,102
1,87,5.576948595432897,62.2905469082519,7.84165119208063,90.78447664099703,21.562705604639127,8.2901665622255,101
1,88,6.104280223862093,61.25416526433402,7.973331762467883,83.93489639822707,23.850909560559924,5.95856158239639,100
1,89,4.930029285167869,63.23651969306655,7.881597608736212,79.74964971430934,20.908866652005397,5.6957233364753845,99
1,90,5.688828410964368,64.26772514541582,7.888201478455504,80.73838086179633,20.60276107906875,7.474486544829969,98
1,91,6.22192434019167,63.338896980825425,8.084352164123151,80.94542311506511,18.963031917784438,8.154448572260666,97
1,92,5.500246824980549,64.6291695555454,7.9492964923751455,81.51413665276839,20.598179981428704,9.317410098000284,96
1,93,6.21814391678774,63.342212273357916,7.942560024909539,82.05893485017243,21.192330870861362,9.305361156584302,95
1,94,5.195212207478289,63.64612466911281,7.690634178456371,84.66894176548328,21.032088447275104,8.59157075938061,94
1,95,5.090744223143542,62.84125424777867,7.531478945474232,82.92203305750093,19.89072106536603,9.573914105618147,93
1,96,5.9972378624437965,63.11839610151055,7.50345444012017,81.17620710281666,20.960097659206745,9.640892938175194,92
1,97,5.653080013979575,63.723035838442925,7.847474615680066,71.54920444692378,20.004891295129987,9.7964598733052,91
1,98,6.198898761027205,61.753080256418436,7.041508452680858,71.10148550879086,22.444754455867947,11.915613379570408,90
1,99,4.9242025534751885,63.87383529865815,7.315705378607442,77.23358386715127,21.283192378357725,12.7060998076291,89
1,100,6.304625275772878,58.99141901163476,7.393054120887717,71.0466230557648,21.79209551886289,12.837021650581573,88
1,101,7.283062125154669,62.376340792193325,7.563321177520134,73.88934182176648,22.597663847102197,13.78440867468015,87
1,102,6.007084577880763,59.62014196199822,6.958717432992363,72.1366034387399,20.902630354370405,13.511401588726617,86
1,103,6.072025692547651,59.83959868913905,7.9225992035749,76.74575515863896,22.204931317669004,12.18945008198643,85
1,104,6.180355540795681,59.44510865685414,7.74929621264802,70.26492403593029,22.742848453774045,12.353531147272644,84
1,105,5.195287692201229,61.459424265727066,8.086723191540178,72.29568240529974,23.74236723666171,12.74471420563453,83
1,106,6.375111672281725,63.51322737277899,7.8474481317366065,69.33745139910113,22.77945485215221,13.04406059287063,82
1,107,5.395163826858437,62.235649538351275,7.8307980743111045,72.31114647718435,24.55378327286038,12.087674997393147,81
1,108,7.895174781762116,58.935110967275136,8.127172849703701,62.97944797975367,22.99220393609452,11.75036840085972,80
1,109,8.76641327725655,63.3543632769394,7.413056861815137,75.98894437201656,23.094415525213822,8.76398612537798,79
1,110,7.813399996294286,63.54191880444603,7.171216333034569,72.86688311154704,23.202337746113354,7.583552268692112,78
1,111,8.467728510460846,61.58603204027042,7.480268206197879,67.66005630305094,21.391793746139136,6.194154718451962,77
1,112,8.759634180419903,65.02046417843312,7.3233783017925544,72.29582872860207,22.88800425513987,7.96934381826275,76
1,113,8.428860350283697,66.07405698446811,7.456675935601682,62.255089865353966,19.65957395849119,7.403304158578899,75
1,114,7.640305129029782,66.30779439085791,7.249585751714568,69.07828284113724,21.86708540973167,7.86487158278793,74
1,115,8.195894890546116,66.23725923758568,7.645356063493128,72.81428650671697,20.99710137621363,7.30007669405043,73
1,116,9.378254642181535,64.76755862308227,7.622869690410331,66.04155110576289,20.50829932012047,6.873407067561841,72
1,117,7.422505374083471,67.66319594294099,7.479123704896457,69.56292195139864,19.68001852574832,6.848644680655262,71
1,118,8.333676945007467,64.8827761333946,7.554972604214884,68.47566097039558,21.787052181037147,7.1093106624199915,70
1,119,8.232119600818804,63.68749907565544,7.432779980939341,73.73972384112524,22.480032869763935,8.25280263572489,69
1,120,8.60521257390961,62.60178072578846,7.6475091289678385,74.18765203886639,23.985303921371298,10.238278174782751,68
1,121,8.955673117102396,64.039126085735,7.468111618691817,75.59463334188688,23.697283316422876,12.059753395924046,67
1,122,9.422697964307531,63.908283776305936,7.375533469298731,74.77280931445817,22.7709314861556,11.803564957734686,66
1,123,8.520083812986284,63.97826685279842,7.66547721568613,75.04831324605507,22.07570643286518,12.414533031313885,65
1,124,9.09827816668699,64.10075753147876,7.739465469523582,77.61528835880809,24.55078920804317,12.238864378929964,64
1,125,8.978944643667049,62.059987340827654,7.749795546035019,74.98787746677921,23.896976201707652,13.370703915481307,63
1,126,9.003274484929333,60.022226972637206,7.159028289355237,78.16721221807363,24.60079249337909,12.069645199213532,62
1,127,8.52122395406319,63.10358342997087,7.264143016875506,75.75488117582734,24.236661765473475,13.043848166718917,61
1,128,8.341668717532045,63.98858265247487,6.963531687272474,74.22876532497814,23.641612787104727,15.161664884461937,60
1,129,8.327509510369145,63.53719362521635,7.320408432348294,83.99826213858309,21.98298442567814,11.638034619282307,59
1,130,8.536571798916157,63.08197694444723,7.4752177485965055,82.80465909145741,22.35598021491556,11.967292332722453,58
1,131,9.112950395167964,61.263864749572186,7.329116789131085,82.3218751098845,22.625528414466068,7.199204243325207,57
1,132,9.369955523495758,64.4305329638939,7.836153313883008,78.80811861937214,21.459132523493132,8.833425472320188,56
1,133,9.188645640813851,63.36080602734535,7.243096540485616,78.71163885477898,22.251878667505043,9.075278827400002,55
1,134,8.7899203878618,64.87159625189896,7.063540350854931,77.58412178614398,22.69100108977432,9.265366612387785,54
1,135,10.004925702570011,64.11768618669434,7.468897010073558,80.62248436541476,20.319116002226146,7.561609134065134,53
1,136,9.898971831573657,66.01122189478856,7.3553512916887085,81.31753564657772,22.032386930807437,8.647760948073845,52
1,137,9.00019266838536,66.59890212085679,7.446368810793811,83.27787257052955,20.976125698465495,7.47617345221,51
1,138,8.80318573626537,68.6759101681507,7.375988965980075,81.49489040200362,23.200020393239434,7.053146504686523,50
1,139,9.317772321197708,67.24598468013549,7.352060781461838,81.22235409753574,21.925968229058753,5.899103980000438,49
1,140,9.92413194687249,66.31320507959735,6.75161555708494,83.27923196682165,24.234988607589234,7.088681653115883,48
1,141,9.494736957621301,67.06631384436724,7.091726327250307,80.87458606113447,23.575809801105038,8.20473424335202,47
1,142,9.64455442354921,65.3198041830693,7.116731821433088,81.37902596947775,21.821687470399535,9.174720664159171,46
1,143,9.298219066430043,60.99255539864806,7.168373883931539,80.69694481841631,26.616696143481814,11.089592750644268,45
1,144,9.670426786756803,63.499471112944725,7.13431271665675,80.00012291246954,25.61330401188924,10.602181983115026,44
1,145,10.252648636069615,64.87056679749725,7.340654754050324,81.39548821622135,25.343186081515665,9.836850032741552,43
1,146,9.398679658541552,63.672262050241656,7.378703946281456,82.58308268790981,25.645139418674518,10.631780185524942,42
1,147,9.628357833981816,61.37288047548334,6.936600199145455,73.8136236178952,24.751891216499452,12.82782991482313,41
1,148,9.7218541192464,65.6020590813867,7.3822325381296565,75.2314007502439,24.618111080277416,12.717551333693939,40
1,149,9.77510218564981,61.709508194537605,7.347988407713418,71.52679273894994,24.48205539661528,12.533245273699203,39
1,150,8.965640132223125,64.56895659724569,7.308997793860924,74.58812285622363,23.23772058967748,13.56776791670121,38
1,151,8.771546466007193,63.56271562629801,6.829084563544201,67.77158813301911,24.462404612592756,12.926847615228285,37
1,152,9.238600372123337,63.13110559385816,7.284700708470377,73.48865864777733,24.185171902378823,11.511063504868682,36
1,153,9.870896790857888,65.32935243865421,7.186195011078656,68.81095132746762,22.509130263126764,11.190059257991935,35
1,154,10.102401818797434,67.60528459524693,7.3967513076095885,69.26501119850168,22.865868511511874,12.119325824956086,34
1,155,9.598734643844981,66.83991960521693,7.593599764492893,71.62685937923578,21.706556356239602,12.02039322152962,33
1,156,10.591348689671749,66.98222009410377,7.535500992190048,70.11082269109264,23.58828979036298,10.385846036222889,32
1,157,9.869829566412067,66.77870203094284,7.157612730836029,62.18068199607288,20.675882577098307,9.077363562178224,31
1,158,9.990322486054708,69.46811122343225,7.119944926881257,64.44117869541053,22.114923077509786,8.567941154542357,30
1,159,9.921978563124823,70.81638432750482,7.269356860695939,62.56968958317727,22.920068407239643,7.584905617750842,29
1,160,10.124818737247285,66.73794603205242,6.823560301464079,64.0192271206495,23.787776495340935,6.186336164658586,28
1,161,10.448935807066693,65.91129478606103,6.730594346802798,60.783002567026344,26.539665739039442,7.067404975484032,27
1,162,10.468467263292418,67.04677127125417,6.966071700479886,61.912412056526406,23.67876402912883,9.35374320239084,26
1,163,9.725418954551422,67.2560896477925,7.380280198360157,66.13221503079644,25.558425063181918,7.334835284960803,25
1,164,10.975500063591987,66.57025241471995,6.983283952871153,59.30691794330853,26.4706143439365,7.68736633954462,24
1,165,9.705240333454869,65.58895850580927,7.432633778012713,60.645969017917956,25.112663898942728,8.042297602041858,23
1,166,10.3314998612415,63.81773443116327,6.3508773517076795,62.337285455709406,26.557963374765777,8.201686200158765,22
1,167,10.193868036075832,66.03173567091949,6.642015513346568,62.32324044066677,25.047147070702646,8.194572550899588,21
1,168,9.845797403297682,64.0544523955217,6.998801040546372,60.65513204296021,25.49079463934113,9.271317270092464,20
1,169,10.372006593859536,61.9700581859352,7.242672548137107,61.132876197945784,23.038636105651232,12.71874129864951,19
1,170,10.078480152534055,62.600522450774335,6.9941134413326465,62.80207458513808,23.83897407423254,12.01264211445807,18
1,171,10.524707098615886,66.41142652230653,6.978495975791258,57.91406270355699,23.344841664209728,13.627582567694631,17
1,172,10.729208965174934,64.73038187410204,6.962858404898285,65.04711793455388,25.690347411375495,12.89339706419946,16
1,173,11.303089032023912,65.87317632767017,6.543448660699595,57.35161515043035,26.755563181805663,12.531099119144798,15
1,174,10.76032046303464,63.41390787370792,7.264564354873297,64.2521468085929,22.95290653701712,12.820571781738227,14
1,175,11.635302939864232,66.20355297346255,6.795224751929131,61.54009538524025,23.57849917670706,12.918683267385784,13
1,176,11.784700369494331,69.02874121065359,7.22916267246807,59.74625285173181,20.356716116300444,12.531680771726684,12
1,177,12.090139012478769,68.59708280198502,6.930007037298422,53.97733881286817,22.267692992841525,11.802319021292528,11
1,178,12.106564874853609,68.7462217252747,7.205531206005455,58.36732587964356,22.53612376134665,12.887113901084398,10
1,179,12.829358209535323,68.89906902666903,7.015153681690429,62.51827845393728,24.912091389819885,9.252826555680342,9
1,180,12.837013570687338,70.56059131828103,6.8935135268196355,59.11420760489397,24.06294808025117,9.476408150435319,8
1,181,11.999686890652505,70.7085821554693,6.967585435558498,65.42378799864413,26.461754055423853,8.51448063261394,7
1,182,11.94469555967552,66.37336292954214,6.533608432474609,62.687471363283514,26.608272257455205,9.14010923856289,6
1,183,10.98039492014814,70.13412012307977,6.8941879391812755,65.39686656144583,25.78584488051892,8.486618298063192,5
1,184,12.024411250646574,70.6828749900699,7.312513447013066,64.51166991222652,25.696337555618342,8.311006131873295,4
1,185,11.849835286273475,70.04784019559682,7.2013695275688825,63.79063739615556,26.41643762806265,7.472422201682921,3
1,186,12.201487851176607,67.40252542111459,6.618878046251668,62.349080003509286,28.579476498490774,6.945135052464549,2
1,187,12.61477121504629,67.78551395772655,6.982363269412552,68.77037547776526,25.80297574630358,4.963544058930454,1
1,188,12.547697160488022,67.26662763893935,6.908739725499611,65.51686825531623,24.001442783069972,7.576630358037098,0
2,0,3.1741122562392614,54.512974250784595,8.02140516378457,111.59632589006742,16.339405452076,10.44098537377085,256
2,1,3.5422685237812326,54.68241095695247,8.481113995720973,114.4756401651631,17.906105762831114,10.841908065282544,255
2,2,2.0686212873895027,57.50604743544163,8.430114837261069,117.51298193630195,19.11845526154056,12.527214701002647,254
2,3,3.2074352098385357,57.16875186918191,8.566911809915277,121.4778303643024,18.97341542056393,12.554628955485077,253
2,4,2.143619095216766,53.91034645765763,8.54251704278047,118.0090604113962,17.15341480044345,12.655092916650007,252
2,5,3.004139366415978,53.814015009216135,8.579271583909364,125.58623888338579,19.777521041886292,12.25379656361587,251
2,6,3.8211032468388137,57.507328715441226,8.53433990423369,112.78455342687863,17.86874341947863,11.92848871828952,250
2,7,2.9363737174353433,57.73675238895546,8.33297758209948,114.21230004668129,18.776398513779924,11.897032685644799,249
2,8,3.8179365445326545,55.03344029767108,8.540585118503596,117.52466831093068,18.848576521240286,12.60520527689811,248
2,9,3.602194315773303,54.83289210058801,8.07527573342637,117.11816748356469,15.957431264669223,13.488276707746333,247
2,10,3.4160909986237638,56.74312351084682,8.517990730302063,119.62957622109174,18.48391919347371,11.211672948522626,246
2,11,2.6784900413989168,56.816437526995244,8.219001689407568,121.2274415014489,18.916945068231023,9.869034262398053,245
2,12,3.991755936587401,55.90216002423199,8.577552471990376,120.84599406308679,17.71577402248823,8.819723953006992,244
2,13,2.599250677236819,56.954249828832175,8.753577005343713,125.5004320042258,17.705579039374857,8.567418373756887,243
2,14,3.286631343548363,54.959168881842686,7.976832536192311,113.6070496140359,19.44368399251986,7.447300805071936,242
2,15,3.3967186699598204,54.53452452545276,8.616355463448002,120.12572255048069,18.019696545078585,8.319485577744299,241
2,16,3.5730807600971306,55.003541054485375,8.642672252883978,120.96254807099375,16.738283540981257,7.124650713944715,240
2,17,3.69348152039899,55.55530431312998,8.416942371614587,116.74194351554237,19.13907526318148,8.232423366939019,239
2,18,3.2103622298854173,55.48967552978281,8.42303625652804,112.25006791142248,15.887603494758952,5.514996956717678,238
2,19,2.947338525164054,53.06345401410172,8.152788219829583,119.3575623095579,17.11778223289127,6.360106899322349,237
2,20,2.9838946927195513,54.220459575906425,8.381917053074634,118.63505060147546,15.19435120078655,7.261320990906005,236
2,21,3.9278263672380387,56.10548312315266,8.685353687662964,116.94910054947992,17.43070038772051,6.792281389955883,235
2,22,3.064507219380852,53.94927537445204,8.398305518715013,114.96657089218363,17.25464159016982,9.187600153383077,234
2,23,3.761856897175176,54.0606242072185,8.594987829153803,111.11219274551489,17.811635943853105,10.627644484605298,233
2,24,2.516662478720506,51.94215518264067,8.368823511715599,106.83875703100419,18.532571984772808,10.296190910663595,232
2,25,4.86265398279574,55.347194566405705,8.276270648147488,112.85079056297106,18.853342417546262,10.782754998648402,231
2,26,3.1309947285925395,53.555994921181416,8.351778517565329,105.62378387300376,17.88550203785652,10.2089901925319,230
2,27,2.847207053513686,51.90476412522469,8.9427435308342,105.12162758536304,18.908463660298025,11.806226100005672,229
2,28,4.519046584474637,51.67879422664089,7.635661932701881,112.8390076176488,19.55926678987654,13.16120996922036,228
2,29,2.5051923752798952,52.75691889236428,7.858553801191856,106.53103692176211,18.296900443722752,13.157009008723161,227
2,30,3.5868518971645855,52.88454251395253,8.624611870956095,107.86303421979247,20.60277611093354,13.918574594954881,226
2,31,2.563520647288601,53.328552832706855,8.339470850126997,105.3628420842439,21.654997054719946,12.700792119672855,225
2,32,3.1250392104825213,52.083106933453074,8.059843802716252,105.0536922639923,19.948826990896375,13.288963855213229,224
2,33,3.5561335626601434,51.94504565405452,8.332030395051143,105.34064986460858,18.902211702407985,12.094141687138423,223
2,34,2.9732920455778116,53.317723210096865,8.130543359300361,99.41009596234414,16.84035957973595,10.15251595306942,222
2,35,3.0943470436614287,50.53590896090649,7.853187348102871,99.6412714230783,17.282623697302174,10.469486698042354,221
2,36,3.4664660981227713,51.01515423432986,8.329335315841783,98.63066983116512,18.777551595081736,11.30974080179519,220
2,37,3.473266397240453,54.055403967195346,8.033306916216228,101.23182208488963,19.335550045316065,9.66927878770225,219
2,38,4.425025807670931,54.93667455003084,8.614046138191767,96.52021028455377,17.514277052251117,8.030655453691704,218
2,39,2.957591355012857,52.92727212117611,8.48778381608363,103.64540104232319,15.959479326864997,5.8715651081234705,217
2,40,4.289293151137846,56.2514248166526,8.21956161329955,100.6846991735778,16.3603367616906,7.038687941597505,216
2,41,2.9744055859367293,55.48742897652858,7.89779952264032,96.06836197025606,16.532301969585777,7.946595561092082,215
2,42,2.970111856902335,54.59541096818981,7.989758835172433,105.03862607521417,15.143891438053139,6.649619327737596,214
2,43,3.8134755887154457,56.98537145325718,8.538032303661685,97.4535006586594,16.840003171894796,8.487130375231116,213
2,44,3.2801767566882316,56.28927559255364,8.26272809673298,105.99709694463229,18.215826144591908,7.621701536851027,212
2,45,2.5268134989143833,55.164533802128325,8.051803195964503,102.52337370532234,15.903054749523667,8.47184815734514,211
2,46,3.662772202349669,55.99490279517928,8.070588447574886,103.36674188303517,17.35887612932579,8.697874541701967,210
2,47,4.6582813436717405,56.729907772809256,8.176120153416369,103.28286560549574,16.27900268411441,7.799485633467585,209
2,48,3.324566375006068,57.51291959381304,8.103533159305403,107.24069492816669,17.89540552905216,9.287248825066584,208
2,49,3.6011111213281857,60.006822251824325,8.051809757084424,108.25410910530834,18.977758756067026,11.41054024675999,207
2,50,3.8994252498198296,53.5521058668583,8.281977549544871,106.07194173489718,20.531799775060005,12.218671677921499,206
2,51,3.4914360592905305,53.770125136164275,7.205800658416325,107.64502521956281,20.29998171301828,13.88849277276573,205
2,52,3.0967025778340616,59.067984235554896,8.133282777080678,115.6497879147344,18.922222657027145,14.019108239355857,204
2,53,3.9516263016016895,56.946104236951214,8.52148220000707,111.02066612415538,20.372521646822314,11.803007561427334,203
2,54,3.4639202475111333,60.85127498795161,8.619910508948022,108.96641490059524,20.01873753163837,11.968217699707788,202
2,55,3.1960950098181815,58.65859301102151,7.986938046227963,114.86611930601278,20.311708899466304,11.307714429731345,201
2,56,4.1700028362831825,58.38380219264213,8.378530662205076,109.73295771589626,19.998252911213598,12.35672605234531,200
2,57,4.889191776553616,59.038726694886535,7.902224939768724,118.21811876610326,20.295761217821536,12.29759550917519,199
2,58,4.341145175731587,56.10096440910911,8.250236650443476,117.22304250385692,19.87586096001939,12.519724207165451,198
2,59,3.850252232691077,55.13420684716423,7.917339887884192,112.22652541028948,20.222429717949005,9.872217257720283,197
2,60,3.8445386732306415,54.703652888981935,7.915891005634728,113.57701548507161,19.10737890028048,9.538494293815198,196
2,61,3.8619312559710157,55.42486845258951,8.184283115726586,119.0305272505044,20.315508501663476,7.458224445229537,195
2,62,3.445525882424681,56.257065712296324,7.7790276002160015,116.47066172240461,18.80605188770605,7.476383654766117,194
2,63,4.656340825365823,55.04494404186716,8.256409896212526,120.3896376503356,19.477495211756196,8.890073551214263,193
2,64,3.956012892926309,55.69292259541693,7.990433682580281,118.9335154099183,18.50407631145479,7.56209267534598,192
2,65,3.668728350084886,52.98976408165393,7.845087764246123,114.04118198167865,16.9842092635452,7.824261905611664,191
2,66,3.6885462317852764,56.09027351451266,8.172938100822273,114.43062805466533,18.871820981329176,8.319041585837471,190
2,67,4.305237440152174,53.04077450545979,8.210162049493592,115.44176019698475,18.887210818266983,6.253066057568223,189
2,68,3.640102951378358,52.92137184214292,7.963184410790244,109.29096629337727,15.003845059516483,6.5821537148924545,188
2,69,3.5580344824506107,58.23979580631209,8.483219398297674,111.39902304893957,17.588855602613386,7.913237619470965,187
2,70,4.2067956964872275,53.92880939266388,8.10724919280929,109.94179268196108,19.91373957166159,8.438975345229812,186
2,71,3.402737174290138,53.50673817078753,8.279609425691286,114.66364950153806,19.910159281298437,9.594312852942709,185
2,72,4.144011936024784,54.19639507208941,8.183565489251544,116.91788919735897,17.806601645763934,11.673107417322285,184
2,73,3.4854212972648027,54.17255669306735,8.074286352096353,111.02980799217146,20.537028882881167,11.125382656991574,183
2,74,4.996662813110159,56.77899422637249,7.923993258371719,106.63176781453511,21.790292746344406,11.456295697023435,182
2,75,4.812330616551347,56.83713966773547,7.602620670413442,107.57749257580232,21.00343578501944,12.572291665387452,181
2,76,4.457156717579218,53.86921426132365,8.419022361420842,102.88959268345221,19.18227846536896,11.705155010470886,180
2,77,3.836084897733672,52.531413120751644,7.9921556576975865,105.18215325030826,20.047189285702267,14.244801776189222,179
2,78,3.9268117671952054,54.26608271319087,7.612648958715775,102.56656221839913,21.30563960049362,14.565068156552464,178
2,79,4.513288332560279,55.335058528962534,7.547357673633791,103.72158375533424,20.661508346863357,14.01480702965078,177
2,80,4.7517967885768915,54.43590698648871,8.119522018437053,100.91410330015663,22.02787469761369,14.891727970276602,176
2,81,3.8757333681450086,55.41893534331726,8.393541494963676,99.61964803712274,21.26610216826646,11.848620121118183,175
2,82,3.7192852541803796,53.785053273601385,8.46770066023595,99.13536231413121,22.21039028248352,10.475957600200735,174
2,83,4.072241369456843,58.635356331638086,7.674227641622694,99.42818420917789,20.929077430767368,10.554464398088692,173
2,84,4.3182268457287964,55.56285514443636,7.878506823685495,97.15395468888296,20.095788643455293,9.684487940191955,172
2,85,3.8747143569229006,56.29679049327018,8.245762160963945,100.05811565751706,18.863707754774257,8.67793787711419,171
2,86,3.9854369258237106,59.0285261072787,7.716989059378253,98.22408535347185,20.243751749324957,8.201307418244701,170
2,87,3.8341645166403406,56.8993068280304,8.148757386382687,96.43874473481591,18.557147503332146,7.801687951408783,169
2,88,4.081386424079744,57.12035711471769,7.80977422942416,94.73199610792277,17.31039050259619,5.166898948795197,168
2,89,4.45486491501386,55.509639675992624,7.9312381766359765,96.43730821136616,18.257630105749055,5.766133670867382,167
2,90,5.061456440012824,60.349879997938096,7.899165263506637,92.58101678434682,18.089511788460236,6.289400568294187,166
2,91,4.474712088790478,58.4242939494465,7.963357615944097,94.92204066640402,17.261957782755378,7.720346691645739,165
2,92,4.019865289578492,61.06982666434676,7.712421456624975,92.21253505154534,19.25620643080509,8.708271431282624,164
2,93,3.80131445283517,59.48107631060308,7.981893887451941,101.21585686399945,18.549336999575527,8.337103208038767,163
2,94,4.1595939412257925,58.860904403469085,8.150734205131307,94.2809692293861,19.41903337002384,8.990999540843319,162
2,95,3.8127912782442093,56.78163029941668,7.630004750425341,96.31020937830688,18.627326918434214,9.972755020479124,161
2,96,4.906362384825004,57.73439501085766,7.702474602071515,103.09785124508561,19.654812242236545,9.055129440233653,160
2,97,4.967908978817426,57.7597535868966,8.069215113255641,101.30394821456461,21.00505751257458,11.323353766915671,159
2,98,4.440828901646142,59.41004754365621,8.479358864586203,97.83722553924828,20.368693825659708,11.185845788230083,158
2,99,3.838584411211681,59.6232549557609,8.037222965200957,101.00713683139749,20.583860074622326,11.872581434359981,157
2,100,5.0802032705900135,61.5876751900737,7.870280910298238,105.00103214408023,23.394912625970385,14.248859852539962,156
2,101,4.982294654898425,58.78586923656192,7.691539425691769,104.69414383229345,21.699663827958997,13.793347755747885,155
2,102,3.9827345157660767,59.38070089478369,7.824683712422805,101.1182615131717,22.190906035948732,11.845673549500574,154
2,103,4.8395230316270785,58.13170000831333,8.378726302365564,106.0813764361165,22.175745524656776,12.27208561346555,153
2,104,4.397916309323322,59.491151349325534,7.9859692716201645,104.29868681223964,21.39963994061779,11.154038563223533,152
2,105,4.968614269780106,60.6343806485725,7.7616740238889586,106.13989632105532,21.61494234251167,11.170811971461585,151
2,106,5.095807535645233,56.44411834164868,7.937018176953201,106.46170113694266,19.826665086972035,11.857354426925447,150
2,107,3.6335372830993187,57.42589001647076,7.579275208565577,111.99456459496139,21.909133353141932,12.610116153690361,149
2,108,4.865883943789522,55.17716284659857,8.19973410535822,106.73374036554378,21.342665339876874,11.219735627775998,148
2,109,5.1540179368426315,55.50318465647984,7.7943545754817825,110.23998600446043,19.920720925023215,8.556397488888722,147
2,110,4.2202766181580555,56.25043156634748,7.9898057431022265,105.4178858854686,19.398110144595037,9.197397218269685,146
2,111,5.07833357926119,55.53986175842025,7.7324945619007295,104.47358847412477,17.86449037179095,5.69241586508913,145
2,112,4.290919131906447,59.07075974812377,7.680632033388074,115.06649531025958,19.91806582513631,7.631892912321872,144
2,113,4.581283390677442,54.701615028107334,7.69929847741821,112.3468222493319,18.506886762259388,8.421640499354616,143
2,114,4.490148496531453,55.027573284622044,7.738002739152791,111.80016090363922,19.343598557628123,9.73120889465044,142
2,115,4.989545909862292,55.837931267999934,8.254460334088913,112.47007249432033,17.367288260975332,7.2034092948385915,141
2,116,4.51483296261146,54.561307521994834,7.443593462753867,111.61304015586406,19.612286850233186,5.882484487383881,140
2,117,5.735864694330988,53.459963160238864,7.800315861678041,107.58142180805807,19.066978458238452,6.185061371984921,139
2,118,5.254156036775815,55.09027305643621,7.734851507219056,110.46620186486359,19.587816901644118,5.40453078896458,138
2,119,8.289603012622566,55.08647043287874,7.834670932009697,106.59558927258689,18.542888041192388,10.203781417631276,137
2,120,7.402673620482918,56.857594705434096,7.788169610147048,109.68153937190831,21.051012016824757,10.758336138673494,136
2,121,8.006864311019548,57.334351926025,7.641335862538416,103.61448714184176,20.17067028061406,11.264413882320946,135
2,122,7.433235243304232,58.71270077795489,8.035344968650934,107.4761508329626,21.120975155696783,11.739950101647333,134
2,123,8.667226313594597,60.089696645967685,7.617773124120851,101.22401040221732,22.305846928480076,11.547725497968157,133
2,124,7.722823937597765,58.0192382977129,8.000420221705525,108.0058728476935,21.677394352119926,11.181901210691615,132
2,125,7.15957216940418,56.451017564360725,7.747439326976618,104.52290745338613,23.922176147168262,12.547635802910063,131
2,126,7.476097869778007,57.81690219303955,7.910310443975035,101.27071394460724,21.111260725376745,13.585757745862809,130
2,127,8.845690444650634,59.07047811255985,8.007737384855425,103.65150808043488,22.222457623300784,14.631527373951844,129
2,128,8.222082182965249,59.46424568300665,7.2274317812724584,103.20722355650437,22.268463749975567,14.142798637382707,128
2,129,7.995544867807737,58.68760071091949,7.543566598538489,101.5988797382842,20.620809217388537,12.165741591882524,127
2,130,7.6884358109860855,61.985305624216466,7.391498846049339,95.85393499569783,21.43955017864878,10.227157434297382,126
2,131,8.150087194590427,59.54373357927352,8.15440705285967,97.33214422076671,20.81850732670374,8.855600010238318,125
2,132,6.893098556275378,58.45518351433614,7.924741402723807,95.04826212666006,20.87399428718972,9.614012869866121,124
2,133,7.08769680536178,60.27483892835645,7.995370950309388,98.04163318933958,20.736618618116466,8.702278961169725,123
2,134,7.59569922405109,60.603233369764446,8.072280315876005,92.9844466077141,21.34246938341618,8.084659123624125,122
2,135,7.776153671576239,62.17613819876213,7.294560382210554,93.56464524606422,19.944751554013234,8.675073871152227,121
2,136,8.327717317801536,60.39085553566406,7.789539997575984,97.97685324488938,19.988288267414152,6.5880221046124126,120
2,137,7.456369822925799,62.21479675152233,8.044149535876054,90.25628686257251,20.813703814242576,8.015261000180722,119
2,138,8.176374382118043,61.423723872911076,7.922620182896253,92.04923737955113,17.702032195021975,6.397279543893296,118
2,139,7.52764977368151,63.47538048145958,7.7557661206575625,94.22232963683425,19.099229716683354,6.470815760830413,117
2,140,7.824973916905927,58.857390964704706,7.951013506707293,88.74304610828526,19.571468379956542,7.046200528053974,116
2,141,8.85350947519591,62.08722303587736,7.780270481270757,98.59966127478313,18.239133454800104,8.384499435107141,115
2,142,8.191008376239763,60.90675706393641,7.888529902181467,88.01409868013356,20.205053782785665,10.505951870628918,114
2,143,7.726397642943754,58.32048910196843,7.935773058235454,90.7678045183635,18.157358177021898,9.27827953756706,113
2,144,7.938625574830503,58.69278268006332,7.617003873743308,93.18802587930114,21.62994972716655,10.156816847468152,112
2,145,8.429211860038414,60.32051237938608,7.933973881238593,95.70983238852881,19.85737447951641,10.40476203911765,111
2,146,8.49414418058881,59.07729537790065,7.368712406673004,91.78223718619512,20.469265752550946,11.651755673855181,110
2,147,8.54178892982424,58.99348127686801,7.727567125568138,89.91581577317666,22.578474562839702,11.485708567248043,109
2,148,8.605706144306481,57.11621963609998,7.571066930082142,94.55744584228196,20.647954141035783,14.09140819899499,108
2,149,8.404991922713403,58.39709405069647,7.9091280363763525,100.14242655785972,24.542177742043272,13.658408198105079,107
2,150,7.357079833832412,58.66148191784615,7.326529882503581,91.17889112999042,22.679130838864445,13.864200275021037,106
2,151,8.504213233103906,57.846430053168504,7.525616428847669,97.52653197685959,22.437343076452613,12.885227903752279,105
2,152,8.576781342406102,58.699876522249276,7.761523418271266,102.77978399715579,23.610797721103868,10.825844296136713,104
2,153,7.807945520470787,56.85802628673288,7.62851978873647,96.04379563290728,22.11253744116147,10.306970280436465,103
2,154,7.527676729000948,54.42348639327277,8.379649531275104,100.36943066089032,22.145236644406584,11.29344886670139,102
2,155,7.26282681241711,55.225216535811555,7.716760030108377,97.26051002956132,21.409953185611847,11.641291915093907,101
2,156,8.061484516460467,57.295776299035246,8.087834913940045,102.49750477787461,20.698827040832295,10.88152243691737,100
2,157,8.615858131893052,59.05007831929503,7.974993103387418,101.82393609760665,21.2066224263297,9.060447363753592,99
2,158,8.976793216533997,57.785325787159714,7.439726860906215,94.97176195522773,21.021710888127046,8.14243344455667,98
2,159,8.407925420398353,56.013686084127414,7.665490237961001,106.84297894915667,18.935903762050447,7.064423449799704,97
2,160,8.504406660800827,58.48202417915825,7.4570297798672085,106.15240968421756,19.112510443709095,5.894244251506153,96
2,161,7.886689666483932,58.02331642785093,7.591304326268859,106.05787748224856,19.207437077388388,7.9047808358114295,95
2,162,8.65492942786545,56.89793069071708,8.060342443980298,109.95422704079911,19.809171999328928,5.946432947660044,94
2,163,8.74175819492739,58.64375213903709,7.46456703895844,108.596251504005,20.258551437578678,7.217681622724754,93
2,164,7.956615564344169,55.55549918203387,7.7549767586314555,105.5964245124967,22.24184644380472,8.31065506282882,92
2,165,8.794118092376758,59.01640911341075,7.1215088364191175,106.4347861817577,20.62219822919431,6.79080912227343,91
2,166,9.237537885991895,59.91462040999827,7.829982803137855,104.7383679249142,20.50649391344785,7.532827073466962,90
2,167,8.668102695044842,60.52199909991856,7.376727858197584,102.04030481685102,20.350747597689498,8.720634468862821,89
2,168,9.379673104802695,56.6034674314698,7.671669235202101,105.61343572081952,22.462158850769264,9.199928486159479,88
2,169,8.223802059807289,58.59056420760935,7.506192700063898,102.23547509251392,21.876221726596235,12.562924047043403,87
2,170,7.617614107574365,61.918472661068016,7.481359782867863,105.98926891065778,22.614669543424146,12.787395178101399,86
2,171,8.82971395340072,60.30714066582867,7.362487122111608,101.64454655488494,22.605915327550477,11.015444360580807,85
2,172,9.112812065470234,60.02655512255902,7.2119095676471945,101.39771795573951,23.418569113709292,12.054108069669418,84
2,173,8.486244949984885,59.39356982343005,7.234973494133991,102.73759959928869,23.519561755715774,11.139423996059712,83
2,174,8.885994785859111,63.02845959436999,7.967991262640324,108.31835159160856,23.48883506076917,10.39675649191395,82
2,175,8.521141467354758,56.854911348330795,7.292597348949366,102.59809777829072,23.090733526528314,11.884678362068723,81
2,176,9.849776424507438,61.89432269644907,6.98382028569792,95.00437705498204,23.053497943731884,14.471136517819474,80
2,177,9.48398698227443,62.014095502433406,7.288786823691531,90.13370393520056,23.127030121786756,13.145626502451696,79
2,178,9.02489547063316,63.29222158900193,7.861357995354002,94.83681269576506,20.532873551197994,10.892220154902978,78
2,179,9.323418454515792,60.80282763810954,8.072142551988708,98.49537469929163,22.084245020061264,10.384764509696469,77
2,180,8.372078392872185,60.74499402309239,7.82799074927714,92.46696161831122,22.733897899396215,8.247296014995626,76
2,181,8.997572742385945,62.862954207783844,7.663581722419698,93.74619886974729,20.907584692443457,8.174910676952393,75
2,182,7.58234050937034,60.49879669858835,7.691984476556447,93.60085869426527,18.959028117791306,7.320954664441476,74
2,183,8.271513623856912,63.29621460934301,7.694265544777722,95.68809141170529,19.376471233479812,9.05180097421704,73
2,184,8.59793848777233,63.91363436721805,7.674530555012441,93.76576409697893,20.62134523807111,8.645562947599904,72
2,185,7.410517931252695,58.84438434239657,7.516297637281043,85.55534195865658,19.69855684420851,6.823542294908109,71
2,186,9.0396246775563,60.94584669556019,7.438251308432163,87.92160968098705,20.52514944135438,7.823677125862789,70
2,187,8.102364654817253,60.49903351546935,7.354119339619616,90.4935354610961,20.446892935188504,5.891460200559292,69
2,188,8.8228478250027,58.59363789832118,7.527872130666429,83.68821217322687,20.169070980605138,7.280618481325014,68
2,189,9.279645868456766,62.55252030470009,7.967532985866592,85.71537925500611,19.984624538216423,8.616014546732295,67
2,190,9.402280404000173,61.51639078560672,7.533661397041878,93.67676201087372,21.428788832174003,9.87785438100223,66
2,191,8.171601517547707,60.49750570433532,7.512871380099137,88.45126648120974,21.68702435027937,9.698654281149485,65
2,192,9.250176264058931,59.06535435164698,7.552127455369732,82.44517735684778,21.905451070641803,11.074405025147389,64
2,193,9.656279916418793,60.09306379377589,7.051062517489529,84.7035262536291,23.313002917421223,11.08913886619309,63
2,194,8.522935228999383,60.31415092229809,7.852532518719544,88.94544987253157,23.026713696041273,10.988288301571162,62
2,195,8.39084116427587,59.008694719616635,7.121885736046153,87.27569319848651,22.563027238729532,11.730403332162744,61
2,196,10.227169061078381,61.169026240259235,7.671159663662508,87.87640505503342,23.061862103631537,13.057002923603457,60
2,197,9.452502672821405,58.879428188961626,7.261260887875184,90.7386803160803,23.53139508398889,12.441232415901622,59
2,198,9.717501556633255,56.97038936564471,7.374859791548411,89.9472389464701,23.790647411413854,14.057452518123535,58
2,199,8.660449965599485,57.7182091414193,7.064228739999145,88.48955096441287,24.975779893536078,14.06291958170675,57
2,200,8.923998077059212,59.375623114030596,7.383057789875645,90.21770907608638,25.200610675020815,13.561310677455758,56
2,201,8.805467055733095,58.28415966126138,7.331966126967393,92.09001567592874,22.828229533279526,10.98109735091663,55
2,202,8.629529734459627,59.91378034784678,7.41680820217818,90.7090832812082,21.99012688679197,9.695464297838749,54
2,203,9.805547483052901,55.494081753085425,7.204796640577849,94.5713781352375,22.1279004182635,11.309710489908301,53
2,204,8.52764106914397,57.37498920967985,7.183160728933616,98.33743047312056,22.725698971594433,11.878403686316439,52
2,205,9.014112634173364,59.01976987859584,7.5070683486719965,95.29672182642474,22.773149834518044,10.32574826381026,51
2,206,9.86618906146465,57.169859150411234,7.133666594498391,97.36264651570002,21.19349654219553,8.482091470550696,50
2,207,9.393939210977997,60.08610156664262,8.130831764438383,91.80203148879905,20.399793991029867,7.1141753222969495,49
2,208,9.455397901651017,62.85261763180697,7.560047395614153,100.28784551991811,21.480973153456212,7.346701511428159,48
2,209,8.587131630773522,60.24639045403178,7.241739201947075,98.91420901326916,21.595373617241645,7.847906626735557,47
2,210,9.62215098874162,62.255527131288886,7.175912970160227,96.7546262826019,21.97833248465928,5.805260943004071,46
2,211,8.639053704743679,61.51917955941695,7.247376206026719,92.16223951279648,20.38010217507161,8.211974341888888,45
2,212,9.189146808267049,63.443871356047644,7.0626940761470065,101.19263559548027,21.519551839264842,7.613536392869691,44
2,213,9.782492742876451,61.379185189108775,7.008406960367183,101.7815896995596,19.820387072594322,8.606994256345606,43
2,214,10.101021512956443,63.33383792884186,7.092815101069964,99.99808904647533,21.680069101783953,7.73086907373731,42
2,215,9.30796095413315,59.05646510605588,7.631967395262776,96.46598313578208,22.889071443785873,9.410882477071752,41
2,216,9.301588457815525,61.796590648807154,7.567838938284819,99.71949407002133,24.065525541814363,9.928935632079915,40
2,217,9.92971884908454,64.49318341747062,7.953148762345461,98.27239817907822,23.295215716780532,11.493595128020477,39
2,218,9.570085070713128,65.23754049630664,7.748125132925419,101.13398636942966,23.136093397702822,11.211147572099524,38
2,219,10.12098803605702,61.60244800310409,7.3672490287937835,101.16178612263792,22.305562123207107,13.147619166904391,37
2,220,9.109047572893315,61.59804622041893,6.848930551067482,98.57735632485131,24.201291436514023,13.935189547266354,36
2,221,10.439793432040311,64.59490717193991,7.487424327893305,97.50966926215695,24.777549234177084,12.978595467801506,35
2,222,9.960589951592718,64.56559939698215,7.625962420364502,100.60506483719746,25.233586680791863,11.685085959272385,34
2,223,9.941795584820337,63.05226245665322,7.372354827132253,97.60860785296317,24.435040715979294,13.018741356823199,33
2,224,9.850894412320212,64.193864858739,7.450728510866405,98.68688610471662,23.109526349832354,12.491873122771281,32
2,225,10.127818203524367,61.53112483712408,7.415315885757586,96.61191383596689,24.403142969074125,13.116180501610692,31
2,226,10.054995118030698,62.70892045402327,7.2612051950620815,98.41441897065064,25.251877830565473,11.369103950063334,30
2,227,8.98349640446881,60.81065816874427,7.177120859417881,89.53809716615206,22.96084763994803,11.113708688543761,29
2,228,10.180514416447306,62.03447070044512,7.394700573277538,94.22046497850161,22.055590923824987,9.32831528604971,28
2,229,9.14509614121469,62.60533215149449,7.627616368654751,88.13762262009558,22.16315095838559,8.942979304689992,27
2,230,9.81563126249269,63.618683041437954,7.472590462570331,89.36069362078867,22.140897037510626,8.128419762893214,26
2,231,10.33611226119978,62.247366064934496,7.353525068635971,92.1538386379986,21.342953326827327,7.977928901400704,25
2,232,10.446888390634658,60.98358006459501,7.522236240972018,92.76564720619066,22.357409106652913,7.824760785725885,24
2,233,9.395694016771841,61.82649172857568,6.849423341624353,89.23724022711725,21.954975159418808,7.5101490326277025,23
2,234,9.832353090855293,60.36584065061541,7.467384233291417,90.48129189352935,21.161827750493618,6.981344325388123,22
2,235,10.021022201257477,60.33416706529998,7.212717056102486,84.93619052195919,21.550458424878293,7.600370502676078,21
2,236,9.292530361143864,57.64243736064758,7.298328372565775,91.58821484986649,20.204087796714163,5.585027917679472,20
2,237,9.791427209311134,58.687377512978905,6.60700405251915,82.22136465576722,22.325805201104593,5.816244633767663,19
2,238,9.724585181314973,59.67483186843492,7.340150544061191,86.22253445391021,20.944423799105984,7.520947224855205,18
2,239,10.778241092239313,58.32814355791141,7.3572124722977,81.5787237303646,22.445689663843293,9.820013483066932,17
2,240,9.021223838855194,60.89659083869315,7.298997084296283,85.9846111121016,22.6729246689627,11.714182819020925,16
2,241,10.27004109595113,62.794631680803064,7.033738142730389,84.07776235756546,24.012096046102215,12.187345066281571,15
2,242,9.698907361170345,61.328342863256715,7.079927623748158,78.96239347125695,23.486165763022118,11.552899827167247,14
2,243,9.930347341422149,60.99526826962313,7.153414413273228,84.9917060878368,24.217029392240992,10.609237848672096,13
2,244,10.630390067921093,59.058847534548235,6.8027868833282366,78.9347335240638,26.02057665259372,11.90005421292268,12
2,245,10.191417257957786,59.4289795369044,7.4919045261432355,83.42130816177827,23.128822557883566,12.975025942468978,11
2,246,9.925340858122652,62.10068013416485,7.400713919592456,80.00985498044047,24.885486830043167,14.014023734172397,10
2,247,10.410999762185766,62.022125553991216,7.474315929690051,83.23734724373922,25.608502558759827,13.388410356662124,9
2,248,9.717923630154806,60.1882377470172,7.517987402455867,79.51713921351438,23.989711803117046,10.99653471618933,8
2,249,9.859914511055972,63.11279585057183,7.812963724408747,84.07366519802682,24.423025874690254,12.311398841107348,7
2,250,10.182527221307753,59.30755419463135,6.971703869246473,88.19551507982031,22.753133724952274,9.23559513354606,6
2,251,10.468032186791346,59.21211065628123,7.248132173788705,84.10184219147513,22.166931360143124,10.67644984777606,5
2,252,10.230695860375082,61.12334137742368,7.124097402866491,87.74592618205725,24.13261029616965,10.60955189090855,4
2,253,9.708057840480993,63.1663708928029,7.164209242361828,84.51771679123675,22.718148451263158,10.218731804801006,3
2,254,9.81406154446505,63.11159192875857,7.564106992368047,89.51500649969424,21.393855117474295,9.795785654240788,2
2,255,10.561236509543795,62.804910801711856,6.786502521482845,91.41594180322306,21.945520187970406,8.494934603931986,1
2,256,9.90125522637625,64.56382832605142,7.2458823958423055,92.89054804377555,22.807974948267766,6.400852638469374,0
3,0,2.9966016812246377,55.2021587795626,8.114207169774104,101.46007703174652,19.88043193112931,9.501030479746625,151
3,1,3.6887448119065738,52.22684080820715,8.350139537399485,94.24562886021191,16.92334293160745,11.657670384232718,150
3,2,2.8026870224499674,53.98889676288138,8.588273312795012,94.22660004426407,17.52535405335949,14.260530572854057,149
3,3,2.92398969466933,51.799670044942374,8.528823314605985,96.93919782640107,18.232596147566717,12.002223291896785,148
3,4,3.377325973136685,54.831034775821976,8.734427791740904,97.07878443908993,18.682462385922747,13.786055602095548,147
3,5,3.6406604967376106,58.03169119771179,8.868879331384505,102.63778081955562,18.261904911403246,12.221655890363731,146
3,6,3.6882163904045795,57.121123523108146,8.826358752029922,95.75509685871651,17.794747107418026,12.592521225060615,145
3,7,2.8111054805636804,53.39616089131656,8.460167211832049,96.99727707711227,19.997445933828622,12.25758664581711,144
3,8,2.7896203870941,56.04776580517398,8.51614101755178,100.89940547667322,19.410763348382226,13.14866538844572,143
3,9,2.957435605799751,52.91740796866295,8.782758830251806,99.52194801163219,20.790970124286172,12.19519403488585,142
3,10,3.874977684885164,58.215655394736146,8.386873704218626,100.7876672304767,20.276586093863113,10.57330156624973,141
3,11,3.9267944588844794,56.65957005552812,8.15779170661076,97.85569790383704,20.77785850642564,9.931490210382872,140
3,12,3.6992468647888033,53.30632077184974,8.164234767939469,97.87024163379279,19.803398983091586,8.55806310838011,139
3,13,3.7417050981438575,55.77817387271657,8.298181453086617,101.82120073584949,20.385014803607802,7.896323013002389,138
3,14,2.8227432275057147,55.3417615541299,8.379555878378358,97.06953935590253,18.864504909325728,7.91848432597157,137
3,15,3.8639241385907175,56.510476091675976,8.26118033590295,99.13489349870406,19.973386217725928,8.932317489114304,136
3,16,2.974462599818681,51.90665308160736,8.572922505469883,92.89546774303444,20.338434136297348,9.24116424665088,135
3,17,4.231406513415775,52.416877875990956,8.589949071858522,96.85595158292057,20.495643247000366,7.1108055791819265,134
3,18,3.7190584010730943,55.451465391334885,8.298542914288818,98.29848360485907,18.70669998158042,6.6489752991458895,133
3,19,4.056597594671893,55.625866979979754,8.371706515163451,94.92374428531842,19.43335130894595,6.305534159220834,132
3,20,3.888131681820981,51.038892294972754,8.142966665969038,94.76752459102231,19.980329272894647,6.779161759766453,131
3,21,4.014721642672708,57.386810899855604,8.477230022780484,93.05456753510403,16.974162391454808,8.819357263926884,130
3,22,3.5584592359807976,52.637964976232595,8.31204204105582,94.0088063808901,18.05233861404321,9.805567127746539,129
3,23,4.09209403503036,55.60353482259051,7.915196665001377,86.28609128345511,18.902127476792028,10.22685630715417,128
3,24,4.206603266351954,56.778018009503185,8.06343151757207,92.89350307112477,17.9777416967167,9.733920449512228,127
3,25,4.403628280962256,59.507523979689694,8.239765375981555,90.97639387947797,17.589214300332802,10.214866086230973,126
3,26,4.635286331855526,57.808033331187715,7.877867894808598,83.47312473185818,18.71110459523117,11.059457663588844,125
3,27,4.6662767665056615,58.13317565697905,7.800424635237673,82.88682273945817,17.874307814630257,10.478236745208923,124
3,28,4.624540163303012,59.703202812629954,7.916069022627241,85.49139179762997,18.53564744699061,13.720057221920984,123
3,29,4.227638618733704,59.5114852159172,8.316693596222878,80.13132131826659,17.074404298648314,13.29435325602639,122
3,30,3.9685573219414114,60.157207640663,8.122923933502694,82.19702846910403,18.36012699035658,13.088869236322225,121
3,31,4.182047016861838,58.59145045234666,7.653571648107828,81.06361782291908,19.353789523152543,13.414963878222448,120
3,32,4.339866195962197,59.56731179959576,8.282693720822378,81.69459439292562,19.251427286362514,12.481970771401313,119
3,33,5.237571597132932,60.12654113803824,7.830418886899675,70.25126334080537,19.614286206606003,11.260742339255195,118
3,34,5.418341592114869,58.82235267742018,7.83098818459873,78.98272531203358,20.306741536555876,11.554577168772047,117
3,35,4.548885997424793,60.854579925467554,8.288003565208612,78.32571862587608,21.429350936363868,10.80375687617838,116
3,36,4.434085158128973,61.44014950279542,7.7452756263259275,76.37769215980462,20.444748935182552,10.473901719450893,115
3,37,4.27013711040462,57.11287734123422,8.175018031906827,79.05901100467904,21.019478785416375,10.21500231651746,114
3,38,4.837247558053786,56.88148066642239,8.240856188655535,77.26189803335605,21.462657348790465,7.74794548061394,113
3,39,5.424996869795499,54.970451199879946,7.869791323651147,74.05637258179718,21.240076344685804,7.532073609632867,112
3,40,4.741714131350358,54.96051256581702,7.69876691079526,70.90512353724058,21.23934210545545,5.886711823256892,111
3,41,5.9473396027302945,55.51735320243597,7.7696480520521805,73.56515489319601,23.147609194942692,6.212823592043676,110
3,42,5.606683089051683,58.67557402803034,7.807161688900847,69.35183809028428,21.38409372131175,7.296970991913921,109
3,43,6.0257981323764875,54.81926292408753,7.786138105950403,69.76314817911133,23.344395397071317,9.016024430544542,108
3,44,5.164207582881405,57.19138499329573,7.997709581952499,67.80341351524663,22.7006272308255,7.396289101267657,107
3,45,5.988573174868231,57.83146900781519,7.180066160485113,70.3523224597637,22.686484936013656,9.602645589173129,106
3,46,5.148206290887538,58.792509939944765,7.629134351754317,72.61819162028895,23.421310129326393,7.860621131738815,105
3,47,6.11943776709653,57.00517373342915,7.859975686465296,69.7468447816024,23.597890266132065,7.628931019143459,104
3,48,6.564867778916744,62.14681170302103,7.545121207589339,74.19218968522405,22.06691381328795,10.137939856351426,103
3,49,6.628841133347224,56.37871859162306,7.986818264546531,75.1985984474739,23.01230898810922,12.446244992705859,102
3,50,5.721654588554843,60.992574809189996,7.513703350954681,73.16827328349025,22.513451760471785,11.687919319014666,101
3,51,5.618001507788808,61.68132174074737,7.405199385212975,79.18007788846013,22.093523711608874,14.097421605067744,100
3,52,6.048385768475158,61.0371915205206,7.644332184818656,75.70619408157216,20.59955138082615,13.154591734480158,99
3,53,6.989198871072531,63.29939600233782,8.06092173229846,76.1763855757164,23.380768882973662,12.770025564970455,98
3,54,5.595191610912858,63.765866811543205,7.56548028501935,71.66685090180658,23.252881299835504,11.451809435922431,97
3,55,5.592640819342668,65.32068651262513,7.794294618838555,75.6516561090294,21.02989846025163,12.168524799049633,96
3,56,5.399724523381693,62.89493277544665,7.2965027460396605,77.11326727833365,21.928810267736484,13.62147682352902,95
3,57,6.5430836350235655,63.63171602299742,7.683491719945538,78.95006844097868,20.66717646134065,13.129092427786285,94
3,58,5.720060937170762,60.886048785713186,7.501005700449855,77.08845124750603,21.413841750031075,13.322518012559025,93
3,59,7.239113827511484,60.2517895731566,7.5285431578178885,74.84071968085638,21.03949752810324,10.779423690855475,92
3,60,7.538295793527743,64.8598041201993,7.618188174260288,78.14994844977662,22.9707286292852,9.859436632453244,91
3,61,6.723957110467164,60.63151926749778,7.664951557766195,73.82215411536181,20.232096723335488,8.660673763778513,90
3,62,8.063644158789485,61.26418757257288,7.629831175259916,80.264367099026,19.840072766990843,7.1141295637991036,89
3,63,7.058822300383996,61.51818735247083,7.81785128203572,74.39846631235795,21.344974453463788,7.731259633396172,88
3,64,6.7648262678037385,57.034683473563476,7.5186340080653205,75.01539303774366,21.521429692238172,6.6174010010434925,87
3,65,6.832055879259382,59.4597498770289,7.644352226539314,81.83301424094483,23.937193657326794,9.232152933121512,86
3,66,7.8848688114263465,59.51807226084159,7.443235622962917,77.10184985193712,21.415842787444184,6.653153057291084,85
3,67,7.640700336100241,59.552733978932594,7.513881637454695,73.89716742958883,23.89383029084462,6.383167838573219,84
3,68,6.305290527890186,61.813008929888596,7.5193092315013015,78.51147207620797,23.20128735457016,5.893901262080804,83
3,69,6.456671765920436,60.53160359621531,6.889832639440613,78.72979475819228,24.656671413507414,8.64472559564181,82
3,70,6.738621551632952,59.217727580413964,7.279050304737328,77.3493915388604,23.611702164860084,8.923189909294345,81
3,71,7.253848183230926,64.75593976485203,6.8291586680949585,77.25903723578001,22.067115814709183,9.87320634696186,80
3,72,6.977723523894455,64.96057113761425,7.303314299598056,72.00694491022796,23.106563781815268,10.051776823854713,79
3,73,7.322100943035897,63.91634143829663,7.157119733896234,74.26364917466866,24.932881435517658,10.899067554610838,78
3,74,7.3704349689911695,63.04353496893552,7.647193947554474,80.8723588055286,23.84725486385909,11.917754683114453,77
3,75,7.299221653398071,65.07683640041124,7.307075282906905,75.25874844535734,27.453900539124852,10.835632099664169,76
3,76,8.997089769728486,67.47189661797034,7.122785807575542,69.20738657701172,23.5411538571518,11.813176576540869,75
3,77,8.725002454681476,67.71011537971799,7.351205484860201,71.6111797159273,25.018873657241404,12.252111120306347,74
3,78,8.983637853622588,67.0347324429097,7.556700500872213,71.74078580388874,26.36155457929926,12.576256761537627,73
3,79,9.01131831449696,66.37446717275205,7.12956529742311,67.51607109660398,26.114633568173332,13.356582494528336,72
3,80,8.215356343250859,67.92044361985805,7.39188369374948,67.13154379687144,25.78346855174064,13.658594622592087,71
3,81,8.38496502818412,66.58534241383987,7.234877328399853,66.08222886898093,27.819286227443005,12.706456857721824,70
3,82,7.944875586593287,66.05393831358677,7.315680968050888,69.28495756264672,26.517120376904202,10.383709493943764,69
3,83,8.562131346512666,63.8773971541748,7.316301278353395,65.85728673261052,27.543655948069382,9.711718795239081,68
3,84,8.067252405184687,64.99706978265257,7.487438960373894,64.64218097751223,26.02973753169784,10.318544608007441,67
3,85,7.8458136606192745,65.0270204010351,6.882458924380905,57.66327624364931,27.434125381711056,9.825650117406536,66
3,86,8.343312650359374,60.796207540908114,6.954223670375338,60.584416032327724,26.533591254438576,9.534602384224646,65
3,87,9.242901182290838,65.96492128113796,6.768610761628402,54.9275400535719,24.55894600130485,7.064377296321749,64
3,88,8.93550995111443,65.1776757778639,6.85763498660043,58.06343594624981,24.823387571493555,5.0968691105783375,63
3,89,9.268808975916885,64.44084372334368,7.366240329975349,54.50929059047627,27.00486008725542,6.205465875657326,62
3,90,9.056479729355084,63.93402258482832,7.097613790304023,53.72397462181318,25.710575913392777,5.038296789211651,61
3,91,8.669303194921135,63.84439596837434,6.839136071472072,52.85200300546822,26.686121688124523,6.879139798769049,60
3,92,9.469305091504944,61.564327310130345,6.87783615769022,62.42711933042373,26.10948705913517,7.887013109308767,59
3,93,9.338064690834228,64.1469652426538,7.214276032344703,52.93902512570476,24.119094938899426,9.297958910743644,58
3,94,10.029860915948374,64.20976937360146,6.5001641118856,49.52933465678947,23.926461185772723,7.992193209161148,57
3,95,10.130823843235413,66.09130852604262,6.7377710348140285,55.412038277683585,24.9225925398124,7.9290000502034506,56
3,96,9.386777299890078,65.6048666429999,7.200230285735924,50.289367145618236,25.13730678726814,9.454162072061347,55
3,97,9.677356555575175,65.63063895835853,7.252123134951925,50.63208217015172,24.25463724873252,10.280525712769904,54
3,98,9.250982777450716,66.93775274464016,7.076871282985871,47.7771037756159,25.486801216068645,10.984533305890313,53
3,99,9.35086843061452,69.14671668981745,6.4092397348580645,47.0205723595186,24.831871816142282,12.55756846039807,52
3,100,9.574749469748777,69.05908967601012,6.761328048938755,42.936250233917384,24.405305463749347,13.36621050147816,51
3,101,10.191511072973379,69.20641535214652,7.261039390876927,50.347327689842146,25.577941792506856,14.77556567893543,50
3,102,9.767968558321492,69.1122799233418,6.773566603820386,49.797339688939445,24.88352079537524,12.432052107798981,49
3,103,10.883529332522098,71.89892953683436,6.773939085374002,56.87952157982795,24.318955021240377,11.254268666685258,48
3,104,10.430496021436554,69.05680944636617,6.655913812079799,51.97729016047839,27.619939398593274,12.10959355345149,47
3,105,10.142570313604137,69.44234966281064,6.467911574870861,55.69347880344019,24.387369413465848,11.485185573028527,46
3,106,10.867980376023489,66.26403172621522,6.688759548390976,57.458620571396,25.0276395569645,12.168433059323482,45
3,107,10.076025513218019,70.53814686628644,6.250097109615096,55.138000325198895,27.86027533507062,10.84528126701491,44
3,108,10.204866356496263,67.78381173395763,6.663308796080883,54.83371790479662,27.6479994919819,10.071905832585228,43
3,109,11.284383637382925,68.69677134209911,6.521666805757573,54.50955946513694,27.17074909982302,8.481580808032707,42
3,110,10.041312571923765,65.87427541407982,6.985888232679841,54.77015761701877,30.024682081831543,7.493093761500432,41
3,111,10.703814933801754,68.32592823055344,6.169083484989912,54.91273357496564,28.019659552015632,8.09696465842601,40
3,112,10.673002556694824,68.51468424307303,6.672573443181655,50.64104800015436,28.608924388149365,6.32240423684263,39
3,113,10.580326788605419,66.81913454350033,6.123037827227582,58.5934733201997,29.014967404753193,8.340856700302322,38
3,114,11.524500649136348,65.23201575849033,6.599363923620095,56.67637750245054,29.854957939110037,8.087755501706184,37
3,115,11.547487024812161,64.9011606382116,6.32517595216992,53.53734510704247,30.136720019799185,8.178975370326702,36
3,116,11.539581710654627,63.499791102141444,6.861147333556763,59.47489781752394,30.96938788161901,6.349737634438775,35
3,117,11.29739406592788,69.11470358590879,6.691135804765424,60.76907248961709,29.255422821083393,8.558591317252498,34
3,118,11.691771402711172,69.71442748476225,6.2089796975957725,52.939616788848845,29.747478491742655,8.635537545245365,33
3,119,10.455041812014144,68.54060773451923,6.2429113184403775,54.7864447448562,29.519233182433503,10.307834796234681,32
3,120,13.062657476147612,70.0493332404872,6.538745819653064,60.23192590480759,28.47260102204883,10.840446448962592,31
3,121,13.369237427149615,70.89989567834967,6.2732497961607425,60.29506369070044,29.41544120519915,12.030038227289689,30
3,122,13.141362444577334,71.58322438118573,6.1444750648451025,51.00117240222852,29.985688189303946,12.349823646276095,29
3,123,13.614787635345715,72.23141392469748,6.467345566769288,57.60015424042018,29.64651992151631,11.04570874306939,28
3,124,14.799028140814903,72.05789916827298,6.201161414272491,55.26771542450023,30.81619259800995,10.828853452739544,27
3,125,13.75019107159098,72.98214350231797,6.419771860031646,59.4195484147889,29.42740208594414,11.529371060985586,26
3,126,13.985708083625692,73.23236187490748,5.989432548380829,62.07316875830551,28.07079776323203,14.706805650611404,25
3,127,13.967727094355322,73.22483271679275,6.878596675872509,56.04073730465333,28.37853251966804,12.011920242746672,24
3,128,13.353792843854196,70.54940384248191,6.433380763660112,51.54027201855033,27.918277643920018,13.648044744589908,23
3,129,13.295381220618575,71.96823887639856,6.196355744810111,57.37567183754956,27.99008048000659,12.153458352964167,22
3,130,13.316042384116356,72.21744609939044,6.298859279902375,45.771592642367644,28.381471778647363,11.571107171884451,21
3,131,14.35352984373104,73.54470708516116,5.660418269432017,53.8245194763743,29.14048169824391,10.014987110001972,20
3,132,13.280304048837664,70.9545656199332,6.675505569419401,57.651306533168395,29.185253908838185,8.475797052822635,19
3,133,14.708542258936195,73.75482677628973,6.020198949360666,45.40101427979515,27.39096111324835,9.303961134725203,18
3,134,14.373297726610208,72.25127633827655,5.892700163792117,55.82624637042491,28.74989133632134,10.151059975528934,17
3,135,14.787713994539303,68.66986566465592,6.276638620548562,48.44924346658987,28.331541672231708,9.040528179808506,16
3,136,13.985901331921193,71.73298787470681,5.722253380841885,48.26545524549037,28.164547420887157,8.560129947909621,15
3,137,15.513241362543566,71.20321336603907,5.935268039701468,39.1649278265561,28.008679610232583,7.028296984226647,14
3,138,14.79514844437819,72.45640328611971,5.9743780025052455,42.50893975957978,28.144582209861596,6.036470111340527,13
3,139,13.96590042845342,70.07118698893971,5.9212589422581265,45.11662737527747,28.59156167058184,5.4209998191013105,12
3,140,15.617369382726062,70.85564851987516,5.882091292540493,40.76318756683509,30.44494525300917,8.383113305634538,11
3,141,14.45211814661535,68.81396750169279,6.035179226112134,34.36667337594892,30.649232469488332,8.79870392667523,10
3,142,14.566068566561572,68.55004816340066,5.578516952189856,40.54980216235841,30.868703374740377,10.427799399382062,9
3,143,14.666602975524155,71.67438156471012,5.817453811975642,36.61394655055548,28.1099064555409,8.893168625645664,8
3,144,15.198798995848495,73.40925243393984,5.927329864548651,40.779143219284364,31.98185490928969,8.245001620660549,7
3,145,15.736230822107029,73.43922856127878,5.906355114890407,37.32320644741706,31.39559952006846,10.456745528839992,6
3,146,15.810455018558391,73.65338797138966,5.58897869684775,29.893691534298654,32.30350797656322,11.680851367237597,5
3,147,16.880962203960546,75.10200153718945,5.842420565398905,28.278203448240305,31.59646012214138,12.367007962329854,4
3,148,15.377592481194732,74.9438187326998,5.678664306809205,32.765909227291715,32.25981563857762,13.11829127904054,3
3,149,15.57008641317868,74.22652364990127,6.061598584505118,40.81122050026236,33.68763827144795,13.864343219919045,2
3,150,15.205857993199253,77.7359955285664,5.558200784292519,35.22961359362893,33.609707650626845,13.071691143314764,1
3,151,15.42862958829089,77.91127505652891,5.964783655030033,34.45787364016623,31.87278054781574,11.337395005777818,0
4,0,3.03920634030763,53.94891437279215,8.277483663972031,100.89921162950125,19.795941052051628,8.889669752793854,83
4,1,3.1884700382890614,52.848932905272164,8.295466560607103,105.0022371297658,20.699106775026962,11.274807041380498,82
4,2,3.045130653646881,57.31547045352794,8.486408890201632,107.14982756025398,21.508504225556955,11.969405676617873,81
4,3,3.370999592733006,55.698392522238635,8.215136560228604,104.68604935163069,21.889347611801597,13.370650589059816,80
4,4,2.75693364420645,57.06899764266601,8.062348364115547,106.15363457133734,21.4098052936536,11.228504639317023,79
4,5,3.001265612173988,57.427533724704396,7.981207871895676,106.68114945762814,21.420156399744705,10.574260989206286,78
4,6,3.2076222087116597,55.29070079696967,8.222938479914832,110.18525176094083,23.816245556135677,12.845667924401972,77
4,7,3.401299389704123,58.72702105533465,7.914794369981759,109.4398806850235,24.25825970417205,14.102489626225587,76
4,8,3.890277243061033,57.620518493867635,7.8390637334059425,106.76365685479486,21.92733123437509,13.998507786204085,75
4,9,3.0937656866033847,57.964592969201796,8.125823354739975,108.23767124562912,21.773266365718374,12.98251506106159,74
4,10,3.393342832924657,55.57923813524729,7.829654927766416,110.43629117110261,21.097942850981386,11.246959221794711,73
4,11,4.584457943911279,60.50780128860543,7.989285221673998,107.17397350273458,22.60466947729973,10.17492713056477,72
4,12,3.414857564064447,58.95490050174169,8.059807731591745,113.27835727237078,23.10190016377123,8.709152964592485,71
4,13,4.483179926897897,58.56607770943962,8.127254957313843,107.04695547859869,20.683766462989073,7.481001026647013,70
4,14,4.189432717389645,57.895557651500326,7.866639649082533,111.51167550124705,22.440145161231868,8.510574616816289,69
4,15,4.970667855637625,58.85886723525175,8.14711962441698,100.57517557522758,20.201751158686054,9.690884680731552,68
4,16,4.6311626425748615,59.878108065132366,7.987900165746743,110.31948025388444,21.641374867756667,9.06044622102181,67
4,17,3.287478880708119,58.74118690625102,7.999181786147913,107.89215506991461,19.659781956996603,7.818607232642293,66
4,18,5.075286451565396,59.49005220879784,7.761510439249051,104.55843045110107,19.608294027806014,6.520419693791251,65
4,19,5.402068286353364,57.04086340880533,7.558563408560777,106.38852301586977,20.324826880349686,5.34384508142062,64
4,20,4.740111522605737,55.81935858593981,7.934277686745944,108.45595131757204,20.55634238194107,7.4923026327104445,63
4,21,4.7568018743850855,57.27786424783879,7.721793725747851,105.16151344351287,19.887952316830624,6.729038004706833,62
4,22,5.051495961963958,57.78723315087086,7.895280277216481,102.34910529798266,21.439240254699037,7.567310036116374,61
4,23,5.781764999130243,56.65443116517925,7.671277035803587,102.94806807045485,22.147228891326993,10.148460636016473,60
4,24,4.417913437926949,58.00273990509056,7.52088843337122,102.43464911649853,21.330098255780666,10.095320618090124,59
4,25,6.222648655618627,57.62690443768246,7.215864602432519,103.74319780456315,20.581651485932927,10.05897898410491,58
4,26,5.977557207071177,55.145388665780715,7.037475604033238,96.47274449081522,20.607052912398903,11.105175108641573,57
4,27,4.850077585788466,59.0561748000806,7.644963152252048,102.17551211240254,20.72717441959341,11.770890122492245,56
4,28,5.558689290587808,57.616748770947396,7.284230675194271,97.20611608494528,22.97441809473008,13.12943368799084,55
4,29,5.538865843501764,56.27329800167065,7.389008781648544,100.30868116717171,21.600165446688273,14.552144210916433,54
4,30,5.153581027047133,55.814343462974286,7.554131027220245,100.83270779411788,23.387044300998163,12.960278435675152,53
4,31,6.050666785788197,61.64528904045481,7.387405982382546,96.32241909209336,25.540783043561174,14.730919008099544,52
4,32,7.122423600953771,57.66644429702048,7.330650642632416,94.9207001722005,24.52370482515807,11.481407371314088,51
4,33,6.56028264439778,55.42917640038284,7.81831708010575,95.28472208143107,24.55906129001203,11.394065631546749,50
4,34,6.483052773920529,56.705351714464705,7.253410686040395,92.26796059934986,24.764359674142618,12.217294980510516,49
4,35,6.951995772913576,59.31825118730336,7.466074038353812,96.42892345771146,23.971521494758658,12.079549262600894,48
4,36,7.2056661631076215,58.43455954952756,7.441036763591189,88.21105969803384,23.87646454932952,11.91253328521562,47
4,37,7.459123325566313,59.554549924914674,6.976306121511549,88.9484311705797,25.242584190276812,10.181164124971373,46
4,38,7.43346207522926,60.269303073850836,7.366092557826548,86.2759286414411,24.716309370059015,7.767064236004594,45
4,39,6.322332575445898,60.72144049791844,7.088050175853722,84.56810840779542,27.76002350966288,6.589378822637512,44
4,40,7.280649806298943,61.16907860391578,7.413298336508182,88.94045319829964,26.85840092967627,6.17363946541882,43
4,41,7.568524516526446,61.4295959219508,7.139285336496611,84.25981582396737,27.215537660382534,5.773068072747694,42
4,42,7.615229313900539,64.59347675376614,6.9608914177909895,80.44381763356114,26.303739652110355,6.425868584190337,41
4,43,6.811280455261272,62.11011178075477,7.680645435821144,85.70897611763998,25.544981435800274,7.695375998090328,40
4,44,7.266620883457863,64.77619433394644,6.762562576655906,83.14982406266414,26.173268396623037,7.865247509675013,39
4,45,8.247516468302239,63.88286203470424,7.178409027710639,83.37782461253681,27.821268515581053,7.8996965551792435,38
4,46,8.727244547706716,65.43987266771262,7.36920440151547,78.12846605167131,26.621914130995286,8.14012004522162,37
4,47,7.891608842789755,65.2577911171862,6.992863756334544,82.96494338702061,25.099146097289065,7.455992164355158,36
4,48,7.824163937369599,66.50716780158126,7.304008044050017,80.38403952598696,26.967496252335742,9.792707850270382,35
4,49,8.763364750799434,68.95669557652403,7.365166832008654,76.43169140280182,26.94483451151177,11.533635318629289,34
4,50,7.90779563621763,65.32894446967948,7.3925166962490625,78.37363245860337,26.111107377332814,11.915566376640777,33
4,51,8.415108265655816,66.38542765407294,6.856214379922117,75.38040373660156,24.402890714706537,13.104125379343099,32
4,52,7.94627103949651,68.78503650083518,7.431223141988951,77.99795501407478,24.472425394102828,14.246652455889262,31
4,53,9.542669777130902,66.4741847054031,6.93280259536113,75.22650805630515,24.884935244440953,13.104707557156352,30
4,54,10.20217607019259,62.28550787203262,7.426060875999433,68.85730050113243,25.60003073909854,13.318525300218086,29
4,55,9.415185903864446,65.66643381188237,6.505002447195102,76.20471288396038,25.64020089797722,12.732712732811232,28
4,56,10.008103282229486,65.8492459966145,6.973144382894406,74.90814313806149,22.783100693393592,13.423211859975982,27
4,57,10.74316153009769,66.59639314450763,6.649016573663707,71.05234437584573,24.03103415363256,12.450518668506618,26
4,58,9.436613579063879,65.40430509321453,7.311688049482734,68.96530429121941,26.008465430768034,12.451190782881673,25
4,59,9.112040172049012,69.79040037536879,6.951373984473441,74.9467665789207,27.960025945307127,10.599694410528976,24
4,60,9.524714813356109,69.50843697506309,6.8911633002190955,69.06712957872581,24.76197700330969,9.633217091700594,23
4,61,10.816104508457835,63.688525273820694,6.646138251635121,76.61181402415727,25.631205378535018,8.683502278065239,22
4,62,10.518061123691446,64.63069330799071,6.424560358517393,72.26145358988994,26.63016831112349,7.906217852288425,21
4,63,8.922066127763186,67.48437071410648,6.6717775847233005,68.35073747340431,25.2304804343435,6.680790240883171,20
4,64,10.743600823574386,64.55503434347997,6.687588342238765,66.87068808124535,28.11006317100384,7.551900687973779,19
4,65,10.56823320796429,65.04515675948218,6.8506800244628785,67.78427299342647,28.09783913939162,7.134768298348815,18
4,66,11.115525878879367,64.379301362154,6.335466368450342,70.68122847055821,27.446351865270884,7.683652565139218,17
4,67,11.479267820325113,67.59295262159203,6.919158217642962,67.49559112453211,30.258293766545357,6.354291845473308,16
4,68,11.177984549736518,65.31574478387071,6.630820304842578,70.10114405416002,30.597432696362162,6.642798317558543,15
4,69,10.83490724270707,67.28075208957418,6.771072642201034,72.45217043949191,30.207321302009944,5.439245970364556,14
4,70,10.771346768061216,64.53912577675204,6.099496317006631,71.10344283766963,27.73934231781789,8.579029174494984,13
4,71,11.141562936677127,66.6507921686133,6.744950109669636,74.03753126369551,29.690451439062784,9.188801068169957,12
4,72,11.067381160638003,65.14830107625467,6.4356744842733455,72.80083351274158,30.478705393956186,11.545607303279818,11
4,73,11.300407976557251,65.96540367286624,6.76615729500329,72.14352660479217,29.447253878040364,11.827578974179104,10
4,74,12.089846278355452,65.21076080655183,5.830777356539404,65.45676697863934,29.601527135687768,11.510695835162707,9
4,75,11.18875824438706,65.6864927683023,6.371508131163577,70.50385484818005,31.25756550408293,11.899987942835171,8
4,76,12.447848493406893,66.20454833628979,6.50308192521882,76.69286688394587,30.8669880688856,12.464458591611404,7
4,77,11.617090537474713,67.02384976293875,6.288157157890929,71.32774368782349,30.30216525108888,12.483927335554931,6
4,78,12.74143885432853,68.1696510313206,6.301001781863673,73.63815602393359,30.06479070964607,12.625612420238316,5
4,79,11.135757435023638,65.9464937944652,6.114017325562761,71.76743509028266,29.248144691794273,14.444298634679381,4
4,80,11.112719343871557,65.80363055869988,6.380121240098165,69.69080092558295,28.721698348528836,13.289443719439433,3
4,81,12.828252951676134,70.11406543172022,6.092481863311944,72.80123011383205,27.69784574150149,9.865934909232342,2
4,82,12.907821519700414,71.73848443953551,6.127172681921562,72.3381757798138,28.842435753698208,9.15353106350544,1
4,83,12.000639626449178,70.58957904952631,6.830045076626128,68.90738995884882,30.495369092436906,8.959361333640143,0
5,0,3.82976856509201,54.718278240969056,8.090226022558804,109.4962845896085,18.219132997102772,8.33485616325838,120
5,1,3.0685668315867805,53.56989964231816,7.613784074782763,107.78514505953669,15.378254230471722,12.46739016833595,119
5,2,2.3686460977937163,55.77973670338416,7.94431085547921,108.90932321295628,17.404434274914962,11.779891073755254,118
5,3,3.344116307664888,56.61254018355192,7.6076756703998445,109.32358168008237,16.87814389852336,14.25015818522756,117
5,4,3.9081236350899067,54.351207409226745,7.930205757808152,111.16364218389276,19.315029762898668,13.329674065782951,116
5,5,2.8832041499070886,55.87302292403104,7.685962191626844,118.14667210595596,16.066118703234938,12.539639673308866,115
5,6,2.9780044539139516,58.393242638325425,7.776590568771748,111.46024980038138,17.605050008984936,11.147649336608481,114
5,7,3.324864130272036,59.2685358816105,7.448059609336012,116.90091563919003,20.721903082165582,13.332273611509564,113
5,8,2.637902380265779,60.786553233768394,7.513330256175677,109.36680347311653,18.378133321124313,12.829255676877818,112
5,9,3.3000935985369444,58.36452372142694,7.809027132653963,115.1877118687001,17.552891356518913,13.686349091627005,111
5,10,3.282943944629596,56.652264030725725,7.812352860949022,110.67285759917361,20.080706713865442,12.071957726132796,110
5,11,3.8778719607632213,55.98203673420138,7.7354925634818965,113.12528477826768,19.880416882668385,10.207160404205686,109
5,12,3.554407551920286,55.1275662524609,7.430754235556922,114.38898781338641,19.03219131971117,10.592501807490972,108
5,13,3.879921691281363,58.24392099476119,7.933655489652357,111.94113971818349,19.80701763583982,7.7803600365748045,107
5,14,3.2508689281761454,54.34022601857611,7.690165635852041,105.00953839664501,18.91837188069161,8.091449296028014,106
5,15,3.688738929159825,54.9412506737322,7.860551994185116,102.07253601054022,20.2896178753601,9.253946844357785,105
5,16,3.843522002885125,55.71267948805072,7.632412312462545,106.41180102951354,21.210524481798704,7.917767898325313,104
5,17,4.2914053354574975,57.71274100076875,7.373588737166577,103.1059947351633,19.603238608103013,7.106343589095444,103
5,18,4.457986401370342,56.72469545841905,7.724190994656532,97.26897639243127,18.764567193708718,7.318597885224262,102
5,19,3.6084845093837408,55.73579535200139,7.649333989447632,96.53436609303154,17.0815913310648,6.868145318173088,101
5,20,3.4354782627988913,57.149245852995584,7.268804641898972,94.76117665540363,18.67344872671238,8.188224128119279,100
5,21,3.475872025918928,59.461454568433744,7.384041921530635,96.11816280772089,19.95612782400502,8.3848334492076,99
5,22,4.9015261170015005,56.55613262264528,7.906017076876928,97.76292312157358,16.525901051865148,10.157079283889631,98
5,23,4.303535865760715,59.34503860399189,6.978568589849266,92.79477994347734,19.648338170610465,10.23996452475553,97
5,24,6.048477021088238,59.183157379052325,7.846125436023944,89.35298609363757,18.10709287309225,10.259067730247056,96
5,25,5.2652201678040385,60.79040528550096,7.4984887067005435,88.18805924212336,17.859411564404937,10.497866011213436,95
5,26,4.88095703781004,59.80316457654008,6.88780043826548,93.40001162864512,18.980841627132246,10.099887952562169,94
5,27,4.202587307459615,59.17897372689806,7.276459820073769,88.10818282435402,19.954374103930796,12.272448367222133,93
5,28,4.734684437070635,59.215865883288465,7.062189126540861,88.73534613170425,17.184367416683198,11.968651177506999,92
5,29,4.206262365363898,60.97465522740399,7.13659910813856,86.6553629401289,18.303279897708887,14.324897056342474,91
5,30,4.667426419632942,60.12653691165053,7.034284148282279,87.90229155781891,17.181229222005513,15.640230605170242,90
5,31,4.991983693559876,59.752360468745565,7.731677653065347,85.67613167960084,19.006801504222196,13.279909004322631,89
5,32,4.709943717635398,65.54813013261935,6.96731628436003,89.76567926628977,20.024283449290113,13.199678662219698,88
5,33,5.446572886859985,60.64964915422967,7.377766844706071,90.58539722253786,20.265334407534212,11.455870918338038,87
5,34,5.37715245377981,61.21154477637553,7.412502783055626,87.24840922335073,19.686978377199004,10.798490215809267,86
5,35,5.32890473376955,61.93319080241191,7.246358668595489,92.01999578799565,18.325027598970507,11.46141005003594,85
5,36,5.11318583437662,64.16682696846824,6.864872119019979,94.26469481213047,20.9417135826354,11.332279500288848,84
5,37,5.183887056561517,62.138966210591676,7.114511841896891,91.7534502960713,17.918927914477067,10.618659962005573,83
5,38,4.571909884321535,62.89254617872788,7.300268455651717,91.64059752769927,19.52222723508963,8.96880508038687,82
5,39,5.969150995432482,60.73903760347434,6.941990176791145,94.37789004022325,19.667925073958678,6.910247353447427,81
5,40,6.097672479687495,60.2545860604457,7.500132265530202,99.37952109743615,21.77798663749655,7.777489639679197,80
5,41,6.464712835309255,60.323722108232246,6.91231698444367,97.70936524186413,20.217923586460504,6.567027291540639,79
5,42,6.653722511872826,61.7437213484907,7.2970753795938625,98.81319908201377,21.765588090737676,7.689507044771362,78
5,43,6.243332112444762,58.571554602670055,7.297179837361846,94.84182794879725,22.235936688051616,9.605523434258895,77
5,44,6.799982684168841,59.15692321440633,6.616167540589047,97.39641347829355,21.586807524752036,9.193760122726683,76
5,45,6.609500918994545,61.69768375690021,7.160882202464491,94.80505328159606,24.73209904375987,7.495159819225495,75
5,46,6.988276402546905,62.77812222235276,6.92167350666913,100.73289689803146,21.8938776597605,7.195941311041473,74
5,47,5.451407810822969,58.98153807663298,6.8472824541426265,98.12613607179087,22.54987413908441,9.876726984779433,73
5,48,6.2734127643080475,61.003379175997566,7.3056461394077035,94.28747594474467,22.57622748211341,7.898977429048875,72
5,49,6.622639098185777,63.1070249863983,6.936186573087362,97.89782590111307,23.6182079088542,10.210346878652253,71
5,50,6.016008620096575,63.92939995756547,6.676582358159035,92.73016087578922,22.638685000419432,12.839238810494384,70
5,51,5.915955660116999,65.46733380183122,6.659159513138989,91.96301595280556,23.56156028645291,13.35099555952692,69
5,52,7.027032273157307,66.48714648912112,6.331918812211716,95.66091146574337,22.110284118886966,11.871819118075486,68
5,53,5.983672512647302,64.26382650861943,6.676928082729894,84.23982454207903,23.503752098597044,12.564868763959925,67
5,54,7.719568705736926,67.03402596741232,7.0420333637702495,90.7878624261584,23.716100511917972,13.647569268269239,66
5,55,7.196215784651203,64.44154975030088,6.965908535777124,87.53374097071227,24.192908563496857,11.422023237825188,65
5,56,6.902286518325512,67.5918519706027,6.644659946634318,88.52248582930089,24.225133789153286,11.358184838250065,64
5,57,7.451918724205556,65.86980723471515,6.744739221160029,85.58276609364049,23.712507102451955,12.389045001379271,63
5,58,8.099373914398441,66.81654723365612,6.750725904990216,79.60422558573417,24.606165939894712,12.57681689801425,62
5,59,8.703124652520824,67.22052271636097,6.850682206767999,76.93423458010767,23.739527913048896,10.888672741720923,61
5,60,7.116358996183646,67.16795753396778,6.574734455021459,83.1871956222105,24.498026676519448,10.390762730289918,60
5,61,7.077019466110704,66.12967040734847,6.240371204411085,79.58928470929568,24.774592176117356,9.188459898547343,59
5,62,7.899941083485467,65.73469902775479,6.6907683093701005,76.36289505804636,24.054283114871755,8.820133094646195,58
5,63,8.035121778013755,63.01790423886937,6.512860156158332,72.08537339027927,23.31795246169796,8.64720660989198,57
5,64,7.361653600867341,65.26112027662074,6.755152498087688,69.41337115360261,20.873723048623024,7.999769815440956,56
5,65,7.887609578117437,63.339208440348116,6.509214774073568,74.83195944958571,22.874971422212038,7.650339337970945,55
5,66,8.177585694232691,63.369053453964405,6.656171785077861,72.81680404249083,21.975754622243034,7.482622935520037,54
5,67,7.916194006170341,64.61372575478025,6.3896681208540675,74.10094883149338,22.658393354452095,7.501432116021121,53
5,68,9.205987533415652,66.39390257567266,6.514721424096947,66.46658856224128,24.15261107081936,5.736732054503771,52
5,69,7.735722206850361,65.62723449091456,6.461912459534625,69.81207630164032,21.45944490465766,7.359618159555404,51
5,70,8.294817478458471,64.29478000891642,6.218097740901168,69.74565755238146,22.7335211107092,9.330584171327125,50
5,71,9.513409167268517,64.49602585486107,6.094880416545201,70.95914566194818,22.45134782367265,10.923025325668295,49
5,72,7.867744351372349,64.19052944642749,6.456946441742303,74.6923015101508,23.200707515314033,11.485531479529795,48
5,73,8.759002679445514,65.91489226500501,6.385037383396109,66.413531368588,22.947334788211354,10.349728366025225,47
5,74,8.630393595347751,62.978649706529865,6.36464834908481,68.64334946365108,24.806430807679604,10.883281711326154,46
5,75,10.023362834295083,66.93775701979054,6.406113594849416,77.78000580906124,22.066457461862928,11.080815859288059,45
5,76,9.207851992857488,66.81793574084651,5.866418964296193,77.92362821152476,24.43899654795421,10.31185802821968,44
5,77,9.262172426705227,68.1626161233519,6.5598714305664245,78.85856799180247,23.861776337604567,12.187876656643205,43
5,78,9.294265319976121,66.71759626264964,6.983775768368207,79.22925861952463,24.728638052576166,14.923256163281527,42
5,79,9.362404356091252,68.84521765107769,5.699659713163299,86.76499371457192,24.340154169937264,13.518429980760711,41
5,80,9.548188216554108,72.08840497500213,6.293135368440481,77.46791137670881,26.32445694217495,11.846929927135765,40
5,81,9.100483279644875,70.38911526314635,6.589204615849469,83.65296314615426,25.483696064482952,12.0798132397193,39
5,82,9.606309035077793,68.55769200631956,6.0009451043753375,79.21998232811326,25.426737212552673,11.473639085129017,38
5,83,9.70372486861903,69.56144881674528,5.833379531460923,76.12786528580054,27.46470094572186,8.589472901276757,37
5,84,10.743179248571439,70.33559055614687,6.0595415580928025,75.76251268256878,25.648020828786983,9.857143784431965,36
5,85,9.98156162209497,66.50956225438759,5.9805403240021935,81.40982427774681,25.93607644465931,9.304264604513858,35
5,86,10.405984673661804,73.2033402018656,6.085983921308106,81.76012673144679,26.928212487027608,8.828453922178328,34
5,87,9.412863785931771,69.73035197829385,6.326514879214162,81.80382033886848,28.100809288872867,7.532526825842816,33
5,88,9.847128927133518,69.38953469533094,6.1187767464172955,73.4018656137875,28.16889212191139,7.161835693426453,32
5,89,10.888211388330108,69.8537694838628,5.735962220627896,74.42393576728553,27.228924609836643,6.055393054104964,31
5,90,10.637041248581273,69.24979876642986,6.056529442480848,76.10976313671974,26.865021145738297,7.33033712324956,30
5,91,10.301376538915054,70.3626284926392,5.678145388038247,74.27717943906124,28.44922400155689,6.265193331050327,29
5,92,10.863688375288701,70.65255555440619,5.994895365994904,72.32472637355427,28.81996158890496,9.389582905976539,28
5,93,10.387644709851164,66.88629895700895,6.269614240706247,68.87223655824215,28.351980858393414,8.877118000698957,27
5,94,11.046628062752069,65.33064826291415,6.009041569527632,77.79002848318669,28.625616175824963,9.020955621034078,26
5,95,10.476526976920066,65.95681681502519,6.058406711308906,68.79757701223244,28.598808809166325,8.137170106496983,25
5,96,10.932278376749672,72.18202311496677,5.758215106950345,66.01222832199133,29.589734028182892,9.366235836026052,24
5,97,11.73760624544378,67.74614999067718,5.738760308012124,66.49600454115405,27.079077693616995,11.102833719448281,23
5,98,11.320076814180466,72.18916922805343,5.501147724903204,64.44740015957316,28.903766428232444,10.792429355910008,22
5,99,10.99074776540604,68.96169119121478,5.81310311637654,53.30882892038044,29.647408974716118,13.805728806630112,21
5,100,12.54053653247906,73.16838814983556,5.548638946468896,56.67389296422226,29.30126359772115,13.0227208988886,20
5,101,11.6730617678262,73.81451238423881,5.961258105637368,54.49865371152743,27.649702222959792,12.965036427909416,19
5,102,11.79322730433432,72.86509606637824,5.547826662163937,51.14018508359862,28.141201250745734,12.776572332937738,18
5,103,12.341908207877543,72.12865672017097,5.448461225514688,57.55549595599684,26.62741340508726,11.892650263950525,17
5,104,10.83115309206126,75.29324912722714,5.466246391016706,56.16926971044876,26.435806672619567,11.734502490194233,16
5,105,12.837914612887488,73.11652158595751,5.265938348478042,53.92596239559584,25.985929459147535,12.110013538409776,15
5,106,12.733510306225211,76.54597048060953,5.902054123403223,48.5853673835798,29.25531366085539,13.903529346445545,14
5,107,12.26144193705747,73.45821577276797,5.77096449559127,55.711665495115724,26.881195541911747,11.87803632491773,13
5,108,12.12580571855609,76.42546078796713,5.579914315868387,51.64469062652921,26.75707203233539,9.562247624763566,12
5,109,12.516051757900655,73.20164329217558,5.771123207828526,52.42868628762598,26.647346545701847,7.81360975146785,11
5,110,13.094803562899187,72.92558042110878,5.1432634870693414,54.54937763061343,28.462595979329606,7.2911523652156465,10
5,111,12.376861041289274,74.82005685643522,5.505782985665993,56.803812052595305,27.80034360892781,8.614332346670427,9
5,112,12.27724754684198,73.47153329753881,5.155008775629141,57.241377626948754,27.959060982297636,9.458941806499219,8
5,113,12.702585267221357,74.0666382952628,5.119673615633183,57.20129118582289,27.72206841303426,8.64498864644004,7
5,114,13.58127228390789,76.96729346370272,5.172293374754936,57.67360684348063,28.10953348354333,6.996579611350526,6
5,115,13.479194240461922,71.12516489618167,5.35694256136991,58.73042370743108,27.3165611069968,6.795989911467411,5
5,116,13.43252106775835,71.78225561806892,5.338932808662617,58.78269286513133,27.53260876491353,6.018451679341273,4
5,117,12.914774516557793,72.40738655059148,5.189828698793766,57.613638615947316,28.956169422148427,6.174119567385248,3
5,118,12.873780794792042,70.63258617427212,4.86143025069675,58.42239948990444,28.74980255320143,5.8025987078542425,2
5,119,13.16532809654541,69.86259803680309,5.232891213270948,65.3032139295765,27.790222947127422,9.677101774495993,1
5,120,14.217717734951277,71.22162235785908,5.572915028851317,66.12058195589485,28.09790212570095,10.28736806508666,0
6,0,3.6355432661550653,50.98480660945755,7.792233383981458,112.86234846059163,18.783543243789776,10.205270901545353,161
6,1,3.7908303304273394,50.22717893605356,8.45494658193215,115.90041932441771,20.111964427985143,11.677804369137071,160
6,2,1.7736998595209745,50.550060192779604,8.122183963487725,115.12445806105282,20.114154675544412,13.494327883396577,159
6,3,3.600844968863692,54.30170331922926,8.317764725164329,115.00600211202573,20.030137786176184,12.403772692531327,158
6,4,3.3041308835632988,52.65126035474722,7.5319265369119375,110.59260122476417,20.083981820848447,10.831221074015545,157
6,5,3.370247373533515,53.59890164325164,8.35227078393237,117.06717199475645,18.86024720470177,12.53438577052755,156
6,6,3.8528306752218526,52.29841553811199,8.042359405878562,117.61762460330856,19.56156596648318,13.145999593772789,155
6,7,3.4835835920383187,53.38494822908375,8.028322272019578,119.35850718449947,20.707828016436437,12.762085414823451,154
6,8,2.569146558469062,53.906402168172264,8.457457199873437,117.11412838857873,19.16661583642954,13.232849176183535,153
6,9,3.198601295778549,50.69038492025494,8.116392938370439,118.83033754733472,20.378033426157707,12.429723190893391,152
6,10,2.938963942651461,50.148824588764846,8.289048413679836,116.59101691450795,20.386560973337918,11.491066022525244,151
6,11,2.810870270989619,52.7349548970201,7.979980942371194,122.99594089083637,20.621558201690625,10.07433562136289,150
6,12,2.862094779790688,52.533601182809115,8.673479425892246,116.82746755261323,21.377954140765116,11.19356606518199,149
6,13,3.455113096337355,51.749289339352714,7.977356990558726,116.61871588658434,21.138108265783732,8.402451565050105,148
6,14,3.74168880796065,51.00763770843331,8.370696159674514,118.33568799592791,20.937099871898745,7.958965803670558,147
6,15,3.328990654471738,50.96853295245695,8.034328431428314,112.93536719726312,20.85453972253706,8.796757799388283,146
6,16,3.6455133248483014,52.369314669120534,8.196512732368353,114.98109943321293,20.125251332474686,8.631402930823615,145
6,17,3.8050601328561324,51.070399676809195,8.102225118243394,112.33677266819574,19.836490574652615,7.442659605320613,144
6,18,3.716703100100987,51.31865752415746,8.080475810864014,121.59411831730716,19.7686210155521,5.666942706326439,143
6,19,2.994243590718666,48.483993076099125,8.060340321165327,117.2279936923963,18.106334894952514,6.824063003038487,142
6,20,3.408146548661537,50.87619551242757,7.904245059345842,113.66922045416706,18.919522007014148,7.362781493964916,141
6,21,3.0442174513216864,49.10684231424732,8.221021566746984,111.5569741228508,20.507880935953086,7.444016979966778,140
6,22,4.281846417578131,50.337731758929195,8.172565746575387,119.85231209642775,18.838763881122667,8.874011273001043,139
6,23,3.76778915834816,47.52254283494031,8.093531399499172,107.8318298561632,18.150663444688707,9.287552274573718,138
6,24,4.503771966312312,47.759997921433275,8.431648235072108,111.75491430910512,18.18583137449918,10.614525886494636,137
6,25,4.555871014680401,51.35735452967342,8.30238837421094,114.66169606239586,18.056343005346907,10.737682574727053,136
6,26,4.1228254831397635,50.37252024756766,7.911914087398329,107.7596363357239,18.707196428626233,11.273980043153232,135
6,27,3.4536562144755982,53.404641993130284,8.111409414463992,105.59450376026378,17.820857129855906,12.765395807809233,134
6,28,3.482219760558355,52.2306007630493,8.335834541971773,103.54864414585919,19.481920344845697,13.395015037476693,133
6,29,3.1038888930923045,50.32330944004008,8.033752902958366,108.93567466925424,19.770110285205032,13.822836974144867,132
6,30,3.2420426653083294,53.32960949013026,8.06211290404182,103.24782811809894,18.081801912385135,12.910673976712236,131
6,31,3.3104777880704703,52.808914628207695,7.950238132561104,101.48841199676498,18.929991383931934,13.758336180948588,130
6,32,4.343549501738199,54.29602394669487,7.923959525976788,98.1388768042063,19.22680733205462,11.796148075821144,129
6,33,3.20970698515681,53.38836154878931,8.252932938863806,100.47907348387895,16.840434106122228,11.208984012695474,128
6,34,3.6937250084306026,53.1246876068712,8.08321932347923,103.97005787270821,18.936036576000987,11.33863476491337,127
6,35,4.15500565033069,54.879457028074505,8.178833185627035,102.64395758402013,17.876528857035318,11.355566556695816,126
6,36,4.398128004382019,56.80318014800111,8.053402742831329,99.91937183661501,18.67077289453983,11.195209763658442,125
6,37,3.391989724181771,55.343847067824456,7.889428566792396,97.70549362465006,21.877235576174552,10.069043692127476,124
6,38,3.5361665479921607,54.35519405996944,7.733642213111872,96.74513466310128,20.379459758262666,8.98182846663049,123
6,39,4.003779388131558,55.8648770044964,7.904301471940687,93.99365683803391,20.579463171930065,6.306419067653494,122
6,40,4.093559719192281,54.31280273057055,8.122073890795669,99.20428535628128,19.3918368149471,6.752814048433192,121
6,41,3.845069599315718,54.660965828765875,8.084768443147489,98.20458481964431,19.68212243893934,7.727609544558826,120
6,42,3.724619121673968,52.73413119967122,7.566910735365383,97.46300249950033,20.6608963706731,7.338056228240682,119
6,43,4.0028233849447465,56.75018968315973,8.410770782510863,98.61737386655506,20.945890235964583,7.589617677563476,118
6,44,4.275371291644568,53.7113819414473,7.792134421555223,100.12013800613553,22.720091239477384,9.212083039364014,117
6,45,3.538990790778594,53.574769071246905,7.921631540820454,99.72976729840035,21.72495745108779,8.50156216375662,116
6,46,4.275319739155135,55.00433078701285,7.98945437358873,92.266383932749,21.532255182350937,8.635403632340969,115
6,47,3.8454464330018423,51.652977451724105,8.345606875945116,97.56259371636321,21.51587594671443,8.735282612184776,114
6,48,4.152915343994574,51.24082034714707,7.71150488547259,99.92407994167766,22.083008134396906,9.50627878121207,113
6,49,3.8215869472154025,52.03706011333973,7.709905891800312,99.3385869411226,22.933018810364196,10.429581751767639,112
6,50,4.263534595882048,52.43865420340955,7.658623262052434,98.2932687582044,21.712488418111597,11.626744390860344,111
6,51,3.7665106956216805,52.992235036341235,7.953448691593857,100.06192317374271,21.650336572519485,12.23393558538378,110
6,52,4.800070190608517,47.99320382032738,8.029705653700743,106.7576891444246,21.943854980376106,13.357158161793295,109
6,53,4.86481279433703,49.74049429647815,7.924938176635243,106.13658612614836,23.80924896946249,12.7338466466698,108
6,54,3.519543926898132,51.13117912000654,8.335874717761554,103.1271018825961,23.767157360330422,11.478327028564344,107
6,55,4.171816824610102,50.04714127873897,7.781331370710459,102.455647420231,22.58652470937083,12.41394100544354,106
6,56,3.752548698370274,49.204387679252854,7.911163540785452,105.94609085881994,22.277420620382216,13.327033067235064,105
6,57,4.063287773716927,51.213517237516456,7.405204014761998,107.94170663913653,21.257760403212693,11.632995437772403,104
6,58,4.482668918013513,48.79865824836312,7.248738982358278,106.90551117791753,19.93417134986391,11.676482568711474,103
6,59,4.563498257650722,54.24270516128828,7.964542090549264,103.33554163367904,21.45835186342979,10.18769043769057,102
6,60,4.2891062446094805,53.700792681387476,7.957232228320065,107.32236195865768,21.864422813839568,8.774678428622217,101
6,61,4.3877048027404575,54.88161697033465,7.529272163026666,108.22484989819573,21.235476487343387,9.147964035155956,100
6,62,4.472881390698961,53.59395581787327,7.79424951318377,104.97051614687155,21.188758233840094,6.787773720048486,99
6,63,4.523287145960038,55.16653011515309,7.953224771081028,109.14722374558207,21.18179905158393,8.159535151899851,98
6,64,4.5336052992858225,56.89712924965522,7.71686472879129,110.90682037503706,20.659288195043302,8.592489051570142,97
6,65,4.71872725930637,56.41794669227921,7.581396411952555,110.99156276308966,20.34456865523563,8.11660544034487,96
6,66,4.570678389924122,58.532069270576145,7.759995350263311,113.50168010627486,20.59855421766823,5.889080619605843,95
6,67,5.470069934284218,57.775248627814754,8.268690413737152,105.53944332736265,18.915959316378775,6.67702607753784,94
6,68,5.778102645582228,52.21106017048007,7.964465680547671,110.28067683167212,21.001226086912066,7.900091309463778,93
6,69,6.068566788108127,57.54327472467928,7.644264674687407,107.90886319542128,19.22839482692564,7.641014511312527,92
6,70,6.428179528384952,57.82055979040716,7.96976774951473,111.74569085994659,20.721396041536398,8.713323756454372,91
6,71,5.999246125060085,56.88609959736528,7.805515922682233,111.87768446931206,21.311958535964788,10.87852923838776,90
6,72,5.624061987533718,55.37391895764988,7.7489482277164665,104.36284245058803,20.11262048166226,12.059845952633557,89
6,73,6.009099205983732,56.18633072011645,7.805943148561008,106.75963038882527,19.533428140524048,10.103260197065962,88
6,74,5.167007920000262,54.70986683764584,7.799007297884406,104.28164041436976,21.526584007482544,10.726699888494514,87
6,75,5.113557066112466,55.27617057417019,7.376906773272712,106.19514192009132,21.232156295614292,11.545508983826752,86
6,76,6.227934571369123,55.360621292131334,7.76217209203345,105.52704508260138,21.34822483586343,13.496880164531152,85
6,77,5.96971484638165,54.43589987181099,7.601860811832355,108.74006231289094,21.95827927140728,12.707632508673898,84
6,78,5.674028072911019,51.29418488554755,7.668895717543074,105.37736854624627,19.51930395382531,13.301387637469462,83
6,79,5.899627021413968,55.210330348400824,7.4400879789810865,106.07630603959467,22.51881589061481,11.190460460708666,82
6,80,5.564584984337954,53.16222766572688,7.761938721162184,104.77144606165864,21.09830210757584,12.638380253949837,81
6,81,6.2684150042741456,54.922822126712845,7.706471705231621,97.67995492269247,23.490318972662838,10.694531214556068,80
6,82,6.820135108553573,53.477099176712635,7.640896210283677,99.93079854461611,22.011557412371513,10.8401726811643,79
6,83,6.934581762527228,55.20344059197894,7.7065215976602515,101.55744044320467,22.73116006049645,9.902263248835245,78
6,84,6.826639817243941,52.82620990839436,7.720440662724848,101.80017725907982,22.504699438803723,10.21962063690628,77
6,85,6.746309498640697,52.856581934221104,7.85404518484679,98.84174980670366,22.341863854555154,10.514252799415155,76
6,86,6.512735212363814,54.031295992358004,7.254521225252961,90.42303031278449,25.796042398485085,8.5454799147211,75
6,87,6.87210087115982,55.45731257478147,8.026133612042353,95.92215267924306,22.294783706941875,9.106652703288741,74
6,88,6.1803115732886535,54.23455992484273,7.615320101117981,93.46469773291294,23.804063511605936,7.398010838475507,73
6,89,6.030774213811949,55.21257105006613,7.494912776465744,94.90835873710684,22.335260671947317,5.875494264033677,72
6,90,6.487357105478202,56.18393708609626,7.805371980275844,89.88768819366479,23.019105931981958,7.62556384111995,71
6,91,6.086777414304559,57.420448396558356,7.558826587671139,91.5442024770684,25.90153899141518,7.858694739306369,70
6,92,6.259193862239113,55.312171352996934,7.980723655505835,89.69939311524445,21.831622060845042,9.049882141794102,69
6,93,6.644609890519345,58.69054044271919,7.608784169496039,93.93615650362707,24.271511790958744,9.744225319885265,68
6,94,7.61549012125186,56.390267117689476,7.7934460552068,91.51069917713276,24.498522488846202,7.851188749173643,67
6,95,6.894746177686576,58.221258290726745,7.5501030306306465,88.57643502509684,22.845959106653353,8.459108249673534,66
6,96,6.453632040542688,59.05903781318503,7.448738947046565,87.21822964753905,22.604354236006106,9.237612098104451,65
6,97,6.720952425080872,57.46854986564891,7.6978506630410495,87.67815170199792,24.311541397112293,10.350258967071294,64
6,98,7.462472957301246,56.48367721695687,7.890617327537868,93.95231958325584,22.337214335626502,11.589226610470645,63
6,99,6.944287543068401,57.48218858518358,7.8113499006877785,88.4039375538301,21.46470756357428,13.747158335059597,62
6,100,7.37473657420142,59.0599343170729,7.662776317232566,95.24446855224434,24.102162833944654,12.598546053883174,61
6,101,6.941617968101701,56.09338061034858,7.702513739337779,89.9746805458517,22.351105825713336,13.038221166275513,60
6,102,6.307704786132095,56.29517829897248,7.739024728656371,86.329242570466,22.44999239590411,12.117482896146688,59
6,103,6.394845922800999,57.64197829788595,7.731972031223727,93.61752802852209,20.928589056077392,12.076436487857624,58
6,104,6.971111993443629,56.44026210270414,7.746905252286791,84.582125526497,22.575776727080328,12.591385404410278,57
6,105,6.087601671689234,55.293382332501274,6.965463560701087,91.63193930606492,22.06362078971,11.476779081290958,56
6,106,7.182899378984682,55.65990876145134,7.278113513345856,98.95132095645074,21.656127223327022,12.39317097784899,55
6,107,7.020999868841115,58.558995670038875,7.636493990887446,97.69907166300132,21.49437631020477,12.7492426642779,54
6,108,6.949608499340108,56.3440058647652,7.614412412574799,97.62777350999039,22.56859619671047,9.564447968328421,53
6,109,6.967502938021691,55.1934753750326,6.923986981529113,96.97201351838712,21.82476116761201,7.695726501618822,52
6,110,8.07286842515604,56.7202708303887,7.35065029998904,98.46624111572781,21.83878802292217,6.601109764442722,51
6,111,7.590066942361092,54.2390054133804,7.007602984382503,93.10396584038236,20.697117550883714,8.147082354459476,50
6,112,6.823248479809515,55.33133975358884,7.078234723347342,98.75193945694909,21.426837976461254,6.099427939248418,49
6,113,6.221001716128345,51.73890582680666,7.402483969158063,98.19953566293948,20.69151613424984,8.718040102485906,48
6,114,6.906790286756072,55.46700058523571,7.221603290249126,101.84472062460887,21.23534206525496,8.290757770180985,47
6,115,8.250851589110404,56.10269147278201,7.249317774020395,103.35887104098306,21.741210318214122,6.693420973429416,46
6,116,6.920044138708447,54.00543949768359,7.25487921555492,97.59338617581244,23.706487600728018,7.156885721600549,45
6,117,7.034268933916083,54.85450483600446,7.415839726077072,95.11009938134781,21.76194245129898,6.595905892259335,44
6,118,7.802957175283623,60.22906826668565,7.551741236274526,100.02880972726443,22.648368948166706,8.676514478721195,43
6,119,6.996280411233601,56.90676232768576,7.100480734824338,104.77489609887725,22.01436523706742,10.239984325982372,42
6,120,7.893974377940288,56.01232791936475,7.285749049659344,96.23135579277323,23.989376142441312,10.502362105445798,41
6,121,7.593795785938678,58.34733858748491,7.393990481232765,100.02472226447563,23.8858938015588,11.687075315393177,40
6,122,7.55091346826486,61.147130543368654,7.237218292992341,94.90581211114488,24.515576996223167,12.179475259053198,39
6,123,7.101266099189596,57.660545113853985,7.487434012001175,98.73387256508282,22.883198095498614,10.464510945652446,38
6,124,7.784913319170054,57.173816355029,7.30526344622589,101.71230519941325,25.506663015240065,12.038057075169371,37
6,125,8.043950142641558,61.57515209038685,7.585913921178423,100.25059058923645,28.39993952242345,12.584168001818789,36
6,126,6.335255417280673,58.058798765194936,7.011091499084223,97.49806164062058,24.3886591849828,14.436963121273898,35
6,127,8.053843860671773,60.21237798248513,7.892411356201125,104.04604143088685,25.30670420626934,14.296088611558806,34
6,128,8.77629861155724,59.74867767518046,7.1094914063666765,97.78755269765779,26.961160846515202,15.115455315631943,33
6,129,7.819077737570716,59.64246569144061,7.6025008759942665,92.689648940942,25.17432686376519,12.850395528955953,32
6,130,7.165047860257293,61.370597947369355,7.52874202787154,103.5289295876857,23.57250833432232,10.351002305011107,31
6,131,8.225470026408743,58.44523997837306,7.656766496460164,100.09859494864918,25.801397454426635,9.273896085968277,30
6,132,7.796859826836549,56.10365467863817,7.425235675410336,96.96341915149483,25.84166673227544,7.737179091979354,29
6,133,8.16881281752513,60.12547573733411,7.042550049369171,92.2033963399239,25.885585054511072,8.757615232304145,28
6,134,7.330650897239575,60.56927860931842,6.468727035384445,90.93697800452178,25.48462777068849,9.594108355631555,27
6,135,7.675254432857877,57.64425736975271,7.014535779018407,93.47403742221984,26.064761808269985,9.169284781516208,26
6,136,8.56862464707793,56.16515304259493,7.461571448900814,92.50143978266568,26.377018643870805,7.075925113340295,25
6,137,8.188505959768293,57.76743702788148,7.242012324981193,86.67126412065356,24.64315566252035,7.445968909043767,24
6,138,7.93965968689105,56.40879646379889,6.917994092574704,86.91374577656316,23.578060252334083,6.915338057595806,23
6,139,8.09390915172538,55.64479703296401,6.861661089433046,90.29435885838929,25.347640508920406,5.2615864026959835,22
6,140,8.359128074138958,55.462701162180025,6.865709284275733,84.00901804872798,25.29220020111562,6.991177709194475,21
6,141,8.011697435509697,54.406868862613415,7.028993445232448,90.07934378774787,22.35067302585407,8.802609323912804,20
6,142,8.315796185382549,56.36216967428925,7.101775184102307,84.63198605480201,22.342154007889622,10.078660428729961,19
6,143,8.663336429741712,58.147169733901784,7.513645007957622,88.28455007402923,23.347424781442218,9.577354269449813,18
6,144,8.094026362372775,57.906515068945936,7.193774330860953,82.28082282869529,23.417572223802402,9.28339978643637,17
6,145,8.147748037147634,56.34725946510985,6.966036930305779,85.22518414246767,24.802597944331872,9.158330728674702,16
6,146,8.459780320390383,54.862953343557024,7.199460869986373,83.21549789069388,22.69127005598274,9.695150634838354,15
6,147,8.596820565956394,57.02735747462727,6.897148974617304,86.9240416444694,24.175879492049102,12.182120105165765,14
6,148,8.500003150582945,57.96516554414465,7.4627581507661995,79.35707702495874,24.349377023152506,13.492843732515855,13
6,149,8.830637274551872,56.11148935909788,6.702492214867158,87.1062589001807,21.716563061488635,14.30050186996952,12
6,150,9.02014605929279,60.174350621227596,7.217186679275539,84.86210510456651,24.78418553870725,13.138285246752519,11
6,151,9.400808943614395,62.39211236897268,6.7238135807286366,78.28395918061231,22.751864680310447,13.229362159349549,10
6,152,8.964761161410365,60.51287611680895,6.947124367952425,78.41067259548194,24.616163444993965,11.815209963560122,9
6,153,8.560955938742035,58.9294947489467,7.20486591104278,81.21037192728247,25.13167256614192,12.869638885278585,8
6,154,8.034166241757443,61.96042168260866,7.146272071118277,82.48605011476336,24.238184062665596,12.47654414711728,7
6,155,8.72541161696814,60.00152820427554,6.973215247688532,77.45596939270115,22.92139288592731,11.62659549032132,6
6,156,8.46388555887961,60.89776198349648,7.041981873010893,76.96129790116024,22.817651416338133,12.113192500295996,5
6,157,9.587418388079287,60.19545197966347,6.621052390874181,75.78477570872612,26.101766892324104,10.02909625285905,4
6,158,8.370165746092516,64.36828735929632,6.623374800220635,86.01631192335437,25.516101015947047,8.09121953598796,3
6,159,8.386946376529224,62.1979991048938,7.1275526136720115,81.88070035639672,24.3621813348401,7.009031327767353,2
6,160,8.731490443645791,60.78949540706685,7.427654751922952,77.22394521790379,25.63895977089254,6.348535243466939,1
6,161,8.173888083871798,63.241916925918225,7.181656980591327,82.31672280055294,24.45255663539528,8.164716485169457,0
7,0,3.646606091627897,56.18246904745484,8.741068184894546,98.97449379045541,19.253590713593027,10.436164409300742,230
7,1,2.7051011594700825,53.40982821735506,8.34873180670486,105.70196280221388,18.55678992754177,11.406783096962894,229
7,2,3.4505760083303008,53.82147816115512,8.56738137739611,110.67365225950488,16.863770564873906,11.547325281153036,228
7,3,2.827924882793196,54.47057587795031,8.305881502449813,108.63381600919732,19.422828085006493,12.760910277457015,227
7,4,2.896304597274509,56.45572456987708,8.59152957324505,112.69343833006711,18.431826289530484,12.307984744408996,226
7,5,2.8510729646263715,56.35602969042696,8.743410361522008,113.78500851792097,17.805037626082267,10.928658677651566,225
7,6,1.8984388134029493,56.701508677241776,8.936233897093299,115.62989273063417,18.382829326661266,12.16995942396652,224
7,7,2.460792908244251,55.7875583787353,8.400204046483388,110.61927499639569,19.43830167787686,12.902912354980455,223
7,8,2.124785776265142,54.690428683649706,8.48618004297952,114.20220298802694,18.996461910684964,13.188817986968404,222
7,9,2.697597928340007,55.870415699834126,8.142931165296078,110.31945108366985,19.492668662462396,11.625618937742582,221
7,10,3.9009276146242033,59.20591525624171,8.727351323691005,117.40237651882666,19.72456029425571,11.943978293689012,220
7,11,3.5440684642379647,57.962841007327505,8.35271249156337,105.12363366658431,19.343093191937424,11.39842015462621,219
7,12,4.591596158845665,55.737840696662055,8.353024042242092,110.31465741164106,19.334137672540887,9.677018449011982,218
7,13,3.530523065113726,56.2407315924747,8.534741331787354,111.63245958936568,18.22494353808547,7.676770755319604,217
7,14,4.044309527614981,56.073646739101406,8.865922701878127,110.06357989608678,18.519695809050766,9.228734928269482,216
7,15,4.151023382328199,57.91000243709793,8.327343147749186,106.36344888309068,17.021417407816383,8.219522120894835,215
7,16,3.8024966402901206,55.986448201136014,8.839788498377095,115.40898065243351,17.789231233682198,7.576954668005576,214
7,17,4.137047715970214,57.49708885960405,8.732279839571294,107.45527362833352,17.266484010480188,8.757307111344872,213
7,18,3.6512791221551235,56.537191342345444,8.55340818449722,104.95136947540865,15.503993039273363,8.07938892889544,212
7,19,5.118771751339858,55.89057669695853,8.762123813354542,98.71712605755766,18.47199383028723,6.151136816609799,211
7,20,4.445249605227872,58.99844871131627,8.523494042502907,109.49291221667805,17.459685743225283,7.324972502149182,210
7,21,4.09943283598316,53.74551042128688,8.243836264265163,102.02976690570341,16.357804435102118,7.411008075345544,209
7,22,4.421254162631141,54.99281893359588,8.525113793373155,97.40630217075517,17.08781459358828,8.43488114619816,208
7,23,4.883966995462463,54.953512109789116,8.480663727115584,99.42086520815835,17.254448678699966,9.282886472872933,207
7,24,5.386156331089273,56.58814768844515,8.223861193096916,99.78691058723597,17.198690558756617,9.622756688194904,206
7,25,3.13381256611064,55.42484762913942,8.765428210260056,97.06918619512906,16.992682655011194,10.018793374477392,205
7,26,4.868183481464361,54.54213627735967,8.30618694593125,96.91289753602427,18.963578565961175,9.688160327153026,204
7,27,4.008379175938368,57.656494249488084,8.098678829433558,93.28772127423579,17.140952939004126,12.355673945094036,203
7,28,3.7630414465588795,55.51984108252837,8.266675229070183,96.05135030637105,17.660118720536634,11.46169196853072,202
7,29,3.8326692772930855,57.80037923652549,8.583158175755976,99.163329209796,16.0931426787061,14.531898519248848,201
7,30,4.375252491521012,53.23585093905657,8.761180385881572,92.82781223391639,16.852273414532256,13.119127402834476,200
7,31,4.1718425762027405,54.27841787348163,8.542655564684985,92.34679909204371,17.644437356105897,14.013273159033217,199
7,32,3.852191355000308,56.23633188373058,8.511146511178149,89.62096346548645,18.801869006738855,11.735605445545303,198
7,33,4.145006984810339,54.49773512221241,9.03484221843908,93.38123051043098,17.421862806410207,11.568996055412223,197
7,34,4.728188316863499,53.923293213918576,8.236280339625417,95.15167967781255,18.438035953930942,10.82553542909935,196
7,35,4.414732810033511,55.77737460205721,8.317643353526266,95.83067465180991,19.092758139817104,10.690078002631484,195
7,36,3.761474630660691,54.62448054469437,8.380623948269596,95.92078068551538,19.74527129299433,10.025577452635346,194
7,37,4.249751622313427,54.33735041006899,8.158514499454803,90.64981219642769,19.362919539562533,9.464702901053546,193
7,38,5.794365153274865,56.04627532028557,8.285477067074932,97.4869575979692,19.539541830458198,9.529671981709066,192
7,39,4.372276328647284,54.54366841152648,8.87871043711599,91.48830775586259,20.13335775571388,7.6014688988553765,191
7,40,4.415600876291984,55.09876882142273,8.392755669555994,98.15508522063084,19.8938731159161,6.643381982796946,190
7,41,3.051775015095209,55.13244812990446,8.509329957233627,96.74126404717097,19.227313491838228,4.430838006626956,189
7,42,3.937349569278515,53.00376589432909,8.163638515658945,104.01150766808006,21.10907438713376,7.012614215325739,188
7,43,5.258839245280653,53.72149445707249,8.36889470893103,102.3996311128227,21.551716778072564,8.882028739074462,187
7,44,4.866891918269706,55.85712193946199,8.704399384558283,102.65243812789691,19.086466816897968,8.553299522266123,186
7,45,4.900843164290324,54.58597133806308,8.263454915879887,102.99528103747362,18.949021722105165,7.697223716073698,185
7,46,4.469696561631863,61.90667539146452,8.856464351003664,100.13081761846679,17.635673730349186,8.956849283864225,184
7,47,3.9640937505313696,55.733929752194236,8.490953453443144,107.11508719332836,17.600526501862625,7.4035974116697245,183
7,48,4.697880043205369,57.044419634393655,8.747174606913104,106.53231385488247,20.378598742941623,10.496155890863003,182
7,49,4.500396457145675,58.85568683039033,8.623482730383781,105.66372863100267,18.328498166365517,10.746459301249264,181
7,50,4.608552962978037,56.65435108657756,8.567592291400212,104.32441140951364,18.06074692664773,12.684877839650143,180
7,51,5.869547213895811,57.78505414306573,8.493974208052627,107.23751017740408,16.94452818940797,13.172550977232385,179
7,52,4.8361289693627985,57.67942739003884,8.462983067601412,108.34660573240829,19.239403339321008,12.404586412879663,178
7,53,5.195435086864382,60.18187548055679,8.675279961852903,106.85258353209299,18.03867082331074,11.859388414827796,177
7,54,5.308128693062676,56.774647419837876,8.18485773891063,105.872551803078,15.629750719379617,11.437024797491992,176
7,55,4.985930610971117,59.58275288065072,8.46249616320114,105.537312681296,17.67904473797368,14.043483236892348,175
7,56,4.706115681603428,58.54645282374545,8.003617248053933,102.96613169723855,17.288152169394316,11.309613251400535,174
7,57,4.4575785589727515,60.396965084291494,8.74234620399119,100.28714586668016,16.3525897641558,14.031976584475053,173
7,58,5.835911881038843,58.61440329683308,8.532790176184424,99.14463958898357,15.74646148588829,12.86957449260882,172
7,59,4.932880344296985,59.55270508775077,8.456949818470775,101.04497799476674,16.748853322845832,11.25951153442482,171
7,60,4.411890538077455,56.15083011488131,8.184840314761143,102.25732386998773,16.546147742728653,11.527895915639277,170
7,61,5.15758306502772,58.98187355450319,8.310920116811921,102.60404488680064,15.720337086128136,7.773498258499361,169
7,62,5.63934961010888,58.271048261825065,8.423429132177871,95.41619613860196,16.527157687536413,7.58592697004316,168
7,63,5.399195091750144,61.48153288989126,7.741340870493058,93.61980811650781,18.806907847991837,6.9298408435495205,167
7,64,3.6032561635483007,58.98762727197076,8.42243977839437,94.38796556703323,18.87858333284216,6.877947638839112,166
7,65,4.604241343045449,60.54449744343657,8.192680593602189,92.88277945844264,20.895625516541568,8.256252087935792,165
7,66,5.277008058883899,58.62605684645368,8.626100314374753,97.06213658168537,18.569073470470922,7.440482021579136,164
7,67,5.243575025140944,60.54447479105203,8.472853665681082,96.29651744125019,18.625487129860716,6.9128311249769006,163
7,68,5.846052358395114,60.10337293111919,8.440760792294641,91.43551978194063,21.606199034568895,7.162890590899114,162
7,69,3.9571494400249825,59.827076467633866,8.56346184067442,87.54570669323397,22.175585255689196,6.185290946314073,161
7,70,4.9613688178448525,59.942323450559385,8.48295199398313,89.46409568154338,20.795963181564765,7.020209780899511,160
7,71,4.845401139342816,58.54541374009249,8.830791192838785,93.22748082307479,21.99310155376939,10.494637521257784,159
7,72,5.091975024669119,56.489465806044,8.38644066786174,89.86439355383132,18.399202792929398,9.90239855093635,158
7,73,6.1018538577609505,57.25680400971273,8.605376165739354,91.67927242416788,20.378482264738448,12.227640003080516,157
7,74,4.9065416079253525,59.13496143269829,8.647309811194656,88.41370852621549,20.710848200954104,10.485672498806249,156
7,75,5.644379618233528,58.72122848330363,8.226867797419677,81.91497774455905,21.034703843480795,11.384399000065377,155
7,76,5.896531056210605,59.13199536973771,8.485314702176455,88.46596033405703,20.440571889240143,13.84102841257844,154
7,77,5.121865100469843,57.080530790209586,8.385659851332681,90.75502724484713,23.161496248578707,12.805571602037364,153
7,78,5.171546373485558,57.554312391821334,8.163481701069012,88.62399679247568,21.31862273421155,13.59949342332054,152
7,79,5.880550381984521,59.58753909689415,8.46484018686195,84.39568242101221,20.636578644803773,12.943776499665256,151
7,80,4.554235152579405,57.5464352719628,8.383948451226027,89.22554517532399,18.117483016916808,13.836557230525944,150
7,81,5.238847967431122,55.52190892061904,8.87280390231616,91.398092528209,19.86232978352418,11.328099351298333,149
7,82,5.335946091423586,56.940332776578074,8.401556041235537,95.11179300454118,19.51571075842684,9.970148963069189,148
7,83,4.028054530547478,56.939614624372425,8.436310633824785,91.1003819224037,18.542354078795054,10.909760411217086,147
7,84,5.067499707278887,57.44342886269023,8.524435101177353,98.018967893949,19.475837139924288,10.632853683250104,146
7,85,5.266561171411705,53.36721795333216,8.306001822084445,92.07953095616247,19.14587242916702,10.186110134952756,145
7,86,6.101075311711787,56.8904947042248,8.226721973078051,94.24863771859029,20.016852581641874,9.603861983580252,144
7,87,4.679471693947718,56.896888418993306,8.195065320211627,98.50803876525997,18.117822896930935,8.485706951371066,143
7,88,5.584879589828647,54.40189790349389,7.797043499356315,96.73320854358725,19.02006049906784,5.038914259230321,142
7,89,5.479215815200596,56.228602055251585,8.069852937912463,100.24540463512992,18.414877355374912,5.8876622723534995,141
7,90,4.606858748007611,55.7835101466927,8.579549778166522,101.03702749698448,17.371251617081548,7.91483438921925,140
7,91,5.8223569167823905,59.964637285454195,8.32652424483577,98.16686549282777,17.682139485338293,5.735105742967936,139
7,92,4.859053900019959,57.776618754136315,8.095311574096929,103.89389246871858,18.355072996786856,8.95975048966927,138
7,93,5.595376338330048,60.62103482575493,8.463041983760062,101.06797152524834,19.218491240231206,9.262488948552905,137
7,94,5.199342384881399,57.91361842451836,8.509309787838749,102.81871622793018,18.77560265298147,8.008188875860466,136
7,95,5.381923620813961,56.86251963511831,8.179595027422868,96.86608946911277,21.084935073642697,8.081560644991498,135
7,96,4.637769445663186,58.21783505440179,8.727020505362038,97.09446500462622,18.234323824684157,8.311728116455118,134
7,97,5.426162695306538,59.591595424033294,8.174724457584656,103.06413764423085,19.589931426421177,9.887684718137201,133
7,98,6.144626962186598,59.93250292963451,8.047795066796033,103.26539657291463,21.117607903643368,12.32007740594119,132
7,99,5.627244810869087,59.55363137579475,8.175738537853109,99.35695479667623,20.731510955859502,12.323704859595868,131
7,100,5.3327203201140705,61.394597046403796,8.167275069075641,98.56647589445589,20.687456959527225,13.32311756030246,130
7,101,5.507434376051964,58.99698256898487,8.223155910443541,96.18514906711029,20.31962368220055,12.62848154121906,129
7,102,6.3885840740749655,60.557627507423355,8.094643251503655,96.6060457757606,21.095023265227248,12.828290495743948,128
7,103,5.170356361117803,58.9017019636918,8.336402165539539,93.49142711307066,21.077847580891074,12.822625636808823,127
7,104,5.9444535303323045,58.26320765203616,7.786190390782424,95.31032405248557,20.949565368337332,12.819639575452522,126
7,105,4.512352273433302,62.25413230547962,8.109478521642812,88.80775917105474,22.636127777641843,13.301623850440816,125
7,106,5.994972336517383,61.73007602679194,8.018345398364142,88.5163215105245,20.91855814252628,12.150077958871675,124
7,107,6.287798200737509,59.750935631860244,8.170370141940474,91.1852220887354,19.663718272482605,11.20831355117402,123
7,108,5.735597410384402,63.96187136116617,7.544187962620412,87.95261271310751,21.707888474517798,11.163927231214135,122
7,109,6.318232991258891,62.86381469633466,8.150209140058664,88.06522516133721,23.04662361295159,9.062837778869733,121
7,110,5.7153497270297455,61.674945247600675,8.060469305780984,89.87887815277098,22.832811351299178,6.7143787315748416,120
7,111,5.5233437138871295,61.668386289129394,7.6257361870877345,84.21953839308327,22.445997640797035,6.87000395586804,119
7,112,6.29778956879367,60.64547025095102,8.114980450373846,89.7311362361321,20.654117145773753,6.239994642641136,118
7,113,6.553824258273644,60.350938761063,8.012638795313219,85.63730587174953,21.956120026867005,7.4115243133277104,117
7,114,5.2526877563348355,62.07040627992591,8.358782134753472,80.98553681994694,20.871516810122944,8.793572024901145,116
7,115,5.772955297759397,60.41031433658838,8.053588331194778,77.39007368329473,21.807780779801384,6.4816582414051425,115
7,116,6.777950415632499,61.821669749297044,8.13368360099093,82.65591612548685,21.061358834487006,5.989774168214337,114
7,117,5.44822066672672,61.812718922311234,8.271871865103348,81.92082608911355,18.828215089582898,7.109260120997503,113
7,118,5.997557978788939,61.207213770491514,8.145864254998754,73.39471736382227,18.651376685204035,8.768292615655419,112
7,119,6.479728984826953,60.82748275546251,7.870796359619073,84.96104612888996,20.667232131967186,8.477960881895582,111
7,120,6.042898670317303,58.179270708658805,8.17845186520979,81.3549110426044,20.14685456894804,9.484705412491396,110
7,121,6.772598416035716,61.51859535765537,8.001110411197542,84.27769224332316,20.80842294476542,12.395886487752225,109
7,122,6.065572290977039,60.80038094916432,7.851984897229054,86.93936615660841,19.645891006173212,11.256166453858748,108
7,123,6.186914857289323,57.5587389021787,8.025393315748202,85.80352858823034,18.239946420718688,12.622876785431664,107
7,124,6.541972456761416,59.09794410323575,7.610165985160475,88.01865522238631,19.662536530449074,11.909295106715271,106
7,125,6.7841801620121895,57.11308695032289,7.801577221538461,90.50577186095917,18.16180996545621,12.246916032178145,105
7,126,6.69377404444667,57.28004490895918,7.599742500100263,84.5254150524244,20.096822559619063,12.217609756228539,104
7,127,6.621242592748371,57.6269101297814,7.916394312455968,93.31232464175312,21.27982067480477,14.056833310070113,103
7,128,6.74899134138718,59.586858182051245,7.590674210844968,89.56793344918421,22.170113997009437,12.195374428384913,102
7,129,6.499822836564153,57.726806070082226,7.998883077822122,88.66996952743386,21.497074192769315,12.762459826126143,101
7,130,6.871591533617477,57.276898784147015,8.166050581297778,89.46316967058947,19.252537463530068,12.468578143066596,100
7,131,6.496248013884517,60.54109060094563,8.109794716311967,94.6333167705839,20.837138334641633,9.544557002931079,99
7,132,6.702362440814222,59.05412014924922,7.569430366400551,95.2302169706053,20.50303129343638,9.878272420671003,98
7,133,5.611668754599162,61.04909527334684,7.542118345326381,96.87237852389465,21.808972823335296,8.903226574993777,97
7,134,5.953933465590696,57.117636905122914,7.729429807286996,100.6705650201728,23.699062541703864,9.897103864909482,96
7,135,7.198207149953718,58.7522224680767,7.853241662348336,98.94768767811762,22.415391059051665,8.006038411240763,95
7,136,7.792070048454096,56.57492439221214,7.494494949850522,98.5621600941448,20.977651509569068,7.517670070328961,94
7,137,6.006967716705914,57.86058851984363,7.696768324330472,93.92445465985955,23.75687554032014,6.038598278733373,93
7,138,5.983645899178655,58.69651849502726,7.691841142419291,95.02932541348991,22.352049014764464,6.353507336205639,92
7,139,6.011425947002738,59.24747401060511,7.7448094309194015,98.47482633066433,22.226458226451278,6.406586110327254,91
7,140,6.774563722212732,57.0876184881036,7.31183916978472,92.50448081500043,21.678992899749,7.6776789488461405,90
7,141,6.106651546691689,61.55349192027206,7.4761761741145385,99.5236143987494,24.17816268207642,10.084233815362888,89
7,142,6.251660008321942,60.3602534597161,7.699256470662927,96.75586112876516,20.69721902339229,9.952144606619765,88
7,143,7.098058462977064,61.43128184084656,7.624110935389824,96.79418262516205,21.480540416947004,9.653590014043319,87
7,144,8.028445459678206,59.46252943434061,7.776914619877244,93.0196438373152,22.04473657481698,10.388723399775763,86
7,145,6.359228411094256,60.50349567164613,7.697310038541575,86.84039902099916,22.26763255315784,9.29579864349101,85
7,146,8.064283887300073,59.50592085892352,7.835907183161566,85.82360457614182,21.663174733192587,10.228743565753296,84
7,147,8.451597497743125,60.53651614021874,7.41512989642528,84.41539178169567,22.598472782570184,12.320621919029334,83
7,148,8.479899768011506,62.000138065577936,7.742843233457395,80.78588978489536,22.55809164505567,11.77123642364065,82
7,149,8.536768446751795,63.20540811190534,7.395678400620314,81.57427445970671,23.57544347596257,12.283614005632662,81
7,150,7.861543162926965,61.97175560868862,7.92219121461638,85.45749447753123,21.241592183302828,14.36202072029789,80
7,151,8.292053978345042,63.63271805991989,8.022382777037237,82.00660709044102,20.920657556461308,11.246320015204557,79
7,152,7.636890697438666,63.88735320585858,7.556491109894001,81.7876893912838,21.476357722424478,12.204017131344642,78
7,153,8.205388250771946,63.35070654949759,7.736931029950895,79.56643336239088,20.483633433296966,11.665824365759004,77
7,154,8.612179809973327,62.408550713077155,7.873354078923507,81.0446523690796,20.68055155030231,11.349280832637678,76
7,155,8.446259533045763,62.34544201430732,7.667590865785931,81.039158817814,20.30380774323869,12.059464592533018,75
7,156,8.736430802141992,64.57408518391404,7.774357316104622,77.38825488532147,20.64846719194459,12.206388275412733,74
7,157,9.038397732838131,64.69590454904363,7.538113749923991,78.06544046004876,19.242273769536506,8.568184622588928,73
7,158,8.598137407824526,64.45742799872669,8.125207114896781,77.57932411392814,20.139096421151102,7.859462365478344,72
7,159,8.139233992980458,61.96271762649214,7.705185329950887,80.5395006973893,21.655372488834743,7.156869598408055,71
7,160,8.606561391616895,64.17841100410409,7.647456275315336,75.92062809590642,19.493554337584992,5.57683290499275,70
7,161,8.302350516573048,63.84129307024701,7.904916008534859,77.63411528045947,20.870318682872647,6.460828689355543,69
7,162,8.099003283010992,64.99760645439297,7.857393299172924,81.5107166645605,20.36502640039028,8.14729674693338,68
7,163,8.570523445644172,64.94636243760938,7.295911374478019,82.03847625890128,21.68195332988212,8.272033250298703,67
7,164,8.360454291071562,64.67039830855634,7.968423500557466,81.85901355036397,24.23655518707398,8.098141977833128,66
7,165,7.770735520934318,62.30018411911323,7.635944044372383,80.52473933163027,23.32859058714766,7.346888842832969,65
7,166,8.755050277515661,64.18373295625742,7.2310195645365285,81.37475238460146,23.478719622867597,6.6732404851955724,64
7,167,7.91511467396637,65.36643749635321,7.614971142297426,86.47212488774147,24.050696473154765,7.509026713308535,63
7,168,8.198146297250208,66.36956281048424,7.424970208448744,87.15875896069598,23.40440161153075,10.510056154007332,62
7,169,9.406694042338339,63.855500742708465,7.773994910349127,86.4679056428536,20.811372970806346,12.015715187380135,61
7,170,8.334759025334154,62.42857922764656,7.865959474581267,83.46949872500882,23.15729845266069,11.012462230889547,60
7,171,8.768978507290146,65.91114694133147,7.65604406616778,90.75706692745486,22.365298673895726,12.975182609362832,59
7,172,8.860721017472063,65.2189295873666,7.497574737175472,92.5328875460449,23.75804225367249,12.97229741356553,58
7,173,9.007425740922839,60.06206672725307,7.400573676066441,86.8227016004313,23.921752433357977,11.470941967803387,57
7,174,8.489185445822866,64.32300110056276,7.74175550196115,87.78800745921325,25.046567504748772,13.172730037543328,56
7,175,8.478538295464869,63.41132883049022,7.594100733650898,95.03021087036576,24.21277238430771,13.63220455671585,55
7,176,9.442929629183265,60.51530461015839,7.291507202475609,88.15498707833733,23.72233575474848,13.407622755174868,54
7,177,8.141455063085825,62.16891567462324,7.804087078946878,93.5712248004744,25.364459490275163,12.373484315176382,53
7,178,8.984694867533932,63.47754466528664,7.417288945996919,91.00162327594103,23.495647455911044,11.991744753595876,52
7,179,8.91378393728716,62.654094229130024,7.75030618862942,89.6465047197571,23.912595377443964,10.823332979325563,51
7,180,8.357935349768079,63.53276362875994,7.466405468883896,88.83285159536122,22.641107762146415,7.979063788836243,50
7,181,8.02694280702099,62.96924074219869,7.416049140464445,90.70162668268509,23.32454843323944,10.380058450604972,49
7,182,8.436119773926501,60.71279461730772,7.629216550164138,90.57218076567742,23.09716048414506,8.99255825497395,48
7,183,9.63874583989258,61.53975017671914,8.093267962137382,93.73510200088094,20.529966841165372,8.303214737134288,47
7,184,9.259756167989156,60.3227264969245,7.6826329235430455,88.39133559315651,21.672350440880642,8.00205369087019,46
7,185,9.926286968160845,60.566624097407654,7.374200272172583,84.20965749971185,21.970967179733762,7.149937147877358,45
7,186,8.883097026244364,60.849790057646544,7.764558234926315,85.2223997957391,20.244938319893702,5.966984577767836,44
7,187,8.499972372279188,61.53937336337877,7.485204573278755,84.46363873022169,21.50099821409544,8.414529809214203,43
7,188,8.434834234154607,62.37907463633687,7.916928966495998,87.79537575548804,20.554951542877056,7.107222942273827,42
7,189,8.897704170916022,62.777384331799205,7.167951652852435,79.61323206049649,20.007498664204885,6.57631917036613,41
7,190,8.375964609019746,62.196216365139364,7.953697345947724,78.99672020132385,20.754431897454886,8.651813371039239,40
7,191,8.818553843851019,62.20185252403553,7.7015234039287375,83.13521169217643,20.463063340720186,10.215760797332798,39
7,192,9.247452430634862,60.1048459518491,7.296084533425531,78.10825232632575,22.756097981929493,10.60236924954663,38
7,193,9.470722110211069,63.069755295359485,7.225572308485361,78.94238313138966,20.236768911607022,10.706396422524659,37
7,194,10.743172479659483,63.82831387346518,7.751591959729971,78.50036828987439,21.050395505287,11.061771228254413,36
7,195,9.097345540243364,61.82691117630523,7.383884018335761,77.14738457917791,21.611343915029995,12.476603454980719,35
7,196,9.141619707440787,64.10105751497095,7.206687031912963,68.33538303429192,23.180264686673347,11.963503573087435,34
7,197,8.912955373228906,64.50685384895253,7.537143377853904,75.92810947780566,22.866767136722302,13.131792660803727,33
7,198,9.947816520948091,63.4136341640218,7.6181519964028235,74.76840984437494,24.143079176258357,12.771124648869177,32
7,199,9.137010897937781,69.09657121226935,7.607107066655062,75.85458911595941,22.228557299953682,12.827712371324298,31
7,200,9.483183105154211,61.51448435004153,7.182346258440284,74.37019747409937,23.50339719535789,11.485852241630068,30
7,201,8.537369975772448,62.940361562373106,7.310961764731828,77.00332953977008,23.420618412231747,10.838337675781395,29
7,202,8.863097779987335,65.46551944536539,7.489139294090547,71.6687472820691,25.053091545356317,9.555447868772267,28
7,203,8.582722510138243,65.93773604127036,7.166422135439405,74.92036013458971,24.646894675767932,10.574112538409045,27
7,204,9.462786867799036,65.24213257896199,7.39384905777981,74.52603607840825,25.644993642871377,9.732114928009457,26
7,205,9.445073077753012,69.63071259777023,7.439890437418114,77.88813135055294,25.1740641872837,9.378187933643668,25
7,206,8.70213896334943,68.36630899446426,7.436997891195433,77.20001125159239,25.498306648243826,9.20729066441009,24
7,207,10.193404178301751,66.69599481043338,6.939852281703125,77.78522795135112,25.29535885570238,7.391518051821633,23
7,208,8.761009418966507,65.27600671454503,7.303981154220297,77.4911312267592,24.512631212256547,6.938088033969912,22
7,209,10.648491701846192,64.88940711867284,7.23320063409031,80.83206483935308,23.476294149306074,5.58976239019951,21
7,210,10.476070285594256,67.05919583494811,7.237373537460442,82.9618455093167,25.253010378160624,6.993114009241779,20
7,211,9.53447821779303,67.54722793448111,7.761223198353136,78.55177767029019,24.664102886481032,9.578656400032553,19
7,212,9.269777627690457,66.08933668683612,7.513206363811567,83.64172954059002,23.65375675629023,7.992056580009974,18
7,213,9.985369733764797,66.25885298103559,7.260651045013994,86.47015548700955,23.65275191953088,8.566081318545203,17
7,214,9.908669449593901,64.60334040543889,7.722603791132109,84.71979990332949,24.557864754386223,8.813487834233063,16
7,215,8.651729638961697,64.69682796099916,7.741524526280898,86.30665185092761,21.882144779880317,8.192725582375829,15
7,216,9.017049635564696,65.7702767173321,7.3298378231114505,91.24069732746055,25.41198829230247,8.579959681783755,14
7,217,10.652211330558226,64.6329987317361,7.172282001323719,82.76474186318511,22.8065619923444,11.205684991191607,13
7,218,9.75084473517954,65.45748032992093,7.494574510092943,85.07569322047263,22.61374774394886,11.845358605144865,12
7,219,9.536472471462197,65.3655976728011,6.990093553393734,87.26649857304756,23.142251210812656,12.811033013808645,11
7,220,10.513317574664628,64.45765435399733,7.385383227806782,89.39483281436797,24.714923313576826,11.540928890502927,10
7,221,10.083081743181841,63.15502557775079,7.239763369665633,82.63242151376812,21.549501861495074,12.020609967138666,9
7,222,9.260259084397456,66.31425282618022,6.8982085727860465,83.51492707912139,22.959992625447136,12.685995946791994,8
7,223,9.789895145181488,64.4857798236713,7.665178356119082,90.29756940098733,22.094771820721267,14.237869293329197,7
7,224,9.970605491086268,63.317014449186175,7.056920945414228,84.25950936702795,21.94079749573015,12.386137178405729,6
7,225,10.674583671948149,63.93033587773742,6.727751226402911,90.68822134482667,22.418927453943805,12.284563668163504,5
7,226,10.032337843852574,62.26910916800853,7.2392524997003,81.50442937651808,23.33098950262107,11.268220011289692,4
7,227,10.556281176359334,63.32854931290442,6.919430337934742,84.79970295723652,24.420795272354752,10.630828897805356,3
7,228,10.289895075598075,63.570509652150726,7.706328609389804,77.61834525498531,23.457934315442802,10.021785329136064,2
7,229,9.72323752330861,62.361103828956686,7.126271569035887,79.87482245901894,22.85909714948913,8.833037726627753,1
7,230,10.56273851953438,64.41341115843137,7.812144050952674,78.93399798097128,25.107133102194965,5.621743725547599,0
8,0,3.0763154886570203,55.69908218835682,8.112967652956716,107.74995731666085,17.15059391603609,10.020529704312054,210
8,1,3.637354941030209,56.656704669541256,7.729516988351484,109.38274479464235,18.249446080163327,10.721835519875263,209
8,2,2.0374094403511007,58.56754747661606,7.611610394882808,106.85698141839939,18.964748925253115,13.391977887929656,208
8,3,3.4011541320159275,56.20179652555643,7.936296124382694,104.99201081545581,19.242444121734017,12.830412776586883,207
8,4,3.514997208937367,60.12139159756471,7.24068487784103,110.66598812189247,21.219816816155337,10.961642767817777,206
8,5,2.9441304471163905,58.98631822723337,7.53902238097621,113.62678954315388,21.298234581689695,11.429168741818282,205
8,6,3.4677878681797223,58.66777437110364,7.703172564656342,108.91686165530383,19.301546841165678,12.53539081814239,204
8,7,3.724587262446818,60.3660175013829,7.407088066970816,109.46883211490545,20.45393361223418,12.666705824464072,203
8,8,2.8035672269105842,59.70065246879691,7.619096228071046,113.56664681913242,19.38485280658781,11.716187887785695,202
8,9,3.3261300414542476,56.93242932164323,7.867856527278736,118.11079949308551,17.70247653310904,12.638225675758617,201
8,10,2.919898286104931,57.9974131016413,7.901147090789881,117.86026537128485,18.185224033038114,12.701080611358933,200
8,11,3.5509105932585143,60.397203140154495,8.097650205948815,109.59841751605427,18.383564687307107,9.981990572177578,199
8,12,3.687588979984476,60.40984081983432,7.320040547895733,114.72503409978277,18.83847561647611,9.144860128500188,198
8,13,3.8057582199754587,61.120320633155806,7.7019810584047885,113.34949342150546,19.12999384886149,8.371771158637305,197
8,14,2.879990338824524,60.9585720979482,7.685022024818593,114.03859352922309,17.776726568036395,8.854348312558045,196
8,15,3.344534007336319,59.51551401761036,7.607822743798762,112.24875424932169,18.60290326590767,9.593585828249676,195
8,16,2.9688268203293164,62.50173980614743,7.152333432781768,110.73786208596039,19.877506691889092,8.75485126734886,194
8,17,3.4240921310509456,59.85908752692764,7.97733760491888,115.35176666721644,22.00596448735118,6.962074377024913,193
8,18,2.9999676889567035,59.900762570644154,7.368117413691761,108.61509496826183,21.99410420357545,5.589815927754532,192
8,19,3.1171660477483982,61.31153684880526,7.473029015813121,111.780506229515,21.648832998618204,6.401643017905237,191
8,20,3.2233752300746237,62.45450625018238,7.7717329520745055,115.25322106631036,21.816421483143678,5.819014340067076,190
8,21,3.5897995145266957,65.08477077928313,7.086552752369494,109.52457381954416,20.464592359505364,5.744951814159909,189
8,22,4.401242002624646,59.438564330779236,6.815613412270842,110.58453729682788,20.189696963344844,9.35369212149989,188
8,23,3.1423198739699476,62.12031845115763,7.443794810396045,111.66419499273346,21.467974418745385,10.565926206301635,187
8,24,3.0336525798399947,60.20655393610312,7.500645229621065,104.51304030209991,20.207447391329428,11.21155414761059,186
8,25,4.088435419694237,58.392288873602446,7.302031749027475,102.96444941961146,22.472968042898195,10.550578377283506,185
8,26,3.36426043730658,59.77159438711736,7.955173411922465,102.44797253539224,19.601003609175294,10.408387298572656,184
8,27,3.755191876999759,60.197917773528616,7.308895234153754,110.25110773307831,19.65540771667237,10.685007958068521,183
8,28,3.4861802124150545,59.79499223500924,7.462673927293485,101.91217021154985,18.479655937763106,12.963162836689017,182
8,29,3.6715098142660847,58.490528770531206,7.593273642489702,102.233515591515,22.59459842266319,13.389343947787575,181
8,30,4.4817228438055405,57.72194884542613,7.285871856517368,99.11846128065082,17.39068076267834,13.613019383323872,180
8,31,3.9616061493733628,56.89492795483794,7.435340350813899,97.48066516099188,17.75064922665637,12.365607177164572,179
8,32,3.5249498842562286,56.21900645653365,6.9793656357058484,97.51739437520646,19.201987351216648,13.249222857837665,178
8,33,4.0988626259138545,59.911562962235415,7.416118095120075,101.22501167908406,18.137875752915825,11.134998497712552,177
8,34,3.708577686132748,60.06664355605667,7.1401016523675995,97.66551541335444,20.850310858359556,13.560108609246827,176
8,35,3.6238032377942067,58.530249652877636,7.137380748639092,97.27170055095148,18.60553641020166,10.279536543060454,175
8,36,4.672341442283652,58.19916505460243,7.272865504822386,93.50274351542718,17.302663581203536,10.875488570970345,174
8,37,4.308446634695205,60.406552919129616,7.595102859506829,96.0806869179341,23.170843509211164,11.100604633768125,173
8,38,4.145299899339,55.66846208808403,7.858422425634623,94.22582656793534,21.425818692567166,10.346751833522939,172
8,39,4.372842989441086,61.64098751907813,7.114435697714371,88.26508502784668,20.680299334941413,8.225661145640524,171
8,40,3.5589531469683555,58.81216285681947,7.212701692747806,92.98824932706577,20.252646981420597,7.023266655074111,170
8,41,5.024329904496039,62.593753132511,7.023604529931265,87.85300589295014,23.590442549155235,7.729975006522349,169
8,42,4.255208938287791,59.95743273038549,7.53673354735206,93.26548735252773,21.16382423333417,7.082173872860099,168
8,43,4.609309922471646,59.401810713453365,6.973377241961244,89.94389906553504,22.33860858299614,7.308747688402475,167
8,44,4.842824496254828,62.23075143572234,7.258402892228686,86.88400102979844,21.34647936457884,7.114213974084558,166
8,45,4.875471539693055,58.974243492170466,7.308220025108851,90.82821016821265,22.048224135482883,7.111563401428212,165
8,46,4.331329694954321,62.64253666529348,7.647552906361937,86.29069059361781,23.095942122715115,8.08229176429779,164
8,47,4.4332902151255045,60.782465294382185,6.856948332476642,90.13373663629643,20.541155750916708,8.733860709945171,163
8,48,5.406213583086387,64.72304582326211,7.239969013510362,84.35503683980849,19.662616801085832,9.00301182694739,162
8,49,5.4015079284825385,64.43029525367074,7.391776262443266,89.8304977186411,21.658090123450844,9.621118480139193,161
8,50,4.976656306445381,63.932687381427286,6.830540546049933,90.56881171849493,20.397593499256367,11.820120085151641,160
8,51,3.9478787454376576,64.06536448739092,6.968849261116071,86.4617926919956,22.61549051740448,12.735635067256498,159
8,52,4.891868070319651,61.64981422857002,7.555989094311707,86.7101216997977,19.50062181630665,12.202430668914193,158
8,53,5.448921537084241,65.93766708617234,7.018184147919703,87.34986205088994,21.467702898888344,10.733574326934908,157
8,54,5.110894524842756,61.2684577304541,7.272662678564801,86.93831432172125,21.925696211187468,11.841536636096544,156
8,55,4.4139359808589225,64.6069967339277,7.066601764472773,91.1964826665024,21.24732222290564,12.835199049096197,155
8,56,5.331140502777516,65.24083547360767,7.241298123424161,89.82196473850183,22.483357068603468,11.331686106825261,154
8,57,5.38304570552285,64.84881669846935,7.223384765430742,89.30850021354672,22.888388928451544,14.024965263707557,153
8,58,5.307703683620689,65.6236134176464,7.0899903648791485,93.03417595355744,25.024399050907817,13.886462133406283,152
8,59,4.369698555988743,63.62480411059717,7.0411468240929445,88.96460844727112,23.035044713310942,12.624328503232025,151
8,60,4.1813880394353955,65.91633081886204,7.035115729543012,94.49989764311012,23.27022665226293,8.83184189254796,150
8,61,6.267511071405028,64.12637494389513,7.110561172089808,98.13759598964867,24.046098450494355,8.408463194091068,149
8,62,5.279767030686831,67.36391963067038,7.60995782342963,101.86164966449296,23.00117046186329,6.010987475515433,148
8,63,5.5862633983966345,64.98280953387636,7.380137475193785,92.83800835807538,22.260365330155583,7.672656880920968,147
8,64,5.855974939931812,66.3264970467613,7.21982109858163,93.3610587911176,21.78898360476436,7.596663166912878,146
8,65,4.808757801901818,62.39209453893291,7.135291643390833,92.48452607111903,19.98619994139262,7.513701700720997,145
8,66,5.317192174395181,61.732606464930086,6.798728311407082,102.01767318708437,22.690937060730093,9.084359106872641,144
8,67,5.673097309522375,65.67601723836651,7.20773604834791,102.80480568597739,21.21989728413872,8.139300795646687,143
8,68,5.51453061487756,62.80790692859877,7.017351772746269,102.74561079722115,20.518341460499723,7.013068904057936,142
8,69,5.665386111254105,64.69706297571416,6.794166179727446,96.09928026557516,22.311784616246815,6.64794014588413,141
8,70,5.770383529695577,65.33716017265708,6.783402546000509,103.4433165267487,22.2654370784649,8.763265339199496,140
8,71,5.61428042002123,64.76634169103181,6.897456642460286,97.65413345703111,22.44048880441448,11.245372102085144,139
8,72,5.560980245455934,62.77482312401096,6.8411887916315965,93.14782294255745,23.82541502323826,11.277297846027258,138
8,73,6.042717912311775,64.55599355575247,6.922250731361623,93.04263068776793,26.55666292376339,11.208203669151066,137
8,74,5.673117426334122,63.50938902467357,6.584606599604276,99.85942891928708,24.50579990595421,12.3873646620216,136
8,75,6.043180903526392,63.918853507013516,6.973678847560795,93.72149753218544,24.651653658501743,10.196307044951263,135
8,76,5.708133772337248,63.56659530644763,6.6042543011024,100.40025929931434,25.679041985204833,12.06691202839722,134
8,77,4.921952935434398,58.71651853518706,6.644822118884927,100.54741562864935,23.10203596684208,12.477939743216199,133
8,78,5.739971411329303,64.08613278522391,6.860077488299636,102.44973601941646,23.53118961426197,13.835838036235526,132
8,79,6.011589240839331,61.09283886946749,6.579075841407859,95.08480781341355,24.913423000479835,13.906822409491234,131
8,80,5.6354602960649265,64.80411980705921,6.8846257244449065,93.11558006909281,24.01973001368466,12.554594850650835,130
8,81,6.7920297697786225,59.983756556396806,6.69831278302312,92.80750060382417,24.02652006511185,12.666504079870231,129
8,82,6.882088866961418,62.239239932438394,7.244408662693649,94.06229031938793,23.990421093046052,12.072137739228664,128
8,83,6.982577828450377,62.74367835913352,6.578919026649063,91.57802388900612,22.606414517889565,10.1628893521887,127
8,84,6.564992581612906,62.87250584840724,6.9495954324702405,92.16752329248261,21.82752738962588,11.463351922662627,126
8,85,7.240907619372276,64.16954841094002,7.146909030471338,95.13277838043082,23.73160173140874,8.882370503941411,125
8,86,5.914914708087587,63.40091339452609,6.759870460031492,90.15681078794162,21.74669206993696,8.492398378286804,124
8,87,6.4590441623785155,64.9123380737437,7.072761326726027,87.05899610199364,22.268916192826296,7.530553586452724,123
8,88,5.662920664196476,64.83659139603935,7.251288152015243,88.76436591185298,23.631531075659854,7.943741070263657,122
8,89,6.145297973220324,63.94135114905457,7.073639807891149,83.98413771657131,22.36608031996726,6.165594238900357,121
8,90,7.027417084693669,65.54545654662182,6.443935933348494,86.43652965713227,23.95359916421805,7.361255722671299,120
8,91,6.415377317707589,67.3787316317217,6.815390194155321,89.36763547337486,25.66766395192181,7.5582480128985985,119
8,92,7.65653143602273,66.7101749447129,6.517545978367857,82.28449755560173,25.66681180611364,6.912942080100046,118
8,93,7.214239144116538,67.69827418297865,6.826496204571087,80.76777982410177,26.732879686732858,9.467714780829837,117
8,94,6.7097484257370015,67.02572481611384,6.890345591605619,81.75625599528024,26.08938591336504,8.70341165379071,116
8,95,6.5340391719944755,65.73076347559652,6.561514683027278,87.68213643069542,24.971045306500617,10.285021005593105,115
8,96,7.137303183383272,68.57549933080607,6.69514436393556,80.28089255612745,24.208448776556565,8.202092387566388,114
8,97,7.594222070809209,69.44821374546387,6.557735976304632,75.76070805128238,26.258129696513087,8.695336250368877,113
8,98,7.0356862410113346,67.13573538039525,6.691820658367507,80.4256323749643,25.946630038377442,9.49616353168312,112
8,99,6.687250914199009,68.62981536906223,6.533038989618019,79.70050215003621,24.853845122680635,11.744130743738905,111
8,100,6.109577306598754,66.54652427950953,6.568221852944416,81.57207086549826,22.52285231340117,13.398216889364212,110
8,101,6.091858837695479,66.13440022909887,6.760376004818125,77.48735565865472,24.36248487075331,13.248486391432255,109
8,102,7.571527952435167,71.4275942191715,6.136353441206604,72.37320924926709,23.663373443933576,13.275495388236413,108
8,103,8.251327965881766,67.0556252453993,6.448504190676432,71.57823130619717,23.943676750049793,12.011769407479655,107
8,104,6.979316306132483,69.41741372423915,6.369589711195072,74.1443504530009,21.677010587526535,12.024872193103597,106
8,105,7.626905129586154,68.47386434415866,6.653082026262002,78.72062184995853,23.963756252841787,12.14251033510703,105
8,106,8.196374214246122,69.56170620859065,6.49186975854112,72.16395241768384,23.94415108310679,14.047259194495611,104
8,107,8.249390908864273,70.9221010496201,6.537628656635796,75.81114997478848,24.442280523460262,11.71155576605693,103
8,108,8.221745542958294,69.75900315756499,6.0384665729003695,72.84700421185443,25.633373683449708,10.54672791895894,102
8,109,9.252091744807316,66.19490282814712,6.3418462251463925,75.8907323900791,26.54180522042353,8.087316940499138,101
8,110,8.839271229802263,68.69462833360856,6.28272961261528,79.18825747627652,27.002213675519197,8.086112378549004,100
8,111,8.178826595550484,65.63457081896807,6.325617911323122,75.72827032541406,27.621507358966383,7.411519828583856,99
8,112,8.279544798863236,68.39696153290231,5.858817158612426,73.42717578549902,26.745691973495592,6.060076107713403,98
8,113,8.233057411429352,68.81978394371235,6.499191340208906,76.9780015420939,25.912018498053698,7.831712818687801,97
8,114,8.894003439532064,68.5235976378812,6.515206906480367,82.69070368020886,27.715878834079806,6.228541218819323,96
8,115,8.997730636810713,65.41295532358694,5.902910890332807,75.30006200987555,26.835705742546004,6.97756071011709,95
8,116,8.876232108273072,63.659810687030465,6.1262450330414016,78.1316676853107,26.056884286162987,6.0697520066904485,94
8,117,9.44168540972526,66.6497953254736,5.98566638740079,80.4777921325464,26.343784819480998,6.48723868358789,93
8,118,8.363037897063434,68.31772906888979,6.392763426645783,81.12900464743343,25.438512031637895,7.394947507602512,92
8,119,7.872101260886774,65.86429958188316,6.4504769574250576,81.01435917297441,25.61314262206269,8.512321208473818,91
8,120,9.216483898945738,66.32222735492881,6.050651896742649,80.46147601177422,23.73318153156706,10.911699944205953,90
8,121,8.425705261262257,66.53032630108923,6.321142354443528,84.35165691225916,25.45898459590677,11.898920932483152,89
8,122,9.190200667986394,67.69979840837534,5.663822537069008,84.07121401236245,23.206693619315704,12.013421844711848,88
8,123,10.12335131804955,67.60110421678385,6.6386849781722646,79.71876766059523,24.55409469371898,11.006156706313078,87
8,124,10.092348381022939,66.7131659690739,6.30198006629344,82.97446669223028,24.477243405649048,12.793366776047504,86
8,125,10.114504317605942,66.52895577508572,6.1472949730822295,83.18197532441579,24.626253212299194,11.404424157331189,85
8,126,10.36361070272027,69.5383384095536,6.722662292585955,81.41751664110696,25.78350636040644,13.685884126865842,84
8,127,8.973765588513091,69.82839214232736,6.329886173797033,77.04505608488456,25.25887558662198,13.314873296485247,83
8,128,9.296992846035362,67.0344322275027,6.279953518006565,86.00817826907554,27.35859684283031,14.151224524126604,82
8,129,8.908225207331602,67.15973535815218,5.792860471490081,82.19171505261563,28.24083495823747,12.41913535400361,81
8,130,9.45155349928785,68.30955491435596,6.034800999277821,82.93056436864869,29.65229828371894,9.563300264192602,80
8,131,9.669667656384256,67.18739770171409,6.375149304170284,84.97605790119387,29.315457092730654,9.410552093551361,79
8,132,10.030001179673976,68.65983429958399,5.975274077967279,81.34613924823347,28.302100651968647,9.567559092761787,78
8,133,10.060428049907811,69.73210823845788,6.5105656965112075,85.39603116904004,27.87494629788604,8.74572917857656,77
8,134,9.11922487322422,70.60902599917463,6.6149014077658785,88.09219298475307,25.88511071531246,11.047561964343721,76
8,135,9.926937178207229,71.90689180031804,6.197963049905486,84.39339333578452,26.667874712304577,8.23659503530729,75
8,136,9.793655554031353,71.98850547075425,6.258558346180825,87.04790607775136,25.715810833562028,8.13020847177988,74
8,137,10.867148975776388,69.36369984342525,5.973431362597155,81.08436159086172,26.222990054260446,6.509298419937126,73
8,138,10.732420205969309,69.46047733512096,6.17598379740388,84.23168529898125,24.619251321492136,4.23310414454912,72
8,139,9.08837078343963,72.2967211236737,6.1145797421895995,81.89380805050881,25.010079318627383,6.744434494863622,71
8,140,9.903042679009053,72.4944412389037,6.071582191201323,75.23573691624671,26.123565656274586,7.428185005319123,70
8,141,9.406233024215974,73.7180015107248,6.153516711213788,84.20721733534475,24.363949215962876,8.340823234376698,69
8,142,10.114271985384425,71.23374851915473,6.036280314156807,79.86909682625127,27.624469374721162,10.125429515752549,68
8,143,10.78156170623683,71.10144760600555,6.2751945803438645,80.49062393645612,26.683474378565574,10.46689980901278,67
8,144,10.583515406248203,71.2681182650032,5.72933695601343,77.65751855250319,24.821949438259125,7.795669567137461,66
8,145,9.918609753361896,72.73408323792759,6.2587009767058,76.56906747619686,27.594561801991034,9.825932013849988,65
8,146,8.449778220840201,76.14925124775887,5.353712521047577,75.49933588130807,30.624548417202583,9.84623002962945,64
8,147,10.736539476362395,70.50853999874211,5.541778243039401,73.99428981666846,28.97937083213341,10.78449497291718,63
8,148,10.578890824019101,72.91352091230114,5.8301112009480685,73.3781085247664,28.65058888000896,13.197068963846174,62
8,149,10.338706188248343,73.59033297033837,5.502521599929056,71.44046623669071,29.241754984364697,13.19728179362212,61
8,150,11.167362590573575,73.47330348375625,6.0615602792698935,70.19267629923002,28.913371133238602,13.626032320809918,60
8,151,9.907465022939114,74.72043035951565,5.900298401195114,67.54316891744504,28.81188164146369,13.303222279449924,59
8,152,10.233775713184732,73.4750544958306,5.819514286484724,78.15501739159649,27.574132717299047,11.513010568030403,58
8,153,10.38981369764481,72.94411443237983,6.100119094279663,66.97099719785689,28.920886476280558,10.905247340982402,57
8,154,11.100339944076161,75.42762165414423,5.625574323965431,68.71655569918161,27.33024765309118,11.416635474586862,56
8,155,11.275322922548687,72.87645867634905,5.954294479031918,63.206729952980304,26.326457681521976,12.408741650394775,55
8,156,10.887025884983244,72.71288331804992,5.848080486648725,65.70887800289884,27.546093914056712,9.750468915642049,54
8,157,10.353503505918315,72.64623289748705,6.084462774056525,62.28047704554561,25.347389096782525,9.56537598836559,53
8,158,12.303781333608116,70.71075521899276,6.027323382757245,62.1709745686367,26.32144511701631,8.389694953589245,52
8,159,11.133782832940073,72.13683601495741,5.9448743556559505,61.403378606275126,25.7739602834041,7.450488830739155,51
8,160,11.312689535036476,72.96029965349169,5.695432192342491,63.52131420150402,27.1111474727316,5.67464703507843,50
8,161,11.735827285559632,72.44315871758991,5.634266460505508,60.10870729241673,30.148987945938355,7.137836768994744,49
8,162,11.381012049059407,73.63986044904622,5.521979344770024,66.3887360794315,29.503576202653875,7.331594234130772,48
8,163,10.781189689080977,70.71788990815419,5.816187389100885,61.567363641218016,31.23215062095474,6.976893572417467,47
8,164,11.00571837358092,69.63534364780911,5.697654942936342,55.140895494006,30.254560270698793,8.38094048664821,46
8,165,11.2959416618941,67.46885869895699,5.6829507296682475,61.65561087529286,31.14835467979783,7.725247238744014,45
8,166,11.172055304538718,70.19943320597764,5.745831400803938,65.95210273410936,29.862914517028862,7.809710494927193,44
8,167,11.758952156551926,72.20144387431199,5.566662199708406,61.10329325443567,31.19868640263634,6.7439060693946,43
8,168,12.210893672344678,69.5826618032684,5.713133796420571,61.70263705489981,29.351655630485652,8.855616263992408,42
8,169,12.222076455421503,70.27113670401121,5.4467806899068245,59.384841733615175,29.878431386940992,11.601032126295646,41
8,170,12.31513669027506,68.71279579742232,5.734945973395634,62.25887078337452,29.511776400934863,12.052056203557342,40
8,171,11.932767768954863,73.00052306131283,5.793639308958641,63.542272249095014,28.11523369572998,12.71799764605261,39
8,172,11.374319138879246,71.27309237156324,5.621036064730379,61.623758966482825,29.387217427689198,12.51122609254117,38
8,173,12.19899381601875,72.02036623156832,5.776790045875493,65.25012756842004,28.093826169778698,12.221877722453536,37
8,174,10.721428815935491,75.94563794618291,5.549470625669555,65.5872706886192,27.00844371431576,12.664129555927595,36
8,175,12.578340328639403,70.06167835221319,5.8498061132668955,63.47946490193309,25.976513478723756,13.356453507990357,35
8,176,12.673641289994523,70.29323528518604,5.544633922765261,60.14085124549578,28.694213313606134,11.904273972874405,34
8,177,12.003100535056245,74.30140613823716,6.071165885178454,61.665244512916715,27.66601674148465,10.927052085747185,33
8,178,12.223511806543797,75.88406701034376,5.581366817762305,64.58260828175506,30.402398258501453,10.648684285508661,32
8,179,12.025804119595746,72.23370743626532,5.525601170811106,63.96224156001079,28.259239007916733,10.509894573876013,31
8,180,12.037966514719047,74.57635200120038,5.738896109140019,62.42085085384907,28.690681233074397,8.114053588208897,30
8,181,13.200865345056638,74.8352420335371,5.637630916332797,68.11363623753583,31.23034784674058,8.969446654360594,29
8,182,12.195898006716979,77.5807172436874,5.509832665957072,64.74574570221802,32.1211476797024,8.30339240741857,28
8,183,13.000373734459178,73.64114277365292,5.115327204427512,63.5831051020052,32.32604928337778,8.230200500560512,27
8,184,12.72833386649485,75.25248550476891,5.594316009340294,68.73955250976955,31.57985549527917,7.129303139289716,26
8,185,10.898697149250472,75.68682207380404,5.237693112863412,65.86231716985729,32.50394831040908,7.524472836214777,25
8,186,12.965460035369288,76.26497126508107,5.5742696862517045,65.33238018582992,31.020356295468805,5.379859385365928,24
8,187,12.649513737476429,76.325713928583,5.540365156198739,68.89411485163387,31.116250581365144,7.773753616166378,23
8,188,12.859342516695431,77.16162462738046,5.64616965542127,77.39877471893774,30.90929051229001,7.217498617150479,22
8,189,12.951190953743602,76.48295299495426,5.643230643863799,67.73597991418612,30.598859987620045,7.24790613556798,21
8,190,12.993381164734544,78.38323699799341,5.791525736915657,69.3940868931369,28.815389536828313,8.580082183346775,20
8,191,12.574977719843686,78.93359690333908,5.69938994600291,68.45809045121145,29.98815361592949,11.39433724816288,19
8,192,11.441330990970089,79.12579165855692,5.2049752603074735,69.7630563247298,29.638138718631485,11.392399041415587,18
8,193,12.989349370551064,78.2155156777507,5.192480672477584,65.4008642553487,26.318678063472493,10.55566294399439,17
8,194,13.404641359887144,77.25370058869434,5.300822403072982,68.71445338372435,27.86934701943861,9.874188983467285,16
8,195,12.795059378159445,75.67345839058348,5.12044346487371,72.43281507779433,29.9229998974496,11.538208616518725,15
8,196,13.576941188242028,73.63581115712654,5.088780970361835,65.08893503220969,28.699393336305814,13.496297752482564,14
8,197,13.63020354383322,78.08421636859956,5.216061846194401,73.16379575089078,29.056502161122694,14.603288205593298,13
8,198,13.238433898217382,76.05324851887956,4.9474266584639786,63.09704108757585,29.31206738909743,14.601397000016147,12
8,199,13.797847234110895,73.74333364297671,5.883836352512331,70.3762627507811,33.24319102829482,14.21671306505813,11
8,200,12.521540790386885,75.61951611213225,5.230034470282928,69.99035088783795,32.4694996057265,12.713451714018314,10
8,201,12.469471183891727,75.83454344788171,5.025253482586469,69.63276907199136,29.96544247064124,11.827684644455534,9
8,202,14.609607352044124,73.71979898302308,5.261497518351329,65.9571164856033,30.863303496117982,10.869908650747059,8
8,203,13.638436626134427,76.01489506890154,5.453446394255056,65.73612560729184,34.092745328211485,11.157985604056407,7
8,204,13.451582894690027,77.45881219171486,5.479682685442037,66.09011982254239,32.75193769898709,11.359274109187819,6
8,205,14.444373280130245,73.98613315355871,5.090497482716278,58.83878368603155,32.617227211994205,8.240087481829026,5
8,206,12.954897672036157,74.13324409330218,5.727102443942981,63.65157441748355,31.222166556799593,8.110293755015311,4
8,207,14.102366386346757,75.4490051248005,5.256401747679841,58.46883701445975,32.188901633192984,7.400340360186661,3
8,208,13.349509292416947,76.19754922151496,5.230052969434572,59.90185362214521,30.560885088984218,5.948748375901843,2
8,209,13.638075684059137,75.57885013699044,5.049346286436233,63.021115891018766,30.290047308812166,7.947441779454216,1
8,210,13.813537789825604,75.76247644636653,5.1294260633835025,59.451232393600996,29.23257015752368,8.921660600312501,0
9,0,2.7540710061375258,54.56861875453619,7.5812845161525795,118.95225527976244,17.48875133416279,10.294438647859973,209
9,1,2.625704931448116,54.517725885197166,8.092798697800815,112.05181962451022,16.723700168888787,11.446791467020686,208
9,2,2.4576968304420275,55.58967210069573,8.11688431917708,114.33957915074414,20.602208345429123,12.207699724408974,207
9,3,2.8732877214559336,55.223832988740924,7.71459631900349,117.66143354857913,18.144721692672004,11.88788574647938,206
9,4,2.8886203779381012,56.12376717385387,7.863526106727654,117.21603421562081,19.045608019626556,12.646747619381447,205
9,5,2.5909030866791367,56.31455496978312,7.536135358636303,114.07563504476707,17.46693504687075,11.677177505513876,204
9,6,3.4806132395078135,57.32787956729975,7.7704012221409275,119.4260726988303,19.667650646428882,12.499795078705304,203
9,7,3.0395430151196967,59.45704788693768,7.949052558822402,120.70876422185582,18.08324116218335,13.004352918136183,202
9,8,3.1262414785158477,58.11305515693209,8.358334927395392,117.69127403838706,18.91772117902064,13.129325900657141,201
9,9,3.8174526117878695,57.61351712199318,7.738344119968043,116.53187684027436,19.440211843208925,14.397014841123898,200
9,10,3.669299142475928,55.57197010816362,7.993305386841061,123.19917420908911,17.838749944800323,12.602734831829796,199
9,11,2.533689729726712,57.07876526440212,7.839329755013079,115.25029890750722,19.148108153847815,9.038856243912782,198
9,12,2.9649358762703892,59.40128293871136,8.077988574499011,117.12132607166474,19.170355224622057,9.601537341151806,197
9,13,3.226528950792884,56.908223200969445,7.705744101998435,115.46122008094581,20.327156160137736,7.453857577007371,196
9,14,3.48926728262566,59.89421428192659,7.861423069121333,114.2824273503057,20.23385185051351,8.990175484151491,195
9,15,3.1282007653527555,58.30633605380963,7.681610268497949,105.48548312967147,18.123650200788234,9.118886168276537,194
9,16,3.154666377441986,54.8156609696536,7.912541240339018,111.03510270488303,16.76122107678665,8.08423559011781,193
9,17,3.1868468933366554,55.851817002308735,7.624866388606053,112.77523671304179,17.93568461870979,7.586184812108459,192
9,18,2.9092296759608853,56.750241359169586,7.3752537038465915,105.96716254454815,18.698502608513937,7.57812366009517,191
9,19,3.3650917918717287,57.13417496336261,7.487988969093065,108.48455436775244,16.468588558966633,6.194070033557611,190
9,20,3.4404990618166256,55.10334182820516,7.846130924231404,108.24590188681698,16.97566590694864,7.018015181912666,189
9,21,3.766970209083295,54.46612021010556,8.078297022902191,107.34773977338101,15.993942784944869,9.165804204671517,188
9,22,3.4034579568543197,56.70922125502016,7.636654785023128,110.57143812214484,15.78067276415722,8.554113904317264,187
9,23,3.187629311516117,55.94348721690282,7.806292534332689,99.88549751240149,15.999484125140508,9.431344417610596,186
9,24,3.2896654679949893,57.16586634858143,7.641405608479645,102.69097856226436,15.392604463535196,11.117107302974452,185
9,25,3.09067870187065,53.768011501060336,7.607530452596183,98.32089467820407,16.043369842769067,9.54321672686517,184
9,26,2.934509179532208,52.52471073075711,8.064624665581164,100.23205302746067,16.633067823992008,10.656500144898438,183
9,27,4.19756434067142,56.2715494794873,7.7602998325757335,94.49792025902141,19.086890622513906,11.789517596735367,182
9,28,4.22611901945696,55.598198535701734,7.521383735174003,102.54141191966487,16.298299158539116,13.217824683494385,181
9,29,3.493539404188446,54.46154094281117,7.987347661626624,103.73758002058999,15.827059203562262,14.19429305810509,180
9,30,3.904082210787223,53.55291437748784,7.93928553638617,103.30117334881166,16.710987825523457,12.692945312363726,179
9,31,4.017425942707932,54.02239669271044,7.734689369931367,98.75476157239945,17.324431243459394,13.525594305110449,178
9,32,4.29968679898327,54.785746029894604,7.813485090496676,102.84192659465026,19.580281990707967,11.224378685848254,177
9,33,4.4785571449364205,53.1969182080019,8.181211207647655,101.30136997596416,19.107843149411536,10.035240527777976,176
9,34,3.1978592856787316,58.02297771578323,7.78474691645698,109.53374857851843,20.397136650673517,11.412624576551261,175
9,35,5.056987787334366,57.85410249140631,7.505605884782561,109.79419446430845,19.167577642530485,11.252882937219265,174
9,36,4.756878327879092,56.419055977286355,7.7076819631243865,102.88700945477078,21.874217659215162,12.160174813914647,173
9,37,4.1152959124844575,56.38003119738611,7.260857426833315,108.99043192129182,19.456031713049022,9.179115469184397,172
9,38,3.855155403656358,57.95333813180043,7.731493695624265,115.78748841993014,18.333352817261463,8.641268588789579,171
9,39,3.79603830937773,62.4471850113433,7.580049671756268,113.24967019589302,18.97550492357431,7.430047138109745,170
9,40,3.9616588247930014,59.314393058983015,7.491673446299888,110.50702207437821,20.586001972500497,5.061339216329791,169
9,41,4.151912285152258,59.442991892601825,8.116021309075528,109.8529036820231,19.162131872356998,4.569741409798799,168
9,42,4.295728335074584,57.95724903296629,8.056937650421197,108.63838103161962,18.26153417730322,6.346134015792469,167
9,43,4.69277479722116,58.28497757114521,7.7080289058663976,115.36413800640851,19.818010264049246,8.840776087815117,166
9,44,4.130375581400458,62.14925968865213,7.645329817123759,110.50558584551737,19.05839167235362,7.97200884493916,165
9,45,4.578792493231574,59.1208269585167,8.087544483384244,117.97033021161975,19.479882456771218,8.194179400593063,164
9,46,4.215528244721344,60.408792314873196,7.572740172134955,116.10909933611913,21.227573678399686,7.725663324979825,163
9,47,5.140137820099204,59.647452016712016,7.579048535512341,109.79090028584994,20.41129996578817,7.9596377498079045,162
9,48,4.074383243881334,59.34796183307725,7.448036687307174,110.86446982792151,20.16835593913925,8.69666135266137,161
9,49,3.988141683890105,58.95039628537041,7.406546191245788,112.37882116646844,19.962259874366723,10.326608571521815,160
9,50,4.2184866159327905,60.56715074817311,7.524313785080174,112.97339350862926,21.203845774458905,11.17512617308007,159
9,51,3.7461898075879976,57.4637646645138,7.433038940432319,106.20981334426313,19.52625685816318,12.54270794580052,158
9,52,3.849857628582386,60.479679243528096,7.288979568245424,108.00240731892193,20.24530976665355,14.843029818259042,157
9,53,5.229249839955139,58.737430810266986,7.435944033968259,102.0642143826625,19.078255959972502,12.782780730683463,156
9,54,4.621056318593596,56.244499699623816,7.43228585013722,99.41761709712168,17.65451335590229,12.726094556307386,155
9,55,5.08355850857104,56.793007420484614,7.431496586335172,102.49643201636641,16.96389827340126,11.944753210222968,154
9,56,4.488116936796051,57.24959316649039,7.489505851917042,103.88632367250568,16.399898983502883,12.20473682951619,153
9,57,4.681918714759098,56.21485642089951,7.586406464634277,98.95510198161995,16.36794360876613,13.094876137029496,152
9,58,4.513992556593434,55.63826014512448,7.664907440120646,97.11506536251726,18.45034986354034,11.580955214177472,151
9,59,5.129430992656489,57.85630585800367,7.887176029952502,98.96454372356997,17.244008323270588,12.907460547391299,150
9,60,5.349086857030121,59.675622252042345,7.338973557327657,90.6967086864468,17.972745006624482,8.990099512388166,149
9,61,4.909444881194133,57.34201506959197,7.402018499999047,97.96404495759356,17.709358877761073,9.017350086760466,148
9,62,5.262510440881126,56.057483950510814,7.6149544512653735,97.51393044288417,20.732876293688257,7.0236141570929,147
9,63,5.2836438992272745,56.50143100282635,7.565825347542959,96.21512556714912,20.446473961271774,8.374961007683133,146
9,64,4.894697633761086,56.92439724774748,7.789612225650216,95.54142535634718,17.88951919853715,8.437008011129072,145
9,65,4.868755198208247,57.77508020071727,7.867805129406102,98.94425187132026,20.25349259992942,7.66143296550586,144
9,66,4.959692153212718,60.49361558085715,7.423123378289244,94.12646727116083,20.522412791508522,8.162906127869057,143
9,67,5.459847330236712,58.434031952671965,7.990203666027616,88.94255030605694,20.061626254296556,6.137117754831891,142
9,68,4.722327465707581,59.90233819258197,7.3348679162399355,99.23086941845344,23.199045943497538,4.880385249795534,141
9,69,5.098381651528146,59.01069677107912,7.4868303660897,93.07071308897704,22.698765839710497,7.65676277849799,140
9,70,5.099664153099841,59.184160043005434,7.7843916088225695,95.05243779850396,23.041448156686368,8.362938753319224,139
9,71,4.741857351690967,58.64736472493455,7.261839150271577,97.28023435049039,20.990755750766642,9.764862690118186,138
9,72,4.920246512524213,59.18670187708768,7.194972058025063,100.25203900510864,22.82996232439515,11.084338548524537,137
9,73,5.094465836184617,61.91296975840946,7.495774603084512,101.16704136601909,21.612528545845944,10.879177412236588,136
9,74,4.810150515520754,61.88154630766532,7.504758520582167,101.77369225912636,20.98916008138579,10.526733287562328,135
9,75,6.410037716184367,62.66520644984986,7.441419706882698,95.14319507688161,22.584774751847846,10.712003272116023,134
9,76,5.516131220342245,61.60217903026304,7.365765964692518,106.43497202923686,21.760414072847855,11.788086521432211,133
9,77,6.145218101453638,60.96539918681741,6.90565916874099,103.42174116676239,20.85053598609234,11.172732536470399,132
9,78,5.226306128136936,63.84328843060762,7.493361777414654,107.55513338275932,20.88451855229509,13.994952410360384,131
9,79,6.51971279516217,60.64391707900839,7.320592912522225,108.7129270577155,22.855479566860282,14.396922205002438,130
9,80,6.172807350500785,61.1843198191403,7.209897857549679,110.39292823807885,20.319286585300322,12.574696345320984,129
9,81,5.326069227400849,62.672487972279434,7.16709817174084,111.03876485418938,20.341895124896432,12.398952901356017,128
9,82,5.096997826543254,62.753697542871194,7.742863409840638,107.8243897027422,20.397961641579766,11.061460906294535,127
9,83,5.698480315236757,60.77022783753224,7.340031254530703,103.65934982794855,17.84490282765629,9.351745156107732,126
9,84,6.013524593935719,61.962277477785,7.096342223973451,108.28768023794676,20.11825072501787,11.434214870026848,125
9,85,5.7994543754396854,60.963238530618504,7.044820541655334,101.88770322319017,19.398251707867686,9.54448582621556,124
9,86,6.459829924563377,66.20512039653566,7.161440645527055,106.45309497111215,19.55691397317992,9.595185997762673,123
9,87,5.551405385351651,61.80105874090016,7.416140776410048,101.3548544186998,21.383695146304028,6.92486514361881,122
9,88,6.076653470924846,63.74588386116724,7.07420765568236,102.30258592404175,18.702890433887546,6.634625240760086,121
9,89,6.433838903745949,61.5429715487731,7.229292005691128,98.02752715141526,18.766935584841097,6.37287091549222,120
9,90,5.058270053517483,61.8166573632862,7.556953155989771,99.35450094105005,20.60214247052108,6.440464833273443,119
9,91,6.426617082190235,60.0969113041876,7.043156047138202,92.16511349130042,19.241491241624647,7.252872313123129,118
9,92,5.608352851365404,61.72800316475969,7.014376188867698,98.19610539066022,20.956827023570124,10.892646886045526,117
9,93,5.341644515800748,62.97383848343541,7.186829335583025,94.23356162960008,21.169823963320088,10.023913560595812,116
9,94,6.755393318052464,61.10917824832192,7.033436915653668,88.04299942492113,20.938548533953227,9.502690451146659,115
9,95,6.489461503339711,59.194480933851736,6.641318578439905,91.10792197209368,20.26150696007709,9.111884645846782,114
9,96,6.408351694417467,58.5657066020288,7.294567911103156,90.19803013511279,19.554776629703266,8.402858147497819,113
9,97,7.217666056530738,61.33608213471159,7.009676987867503,93.09801322219089,22.91707987823669,9.99579431231434,112
9,98,6.699928894998027,58.12515186993582,7.676665612009013,81.86286318855173,22.015073320355185,12.283707631261429,111
9,99,6.6829535477598,58.74303537927373,6.844098720224536,84.3488821832554,20.618825031149697,13.034696567570471,110
9,100,5.981548083457379,60.91808910813331,6.868211421986112,88.70614622002635,22.739622811463246,13.947656731833629,109
9,101,6.18023421459796,60.63721029432269,6.799981602011286,84.25064542344288,22.406503034226425,13.895807565522048,108
9,102,6.1229650582427,58.1866252170176,6.425330948440904,89.8904387794486,22.25460804829473,13.9002325131073,107
9,103,6.8759823164098455,60.09769179631412,7.28118123133902,88.71584858756589,23.18204426079427,11.254440032665471,106
9,104,5.44637519880472,60.862984918897794,6.504332471362046,89.89397556972358,22.299610740526376,12.072794469317817,105
9,105,7.283954901399525,62.559690633786914,6.5624336407240556,92.18028380479294,23.657713829772156,12.852562040982225,104
9,106,5.799931191467315,61.35191152683471,7.095860788568109,90.32972076192401,23.19037619478044,11.24095438206058,103
9,107,7.173973690539419,60.12028210659173,7.005713626808052,92.71459661873735,23.168865996184145,10.832602268686129,102
9,108,6.3481646986107245,65.18257705021406,6.869960405348236,94.593981198715,22.6336101623477,9.992192913932827,101
9,109,5.520405067762476,64.51819261021933,6.918724872098522,100.38587226735231,23.638120888072116,7.95638674752763,100
9,110,5.9420041516602495,61.986645343378214,7.01745012063093,94.33033010409686,21.78487360960695,8.19415140886525,99
9,111,7.775765946137081,63.82064159728481,7.296382451469075,94.87565737823661,22.56392844498606,7.847688576046949,98
9,112,7.463100141721811,65.63937843011058,7.105406744458535,94.21666457152654,21.49961652658804,7.078259065760393,97
9,113,7.483643221740702,61.99934986018372,6.9919194766023125,98.20211140933479,21.022245536874237,7.592694657880558,96
9,114,8.225820351731603,65.19622597109617,6.5108712978378716,102.7323935385166,22.52876739038581,8.75140583731917,95
9,115,7.858630675621381,63.776769245485035,6.792623598928592,98.3643633973197,23.185338682224632,8.938592544193593,94
9,116,8.332145102155572,63.54170067523151,6.771949488445568,104.1293233160474,22.58749855461581,8.454469822566008,93
9,117,7.7178714267093875,64.56094086599624,6.800766645001277,102.4604322692696,21.447298530519042,7.429472585735334,92
9,118,7.485759668723603,64.63096531258995,7.104277232200641,100.88453740312787,21.581339781462134,8.869815205226411,91
9,119,7.19017720043573,64.16096308498179,6.841815739862277,98.22236454194302,22.43769982816793,9.910181808131174,90
9,120,7.941694929165825,62.406509471688956,6.89598899964922,97.96458886339288,20.33346529053065,11.241437922008856,89
9,121,7.887547186884715,63.767087678126785,6.679792156571935,96.2888161521662,21.007083675555766,12.444047526780276,88
9,122,8.556434312391023,64.1056953028017,6.8650276506046195,95.78112292306797,21.056664197214918,13.255066553529176,87
9,123,9.648043094676051,63.19279623542999,6.719074937716528,89.90174976562096,22.433576741785263,12.884970205506091,86
9,124,8.649877465483016,63.590940274855626,6.979343239003986,94.86280808533964,22.804273554478378,12.810480996186943,85
9,125,7.340395660233466,64.5310993839956,6.974788123957019,92.32366965194619,22.736723104640703,12.818520216135195,84
9,126,8.421807200051234,65.19613930551574,6.681037011704454,93.12261285824397,22.625373857435292,11.468414367470059,83
9,127,8.24444971848943,62.23614858031701,6.537948906486861,89.38474291997697,23.439114090581835,13.393692506614151,82
9,128,9.282346733421718,62.97420759001544,6.760643354694193,90.79684983876561,23.427111063616533,12.88935140668657,81
9,129,8.819364382851322,62.539146141631164,6.470487728467988,81.99609750708522,24.175182805354623,11.452422728120428,80
9,130,8.608102544886524,64.18611825940583,6.463281014022437,85.95891498338915,24.631790165300743,11.078617544335648,79
9,131,8.3691694672364,61.83002284206525,6.87359724797441,85.46776613310502,24.640349542859077,9.546999899402511,78
9,132,8.887688696141964,62.770539028826924,6.649900861702978,85.41264975556741,24.61608964422872,8.33972988187404,77
9,133,9.274212690367946,61.291977817362515,6.929180520848423,80.96965238742945,24.13790095691774,9.906305230157095,76
9,134,9.270737330203131,59.81465684373333,6.701967533535609,81.77556466889594,25.432882925958424,8.820661451219365,75
9,135,8.632060398304722,62.517567473660286,6.498121303787801,81.81170549842132,27.109785152709943,8.919875581026774,74
9,136,8.808616444256977,59.761431650733705,6.3351148028187865,80.23521771529091,24.999967158740077,9.46332065513538,73
9,137,9.676851222879169,63.60001939175189,6.412066689827686,73.01789568829042,24.106530516693212,6.232878872846836,72
9,138,9.312020134284584,62.49767662598813,6.6458752654292415,85.57842401289959,25.758355794040224,4.830933531778833,71
9,139,9.066593091250311,61.519975175274254,6.886486580989272,83.64079022334703,24.146271758157496,7.442161426550839,70
9,140,8.677499859004767,62.70289707471619,6.285414202079944,82.62502509900507,24.25548065070613,6.567192551866118,69
9,141,8.721091229465873,61.41116315770806,6.532466674968771,81.61203726266055,25.687745754897996,8.912296206449561,68
9,142,9.055790884099615,62.2795474107146,6.83880131446817,86.75359212975194,22.566270608867693,8.469013031412338,67
9,143,9.345046921176142,64.22009659055443,6.780629623195848,91.76310550964848,24.90914143649916,10.0784562347594,66
9,144,9.164504525041194,68.07353411932431,5.989450961373696,85.19160281028869,21.64722389700713,8.327536958512544,65
9,145,8.48668597218066,64.19842783440474,6.292873563551376,87.7289189695543,22.503049547393246,10.475827969366142,64
9,146,10.23024726360943,66.90450115657997,6.586651906058977,92.72189229721232,23.512807727997767,9.71290624352021,63
9,147,9.814436628171382,63.413585650593895,6.536869669388532,89.25379606748646,23.77963304960807,12.882029890347239,62
9,148,9.276867719160112,66.95106795913206,6.166277581027233,91.23333068962354,24.551928330232847,12.462564538596421,61
9,149,9.368504082213047,65.09485338146565,6.620697412328886,92.52489991340802,22.574108005780914,14.462003648027924,60
9,150,9.291407883281417,68.68050803890466,6.52677503231895,90.45610923169829,20.15623295927489,13.294274732956591,59
9,151,10.48210367568561,64.92260357171483,6.621876243811313,91.43961194758697,22.742643244167457,11.821016993305578,58
9,152,10.633483233592662,69.37733697829339,6.612156526875644,96.9953790486003,22.376205464999803,12.12051641844583,57
9,153,9.497022129495328,68.28113547432616,6.883743055841234,92.54887420782129,21.100662531253,10.837846625301818,56
9,154,9.104822635485458,63.710561702874614,6.620891067436119,91.05220609474405,24.051148288252637,11.56646763438055,55
9,155,10.448320668716553,66.27308478653288,6.6679245765018065,90.37296590219417,23.709244266756546,11.968581148518167,54
9,156,9.868042702153852,66.55431149773669,6.328078536062266,91.60030229388013,24.349454150021447,9.43990153626006,53
9,157,9.236431332187532,65.43484112978655,5.964491710108936,84.93892831734975,23.709773824184172,11.074479810523634,52
9,158,9.207747720006953,68.07330529268388,6.212880813059053,90.0918493365021,25.473560908596856,9.043385704818068,51
9,159,9.34171776143206,69.46021884933957,6.473539543310589,87.61863798545558,23.79549213257957,5.601043613054086,50
9,160,10.335438002633284,68.80978651528638,6.505300888322408,85.80318834546416,26.081747021441544,6.772773877704721,49
9,161,9.59443729585969,70.19225009236766,6.207349509442011,86.56807658799025,25.497948569893342,7.340667922202199,48
9,162,10.787995622870088,62.97431792403869,6.581648150086212,80.22694043664876,24.78230291734953,8.778029601489763,47
9,163,10.372504925502167,63.29560178955783,6.701506313054124,83.19543515469701,24.77192191229412,7.782504919139845,46
9,164,9.710823682502738,65.22754358507669,6.009135641875682,80.82631874638383,25.382921697125177,8.780445273411527,45
9,165,9.884331736135405,66.82080691087374,6.542866007401814,77.44788905582683,24.6869399095229,9.3336985910936,44
9,166,10.81537644582776,66.24470040911862,6.363982752073583,82.75936014921733,26.238671613145836,7.383313786300679,43
9,167,9.396712744106711,64.76698024654084,6.599996170731755,81.10879944584194,25.536019532148487,8.300929355399974,42
9,168,10.762081128454803,65.10355499038295,6.0418771430612415,75.15055385358683,26.20458060117384,9.903925341756125,41
9,169,10.742843316422467,65.12017977855032,6.082565367877591,74.99378675059057,26.91512541730144,10.933437900941593,40
9,170,10.62565238628383,68.65856392128492,6.43774591366378,71.57016971806756,26.14757448206749,11.162880763886298,39
9,171,10.047310768450517,66.93943956702336,6.337894472357145,71.11842363724217,26.14042887853725,12.591884811602513,38
9,172,10.00614817779959,64.9656504781746,6.335728994085468,70.56377142072492,27.400840567697067,13.026761943744207,37
9,173,10.837788898877054,63.6243501957631,6.296586360312169,74.19511504854742,26.93266237007325,13.212537153351345,36
9,174,10.255066109264748,61.94306074838614,6.576255620299823,73.17333387117472,26.434990019569163,13.069571158425896,35
9,175,9.912118333892593,66.49291599746796,6.600269871108186,78.84318483702276,26.18205919103847,12.806704989590255,34
9,176,10.618183009968325,65.56929247979598,6.077272711219626,79.86311717989838,24.74353088191621,12.713906306240428,33
9,177,11.390074068680347,67.99257286608895,6.209236210785091,74.99691165855657,26.758887880072404,14.079038203453027,32
9,178,11.36029540242933,67.82501570306565,5.892931085691687,77.85764914514164,25.2427311373161,12.573717585577016,31
9,179,10.654452137734197,66.1842994320152,6.488265961310347,77.35765023945306,24.356419709351986,9.837034449043047,30
9,180,10.761464475228472,69.39931315239251,6.584817470543941,83.29919238961966,24.05167445211381,9.323311471919167,29
9,181,10.029322482661877,71.7688789698456,6.227643711910717,77.14711047509994,22.697294683030865,7.998385804620875,28
9,182,10.749989219284666,66.1065757265365,6.533127651087583,78.63199925983847,24.597224247978193,7.950237393345829,27
9,183,11.319670691045147,68.63152370713897,5.742649322466635,80.4813780724804,23.957713445133386,7.999394663075917,26
9,184,11.180956305344404,69.05440031040843,6.720983739322977,86.04146153988853,25.825965961847402,8.699166772722105,25
9,185,10.517846388631591,70.3413510066951,6.301550139596237,79.08840965072905,22.967501237887355,8.15003905185219,24
9,186,11.329299451610478,72.28979819549556,6.279732991758766,88.4391305860988,22.890774528431873,6.253647913741422,23
9,187,11.617734007149346,68.68918055478777,6.185291763080156,87.37251922973206,24.089516294689016,6.1058989709799425,22
9,188,11.155868689295103,70.53755641479712,6.467558923051582,85.3472000541838,25.338118484857258,6.263713691638367,21
9,189,10.830262940057358,66.2038589365566,6.30603878611076,86.2435177647149,23.40112920647094,7.221153478394855,20
9,190,11.124457460311996,70.72987974820248,6.396980394162212,90.25111788028258,25.13479648776996,8.747068990506348,19
9,191,11.01957027395674,70.38617877386886,5.940499260598358,89.71950447771975,26.388983983062726,8.472261542645295,18
9,192,12.207480673538415,70.72595108675303,6.042042976027626,89.78933181606727,24.956203003617514,9.728391038909002,17
9,193,11.693046700787429,69.01977020431539,6.110799446331529,83.8378115642539,25.342161438868878,11.316380262763744,16
9,194,11.424329546598942,71.80511878031686,6.032770274949727,78.95219585513544,26.64817436688682,10.16634496664954,15
9,195,11.866932532642913,69.55429534488233,6.412799560500334,91.82476887337575,25.327325490987306,12.72687551334828,14
9,196,11.724701631486882,66.93575309763027,6.029726322295478,80.08651964082878,27.682536817530433,12.678024465747356,13
9,197,11.635623853593946,67.86526930221778,6.022812884241575,80.34463778872886,28.96183684919633,13.468521736627679,12
9,198,10.317269544692266,69.58153753014506,6.559558415972051,78.56768048831299,27.083383706242056,13.924985751290556,11
9,199,12.54492945236759,69.50533446761898,6.049546154329526,76.13528937131898,29.283566269290155,12.550826711798749,10
9,200,11.611979508479333,67.25128579198267,5.815797484660074,72.28068367265,27.010126415192126,12.507563626888645,9
9,201,11.586983842278949,67.6372136966241,6.153708434117019,73.55263764320067,28.32851915658887,9.222100412391004,8
9,202,11.776533243363607,66.8433564599243,6.198917802013922,70.36667764918722,26.09857931657544,12.19028824771686,7
9,203,11.315955811936341,64.42787337913806,6.5010807141850755,64.73804435695412,26.809577389045078,10.731740375223689,6
9,204,12.167781060197628,67.17889665635788,6.309641787894553,70.62664749127991,27.6746311403323,9.916877789708634,5
9,205,12.862986673453923,65.63317133454238,5.27345666560823,68.8501036813759,29.449826664676095,10.380009903245618,4
9,206,11.282224143971836,65.81058639007858,6.484096545612755,65.22074186565825,27.89038955747223,8.906924203262182,3
9,207,11.94599791268682,66.57519450693873,6.0995662719587385,66.4162069381393,28.658813609226147,7.529712136686144,2
9,208,11.632012977923827,65.90967629537259,5.832995236389951,68.85208427405448,26.85093664638914,6.095906869465761,1
9,209,11.846435726589991,65.82680809092282,6.114134876925818,63.01464837700802,23.792769270755038,6.654805582871227,0
10,0,2.793419059232279,56.263620425321186,7.348095872022871,105.74806941033452,19.117300173858855,9.793238937138742,256
10,1,2.6488260856223045,57.291374794080454,7.240760133618483,104.52969860535063,22.27437880165451,11.649776753495484,255
10,2,2.530982923749174,55.51357871135029,7.923208495367537,107.53084041315385,21.940176194655237,13.383175651884548,254
10,3,2.908673499146585,58.07765274851753,7.766945385466572,107.73310899953725,20.286828112059517,12.770195983115908,253
10,4,3.6970149229346627,62.10892566485444,8.017969968645081,105.63453805556296,19.522859790029234,10.892528760662932,252
10,5,2.6390016717776885,60.15712856293573,7.910902788932592,114.51505008662673,19.758592141547137,11.540632550004725,251
10,6,2.7463321493440884,59.01869258213754,7.192248535252608,109.79764019502772,22.270362932531906,11.311971571806618,250
10,7,2.898323644489683,58.17435223314175,7.643362170758866,115.35981463794033,20.117710156164733,14.262688660832008,249
10,8,2.2412287090971645,59.123826989815285,7.905080316442665,111.10799991073101,21.3937287666659,13.277370334271719,248
10,9,3.6330476496878,59.5930903472244,7.749659235715373,112.74205629904365,20.232050805798124,12.996956457484151,247
10,10,2.861592602992752,59.408015497775246,7.3850871748322415,110.78367644754397,20.618773050229233,12.003851516034887,246
10,11,3.7109217145081677,57.91588555337959,7.386894047349898,114.5996297337534,19.575692460985287,11.65240351548853,245
10,12,3.7883840224680263,59.22822479618548,7.646320577400016,113.32141150690903,18.7917661802976,8.5762439637357,244
10,13,3.1088380761020584,55.47135775911206,7.805492523523853,114.92325484719447,19.81577178861847,7.753006574190333,243
10,14,2.9424224546297193,55.43237072970536,7.2408018866556105,113.40165861177935,19.348250283945667,10.053856704258779,242
10,15,2.4579948617637144,56.742565473223635,7.42585205456274,108.64769270364263,18.759042967436667,10.18456592664245,241
10,16,2.441018677939841,53.65192470776609,7.633352296973656,112.58503181622446,18.936928761440335,7.9870434181330365,240
10,17,3.519693052586445,53.77079149815941,7.787806727727976,111.66846133586989,18.326938505786433,7.367018580661828,239
10,18,3.586347648281484,57.122111056147226,7.771392617200731,117.96031805174759,17.805018062540775,6.784834069575386,238
10,19,3.6627476801963073,56.25800848764737,7.4680188720771525,113.13987468686217,19.56919927846456,6.969254713735188,237
10,20,2.5360946954161077,55.49128385252578,7.474081530509828,112.41533724907234,19.79418159851344,6.368654177426276,236
10,21,3.8011222481765556,55.530654865862665,7.55175390073227,110.77792724324055,18.841582481754394,9.457234870146625,235
10,22,2.994907710401037,55.480826214393204,6.855163444239248,107.32836861201046,20.979812882389517,8.949596678731814,234
10,23,3.3609246084316133,55.787914861331345,7.655513106073163,112.93803798430464,21.449159341079298,10.518462086451411,233
10,24,3.2850166877728513,55.5124367608063,7.594440066375567,110.5304083863009,20.627045146670817,11.951292145599012,232
10,25,3.4225703109285366,57.45936848297606,7.7301103887728,105.98926953314235,22.677537316544704,10.29769919690106,231
10,26,2.6866381413384324,60.91548418730768,7.427211953545598,105.5010550562739,21.81394641828023,12.150684575189146,230
10,27,2.5590429925202782,59.68397041750071,7.7203462233871045,108.41227765448534,20.283525443270758,10.823888449428122,229
10,28,3.4541108036781596,58.62580202555038,7.619384291442522,102.7770418825505,21.565504289394454,11.792526459152064,228
10,29,3.326406467066819,59.23755014762919,7.432399021334995,104.43725633118541,22.201127911621963,13.483008653773329,227
10,30,3.2379778134799544,60.560478622378824,7.08197640186074,99.88168132119527,21.128976723558345,14.117462717947296,226
10,31,2.5485902029529086,60.03340594438366,7.0850445239516935,105.25468896150738,19.69169072569812,13.321418805385779,225
10,32,2.84127810133676,60.03053710546557,7.495649550930982,98.00158235142827,19.957971562685653,11.534556597345727,224
10,33,3.1784059352171967,55.74267387719246,7.5583763718883965,105.37324494365382,19.731010744300086,10.895519860909326,223
10,34,3.8166490481246353,61.00840741783813,7.064065409036445,94.49095694418473,18.277943785976646,10.437789717027401,222
10,35,3.509338402799147,59.124405933496284,7.578488933305547,93.94695663684371,16.10423131862764,8.75061625973336,221
10,36,2.4951547684871174,58.451723779350154,7.355494830862287,102.43336640845237,21.292470822023496,10.706381015786219,220
10,37,2.7007675737075023,59.66302113774558,7.578497721590632,99.81385252204305,18.9415088832996,11.304145039561414,219
10,38,3.473295327227595,55.55906449733365,7.1016355272339835,104.43494882903124,19.284822047351543,9.418060765076754,218
10,39,3.2802726391624644,55.66285928048037,7.623112924594082,97.54305950740793,18.648407499126584,6.670400291830095,217
10,40,4.7802877580844125,58.78802242716551,7.355918327569933,102.01008819286795,19.51535181702092,6.739073133162845,216
10,41,2.6660491077520465,55.846290692861764,7.699150098937141,90.00536547312626,21.276726650332304,5.677582497917615,215
10,42,3.87376967414837,55.536536648286855,7.5010220849929885,95.14585724131642,20.87971775552131,6.221622454755266,214
10,43,3.9007244757144637,55.404456795858664,7.307655163716268,97.00532657891331,19.566940586573967,7.015551426547386,213
10,44,3.3273208161902756,55.40523955368345,7.984787002229453,94.59781251309724,23.233422221500987,9.309230238829922,212
10,45,3.0920795302301505,57.483843717985756,7.2715589244848085,91.60020955626977,21.568848674446702,7.766162734899642,211
10,46,3.3452722162038837,59.44922749218103,7.3867789808562625,94.00413291123526,21.474932441874387,8.512382311235212,210
10,47,3.542155011060998,57.45194413068488,7.965265781699538,97.79281625403935,21.618910650523688,7.67020554179657,209
10,48,3.68143964689547,59.18868921856686,7.363793761023754,87.5404199884365,21.483952674439628,9.068130139341115,208
10,49,3.6341756333474904,59.66508793092339,7.827208197782831,96.64330572753816,21.61038171093991,10.429632977107172,207
10,50,3.689448240816683,59.8332712438423,7.389421142194358,98.52378657190526,22.7104125169456,11.549823185319136,206
10,51,3.302964105333587,61.42013423152528,7.417475760658654,102.07957226978212,21.560473133947617,14.454428995569819,205
10,52,2.8668192917803235,62.01556964179135,7.394921136321802,96.70662319601615,21.517501556227643,12.76452419775921,204
10,53,3.9608652318455295,62.73110473000396,7.658023145025356,99.37962119448864,20.890759193203806,14.084943013440249,203
10,54,3.543141689821878,62.16295242979298,7.048898718641947,99.06114586990734,22.040793775658297,12.891285284958245,202
10,55,3.5668756714351053,63.53781082223842,6.625537497239323,98.30081839072676,18.62928167118441,11.514155950089735,201
10,56,3.542002000123471,58.49672993997635,7.5019227943640105,98.97196123079243,19.75237262267773,12.82850641984952,200
10,57,3.4237075109339927,60.01968576135362,7.419959840337321,97.72478429224695,20.282574794133087,12.688590176183114,199
10,58,3.6281872357416676,58.977166634044536,7.149257554718444,99.1610581215746,19.372350308870633,11.70262717214919,198
10,59,3.6959182916442774,58.29363117205986,7.185665855941506,104.49808076740165,18.52833535640715,12.56375172643169,197
10,60,4.062622880024026,59.664857907266196,7.192503630472387,103.0118874946485,19.018079716978423,8.703553997391722,196
10,61,4.720553939778798,58.62373565694254,6.791579990865888,101.16398188577331,19.15237617386877,7.885325866082102,195
10,62,3.1815014860505064,62.05485015393614,7.520272555521778,105.73012395673385,20.83127259587037,7.7276195910057695,194
10,63,4.143877913144612,56.096034797714445,7.708401568928537,103.00079203276611,19.276940970131932,10.311052975504774,193
10,64,2.987689123776562,54.342634236973375,7.582034057656125,113.14198624343568,22.463471075552924,8.261422937389284,192
10,65,3.6788240068491866,59.36426055739372,7.526361298514679,109.85077043169453,22.48536299902265,8.681061209309284,191
10,66,3.4096195648095233,58.48686703517604,7.270960967146933,110.58615171718962,20.57427264827626,8.578527062546456,190
10,67,4.127787018411699,56.705816239369696,7.322213616072681,105.27001840425243,20.740424233600567,6.500174324253721,189
10,68,3.643263311915357,56.756448151690606,7.615893581244532,105.7573892703069,24.898187997156413,5.104069145245428,188
10,69,4.760427930401131,56.73132507320518,7.555664117012861,107.44834180697849,22.771197428462628,7.387835791543473,187
10,70,3.3415686289059936,59.51902778713961,7.407511502594212,108.32866230278346,22.718947775962597,8.74308559002144,186
10,71,3.514232174787626,62.3951244455503,7.173113247668419,107.4668841988918,24.355431165919263,9.908104455276419,185
10,72,4.228483003601991,59.35658036621961,7.359104276587252,103.92778458264162,20.442277028416886,11.042069093411216,184
10,73,4.268314218585114,57.86227893604474,7.474353513362715,110.33910901947105,20.162799449048155,11.115222750523825,183
10,74,4.443662136199931,59.401123102736136,7.215091481023772,111.6435347569695,20.432953765760605,10.075067416011116,182
10,75,4.343438141655495,58.97810393692448,7.132092100543608,114.32254846218635,20.048145860092777,10.22757277152315,181
10,76,4.313769438357148,60.6949564821842,7.500178627854061,107.1400513027939,20.616639833731476,13.099159321596355,180
10,77,4.315821518828833,59.62465824146228,7.594401234806104,102.60169297471873,20.6902760883525,12.794971498434345,179
10,78,3.9076294392304893,61.92512978897525,7.173638813935068,101.99665208769818,22.053109813344435,14.79592997243185,178
10,79,4.3146774312190015,63.32349886409799,7.243629177436767,106.65074735523608,20.45144214510664,14.435599932386857,177
10,80,4.321787667918715,60.725872141406924,7.241934052934559,105.83357049152221,19.93406354912848,13.006435421374153,176
10,81,3.8079821313459066,60.00186145917272,7.40729545181656,108.21641692951846,19.278574497609316,11.312790987276536,175
10,82,4.200061498501505,61.621622642588875,6.937639833287507,105.15886275420273,22.73647053117872,10.341111579030052,174
10,83,3.608475733272585,58.86975341907657,7.186801840362868,104.83509999700478,21.49361871230259,8.769531482354786,173
10,84,3.755331917101418,58.071165496290334,6.776515730042581,102.64505810579004,19.634964504492803,10.846328615280877,172
10,85,3.751905056978082,58.62149766429139,7.231898471166962,107.79303743061972,21.507864796450576,10.161612392676707,171
10,86,4.524249653443362,58.98372846455943,7.3681251836312995,98.48762976265851,23.05526269732647,10.023010970473472,170
10,87,3.177461054183004,59.07227957448301,7.403193591329099,99.86154123787816,21.7678334969812,8.282539602977332,169
10,88,4.380084688993206,59.27267439255094,7.4038551658819705,101.18931257476245,24.447695930820817,5.541854849683027,168
10,89,4.251689156342001,58.925699231468904,7.0302411555154265,101.09839768033395,22.460705627527567,5.899746554097179,167
10,90,4.331559526791253,60.19542955716148,7.555761599705647,92.64587667549009,22.152481539756018,5.215468303855255,166
10,91,3.8367807004356758,59.99413933674507,6.878789983114561,96.74147834153736,23.000042803768793,6.218214967393487,165
10,92,3.8935879039315155,59.452146045657514,7.311623441197052,89.73843834398103,21.176060750085682,8.34382847634173,164
10,93,4.045896757330355,60.80901649768862,7.19582560502837,96.2061253286594,23.12708057052381,8.757792915836017,163
10,94,4.272693410009591,55.03647312132187,7.46090636326762,88.07518169982495,21.92040199494265,9.191988087012797,162
10,95,3.512157714009599,59.321530051006874,7.389819145865162,96.05834285513866,22.0154745263744,8.652484771554372,161
10,96,4.389773824635226,60.143438550422424,7.149898469326034,92.35140919753809,21.218195905944576,10.73827665488939,160
10,97,4.474632707336105,60.322863299600826,6.923528841424561,93.15865190730736,20.597282522952508,10.007130249981735,159
10,98,4.5700043855178984,60.98528686521578,6.836098401788566,90.05141561721119,21.720901373323372,12.105665503457057,158
10,99,4.304518048501278,61.78558510384104,7.395616358801824,90.38000300720664,19.780717026457985,13.273883232335274,157
10,100,5.713323698974614,63.29124625893567,7.363031322950788,90.41653722562893,20.950705783693493,11.793514147733406,156
10,101,4.84946627266766,63.44614065340331,7.173345742078156,86.53980845308493,20.565146272979902,12.428617458874282,155
10,102,4.74474655695974,63.72218818824031,7.621061841739813,85.22841660556185,20.665587007173198,11.863967148463715,154
10,103,5.040808874507812,64.53772057970951,7.625000527297159,88.01347456308149,20.613081702460768,12.669948680825971,153
10,104,3.888518922951497,63.778381949471004,7.341762735205173,94.23077292347044,20.217891389805015,12.151244228241744,152
10,105,4.4441124397309055,60.700831078123926,7.2450553831417155,86.25386504904846,22.025279244019682,12.062915352404193,151
10,106,4.238344521673522,60.508387218736864,6.857384599477128,87.24901430597247,20.997400787122935,12.006451661523593,150
10,107,5.546053207769344,59.72669494151048,7.278050322622239,91.60115606744176,20.761005161144077,9.839031191323675,149
10,108,4.473778127582909,59.983310179285475,7.167174233449513,93.22040589569477,23.261337939894073,10.112243995374756,148
10,109,3.936560014843532,61.712464499653,7.835066564923636,89.89397057913007,21.65253257359954,10.128096807701516,147
10,110,4.708006298176529,58.69856794382291,7.358906030323165,85.326915693309,24.747565741653055,6.472820873956808,146
10,111,4.061950757095827,59.947447083408,7.22993258763066,89.08005697770304,22.618150176259388,7.741389869862965,145
10,112,4.997764380017636,57.280832771267704,7.335005305258454,96.89361787225238,23.2180344875474,5.915118215019535,144
10,113,4.02218397081235,58.34216393509883,7.470363186665047,94.19400103148533,22.242851142089386,7.575690720556772,143
10,114,3.352708179161768,58.58011456502413,7.063127553036943,97.2134824129871,22.6776880099175,6.899640654753837,142
10,115,4.345901701779377,61.52332140522192,7.194959062044302,95.87604187989949,22.85445741869528,6.6719662887013715,141
10,116,5.061469279842911,55.79279837735564,7.198496500569848,92.15137296009263,22.638564893843206,6.747450405047914,140
10,117,4.913220003215032,60.25021028040013,7.322565057789132,97.04135171486094,20.73343354987805,6.3215975063748955,139
10,118,4.931118165738238,61.74834639647177,7.422584288532407,95.92706624607594,20.275001014289455,7.001779293445161,138
10,119,4.336665382554121,58.92106198628671,7.1318981937934405,96.66878512378881,17.83166695735322,9.288839755662137,137
10,120,4.916319481899252,59.63992204696082,7.266949669618511,101.51561256835679,21.956357434010705,10.518380610264524,136
10,121,4.652612549331776,59.617193269831375,7.025697720962778,100.81159307034513,19.969620850652284,11.72474556456689,135
10,122,5.152247197100857,63.81847698189255,7.061332015035154,97.15057879846876,20.79933304207004,11.758328102050395,134
10,123,3.96198086341472,61.495417806267554,6.494078564984015,96.3164078253518,21.825459525376996,11.060620489673493,133
10,124,5.32183641199903,64.97652517211634,6.9591988338346775,99.0819059076857,23.252092882640785,12.554871116608023,132
10,125,4.327605101528068,64.66911008486154,6.897729369795297,102.84770267620569,20.301779419119896,11.709946247711489,131
10,126,4.543600336170827,63.905800151505304,6.504342421241704,99.89213854781302,21.492545055629325,12.795215953569318,130
10,127,4.2947392562645375,63.00716589806846,7.253775604727403,105.35250554611959,22.02709509159553,14.440856893876896,129
10,128,4.545571827606591,61.65873387738964,7.242351171006787,104.42489874257524,21.37482654157331,13.696280340519529,128
10,129,5.044295784687817,63.48463497639927,7.113003678658765,102.53371989075295,23.31953567353236,13.555700699243447,127
10,130,5.371986993690189,61.490608659596354,6.778276569722149,101.72501986237955,23.221874066941073,11.288677466357186,126
10,131,4.959240730044763,63.24023259627182,6.721700262694775,107.53021606882385,23.396420971079074,9.147931462036262,125
10,132,4.591451038263967,60.09042437529606,7.440724222298147,106.01126573694391,22.844070685001352,9.348049971792838,124
10,133,4.894509490924533,59.207716571729954,7.085148987224844,108.40672521280165,23.579510651522124,10.824062834532185,123
10,134,5.011814343105838,61.00757701005138,7.035477845784014,98.28508544534571,23.521466811857046,9.599107755635096,122
10,135,5.241100743548506,58.6650110217172,7.110981080536721,102.4030738377288,23.07940954866418,8.219244345811255,121
10,136,4.97782146692296,57.04660932209734,7.520817215029024,101.97632737157288,21.99079906768242,8.259445864404539,120
10,137,5.293226752346798,59.14816381165169,7.315668364941063,102.54212571540457,22.73615042408984,6.451301528153945,119
10,138,4.625559094867449,61.62057368314528,6.939828780548271,97.22389961302483,22.1104407246123,6.359946873453826,118
10,139,5.275651008709758,60.27376265678283,7.463696552216964,102.42792989942144,20.74969713949195,6.234331340709093,117
10,140,4.415966752375165,60.732880132110175,7.202985891176295,92.57505276665157,20.7698171644695,8.828299363107375,116
10,141,4.976333629130137,59.97135346927543,7.010543896281896,101.46895728030448,20.48639799056665,9.868297172942924,115
10,142,5.067432653245558,58.681983938514975,7.136540943023982,95.44733953219044,19.730326552095825,8.483514461343788,114
10,143,4.519265899273855,64.27549973686232,7.3909230576641205,97.61743779176702,20.65374315923243,9.14262818765953,113
10,144,5.149504263242953,63.41760877609151,7.283188258352572,96.18045337879711,20.287444372308222,11.107486804438917,112
10,145,5.276691023592069,61.22041160144897,6.773494145626643,90.9858358705436,21.66081112601539,10.222093635165272,111
10,146,5.136941637973903,65.09097260155193,7.383885616179689,95.77923422111861,22.025770112521936,8.95362825695221,110
10,147,4.504460959278985,63.426262974047354,7.004698823025952,91.66821619979004,21.38773673214933,11.30876529351293,109
10,148,5.1305725728642,63.86306753741405,6.697684896676288,91.83937026515954,23.45000420304564,12.84141502419768,108
10,149,5.436968949893473,63.70084023865129,7.127017569728485,94.12186933965222,22.319393428217854,12.688205869704682,107
10,150,4.977816478146961,62.942066005860504,7.388921081443494,91.91301862505843,23.520103062111303,13.103474891339813,106
10,151,4.133768493803188,63.970236374203374,7.304974912901464,93.51336613534758,22.536273304200623,13.555589549105191,105
10,152,5.013980970132988,62.39220116900071,7.283883973164639,90.15600751182886,23.52095830635444,11.418449493958533,104
10,153,5.831568294553725,60.26187436398619,7.143161688158487,85.03537099265945,23.50256433786089,9.564038725134274,103
10,154,4.623351790027714,62.92252826057264,6.92524509442618,82.15212905134415,26.123934541912824,11.512135605935978,102
10,155,5.652640359905563,61.634782527409776,7.137053367197902,85.9327349074675,22.296281901587147,11.610619034970485,101
10,156,5.447905574468246,62.535893085551045,7.174342448020418,86.63039697306952,23.1870388097697,10.66621982189827,100
10,157,5.131015128478665,60.76998926054822,7.060933904570723,89.09589673200405,21.761691059803876,8.389629380683234,99
10,158,5.934615351957808,60.791009493264376,6.8541270587010334,83.2380392504066,23.793691213032783,7.473200119932662,98
10,159,5.473153948394731,64.4290672350196,6.9737331495461845,90.09874842517371,23.993374830129266,6.5506331893960645,97
10,160,5.764275434963064,61.59302750063181,7.258917294825515,89.69094961530351,21.375509589739995,6.2685775390104235,96
10,161,5.480559547839396,62.429390361209556,7.143550044892167,90.94159429695205,23.114442607464046,7.039189179625823,95
10,162,4.707083128888901,59.549249144130854,6.939017828156605,81.98473898309166,21.645427377504017,7.694207587392698,94
10,163,5.78860617669025,60.22164827751631,7.049631014395761,81.64778314527246,21.05686801157376,8.098449113498342,93
10,164,5.167305047564633,59.249749304422345,7.307974110587411,88.27769417657024,21.054032908987104,8.557588658894796,92
10,165,4.446172578573183,61.686722038703884,6.817163788782828,86.18895301545115,20.277765289811196,9.03673763290984,91
10,166,5.168132611047963,60.23900858849853,6.472138796420977,87.24512460212547,21.732271083875503,8.932117593754171,90
10,167,5.793374605979081,63.71216874495813,7.314325366238448,89.41865873120328,22.093925626800893,8.43264946803645,89
10,168,4.947312468439664,65.9922427876471,6.971054259406112,85.17371967904748,22.911168781510035,10.46649874960068,88
10,169,5.679518014112539,62.06219932225544,6.681786097985063,84.28715107653689,23.46268553295674,12.153593265276177,87
10,170,5.343382556426224,63.48825629711993,7.076795925036751,92.16083126217768,24.594217072634866,13.07850693602225,86
10,171,5.530112405402228,63.5857929472776,7.189449441576498,87.04519119815997,25.40526605348622,13.723060689037517,85
10,172,6.001059572774248,65.63425196052991,6.795341591256961,89.5480337921028,26.320771741333616,12.905926602211819,84
10,173,5.5280017333027525,64.51236668289972,7.045647224667043,89.64698163426222,25.117891310025254,13.287313492172547,83
10,174,5.522451614602093,67.43244827457661,7.4740836615442205,90.56569925491029,23.643790108337168,12.41808824358528,82
10,175,5.8118234477937385,64.65115676015806,6.949469841701215,86.25612035705801,23.073219927797474,12.6345951317149,81
10,176,5.071294805576269,62.25324371902593,6.239591765523335,87.22383804991624,23.87722586681715,14.050366309167474,80
10,177,5.947479939884223,64.33301451704719,7.634792311492393,93.54674695329051,24.1957090139186,13.985146476876135,79
10,178,5.42638226985059,62.65116142517616,7.080718903991608,88.75883404540822,22.43647315711608,11.319742959330096,78
10,179,5.801364179134813,61.523576725439334,6.963135486615905,98.01926952339919,22.53769692720334,8.906607022689212,77
10,180,4.920741332293716,62.81971583605468,6.987839504688644,94.11607290198813,22.5007015613683,9.993315065957912,76
10,181,6.430380500425126,62.97971942681301,6.81657294647467,88.77143437210484,21.263380550702404,8.47305800590894,75
10,182,5.5524528987815955,62.05999127217759,7.051701304761212,100.38925721678896,23.005657133204082,8.969894190954557,74
10,183,6.054514261306695,59.23214733175249,6.485219527992776,91.9816708165034,19.652863868913865,8.140427792514906,73
10,184,5.341675233884537,60.11895661873842,6.964087972351713,95.5867683433633,22.771436901824433,7.209071296172502,72
10,185,5.55606225945153,61.42682528426543,6.527260870392606,95.54336074521213,24.17673584401042,7.973735655650011,71
10,186,6.199363662696032,60.08823310230499,7.052434738743166,100.60959760472123,22.247889516419363,7.823096185865436,70
10,187,5.783907490699465,63.343232680810495,7.401964556616789,96.6417682488663,22.025950729171704,5.206207277108234,69
10,188,6.309070863710074,61.69117691248204,6.601088773008408,96.00530874148566,22.883967053500584,6.605877717067465,68
10,189,5.775141214159665,58.73924953934423,6.433474568260343,101.20370843711909,23.18731680760794,8.562929592065073,67
10,190,5.9870849947080025,61.93925094957479,7.218695668494657,98.02060625168221,24.229342528843514,8.13868805083538,66
10,191,6.695754580817791,61.38896690768371,6.626769358859635,99.98377734754865,24.404305250570744,10.849427737960033,65
10,192,5.3559662904648135,63.11632238274224,6.693607319679097,101.44790590265606,23.80082426446897,10.887655422098108,64
10,193,5.1389694181373295,64.77891696381478,6.68043567274623,98.96657597862199,25.616078812267634,10.29537742839082,63
10,194,6.300085571384577,61.20172517127752,6.897956225608194,100.10800447121174,23.97584897443699,10.828353749416584,62
10,195,5.309602017718774,62.80154967960598,6.855792225406745,95.65533777041684,24.831669588059885,10.613899091459238,61
10,196,5.6434536947503995,64.2111653599702,6.957725410391104,101.3042011562218,25.414216679150677,13.792694146247602,60
10,197,6.880598401425885,65.81093177922837,6.965215125067776,99.67456560888141,25.714262092338362,13.417116732482471,59
10,198,5.93240570098745,67.29640012877543,6.599941160093251,91.72434469717764,24.158576338611375,14.227544473699727,58
10,199,5.352554800703519,66.96209309233053,6.788441983830498,94.42316072957935,24.640010237136085,12.763972193023722,57
10,200,5.958972303913156,62.952375673652234,7.095574024940131,97.59107840744363,23.13311770720511,12.222917670802296,56
10,201,5.363031465462103,65.34400738547222,6.945397968722022,93.04046687896282,23.667288333639686,12.363153617453639,55
10,202,7.174555629641766,64.77600606447,6.914851303924706,93.51349257933036,22.887238762401708,8.799616254234529,54
10,203,6.0748928591586075,63.57838407209818,6.7115776592257275,98.42857484938102,22.99121353856939,10.903643584846629,53
10,204,6.0142789476027545,64.27324952132017,6.569683316029538,88.17846153316235,22.938703038455408,10.989717172787461,52
10,205,5.183130765841909,61.778896531873364,6.84689022028025,89.77214347302262,22.686208531290944,10.094845824351253,51
10,206,5.875529171298887,61.91728208981493,7.206681088978886,88.00929842545251,21.575209325726878,8.54747603443597,50
10,207,6.269283902302852,63.92628712881361,7.000042408295576,86.4387053988783,21.760396631056985,6.4866737749105345,49
10,208,5.013405732571847,62.65876932507194,6.8953783689871475,88.18670722137102,22.722332984593343,6.743088372165077,48
10,209,5.930851040936231,57.70190922463712,7.169522210902918,91.52435959415867,22.439061251316605,6.372944722588849,47
10,210,6.305043656540532,61.61753339725677,6.964346800741813,87.72583570673791,25.724613496678373,7.937286107653009,46
10,211,6.110653727381956,60.06280571400317,6.834867994891367,85.96999033897926,23.602443542461355,6.801604432952312,45
10,212,7.362192655988721,64.34502851020883,6.246578305210197,81.31980816097803,24.341135336033627,8.739200796425841,44
10,213,7.059575765198251,63.6466636108472,6.433295102669095,83.60044411904734,25.266339267373663,9.090868966346589,43
10,214,5.831777052933496,62.22231051907521,6.681165070460079,82.88091841308352,24.561333704475796,8.144421946998353,42
10,215,6.09754999750039,64.6364660247768,6.487902098402804,87.15767170157733,24.26481417735766,6.986282517614871,41
10,216,6.841125031317761,62.820414664682616,6.989119215420841,78.74348824994267,25.7073508815492,8.619883632424381,40
10,217,5.8371454507898495,65.61497741903011,6.627081076850768,86.76414621620617,25.202222636587965,9.78980556906394,39
10,218,7.440734277781944,65.23683031848057,6.514705025202898,76.24596004728693,25.597943367986744,12.0668648901375,38
10,219,7.1018094426668625,66.3073499465506,6.5106796649966645,78.78313150835395,25.025303873001683,13.031078245155495,37
10,220,6.188748233685534,63.31437400871894,7.0138650343073925,81.7776827997487,26.39594925166925,13.21231730851779,36
10,221,6.719539080135993,66.2660450910538,6.470752778758821,80.90525811299574,24.209513971833722,11.532599394556962,35
10,222,6.737582426519204,64.67887328524758,7.020852431956774,82.09981380268684,21.77483955658922,12.173650225729078,34
10,223,6.314138827915524,65.13677289746235,6.593424513462915,79.74621677612336,22.7561004909342,12.799307717999131,33
10,224,7.2072302235193995,65.19588693133144,6.6214583955043045,83.96335090979863,23.432919801343722,12.510491446585393,32
10,225,6.656645308212121,64.94003002935003,6.472281115354479,79.556633735007,22.882644822534772,14.976829471444502,31
10,226,7.206688364168273,64.28722583501214,6.646066068742588,77.17897326489809,22.413543976166363,12.74598704362161,30
10,227,6.595625784505995,64.63125214439022,6.968456653821393,78.3782031773882,20.726541544193577,10.510686800068228,29
10,228,6.844829761724586,64.38601235025875,6.885021065766069,79.98764807446163,22.904462852482993,9.9752807698491,28
10,229,6.449084935793523,62.38189757844574,6.838960451302637,82.9091497497411,24.105324324560378,6.555055290608209,27
10,230,7.027530066204581,62.57484326593653,6.893851142262823,84.5358210064618,24.718749772452252,7.546295944525219,26
10,231,6.387876701818738,62.96302764053305,7.258086675428816,83.8011180409206,23.562857459791545,7.410788972564673,25
10,232,7.3028720814257255,64.46526523563223,7.05062808540047,84.40914477292675,26.013598923465356,7.440892698948639,24
10,233,6.76815933355807,61.53180448617076,6.874298894258672,84.03775782910407,25.114149002642154,7.109121569535256,23
10,234,6.679337776489121,63.93413195160229,6.623410287266809,86.58763396803276,25.625975234593792,9.247224709539974,22
10,235,6.91466501692132,60.651984109959514,7.0474623965512535,80.71231752972197,25.850129391624215,7.654138015660938,21
10,236,6.26995335159404,61.3496929900694,6.283146309457229,87.26100783164296,25.67618360392795,6.22359461087822,20
10,237,5.987632674448821,63.40996446804778,6.583319532708001,85.87613411437023,24.505441834857184,5.970189904649076,19
10,238,6.311911738619541,64.1652873919015,6.395512751632596,91.64174678902614,24.719113756286163,7.988774060025183,18
10,239,7.0756102625846315,62.44934798042521,6.896390407956678,93.88602368801821,24.246430850759403,10.789212567134124,17
10,240,6.133441257581169,62.738516245250906,6.886492033464987,91.39289170582838,24.531727760378757,11.503476159693003,16
10,241,7.291165316738794,67.82974314959927,6.658540984778334,90.38402585178952,24.956507142217895,11.929973054420973,15
10,242,7.085981800916909,65.70593805930632,6.593012738785785,90.02276293392833,25.024573880592634,11.158611451203846,14
10,243,6.545404418588333,64.72462410481208,6.69466426556346,95.12712858111061,21.9512225172473,11.384137209805253,13
10,244,6.918500150606284,67.07778952434747,6.724898730412386,90.11897747657937,21.68165142775137,10.358173888686315,12
10,245,6.546595794932296,68.53005004140674,6.4440888339706826,92.5170657766782,23.388672546279814,12.997346495192398,11
10,246,6.830109586956163,68.43658268176026,6.743434766558863,96.17750786057775,23.746752985764875,14.297293839936447,10
10,247,6.760965369998222,64.54495372673611,6.441431196852306,94.32440319880133,22.744407946230595,15.328065412754238,9
10,248,7.247458919217551,65.34679777680405,6.67494530894212,96.36133211551386,21.906265262141464,11.602580851669725,8
10,249,6.265254869849529,64.91085747203716,6.260895894977182,96.82075275868924,22.333407395979233,11.280931372772628,7
10,250,7.455853350184049,66.13014648128673,6.882799565435789,98.13867179793841,22.788352137719574,11.122782329189787,6
10,251,7.81683918509648,65.18034262994334,6.555759632421603,96.00687222460078,23.41607193603115,10.842629373659932,5
10,252,6.746113634971436,62.99184918489927,7.131744136218596,95.25607739902945,26.269169735333993,9.344163868534336,4
10,253,6.975861313054806,63.250379134958784,6.831481148848521,93.75879014342755,25.08963893091352,10.32273779463732,3
10,254,6.626565944951494,62.88199841605106,6.612602794480406,95.4638469856432,25.714313270947358,9.518669277340821,2
10,255,5.954218723009536,61.37201654388267,6.996510889627944,95.71756081249487,24.636057314733407,8.177088051846907,1
10,256,6.8467857546121165,65.05942636575348,6.616330964879465,90.27502093506412,26.963242139032804,8.138451504455848,0
11,0,2.6270163135446074,56.89636277666016,8.764357483121648,104.24393207575588,16.314780283516367,10.582214609118973,251
11,1,2.9754289882262155,57.26698408522335,8.982629194537752,107.0471062085405,16.58029309534436,11.925926948933544,250
11,2,3.402316582948398,57.362361675138054,9.099213520130858,106.68313575184021,17.805821294253164,11.448426474546665,249
11,3,2.850085573433085,57.760294963798486,8.820464359586985,111.91490486673334,16.48147383731137,11.972591024786016,248
11,4,2.370379911174914,57.706741099278304,9.028654932977304,115.80530242424781,18.919986148786652,10.845484780060726,247
11,5,1.7325389192381433,60.31985091334607,8.54256008527325,107.16457292645053,15.54019904809992,11.085020317167663,246
11,6,2.931983744480264,57.50830064288575,8.687466783895381,111.35941272243406,17.176525289432877,13.402687854687382,245
11,7,2.842368657747929,62.48956503199552,8.947593967763158,102.06899078802903,18.254234772096734,10.926801980841566,244
11,8,3.229874388166469,59.280363591238824,8.914764463718834,109.15056861346864,18.472689292676343,12.937058992026621,243
11,9,3.2374775137116316,58.29241027917869,8.512783319593698,111.03651882122413,17.64870460832003,14.225969614951854,242
11,10,3.8888882755028917,58.491646358859846,8.379360676115121,103.11020526089476,18.10316190198907,12.388878819983276,241
11,11,2.9402571681233622,61.99674535624812,8.926799072222327,113.11545288806326,19.371884476424267,9.619582637794048,240
11,12,2.4793299530778934,64.61072647584834,8.79120380349193,106.40107481355824,17.997317872416243,9.253507049222849,239
11,13,3.2318986792568856,62.78863541079324,8.614617228074325,108.72034084721894,18.034330978239247,8.211952043693845,238
11,14,3.496975360175063,59.46058492542249,8.973204473286364,96.96229883006376,18.203623476817338,9.328500741587439,237
11,15,3.1425516467854124,59.10017089594546,8.751370777615437,99.57212723989014,17.393515778849643,7.935483572503974,236
11,16,3.0054802064078383,59.029262237427474,9.114989228440212,104.79499125949184,18.819080742055558,9.109452155650356,235
11,17,3.6263570411039985,60.47246368567168,8.201526489552462,99.61588388944385,15.925331212758458,7.101077438804834,234
11,18,2.894647869553224,58.02993838752132,8.594623768755298,99.82776193638635,17.633134422984583,6.892807622502374,233
11,19,3.896976025162001,59.778238956071306,8.193261095180489,97.87944820672425,17.760236895534785,6.49519679725575,232
11,20,3.447512361370216,58.97885938280408,8.752003095986959,95.39135029116652,15.010726772487418,6.890524412319382,231
11,21,3.947647731244481,59.91555983435223,8.580299518733305,100.91751315481574,17.301898680716477,6.8400092417683105,230
11,22,3.8883859041816327,61.19282296309074,8.918771231567963,94.79336114082246,15.426222606909647,10.767389072058679,229
11,23,3.43145031210319,59.27074411010788,8.836952196867108,94.21723078381389,14.770401918068504,10.930876200534136,228
11,24,3.8901545008836074,56.52504656720251,8.585501887454434,87.93087974977513,16.392565840226197,10.179786457439551,227
11,25,2.8201727449621345,60.97936923123883,8.674209525781762,95.58834522536704,15.821611783939055,12.674866907510978,226
11,26,2.966968074753797,56.72159774874646,8.345476276482723,95.38622728998884,14.44985836180593,10.670648351281232,225
11,27,3.4848738452884986,57.56738628803916,8.56321564850265,82.98106886879344,15.863124663942799,9.812962951517093,224
11,28,3.133181990065794,57.14191665440073,8.783158716894722,93.79865137379244,17.618243190483938,15.09073452071081,223
11,29,3.0646403269867406,56.44932362174859,8.565924096700591,93.84531017246191,16.610765368908908,14.75122937870385,222
11,30,3.425989056036544,61.21270217035015,8.887602044355946,92.42302220146584,17.891950202537174,13.127893034878976,221
11,31,2.97304234999343,57.078899254615735,8.681593602388109,100.95306520044679,16.49182873387036,13.88902133931056,220
11,32,3.345775959422838,57.33187822458684,8.397480209610638,95.24141907136739,17.257258088783253,12.768553049237672,219
11,33,2.7867726345934116,57.084146261411036,8.113220660579406,100.08942677459892,17.41159254144628,11.03289523473828,218
11,34,3.877449736191054,56.531892714950494,8.328280071369186,96.08091190681648,16.58081184403349,11.279586425408684,217
11,35,2.9928339628049017,57.90369581763171,8.91026812603152,100.45472943815308,18.69698542317275,11.57589624925941,216
11,36,3.9421795927856085,60.38204718320527,8.613426866647139,99.65068091906342,17.48516463996318,10.334352847943075,215
11,37,3.2557155944610265,58.14558626978453,8.625233002442265,106.70319333914311,18.581542471459237,10.565765492764584,214
11,38,3.757604646567399,58.52113063639853,8.922110154700722,105.51283146287535,17.94265568205947,9.781734031767499,213
11,39,4.146889274713587,54.94918704437141,8.289989813596442,100.77394878676297,19.100526392880784,7.920434262982647,212
11,40,3.634911814731515,59.322518347974885,8.262945204836631,105.84318831544971,17.285351390461457,6.727215318099417,211
11,41,3.5963286231166927,58.242301128074025,8.591940282233914,108.41514286137571,19.40604214470773,5.581343900872783,210
11,42,3.846238816782207,60.76283974514274,8.74232622569716,102.37055598650487,18.399425080238228,7.481714006401505,209
11,43,3.5856981322735932,56.33439027351602,8.68106740421865,103.08851622899174,19.56439544727168,8.453348805851904,208
11,44,4.090183353686518,58.32783247482657,8.09339618877912,103.62169658087025,17.702940440792286,8.302274713292288,207
11,45,3.9585864196141105,58.06620849404476,8.012381434307223,104.14823574659474,17.108096376443463,8.5601166343312,206
11,46,4.145307746975844,59.911533878366484,8.770426668058342,102.62644909045791,17.19408532570678,7.826106812751097,205
11,47,3.3542713385471727,58.918434983583246,8.662373653363996,105.2382682459561,16.198055422422165,8.806884760457958,204
11,48,3.6643439791690593,59.71709400697416,8.415045750250556,96.92320591172151,17.401898052719282,9.491982037426647,203
11,49,3.514412277263795,62.29610035908136,8.201942343411945,100.82149115471096,16.602407446955652,10.395678829009885,202
11,50,3.955019811759634,62.252823492790014,8.812883147954082,96.96900055813019,18.142008869679174,12.204043176174846,201
11,51,4.754734604626595,60.53255685627081,8.514761334436582,98.44586778067246,15.983371696652437,12.083024082700135,200
11,52,2.5131664273274525,58.91702384755252,8.338616556800645,94.89697562174506,17.89414375510324,12.346247934380399,199
11,53,3.9742874534605392,59.08762214431316,8.098496873117698,90.96270933400322,18.23197050377317,12.400410865800831,198
11,54,3.5072966075876386,61.63111896703431,8.571065313157153,89.08658602261556,17.174076353645894,11.364117829010706,197
11,55,3.2966503637713602,62.75697452217134,8.179416782920613,91.6594371897571,16.336185274259506,12.223012567467586,196
11,56,3.3986316972761075,61.6540174022786,8.535616535385998,90.84377244755001,15.161112474251489,13.191741746596922,195
11,57,4.689453390316715,62.61666214895014,8.226134436893403,91.00805888487871,18.177560261773127,14.227127288592529,194
11,58,4.2404749582962085,61.68624908637665,8.449684187337217,86.40804614362558,16.711396862901307,13.289907251220432,193
11,59,3.519231685248876,65.04412055737626,8.677124604448746,83.62670402754499,17.1297576223566,10.645818710785113,192
11,60,3.987571924606534,63.06463562385831,8.43241201308348,88.2049553799551,16.980462988222662,9.032778313974037,191
11,61,4.077897131722464,62.81375290346714,8.026490221262675,91.47733202437654,19.335664286656524,7.599841266895738,190
11,62,4.691325904094365,63.53519234281571,8.535398666398368,87.08455722317349,19.25366648840604,7.157241843765453,189
11,63,4.4134633620359045,62.74816277998179,8.590488670306113,90.39715357929632,16.787455628642192,8.26760551062162,188
11,64,4.519374906177659,64.07050955660198,8.16981060159774,96.65755699570056,15.903638053508,8.631217258381765,187
11,65,4.197175592669172,63.068682888517706,8.112582117508632,89.93283271090986,18.28117896695532,8.6848723544111,186
11,66,4.510408177332472,63.59949987258481,8.301908542110413,95.33307549243392,18.03163850284672,8.60530691074952,185
11,67,3.837366871795818,60.82226073977202,8.292924364364945,94.13214010837874,20.756547455251,6.181353937224739,184
11,68,4.548759438470774,63.74331284249382,8.271272636922838,95.79975429025838,19.48341428486765,5.997332601081391,183
11,69,4.609822257124658,62.66495191940592,8.290104891085386,98.23413840020342,18.929566146115548,7.093948486274855,182
11,70,4.493857693335687,60.227940180332595,7.717835258962154,101.96308190364208,19.64033173318973,10.066210281677735,181
11,71,5.049464950690976,63.704197628465195,8.128517918658984,96.45728837719437,20.626698927555324,10.935485915423154,180
11,72,5.323449782485007,61.90542068705172,8.460324289836274,101.55436688149138,19.330143719616558,10.862334190840762,179
11,73,4.688953335556677,64.53022540940397,8.240040454579798,106.74150520294451,19.45304826968382,9.871128990725158,178
11,74,4.8565474108026425,62.87305618278461,8.029859801021988,106.65253070066271,19.80845017621434,10.34878211644741,177
11,75,4.677001090403362,61.97974574665376,8.24498835128094,102.93905701021487,18.430922393371386,11.742414830467585,176
11,76,5.281813509215384,60.40605015217201,8.638421467426737,101.47933543679788,19.225546254511336,11.885685039254414,175
11,77,3.8647512191774633,60.573796831614665,8.822101253619945,90.01331429333955,20.99778289117588,14.220311038820139,174
11,78,4.860272883713017,60.03327113787928,8.679764699493179,90.89854127791197,19.33322464522998,13.190356022893198,173
11,79,5.005778068716927,61.23389193624981,8.443250152125502,98.01782531368796,18.35450135748656,14.06738036358257,172
11,80,5.049884429090181,60.8849431458124,8.308969554727899,94.79299895569734,19.202970167524573,14.274392070576532,171
11,81,4.480223768072863,59.306863987789875,8.51388278517448,86.42444618838475,17.78785458321987,11.037227059853016,170
11,82,5.166058364460259,60.955358679736044,8.106253240579363,95.18364730448103,17.85634849658725,10.734363118338026,169
11,83,5.1362797500309965,61.17878834429827,8.524456626992245,93.36977620976289,16.697873402322454,9.565433905755675,168
11,84,4.6526702284943,59.256063821511056,8.551073196078008,90.67410400430816,18.367311718518287,9.8732817283271,167
11,85,4.636191812323112,60.43313733171279,8.408581536721986,87.5379943774125,17.502887436240663,10.488178564296383,166
11,86,5.223637604592456,60.43775731965362,7.915188908727126,84.92627925873005,15.521109422478734,9.582193947716409,165
11,87,4.040245897371839,62.742741119622195,8.089162778934092,89.92338389337779,15.98219318727369,8.693503430044222,164
11,88,4.404842231648055,59.28624743493864,8.110745368841723,87.07225736902363,17.117120761935578,6.886782309101489,163
11,89,4.269872272826305,60.810713956863935,7.704857367326009,83.60957718320469,18.858919303277293,6.862726727841232,162
11,90,4.889340128105214,60.70701841830908,8.235176651768613,81.26370281300272,18.144014896505393,5.740897210122379,161
11,91,4.935331892129651,62.35759870093621,8.262144517353976,80.16565538869675,15.649107136063396,5.754197759512105,160
11,92,4.445627900809701,58.96044492442298,8.234281414035793,84.9529590396223,18.050612715417657,8.387235966452703,159
11,93,5.212631308100358,61.33821501530057,7.891624887827539,86.4461070611277,18.090028866043568,9.245446723229085,158
11,94,4.062203235304255,60.12250924029867,7.9515223793883685,85.00068941318163,16.899034409861613,9.12400064927094,157
11,95,4.820109865634537,62.345758091008484,8.17261761300889,82.92035095371297,17.851862787307095,9.259143629675785,156
11,96,5.021882487482588,62.29501331132209,8.299712168748187,83.41304457669733,19.137828125746434,9.087482402083864,155
11,97,4.851004426190173,60.46376290573245,8.186797012513209,87.35584464405171,19.347055728886488,11.257584361205337,154
11,98,5.078060996410364,60.287392193304704,7.751771484122197,89.04294128802098,19.761478342881794,11.154464473380555,153
11,99,4.728831684442404,63.50607587555539,8.045484452186654,93.00976751277996,19.301681922202057,12.75113592091947,152
11,100,4.288612710448843,63.321328973690946,8.422992880061917,89.71924553091628,20.033946013583407,13.484310736409828,151
11,101,4.17681767371571,61.652109382622314,7.791806485880232,94.33007263247674,20.230341065200356,14.494484296563982,150
11,102,4.834521270843536,64.83181823907225,8.545920296487662,101.9552071429606,23.64265922641039,13.5123889202508,149
11,103,4.971073739584499,61.2517239603014,8.169882640024897,97.61423451618258,20.920422445711907,11.321717154995651,148
11,104,4.173620153186015,63.77472185077836,7.736954979068447,94.02953948646127,20.69763934537496,10.694892722890424,147
11,105,5.388230589707957,63.123307399355845,8.300945426603318,94.90478010432463,19.625401590163378,11.052964062275077,146
11,106,5.8802279139512335,64.21503924284823,7.860496948546033,95.23421400696246,20.0335044591985,12.522298569940752,145
11,107,5.544630979998046,61.98978403510548,8.327755392169694,95.6564915890796,21.80529751804755,11.869157808969154,144
11,108,5.106168723185319,65.20616727826545,8.200954298252157,98.58792299729913,20.440622139303365,11.862374594288621,143
11,109,5.2812984853573,67.11470678994873,7.943979148220233,99.22505777750995,20.66713349611926,9.447556524150139,142
11,110,4.0094277571599095,64.6532339893491,8.084863748213971,93.80593028965303,20.75469973659286,7.178293241268116,141
11,111,4.790795958841168,66.50386895020685,8.19601573127046,100.27894234682464,20.563171583971467,7.804178971884892,140
11,112,5.490232158335813,63.402028218642606,7.93835103815337,93.63609809729263,18.43647213978856,7.976913489247837,139
11,113,5.616511082764519,66.62228668599617,8.391887735338866,98.11601184520983,19.553629991789812,8.992534715011278,138
11,114,5.233602648982193,64.91989152227265,8.287717482511749,97.6736664995691,18.2632362362206,8.222054402566835,137
11,115,5.324001940913211,65.7035124505352,8.334519915574427,85.59562829509136,19.180281290247798,8.064088993065457,136
11,116,4.939513316568265,64.48004515530452,8.009320662101358,93.33087871546185,17.463940915982324,6.7540832508222,135
11,117,4.511951506964721,64.22870869758047,7.963334592463617,83.5448935918886,18.720150413468204,6.364456010080998,134
11,118,5.037368760280112,64.49811406149723,7.806680571225684,84.69493234040232,17.641162703437537,6.189251436480381,133
11,119,5.567360986614965,66.51294090509437,8.247922785999434,80.66846818611764,17.761832183676788,8.835820118649574,132
11,120,5.95683012806209,64.64391930011107,7.812702790379508,84.56093737955418,18.77095413492541,11.359047059308816,131
11,121,5.361912525309286,63.81711788867104,7.785754180269639,79.16571263440812,17.348761903127034,11.203061394232815,130
11,122,5.24505047320263,63.6885442226481,8.333700975674509,80.97743892847946,21.06840377317848,10.777415806523312,129
11,123,5.639168168786423,63.59030233609815,7.587820034718223,79.24732793928595,18.86002910686458,12.128810658276375,128
11,124,5.2004326303948,66.76715168849881,8.087009745235425,77.30836411507232,18.700603110813972,12.60301006630233,127
11,125,5.498364460188953,64.6551210730488,7.7248967203238355,78.02275874805551,19.997006666662127,14.047337541336915,126
11,126,4.903868755859524,64.07610621103802,8.399402308051727,86.17768800459223,21.005665177277034,14.146382862777342,125
11,127,5.709572852016845,61.633747865968594,7.810455142649536,79.28605681925212,19.661751768061656,15.620160820455247,124
11,128,5.314806243396995,62.06011453859555,7.519011750047344,84.94217666178878,21.433777905494967,14.140437362096385,123
11,129,5.926352568357671,62.11588426704196,7.951701772245975,79.29195452765487,22.41338882588056,13.37257623429161,122
11,130,5.386382380803936,61.269368022980835,7.891993830645828,84.36874017463023,20.269540688958255,11.768234265090081,121
11,131,6.119137864949759,60.792058090639316,7.944309329316833,86.18433450099917,22.085323684034805,10.185835647558864,120
11,132,5.992715138665243,63.70516408319609,7.887453843828121,88.193303819701,22.331459128188925,8.841510936307301,119
11,133,5.997566345262677,63.80000495073043,8.0328945023806,87.27183116163226,22.476600803254904,8.830686524681244,118
11,134,6.40858940882246,64.64820049090177,8.055948659071984,91.06830480011487,21.127574450637514,9.496869098724156,117
11,135,5.690676994447574,61.152116744605415,7.823467987002714,93.51333860580198,22.9284939917083,9.172958536912109,116
11,136,6.248778462806193,64.20363776507816,7.82421344838871,89.85645181469972,21.827216031082212,8.163792579622031,115
11,137,6.118219297009661,61.448202950928945,8.196010917986255,95.86511360000455,20.966853663393874,7.543967160836537,114
11,138,6.954669176661884,61.65039457556083,8.212985079809947,91.45315520566776,20.333890167567823,5.065737011872664,113
11,139,7.246392408186006,62.15723363732854,8.173750621009132,86.41520713492235,21.507659449006546,4.876585597502477,112
11,140,6.006825615589973,61.14506543205054,7.609620398906831,98.73871895433487,20.512689507555475,8.00948092458718,111
11,141,6.601803955385617,58.537665289420616,7.971299516284142,89.10847290622773,20.610955938930328,8.842875084497743,110
11,142,6.473104246954646,64.25242619609723,7.6240263501448595,95.11139268833647,22.293755258273176,8.342879113107205,109
11,143,6.339708076330251,64.36665938654139,7.375946112691736,90.36257209211337,21.157924823464015,10.930979950018619,108
11,144,6.38095021735673,63.83349366099595,8.262848022645844,90.14988367396236,21.097000993202013,9.650216016620254,107
11,145,5.141755549275921,61.560894170171935,8.073217155520586,93.57464324727543,20.521329222002677,10.978667683484208,106
11,146,6.403533426899899,62.617144763182125,7.548664839587414,92.0217244828379,20.934735168464957,9.981324087512132,105
11,147,6.781125290633267,64.59450536058006,7.7547696036475,88.65744500736207,20.404828106656847,13.557327734585764,104
11,148,5.823167999385442,64.25327526616611,7.727696877936502,84.13942461554483,20.058802213181963,13.702770434874736,103
11,149,6.760829833133487,64.77141944153017,7.819620324290429,90.59135956043706,19.799994889692663,12.396450710569745,102
11,150,6.186560837605532,64.15237550400974,7.017986630238232,87.40956521182444,18.25929598218858,13.542595163764272,101
11,151,5.7195864028602115,63.583069554049885,8.037606108003269,76.01016257510021,19.990604895909065,12.138404871897595,100
11,152,5.911548198689964,62.62384325369685,7.6019766614099895,83.62591437657917,19.52423064099909,12.251857764564663,99
11,153,6.354460955159156,67.74107982027432,8.023183805929822,71.32785189284391,20.49675024306896,11.754593996906703,98
11,154,4.989588094286129,66.31458946447228,8.07585599914587,78.07816730839778,19.885818511496208,11.616765006401733,97
11,155,5.6478709902571955,67.30821420121293,7.582448186582844,79.24564791375356,20.677468183920695,13.40140827405017,96
11,156,5.480460147593991,68.0553521309428,7.667398312781676,71.82906362291378,20.125320081109102,11.406125275867954,95
11,157,6.305382331994811,68.1477745851152,7.628556871613732,74.26866534297442,20.415410676610477,10.631991392094701,94
11,158,6.170920450614719,62.58936274373732,8.233286208547476,70.46336404189374,19.98186864222561,8.69627034682825,93
11,159,6.0197861799920025,71.09376572334216,7.769399521429511,75.60690356504857,21.848243994549932,7.704733803169597,92
11,160,6.342001328712108,68.23627509500908,7.692543556518259,82.27855373039671,21.657717705921826,6.339445370595093,91
11,161,7.596595464066026,67.77722025561363,7.848911276638341,78.06481723784002,20.778241744752243,7.595286790671856,90
11,162,7.097987653390713,67.16597146319545,8.205144472074405,77.78125172083553,21.233119612376996,8.388368001502077,89
11,163,7.362991933955916,66.86985005817563,7.885419819148279,74.28797149221292,19.467872160265642,9.626849754206958,88
11,164,7.244973718142368,66.8437509535768,7.803632224310261,84.183717835256,21.019567581637368,8.07547797931631,87
11,165,6.676459829869371,64.60900572700815,7.98123027266099,84.17050555046428,22.62276966255098,7.2229880947284535,86
11,166,6.4523515550322585,68.64160867466455,7.796124774832405,77.322773970537,23.673944421157962,7.45077733455373,85
11,167,6.29573875441485,66.30119635580483,7.96353714262813,87.63320070882789,25.298472538679288,8.0674179991831,84
11,168,6.642342714161226,70.53703261432248,7.699770474200258,88.17610729832735,21.152751553417147,11.01200738127953,83
11,169,5.501205184265449,67.01893048666597,7.95332545641584,84.1890673041376,21.86246850920235,10.481869761494751,82
11,170,5.958118817431953,65.75120138609782,7.754129064993063,85.94787700485358,21.89619983827511,12.2625093990967,81
11,171,6.085684356203137,65.44000787999578,7.656877874031549,84.28187310503907,21.42237679438511,11.717504992509125,80
11,172,6.0623195459158,68.06669305949028,7.8256016811419435,87.26960820625749,22.843622689006388,12.52014902443252,79
11,173,6.613508239819907,65.7058777361059,7.844843283321413,89.77867040599483,21.8744502175724,13.140314105891626,78
11,174,7.248953104144197,65.55135296452666,7.454502733852654,92.51612005458436,20.414049396512176,11.195566240696454,77
11,175,6.309217583438691,67.6954133730982,7.7738994660248535,87.77666193441948,21.119565268634627,14.128226294198479,76
11,176,7.312074151673777,64.16534064265657,7.521837684184968,85.82180974290242,20.750208285284295,12.456110741008198,75
11,177,5.9962772446041654,64.61107024246023,7.453087974644884,91.19858393813625,21.094750395888266,13.500996099798849,74
11,178,6.245314880285479,63.70679491373484,8.156335560883377,84.72343264848818,20.415789227387368,12.553492447421016,73
11,179,7.1567025413220335,66.56598649091279,7.783105607031768,81.13975777994969,20.446847604341016,10.772630420838798,72
11,180,6.934562718825666,63.747976771985655,7.4281369529386785,85.32076573161413,20.578706428347864,8.945815306840903,71
11,181,7.56535454915897,63.90362706249707,7.944784532526871,85.11873396851934,21.76413238718333,6.584006402233246,70
11,182,6.382447620542662,63.792188389340915,7.326624217248587,82.61461644966563,20.953317512959885,7.634410370551324,69
11,183,7.0186147654571345,63.96542766625058,8.024994525281409,81.50506813124613,20.3212986122798,7.890294280037659,68
11,184,7.187995879220509,62.25133228455784,7.157309087366227,81.35252422059874,20.390348682238518,9.150508071512133,67
11,185,6.30703535340186,63.7771084919448,7.347628494432753,74.01692340991072,19.228381199169256,9.362673696130473,66
11,186,6.39121296133429,65.92021312574622,7.813141612999822,75.83023461450277,20.8820153693849,4.841623470268578,65
11,187,6.101420584584288,64.8130667618624,8.00542130192232,72.86645634190144,20.64908839123099,6.024736850619578,64
11,188,7.356532504199062,67.82367396377155,7.796381378339003,73.21933485550511,21.282340740037288,7.5192681818279326,63
11,189,7.21721398733916,65.29027331798314,7.416219324702227,75.6795464806709,21.734284518902044,7.9547340773743525,62
11,190,7.327505421886046,65.4744717913028,7.392656967731099,71.48992574207949,18.352745523403744,7.007161934890501,61
11,191,7.482321571401706,65.1499733274448,8.126413501686498,74.46418396920569,20.26541143410221,10.537663518008713,60
11,192,5.38227045730346,66.00234423396955,7.383214935977351,75.07910201518878,21.27778258304361,9.37468173362639,59
11,193,7.5362857498722455,66.40418500552921,7.9066049940665115,75.0436172341021,21.20735172871446,12.222792565791602,58
11,194,7.7489991381090375,67.2295466762182,7.546538046078412,76.86163445138158,23.883717550700908,8.911803071129537,57
11,195,7.5124729641241,66.49493210883922,7.303775109791059,76.66002129712265,22.396435600029164,10.92696485998696,56
11,196,7.396107682628635,65.06910067043512,7.33828570003586,74.41075531331187,24.63727494891725,12.025085769520599,55
11,197,7.343733543953486,66.17502242495202,7.51312671897344,75.91631564990661,25.52391627677941,13.125895881784826,54
11,198,7.623860313712985,65.1548222636972,7.668811965449729,78.99609010447382,25.479818545145232,13.514770837522054,53
11,199,7.886482728919852,67.56721124631342,7.974811574616352,81.56218538479999,22.48699427971037,12.32763164648963,52
11,200,7.89458829153011,64.6387071005877,7.462354526467342,86.63420722501344,23.251579383377795,12.17805308054061,51
11,201,7.47186646435053,66.86694879373779,7.552700201760575,81.8648936033378,24.236528150225848,11.701676277979548,50
11,202,6.778106209260004,66.46567508910087,7.38570997935406,84.094194907722,23.07769053957569,10.365520325199013,49
11,203,7.303670656782476,69.6734379983005,7.555229921522458,82.8444935362134,22.556970929539418,11.780339719700635,48
11,204,8.19215915040576,68.71153452485315,7.479416012279432,84.62714070731033,24.618686676873022,11.268913168844389,47
11,205,7.123414509177295,67.02179049244779,7.22336587870826,89.27864910079523,24.682181757823713,9.771722544192462,46
11,206,6.979477824922959,68.79744479276343,7.750471854971687,85.42435532480583,22.689625369529136,8.49223496300911,45
11,207,7.514923135656495,67.34632629978191,7.902731030624226,85.84694791861591,23.372754280768966,7.5392490808892125,44
11,208,7.472520159500097,71.30060988951726,7.579719901953081,90.62535877280885,22.401524695605968,6.487616238796748,43
11,209,7.238054288751846,69.4793418304164,7.851696762151311,80.91806984349114,21.523132948745275,6.611656212458519,42
11,210,7.406370461683714,67.22752861172258,7.071344977202794,86.23224247028132,20.75853019631072,6.653275434382561,41
11,211,8.122702079711955,70.00081421124263,7.56151101266013,84.17847689378424,22.199343066507904,7.112789211092253,40
11,212,8.030173148521673,73.19237184738606,7.577513450165234,84.06175776989363,22.35264350869265,7.066127110594085,39
11,213,7.925600236127406,69.67038151305928,7.1738162796525105,78.11815876137317,22.911155257994885,9.285688164592752,38
11,214,7.417383702302271,73.09466342776437,7.6722131255150074,73.90393149934404,21.5482131259154,7.216113138883179,37
11,215,7.9809492149207255,70.81913071093405,6.947330469793025,81.2400011071169,20.948197571285863,8.570420203610778,36
11,216,7.592331418439581,67.9669680437935,7.675401865805395,68.70969044926538,20.99221549536887,9.781293879158312,35
11,217,7.559643368729235,69.71771176804279,7.366742306125324,72.68757665316156,21.56348990959386,11.066650202936058,34
11,218,8.25970686989355,68.70178126855126,7.7407732429183955,70.24729508698962,22.27242745937688,11.750095004140759,33
11,219,8.5376704900239,69.16811800797686,6.5655763569549155,72.03610201645843,20.37409531091632,12.581853779682918,32
11,220,7.567341150621029,72.22557744246738,7.793668675598132,64.34016684647223,22.090654612462334,12.498150734285183,31
11,221,7.71039433822994,68.04338337408494,7.538912176719039,64.95134130581792,21.364089175468276,12.732273097724859,30
11,222,7.858895687753625,66.5652545177605,7.423675581440436,64.48110299232299,22.56926048326533,11.804854451621228,29
11,223,8.648747979555216,70.3237794223926,7.417649444579332,69.15903273884608,22.200962607798722,13.25769819412834,28
11,224,8.636830355725646,68.84549024540289,7.050539342067784,63.35072319215002,24.322516513220712,11.810879644385457,27
11,225,8.18163382904631,67.10882483904895,7.116039960701658,63.35131398421946,23.10482488104636,15.114987355612417,26
11,226,7.995909344094076,68.50937123095997,7.702084730208275,72.82506813544273,23.58248431438873,12.9497754259591,25
11,227,8.391128138950696,68.67663951369973,7.419304626343433,72.60847865801321,24.904771747545382,11.285004701707871,24
11,228,7.800144744656797,67.71266444773403,6.893444444327433,72.66078084004101,23.851151003429955,10.374891698881932,23
11,229,7.563893678854081,68.22382245771595,7.591614164590942,65.24084938016074,24.889574449165153,6.993048096779516,22
11,230,8.030745830578335,67.59981023319799,7.584485215474114,68.29232198574137,24.678498251953997,8.450963621859747,21
11,231,7.397555718502047,65.08302430144053,6.95066764111531,71.59788661237218,25.207254747433215,8.395274272538325,20
11,232,8.224389876421844,67.88110199210968,7.524443557627818,72.27408232290465,23.65435734990033,7.971952065201807,19
11,233,8.34119968963538,64.7011667815617,7.245821606327722,79.00299929451663,24.590868571326403,7.204097003734475,18
11,234,8.86738996320613,67.98980970096149,7.4356134784051555,77.83647918573762,24.847497836603566,7.816672043661943,17
11,235,8.991129759352548,65.94477574801314,6.863622973543699,81.21073111140171,24.745254334031042,7.919366204353241,16
11,236,8.624376426009762,65.92082881717826,7.350144987742024,78.7463606048184,24.5653046203327,5.684210760645699,15
11,237,7.4571818717690155,65.60433014977481,6.770830275442531,74.89310944685003,24.617834604302708,7.123954351831579,14
11,238,8.389554059568406,65.6623154774085,7.297373153710118,77.8928087976159,25.163901280893107,10.115294829985519,13
11,239,8.859637526705471,67.71000603671449,7.508314667448011,82.73879979298025,24.176721869784142,10.840465527456937,12
11,240,9.098966406456455,66.12161140771373,7.096877218975939,86.15537134122607,24.0917559719741,10.746155937361639,11
11,241,8.869548717705069,66.91488342451295,6.7920395267967795,83.5118182173278,23.169570456137432,12.189147670209259,10
11,242,9.634191726145495,68.1517261100655,7.150921950166094,79.75150801859174,22.272063790165827,11.861358895809934,9
11,243,8.484761372110425,65.95303821062093,7.343720922226674,80.83581257521645,22.18866559998505,11.422535029926872,8
11,244,8.489195298839059,65.90380366228612,7.269008319640964,79.07965341240984,21.837602887536786,12.667537106959298,7
11,245,8.594758468943896,67.55660520941152,6.836873697220144,77.27702542127037,21.520001831883715,13.769841888591051,6
11,246,8.796207895459721,66.5082020334114,7.636377474098531,73.30771583541343,22.931270401878855,14.53913181855108,5
11,247,8.759061048232464,68.82201548756925,7.280754706455039,73.24418454363139,22.238009769358072,13.312036155765659,4
11,248,9.094427925357799,67.4973736963534,7.221141670890963,71.0354820241573,22.221671211619572,13.673287360151472,3
11,249,8.248753523986142,68.46723186867108,7.401540655770113,69.9501732629732,23.77417845121577,12.522148586423343,2
11,250,8.349105010237006,69.62504578354608,6.998736551075679,64.69107138326426,21.13749066496458,9.962839807432816,1
11,251,7.867417691468445,68.07412273284078,7.162829213757581,67.51843328700004,22.732235046568924,9.86742859145209,0
12,0,2.7927261101768233,57.0864489771889,7.7316449200845465,96.42498725477277,19.097106308612535,8.922706323595685,248
12,1,3.5138862060378364,57.13206899990594,7.191571180739708,99.07271681186435,20.393513602201566,11.275327736178694,247
12,2,2.8862282765492604,57.303816862502366,7.650448172878939,98.75900017556884,20.73285356496714,12.398992281390784,246
12,3,3.0742996858847915,57.7948447515775,7.8437788736768095,106.24325093066214,19.53759024722558,12.271496381284388,245
12,4,2.9679898539951823,56.45750793792914,7.892722277353591,103.81267524932554,19.945264505019008,10.98199979071429,244
12,5,3.2504288557864287,58.52931514851011,7.276125159776921,98.42468440205776,19.760344311222564,12.022326617623381,243
12,6,1.5506461674527607,57.53373208083334,7.309929280754525,98.4158457976883,20.991153723934715,11.104894735081132,242
12,7,3.8374847000568644,57.8628308440729,7.800570480276585,100.50399969731981,21.35177167726432,13.810929331946008,241
12,8,2.8110798874975242,56.15610256476429,8.071230544623639,101.88612147097116,19.970895835595616,14.204787831170794,240
12,9,3.345076518066103,57.8806642405234,7.88810159199562,102.28000450537462,20.202785212773865,12.358380854803205,239
12,10,3.2670371378984306,57.103735361904505,8.096253562141095,104.7271505017771,18.695634118993866,10.2190492964408,238
12,11,2.4933080663115486,58.38950114022429,7.086084320043918,101.14050159108662,19.16067619425541,10.0621592436837,237
12,12,2.979978446567662,59.21350929545371,7.982290188488448,102.62816949676042,17.373957486325637,8.52540717293486,236
12,13,3.917721996100031,56.1887286220794,7.713704007116124,107.91536565885337,16.491514404462915,7.006528848035671,235
12,14,3.4534642288812987,58.688603333492594,7.851550930708381,101.04235000776268,19.64304629822032,8.831937289071327,234
12,15,3.8355793890024,59.1943098899115,8.184116315128898,103.99383269546972,18.24321118321478,8.112951545987311,233
12,16,4.885939151350964,59.15883813527285,7.62229270300223,105.24642013088341,17.325300099573163,8.85792767858956,232
12,17,3.501953244766009,60.68648030766741,7.813082861740182,104.9561746151216,19.623773139536397,6.678467171317848,231
12,18,3.158594047029045,57.57446108092422,7.777198552623951,104.2063282564225,17.83720967767984,6.824031383455206,230
12,19,3.033986609825842,59.56702177024157,8.034170502345702,104.19561917416698,20.357097315409952,6.722461825392621,229
12,20,3.427610678035487,59.38876237939721,7.418411933032393,106.443989515782,18.003697582972798,6.512947845523045,228
12,21,3.639726962521507,58.46571894922008,7.196905885700274,101.95883846458896,18.697307531780435,7.821593307783792,227
12,22,3.129506749717197,57.56230098638943,7.240855905142587,97.88222360453518,20.612275285291723,9.061091434674744,226
12,23,4.4127795276299135,56.77999758858861,7.8211387482813155,104.767711000668,21.483256006963543,9.69728075505089,225
12,24,3.196571028833188,60.112359309078755,7.635312776780738,102.82526879884149,23.30994072930617,11.787071542833617,224
12,25,3.154808292797932,55.500165585551066,7.333957951455881,100.08161693679665,21.70967551006416,10.898228415913243,223
12,26,3.6113583932863467,57.02446213690653,7.734723900281549,97.01782576662531,22.78230260048173,10.71932818536554,222
12,27,3.657949288266252,57.54831230427622,7.692725850228616,94.06743293224908,20.41547677144349,12.82323185212408,221
12,28,2.9159628931115824,58.72325639521348,7.53622537887803,95.3293211137622,20.24854612327185,11.973700800670535,220
12,29,3.5930361676225635,56.34057217905591,7.7588697784184655,98.61535385146458,20.943201653205165,13.81866016054614,219
12,30,3.291454925311367,57.52965667251547,7.444347018871088,102.14508115080652,19.6701154881027,13.224894930980804,218
12,31,3.75351288376923,57.48169033156025,7.637211898654652,95.37992209605899,20.106923207601405,13.671724027672298,217
12,32,3.4783088831487277,51.798285659794644,7.489687792793668,93.8088249460877,19.88706334390803,12.193314548725619,216
12,33,4.530165740451817,55.476255952559235,7.572553764516647,94.88022475232206,19.064839210433526,11.082271977105417,215
12,34,4.075933911850784,56.911216927248695,7.41280228684508,91.16382800017723,19.592271334875836,9.739225161673398,214
12,35,3.946257477684674,56.37847805714847,7.639274155820184,90.33012369896989,19.313578687382936,10.146199370176308,213
12,36,3.544461186350476,56.45400717695001,7.320527127050451,91.51854052410974,18.68729064261246,10.26285811016608,212
12,37,3.1146959677129815,55.49289726958816,7.42987232664412,92.17555368956253,20.611817796633957,8.345704121250947,211
12,38,4.967403993101409,56.54663989641789,7.687954508725423,89.27903885631646,19.766400234918866,8.716290827714154,210
12,39,4.116181892091368,56.100324181284016,7.842639643779808,86.63629532333502,20.045966191669347,7.390248877643993,209
12,40,4.1451698765660145,57.19983593951867,7.34423000604919,88.37699633085015,19.82495109917776,5.8625256792298694,208
12,41,4.686708983811925,55.75463690935718,7.122421822605371,88.6937671612553,20.11838813225471,6.54487430336703,207
12,42,5.109661292400928,55.202258108728074,7.054203589958239,85.55328110943985,21.967479555677702,8.373305734553613,206
12,43,4.105899264827677,57.93882421262706,7.443041547994929,86.01662939032553,21.215345721492874,7.152891111893325,205
12,44,4.0038967328574815,57.82999611635651,7.640745920659432,84.4751884256959,22.154633235375996,8.521515037441759,204
12,45,5.410202167021354,58.27879217185281,7.569661578678478,90.1615760849438,21.195056392964155,7.474931248468456,203
12,46,4.404007381374245,61.2287505406552,7.186814180140978,80.34061602477931,21.24412318946287,6.6637675979133535,202
12,47,4.623039738567637,56.405884388723734,7.033145225757432,79.65919273802271,20.894828417279356,7.900760574307041,201
12,48,5.355635936002931,54.74383138246179,7.317706558378039,84.78244284652833,21.790321991129545,9.471119527767648,200
12,49,5.456242042235629,60.39469746583972,7.323740160300336,84.68189512355313,21.350868168211182,12.778811172204573,199
12,50,3.785785942405915,59.470883381049276,7.4750099363571545,82.3545361715739,21.041590048308713,11.626920550163808,198
12,51,4.490640677314367,58.623177952746985,7.167121085359376,79.87999448331573,22.92802241644051,12.887886625650424,197
12,52,5.082220462854007,57.375645850211136,7.644974041932172,83.25976470734273,20.25996465378936,12.448022554708182,196
12,53,5.334575437667483,59.54745056954125,7.337871232082015,75.63515729281212,22.828977838391094,14.163446951372267,195
12,54,5.81158919727252,59.18001624898766,7.004285726691628,83.66532638911491,18.560897451593387,12.709379054979692,194
12,55,5.323515132786475,61.87994855569974,7.286707191338291,83.059724783477,20.597554270438497,12.19051891750848,193
12,56,5.0064871408587575,57.73904101744056,7.390494478512667,81.3113451449324,19.356774224073913,12.170849135611563,192
12,57,4.5410756083725445,64.63825823315307,7.220140694600324,81.3863413148677,19.912067959605622,14.406803648250268,191
12,58,6.65451438200376,58.10438245948034,7.866657455583374,79.93167323699409,18.713579188721326,11.60379230241665,190
12,59,5.471900715742061,59.178634445550905,7.648924849065769,81.77952893549056,18.669416048709202,10.304123501853224,189
12,60,5.690873905319902,61.67510580778728,7.476317708511063,86.88434805059858,20.626821861385,8.658646955258607,188
12,61,5.973385221825058,59.307624861326104,7.616065754465903,82.37544770826703,20.658907586369313,5.971090054405523,187
12,62,5.243328618908993,58.15102086405461,7.789694764891353,78.28254929046697,19.919588692845966,7.741400225840612,186
12,63,4.966764218345923,62.04771090720773,7.334358098537661,84.38802932446525,20.85021075380796,7.426155432267392,185
12,64,4.78252492290595,61.46195991034594,6.9257919201582645,78.80594611892275,22.121988340662373,7.380535929732629,184
12,65,5.33669084815246,61.1355309812353,7.112498579548682,87.5765983227125,22.549259839985144,9.251901871064472,183
12,66,6.287142771394629,59.83682518409975,7.288365740421705,92.22126621307629,22.074124511215448,7.007211249111587,182
12,67,5.32472035050069,59.309432520501375,7.003831384302045,81.81124862208311,22.456959589331092,7.066832327760992,181
12,68,5.012447885655755,60.5965345438992,7.3710399176612125,90.08388179428158,21.049565582200465,6.579969414004642,180
12,69,5.12655296327273,61.9755745681553,6.378549325218138,89.82807308200694,24.438455160165393,7.0114833432217925,179
12,70,6.180501451790768,61.534011015424184,7.613588370598969,82.69573451296702,21.665754095512078,9.847285721126095,178
12,71,5.880257532757482,62.174896294548645,6.9624352703124535,88.8535479132022,20.972105437009155,9.901167940806925,177
12,72,5.1465644564051365,61.642305174583015,7.1707193335947395,87.0024061555511,23.87275395611496,10.055831959312192,176
12,73,4.705414146538633,59.43771566876815,7.3237618511548614,86.33259278327851,23.265318043658603,11.539801593967953,175
12,74,5.316918220478874,60.657172111016784,7.051269277621654,89.0909847615324,22.419074400977216,11.51341146152065,174
12,75,5.099673356975592,58.3106468989395,7.429332875763067,87.17558745866027,22.66852026360856,12.087202610808452,173
12,76,5.8063659187604735,61.00308034738628,7.634320148622083,90.15319734057623,21.327247063806276,12.92496040484479,172
12,77,6.760570984162346,60.545262434679906,7.136472505089189,85.63082624609049,20.655071417907717,13.055128579381314,171
12,78,6.181887680785134,61.19588887598993,6.640389189811221,90.5531408920509,20.858046815648002,13.053047082043207,170
12,79,4.918581107855901,58.693026566291216,7.1937779856376345,89.97802770161904,21.052556543040918,14.7249084735282,169
12,80,5.444239468961304,61.12283264587466,7.308672816910585,82.22660552409826,20.59064518232803,11.95301456144381,168
12,81,5.8870339275527535,57.44990873724712,7.2804893143227645,88.48279846628444,20.679864150033477,12.41395653763643,167
12,82,6.462982431956987,61.01314696526104,7.381594702483902,95.1181524644823,19.36678237331471,10.618389521252496,166
12,83,6.3988826930110045,59.097403598804576,7.126251819001699,90.77105958210066,21.586355409074837,10.910864253797268,165
12,84,7.0492273686249725,59.03633750037576,7.2914706109691885,94.46206820389618,20.84758378558478,9.290017222104444,164
12,85,5.46362599791613,58.613214031638734,7.387270736993273,93.08379186342583,23.882114234491382,10.403123311665095,163
12,86,6.340265178436524,61.629916774482275,7.2896238992155284,85.33166523432548,23.541196507940768,9.081428606631002,162
12,87,5.5301590289576135,60.88731447298279,6.918431562195972,94.21121817624955,23.955672718033508,8.25052520152917,161
12,88,6.5927585126780315,61.95495766435094,7.180114824972285,90.6477759271239,23.304705608921843,8.860910070035542,160
12,89,5.319322653262236,59.543394341491265,7.050572448004025,91.20029314223227,23.353562180667325,7.2555789825528585,159
12,90,6.003308876553849,60.90554767178058,7.91066952499814,90.24372492748293,22.411027327276916,6.237076767815362,158
12,91,5.836854399367318,58.70605487383885,7.419755712810306,88.64840550870358,24.69875194021863,7.740066893143815,157
12,92,6.467853218793305,59.89888583249852,7.712351706741462,92.8405685137926,23.41624674820407,7.711599058405552,156
12,93,5.526502528313494,60.40753235876949,7.109016120863747,93.05397956933321,24.328828834523055,8.999014489272852,155
12,94,5.980014697481282,58.519923612246934,7.353295318524626,95.4881851044855,22.47283077199192,7.267784205070338,154
12,95,6.256548450278422,61.59060226866161,6.993437189525978,90.87679757378714,22.2660762065522,8.024551327716928,153
12,96,5.952998466641002,58.605655052554376,7.378376413388215,90.27844700773542,23.208359850649355,8.843160121002322,152
12,97,6.65128688735849,61.147445784091644,6.81954741799141,85.59105663340102,20.679524620707642,9.125335541525313,151
12,98,6.042653200795893,57.52821350796374,7.168003414201096,79.61893896051129,23.178064808111692,10.468070109208963,150
12,99,5.816362085134792,60.51342352572222,6.7902128929625,83.16849410064965,21.06098500974305,14.797182294568554,149
12,100,6.800229393776889,60.324342562639565,7.133958976205122,82.59096486373284,22.66299695308689,13.829958545177638,148
12,101,5.925120766952638,61.74360397061631,6.833409859629776,83.09109040268433,20.724716748708968,13.12512340252064,147
12,102,6.0091641203139705,61.39511893419087,7.108254939132634,85.50886642753647,22.930169431106638,12.463723020706194,146
12,103,6.909897126306052,61.64922101673146,7.020586927690321,76.96121762371644,23.33905943303224,12.639210667860599,145
12,104,5.652850965836916,59.674219808125436,7.355380223215394,89.70930977166734,23.019818361127516,11.80352395800577,144
12,105,6.708892139241455,61.62813339167158,7.09529529997318,81.143210983919,21.859926568174323,12.004983978952566,143
12,106,6.93957947860814,62.26288307063034,6.9568748116326,80.29822033424985,24.11072471292844,11.572764960128174,142
12,107,6.0753028105152245,59.8205932097861,6.831049145491138,79.86581305881401,23.28097969929391,11.469701080901002,141
12,108,7.539351875747652,62.783618593673374,6.66239249895394,79.1940812995532,23.508197564511963,10.262880499625801,140
12,109,6.803316091173515,64.23340778090986,6.3936981494648535,77.9865251547645,24.595680886055813,10.137728799920161,139
12,110,6.761084119499671,63.70983461519155,6.915516963959084,71.97738897578017,24.297213778218325,8.634987429822393,138
12,111,5.739554498495828,62.429969272392505,7.186086223201783,80.46288161521468,23.364914818760965,8.383217202295032,137
12,112,6.335595231643747,65.35856430449425,7.371649488730994,75.40715534065004,24.563680725085426,7.133314245538783,136
12,113,7.27045219158174,69.23127661523769,6.577159551834135,76.3534543373664,24.26858502661889,8.040518399565252,135
12,114,6.93876807435007,65.63222328112843,6.851192322745665,72.38807991423474,24.540214832956778,6.269028113405406,134
12,115,6.889296206963819,65.21054803872387,6.881996017152262,73.592136377302,22.377457410603505,7.822768508442768,133
12,116,5.825764361668344,62.465504185432366,6.957090350205977,72.3926788318752,23.748499449525617,7.642955385460306,132
12,117,6.975590075538702,65.45249511434608,7.177830808467542,67.69423080268291,24.929270422504842,6.809790249406458,131
12,118,7.280816710848762,62.90875466911445,6.73925175425091,67.05205843185942,22.887268998205386,7.054285210062892,130
12,119,6.317702472732033,65.5173529660994,6.8296470430472445,69.16994462509089,20.912653589953237,9.007760554004209,129
12,120,6.618623054954831,64.17414133784034,7.169895572351355,74.78574259384844,22.217986285304935,12.160071896634095,128
12,121,7.151475565689317,64.65250551562293,6.869256329097288,67.76364895305856,20.877063282474793,11.714730618916333,127
12,122,7.942112582626867,62.99422765163122,6.519362334276045,70.87270512838616,21.738847247850366,11.790672781114232,126
12,123,6.428413286126516,64.56135964152057,6.760523652530836,65.2473973124268,23.618608433703006,11.122892288116233,125
12,124,6.985531418173072,63.561752212122975,7.134810906042862,65.40994642536648,23.544681019903432,10.133155931305673,124
12,125,7.31025497538833,66.94855179775128,6.418442385043318,71.38777556760462,24.765145407758176,12.770297650053545,123
12,126,6.727149718062761,63.143803901434474,6.957067346476306,72.42575337332052,21.516110506652552,12.913363764821076,122
12,127,7.675351545698444,67.18020613538164,6.32609913515152,69.11815934026075,23.782884483921052,12.697189075439114,121
12,128,6.886533141024097,63.331095647245434,6.478683695599489,71.51672846152778,25.453261993133687,13.637003075452387,120
12,129,7.312121959442917,65.84574853235418,6.82987453370962,72.77700491116398,26.304831784213977,11.31455103191753,119
12,130,7.462284272384812,61.994714724129906,6.893740289449439,71.69452738150646,24.534859398515636,9.503095264582575,118
12,131,7.687034897710983,65.63252662488614,7.032159861612642,72.60752653471903,24.016253201845263,9.229757036036377,117
12,132,7.56350455942407,65.2533639315584,6.507284920325084,69.92097253696663,27.31333799448442,8.936149808185586,116
12,133,7.359570064999119,64.14608952705632,6.705038271509607,72.13912541991137,24.905033869993396,8.461383528732695,115
12,134,7.27634135435891,62.75297708451284,6.756751439171607,77.55671617044918,25.48911897276696,8.639225428004142,114
12,135,7.5210070569018175,61.54339967341116,6.894344614729633,74.33620044823208,23.426468556396546,8.623463709456194,113
12,136,6.849630886680268,61.543549367788145,6.397983282087162,76.14589823621935,24.99782095865298,7.309491626534815,112
12,137,7.367971402976897,60.48037605515097,6.391577103913533,78.96013735196027,23.481068654311436,6.4228143318204145,111
12,138,7.523671456814298,58.49884268742543,6.748422844420832,72.97450333667962,23.477274485359334,5.938629128444012,110
12,139,7.7050286467141875,61.71656944348693,6.740949433814823,77.9476144329534,21.856155386190906,5.443171578276605,109
12,140,7.099797299838654,63.53699064721778,6.201205133962678,73.30040949849916,23.605868408918106,6.7731231109096965,108
12,141,7.86381463936875,60.62382841281523,6.562021177401554,76.62897984360738,22.607995007858136,9.038242143307999,107
12,142,8.873110715725218,61.499969349121216,7.076674228256123,75.91783965684903,21.654486670389474,8.48944390857978,106
12,143,6.979568115881801,61.813782258049834,7.040642760803126,77.52170185095859,23.67441040581089,9.889455715849444,105
12,144,7.649773648578596,64.37367246517579,6.86102246249873,73.46479925099538,22.886421261276272,8.755205348235886,104
12,145,7.721138242832524,61.06841120563983,6.6603213267471055,78.37511636781672,22.732939242834902,9.081662785546635,103
12,146,8.62986205175347,58.10280611075857,6.760933515930914,83.08321208804307,24.649686512627866,11.191814723567168,102
12,147,8.187020427793524,60.886028881359714,6.679378045461532,76.68634615641554,24.524384608579776,11.320890587066584,101
12,148,8.463531141397665,61.09419430815099,6.370755057223545,80.50052197066744,26.01674639517629,13.917619439430357,100
12,149,8.097263317193866,64.09351013918445,6.5756514296269355,81.71408848347245,26.835639913686148,14.902489743470845,99
12,150,8.716849980899294,60.520446897719324,7.0354569925027945,83.7441676927766,26.480238750804098,13.031996800621943,98
12,151,8.536622645652283,64.30839325297882,6.373077796729968,81.48004123413664,25.019306096758516,14.229252469395858,97
12,152,7.9865773103486974,66.10456793448093,6.654481314605538,83.95382804580679,26.800123225412367,11.597909475174086,96
12,153,8.569067953858548,64.5067422756988,6.320663668598189,76.40768502864029,26.89005969587306,12.097855422036984,95
12,154,7.7119082731520745,64.08220831764301,6.6386834514355115,81.98633323040472,24.333514061862054,11.084228388629416,94
12,155,8.847647454795132,64.90377029707136,6.49962323483142,81.9343447040773,26.126078831425293,11.361623236109864,93
12,156,7.985524656123533,65.1928614178124,6.681873917901721,78.72326305024079,25.97905187691135,11.921096635258046,92
12,157,7.993167114455326,67.00319724544285,6.882340270142108,82.0385633495689,24.33206284656843,10.062928657989051,91
12,158,8.44822624196164,65.03397759889103,6.9096718679380755,81.05144843089936,25.256499286783257,6.566375073833011,90
12,159,9.369812605470765,64.43483846571951,6.728842819037345,76.42843461203685,23.882512017663945,7.112825593134758,89
12,160,8.918451653486038,66.86391076444978,6.736224542213218,82.57617636309479,25.37946926148721,8.325176359353694,88
12,161,9.419851970241467,66.90513121231484,6.4335812008692175,79.09628860652772,24.978400068762824,6.003657924815493,87
12,162,8.316321379119367,66.01874460933956,6.691167535819152,74.09108580958618,22.70733817823213,9.064028396491972,86
12,163,8.696314667971983,63.99082290150757,6.4304918385659215,77.32525503439058,24.266135156991012,8.413473411999128,85
12,164,8.023052309798782,66.52126454173175,6.576574229944957,77.49064183445057,24.724863395909964,7.201930996212013,84
12,165,8.155756757397317,69.27060987293652,6.135628729563515,75.25453414595748,25.007624783644694,7.808427428864684,83
12,166,8.378640462336454,67.12201409792704,6.296590514806047,82.22752999282201,23.455481136510837,8.584061085050298,82
12,167,7.701829039975967,67.83476306143967,6.383556809053441,79.44911573613902,24.827497687002634,8.670222863131636,81
12,168,9.536339130579849,66.68285295379812,6.281386802015403,73.22917839484606,24.00534853234013,11.700366640193398,80
12,169,8.221865862771564,68.45187472818064,6.292442404351198,70.70898412755466,25.26314213677439,12.288916135513414,79
12,170,8.830068345175082,67.56716707697686,6.452830783082578,76.60279974820921,26.26684495794857,10.68597594285907,78
12,171,9.266587491045286,66.73528351282913,6.228974352886065,74.00846321892247,26.71337429760513,13.739177915237255,77
12,172,9.214274959357166,70.57979795588209,6.199359463966061,79.38603100155233,26.58169944803405,13.157090751071145,76
12,173,9.074602605099196,68.32525220115127,6.528681271866284,71.55139920806911,25.901943644174644,11.494463545397094,75
12,174,8.768184280995353,68.08359232353358,5.927288959199362,70.82099918462477,27.66468689076199,13.666138935078031,74
12,175,9.129315745739591,69.54456697158857,6.482520472814095,66.08851207345575,27.22785141094952,12.665689842397496,73
12,176,8.818641238665428,67.89382611126496,6.4032429647974975,69.07064497865987,26.841154239271653,13.804831962038302,72
12,177,8.946585093834871,67.66717984990356,6.671499563871625,69.95339875824126,26.706130032824266,13.333472085923447,71
12,178,8.995267075682778,66.02889476923247,6.71686134832021,68.69676527122168,25.16402829107233,11.04607896949076,70
12,179,9.250359768564607,63.308927800388055,6.485799194599723,66.53254859401785,25.908193361297254,9.368949398679112,69
12,180,9.337341050295441,68.35587446927201,6.403930464682233,60.932673875480006,24.66860674180359,8.358633676715211,68
12,181,9.109239733457352,67.32666271099043,6.202307621840498,64.19315640194131,24.10400086615061,7.161772249707521,67
12,182,9.291272591527925,65.7498599168243,6.691064884181274,63.656813956941214,25.14795936843928,7.922912722294678,66
12,183,8.548993558928217,67.74671903159154,5.953151525334743,62.19288707537267,24.89859476385804,8.294483999715595,65
12,184,8.146079025067777,65.82367096988864,6.384820705360097,62.52024146420555,23.488502280223276,7.420165597826449,64
12,185,9.821735654312063,66.78462713371937,6.570574633946076,62.85449104203599,24.105189185980272,6.2161083709993665,63
12,186,9.09314740937282,66.15275828345202,6.1042006752262346,57.72763044911084,24.886522175939945,7.8068163858671475,62
12,187,8.70508834389787,66.48099065747282,5.863213494446972,61.60761153754183,26.071624445664526,6.358330474709608,61
12,188,9.292643243301862,65.17231659886905,6.453920298881916,54.17934232210232,23.849649068007174,7.59437987129779,60
12,189,9.416099459747176,64.8691305637657,6.1885864339852334,57.149360960891535,27.342529535877098,8.314027312010104,59
12,190,8.962744754066621,64.261364014429,6.158255765111245,61.52415578356309,26.631426548352977,9.223365206185246,58
12,191,9.195330390107738,64.08845903084998,6.357143756312831,53.74804206447216,27.40800119504251,10.633871027761911,57
12,192,9.404666484299778,65.86103620294577,6.156901735895426,59.815147585986786,27.895528819506406,10.727918533315453,56
12,193,11.031160675109323,64.80887663089383,6.269093991260632,60.135204360424055,28.48044874248333,11.52024025789512,55
12,194,9.677094650400564,65.76798034122086,6.484013339924437,62.59474236705374,27.11644482807558,10.871763811209968,54
12,195,9.690998434702532,63.09857620210187,6.495011027863134,58.92182324980121,27.493941108866423,10.912099238377417,53
12,196,9.781212968031003,65.83398129708488,6.231797999418677,57.29485558104495,28.982892005791363,11.741246151640405,52
12,197,8.915356350698113,65.63084700111366,5.925766752959071,61.443410320799615,27.151671108206433,13.796352541722134,51
12,198,9.817865085739816,65.6609780019053,6.262337687626905,59.8401318233749,26.546400732452188,15.456429326832497,50
12,199,9.281741813920666,67.19874744388935,6.155900984223863,61.02756340809551,27.61869510400765,12.272423662702513,49
12,200,9.187400642545043,65.5624232067126,6.266629434280106,55.69064248427621,27.134910133916787,11.00516149847367,48
12,201,9.80005708089915,65.55762335657393,6.401404029559213,58.405941498070476,26.659644949975426,10.449385488271403,47
12,202,9.685221706606676,66.31083422996272,6.234637087592778,61.78315328165354,25.607887386526286,11.149594051782064,46
12,203,10.146225334097739,67.51087670517153,6.046403746417066,61.00519311014687,28.12166003669126,11.303107615214113,45
12,204,9.198569575850966,65.81125800311167,6.17912922355924,60.03845226133561,26.217853869050945,10.9033192966123,44
12,205,10.107679875323965,66.38960550948823,6.127866533236779,60.16734915788052,26.215773468606315,10.814426803470704,43
12,206,9.309049527062228,68.396186165257,5.834966613126111,59.15521149947069,24.885974745802677,9.572287431413576,42
12,207,8.82397291246904,68.4996427531722,6.393178328064063,63.62048339998232,25.011949670796284,8.08173615220605,41
12,208,9.50533916732593,67.98949401734386,6.063021566379113,60.52596304211883,27.513357668607636,6.343567676081914,40
12,209,9.380531673487015,65.40946117325117,5.965870173836849,63.47553627373424,25.15168494860988,7.238707561258866,39
12,210,10.466264196923262,67.8479513490345,6.041739254839479,60.50722646205496,26.502791486258808,7.5653980398338305,38
12,211,10.236986959547032,68.78351537405743,5.830146203436485,59.62059797339184,27.035851429987822,9.190789610865862,37
12,212,10.572985590030104,68.67204603326267,6.226147997464565,66.30257387020409,27.680201391486204,5.950358106904919,36
12,213,10.334600881009068,67.30566164339011,6.461843145644207,62.928451491734606,28.524449808119652,8.39052920640903,35
12,214,9.221448940768529,68.33336003613935,6.356966962081283,65.56644488314151,28.486833020609463,7.538395656524144,34
12,215,9.644665416963901,68.09961244488906,6.152860735784575,73.03023970865641,26.951960649583405,7.299831906507299,33
12,216,10.505117507682728,71.80096395538244,5.992331884598288,68.35579499214185,28.186868774300486,8.66152400575369,32
12,217,10.937098717490619,71.5227123863529,6.044902496797142,67.40865916000168,28.634469719390047,10.894561141368058,31
12,218,11.109747517587728,71.19822171945023,6.171916516582191,66.35536749467545,30.146520142404185,12.209810590779147,30
12,219,10.377606524903545,71.10778457500986,6.058442686839674,70.85932331763745,27.976115122944655,11.57591063852794,29
12,220,10.697979472668004,69.79705564656017,6.1724585143121935,70.62886539671409,27.649141311132794,12.569839031751366,28
12,221,10.34556770437505,67.27772000330405,5.839285326682237,73.07947579273008,27.485361146917498,12.613234232076856,27
12,222,11.663777402837583,71.06513015975283,6.027850277458924,67.89693815696468,27.702455922847683,12.608040162274074,26
12,223,10.501468348419415,71.30696439365369,5.924482356060272,67.51797121401556,27.269776037728736,12.525904535940732,25
12,224,10.635623265190205,69.71552253625717,5.9517745068577765,72.75202660037735,27.098334454080735,12.86238215241586,24
12,225,10.979524093927484,67.11191957705918,6.261721135405969,67.24883126899137,26.61230405953665,13.38143893457574,23
12,226,10.968440986651562,68.87131786866382,6.011975924380565,67.59494211837348,27.077261927919245,12.503942999648977,22
12,227,12.070094733773631,68.24358089624484,5.973656009068173,65.34147314789513,26.00363318847923,12.279744996002718,21
12,228,10.399093253879526,71.0923363840211,5.714877253871014,67.20693526579693,27.385820579850225,9.779887426196233,20
12,229,10.124691943555977,74.01821758637838,5.880943400856836,67.01915729013051,26.972439182514357,7.879463443630059,19
12,230,10.804203708410297,67.20178055228712,5.637340674399528,70.67099061164019,28.75653395106752,8.844683482816023,18
12,231,11.27874994455387,68.87666262865542,5.858903291516326,68.39046913872934,27.746319480879027,7.468553365042633,17
12,232,11.235275253574391,68.8928785986316,5.936015567759595,65.09628321847718,29.31994470303419,8.699865612583206,16
12,233,11.939205557126197,69.80952240894537,5.862643453906437,70.66348937329471,29.648533149865678,8.053075379186732,15
12,234,11.380914901640745,70.6054933547487,5.9862452710283245,65.86621362969693,29.728486107237902,6.763849552970295,14
12,235,10.079633565809432,69.72858517991118,5.838861101995511,69.29993668803327,30.5677068355103,5.5215760297734775,13
12,236,11.232044104496866,68.19848071975167,5.409049038751635,63.1517893930319,30.578461083872433,6.868162872564823,12
12,237,11.278666793036695,68.63466337321792,5.814475220231904,67.16125864922662,31.26824865095149,6.636722352545769,11
12,238,11.35490623704992,68.70303002922532,6.073936853656238,57.94834848708944,30.015398544638053,8.484993374706386,10
12,239,10.758812229309335,67.72273756014886,5.499520887774327,60.6430759404351,30.435591731081733,10.27254846040739,9
12,240,10.469460088879835,66.9833776160543,6.128895125972918,63.41526261742466,29.201515410600056,11.032877670539062,8
12,241,12.361579813205022,67.24630812288451,6.0662262865494245,60.77909939444462,30.172465538576517,9.687961584370223,7
12,242,11.268373304834828,67.54099953161466,5.534858569383693,54.08328195912088,27.716863165675367,11.259259234879105,6
12,243,11.398958256303176,67.92307371146123,5.808770541270495,53.6927658079463,28.903961171767786,11.329377658399487,5
12,244,11.358405244300027,68.54959882634898,5.629562773208428,58.61988468235791,27.245873921472903,11.69604015776481,4
12,245,11.761776092902743,70.82675917971459,6.0531998996167,56.01000081784364,27.58449556353592,13.12086321562014,3
12,246,11.435460894086093,70.62121588687965,5.63440243926081,60.7182895002785,25.087568884213592,13.420601668615342,2
12,247,12.230229605027208,67.40813572455498,5.843243127656777,58.01561001414657,26.157392707434,13.888867795493212,1
12,248,12.814003561388727,67.13651376214233,5.784807379433198,57.29255760872687,26.768742895671725,13.983461356422747,0
13,0,3.671338959772514,55.73531252398843,8.154957824149745,105.54388045059086,19.83914288858021,10.631554504975707,117
13,1,2.784573364030068,54.730651322928615,7.926782235908678,106.6834709498024,23.28877667674006,11.16269164013547,116
13,2,1.669900189868703,52.51146431760728,8.123375939338672,101.87204585289972,20.11054294680372,12.724803381328387,115
13,3,3.2780467636435384,57.208133174990735,8.6772235582137,110.30530591784989,19.770692872769363,12.564369661646156,114
13,4,3.496819232975705,56.923650452196824,8.238516543793137,108.7476184841346,21.295198910655287,12.896167551911253,113
13,5,3.478262693861738,57.32844559925157,8.455220621656773,108.52514771579933,21.905251241337762,11.077047742397149,112
13,6,2.775101354450687,58.05756173453337,7.802354461000848,109.42743577462156,21.663565842143935,13.577675429011522,111
13,7,3.3926782915179405,55.3385264498876,8.038662331463508,107.63034119436608,21.274024546591118,12.19850042274616,110
13,8,3.3462071988369284,55.61083685326165,8.29448781134856,107.40193836874883,22.936502027150564,12.943561565495996,109
13,9,4.186323721180862,55.875316921420776,7.921841495763112,107.92747585573001,23.02471536755218,13.514866197941663,108
13,10,3.2524344927047344,57.13920078041936,7.896452665144934,111.62995147831286,21.488959884109928,11.327947803129637,107
13,11,3.3260358385836377,57.69967597280264,7.923004985131729,104.50593544471576,23.224521188030682,9.277570643039915,106
13,12,3.805596190499547,57.64987546465786,7.936905217944966,106.1180220200636,23.63975173378161,9.07897129665971,105
13,13,3.4038354189314104,54.521590678780086,7.797007716032303,106.9969879323726,22.527039261584324,7.01498455775153,104
13,14,4.045834907832505,53.11764121453898,8.013061851747928,106.76476003164788,21.180697073557855,8.672682204414352,103
13,15,4.062712528404488,54.05371907689055,7.842870909852153,107.12056219874742,22.856283423477727,9.00601702576619,102
13,16,4.489231056407106,54.431864125924704,7.716778325213593,102.24986445630992,21.537736428448007,7.502723968932703,101
13,17,4.2556386910325505,53.78062089865375,7.832852229051943,103.58477092511272,22.83038949807955,7.582661284895437,100
13,18,3.6212452118554515,57.13609266203153,8.226897477616737,103.69558486319208,21.66548267933143,6.653038530959495,99
13,19,4.433115913412656,53.82262945545657,7.918505841813567,100.17517358829359,21.773592917985557,5.816493674189008,98
13,20,4.114028539800422,53.9780767046425,8.198752784488766,101.38043975497598,22.446340824627057,5.984679099004721,97
13,21,4.3145726278223755,54.13057681303463,7.9350921392975975,94.51903146061399,20.973677729688614,8.724127072206896,96
13,22,4.529119341913568,50.56035212528916,7.6912454480477175,94.51761422614271,19.825611638241206,10.300593598576148,95
13,23,5.185398712604684,54.53773290768618,7.649057667605308,97.92699816822385,22.339039344910276,9.354169262495425,94
13,24,4.627620663480835,55.76018882521188,7.683273198666543,91.87363706317124,20.915349048786712,10.130734182105094,93
13,25,4.440023800266757,55.90625008671842,7.828099364740354,93.75567990087738,20.088720892326492,10.92719596117587,92
13,26,4.760149876755298,53.20057113641274,7.743080830064721,88.97639658406592,20.051284986781106,10.52594691815971,91
13,27,4.29696406102167,56.01489553821193,7.554566887381622,88.80408622008028,22.268562959557812,11.671483325587209,90
13,28,4.9612738652351664,55.88736866243013,7.848093818977781,86.66669467900239,22.20695710693248,12.49952203798124,89
13,29,4.4466648628495715,53.76940212874171,7.6111323158694075,87.22536463779308,23.175859388208057,14.114069811175588,88
13,30,5.567074776056916,55.68222954978376,7.462422964377664,84.48440711523024,20.774241403357237,14.575906780882056,87
13,31,4.40444089877982,55.52138073097876,7.789604821947548,89.70627360706143,21.885266779132003,12.353948435855678,86
13,32,4.497133285652286,54.80081034960736,7.681808652063266,82.4412920066395,20.798628847237282,11.286005037501823,85
13,33,5.3100908711411465,58.6891005740477,7.302280115315991,79.04627551608407,22.259874616722012,11.734784376907047,84
13,34,6.072083856903034,60.5760102312226,7.501231749748933,86.58904203177379,22.229199585105306,9.815384525331815,83
13,35,5.839611676423165,56.16077388695363,7.630359120796815,79.58752148332667,22.415322318236914,9.609410245686076,82
13,36,5.778842008474555,60.83084803866767,7.6526088683258155,85.37976061059278,23.049533262346856,10.939788939303229,81
13,37,4.851679354973396,60.369217754190544,7.33181461579238,83.6711536786507,24.881742149470462,10.420011801160998,80
13,38,5.3406810475499595,60.084475551247856,7.090030966200828,78.69204025317829,22.67516169046582,10.23411555607354,79
13,39,5.855856143493759,60.189340954589774,7.534819788891751,79.50730031800889,22.743277125699507,7.009095628785958,78
13,40,6.635561585259345,60.27293674827103,7.202074458738778,79.29106178171457,25.676137634763233,5.728216712368642,77
13,41,5.755594736817788,61.66916484840737,7.4256247190171525,82.02626177326455,22.720544784754644,6.382046517933438,76
13,42,6.30062322873298,57.92973697619435,7.337274363857864,76.61644985878118,24.543952397764645,7.631669929281612,75
13,43,6.312767120114202,63.02323338802624,7.114277401722446,79.17272447810029,24.785144249562325,7.6157075260435745,74
13,44,5.448685831886128,61.01321373387733,7.01031880057329,79.31202835981559,26.81675890102406,7.689496920242764,73
13,45,5.818134352343382,59.63073377732654,7.171892775089051,79.7532081391056,26.328045694423217,7.995109658177339,72
13,46,6.3069326343238545,60.48326774402676,6.880005548766209,79.37637006802838,24.78157808203517,7.0481723802097,71
13,47,6.716167136729412,60.36287953776381,7.416876494540063,78.63842172096653,25.62938405353987,8.610655426438825,70
13,48,6.781227119878777,60.7282740922558,7.286315638412424,78.45661383335333,26.743164332067224,8.655876920324905,69
13,49,5.645445176528956,59.5795526617983,6.785363937566718,80.9033914316409,27.65017330345543,10.274293058462812,68
13,50,7.25522599256043,61.194078748311156,6.873399768686979,80.86119001330003,25.290413941134318,12.482546215643412,67
13,51,5.990954274060409,61.57790543936142,7.1887435040427174,78.79315075425548,24.707351002605417,13.06337559500751,66
13,52,7.162026130303297,59.27833777404439,6.858629979930324,82.62629016128496,26.257636135516435,13.131273662454971,65
13,53,7.984738723790731,60.954172895620424,7.344503640700562,86.90059509312559,25.03899990738218,11.872454526006251,64
13,54,7.0749149837445895,61.41491376098722,7.27202466769638,79.2853165021875,27.15132522726564,12.06812431427249,63
13,55,7.135060070489423,57.5934534063505,7.292578371397772,76.58515511335385,26.02511461352966,10.906497285181553,62
13,56,7.7949903597375,60.58831004138095,7.160660786620013,82.52125208973129,26.78324060200157,12.24407615179867,61
13,57,7.845758557779416,58.27165198749628,6.937244640631487,84.82555134973704,25.382016456749433,13.526004875259124,60
13,58,6.932305650387285,62.803707612073794,6.92329771012271,89.97261414053106,25.865174688418026,12.795401260776172,59
13,59,7.449544899284752,58.71836446766805,6.660212801051362,78.81869520809045,26.000138294927922,11.402505886599535,58
13,60,8.515258283838127,59.24915247476766,7.25264628087036,85.3216657304296,24.384674153694974,10.126659012744826,57
13,61,8.000218184320032,62.207803736024566,6.967698846905595,88.12880977703578,25.942107659898692,8.223770127093664,56
13,62,7.173582346009485,63.14004427467558,6.779529315261239,92.45325065123458,25.66660157866151,7.23622591027622,55
13,63,7.37101728926525,62.830784405714105,7.410240001418109,86.17910452863474,25.43270637545915,8.231209687255973,54
13,64,7.9209297328424615,62.068245015259805,6.62590039035044,84.24482706125785,25.727155326137204,8.181181512501682,53
13,65,7.731045785578675,63.26023620265177,7.285886682721157,87.16750746016602,24.084041541583726,8.058347323791454,52
13,66,9.152817605586018,67.4859859159018,6.826921852374575,87.37817682082297,24.963148576864672,6.726915471948541,51
13,67,7.754618059623902,64.30492046481649,6.794890030755499,81.56757818984555,23.180379978546483,5.853105908318703,50
13,68,8.27626952606476,65.26931634799551,6.470149241915602,80.23547052786063,23.875216174438886,5.52539723945175,49
13,69,8.717936805665506,67.52645752518607,6.829416711036932,80.61334105548917,26.229371602747765,7.441577456824377,48
13,70,9.136420593411192,65.20247993056286,6.566732272974125,83.00947586337196,26.825441219152506,8.430229587227966,47
13,71,8.65410327679721,66.04095352151926,6.743760379626065,80.29053700129089,27.500487924852607,10.21396230233651,46
13,72,8.474604914152858,65.96292073929492,6.8494688171892895,79.39142496886305,27.868659075229143,10.189306213215918,45
13,73,9.602930098081544,67.39376123363027,6.381621977348113,74.01864283245438,29.237577262248244,10.539490652541827,44
13,74,8.275442228659495,64.43493688155368,6.939140341258415,73.98219744150522,25.21035033230395,11.580379306456274,43
13,75,8.356137511676096,67.79272677393824,6.521961122893809,74.5542786342315,29.167638718124337,11.968814343769077,42
13,76,9.61263325545256,70.41594893833718,6.7290027714391805,72.19930503430531,28.288325446342622,12.431790824380585,41
13,77,9.537601428408848,66.12613950293024,6.624197429790746,69.24713256358463,26.92328783100861,14.065620650986807,40
13,78,9.696246052543849,66.85802140559832,6.44060515923523,63.43228216769297,25.36434628801013,14.693954904870916,39
13,79,9.581964356803818,63.67301635447176,6.3128862646798645,67.19509747156994,29.09211129375594,14.318278628635374,38
13,80,8.734667203852483,65.74593236545836,6.491996091430718,67.30299353982909,28.770993473686325,12.9472882210724,37
13,81,9.818267725278986,66.88951844123758,6.461095572075723,66.38210143500659,29.8557795821092,11.956665537931105,36
13,82,8.93750485072503,62.699210811343114,6.642963680816169,65.98178078779628,30.93048626485246,8.890650355333479,35
13,83,10.170316975919988,65.23544235457115,6.476683300273959,57.07064080410571,29.840801443673563,9.542257932181055,34
13,84,10.180583136472187,67.47772902635734,6.714005088470007,60.73182709203085,30.43308328887871,9.350472345379307,33
13,85,10.753043592201253,64.84198148683687,6.436726758305068,63.469986913386386,28.71930840252317,9.562163524910979,32
13,86,10.188050334535486,65.98820946472829,6.317512094097202,59.885431163400476,29.736690343445968,9.55192024594107,31
13,87,10.396378615890756,65.24885082988028,6.383933526563247,58.17604911228925,30.58644389754448,7.748137641213866,30
13,88,10.10412398696364,64.9896054051296,6.627660734249887,56.26519621629602,29.571034249706774,7.419128353530474,29
13,89,10.937862850197684,65.53763243956725,6.181557094279972,55.83866042797344,30.30760580233651,6.951529408627546,28
13,90,9.707629180862538,67.29779336888507,6.335226881841816,58.603016642993225,29.60654574419423,6.001341918070576,27
13,91,10.724133528997868,65.58106463486618,6.300016025290967,57.34255146640609,31.229444601545357,7.52554545675145,26
13,92,11.18596970447136,66.98370430747603,6.27829027059835,55.559353791987576,32.19819724181573,8.196941908854178,25
13,93,10.69441935173256,66.61904625318348,6.139090399937574,58.67536441124105,29.594221592306333,10.079426481950371,24
13,94,10.964733887722922,67.69956226621183,5.996106815827124,58.441283797180915,30.840691960363927,9.39916404733253,23
13,95,10.751499708820491,67.42314224997659,6.397838891108512,56.68886347663352,29.272152422409423,10.055992849641097,22
13,96,10.89532060466423,68.49452745170414,6.069085201944635,56.362824973905695,28.1549314740999,8.710446468133298,21
13,97,11.373359039765683,71.10320085377802,6.522746684154098,50.31882800124755,30.72863207148489,10.43667269818712,20
13,98,11.303473566411775,68.53494193366333,6.184847379139826,57.67766372192144,28.858456140560758,10.953492172485138,19
13,99,11.564829293273355,68.65291220302697,5.866645905855868,57.28155680751246,29.821899171576028,12.356229093099287,18
13,100,11.391986535880399,70.51632013853279,6.03772361520497,58.06748626076157,29.372154442657973,14.106286398473753,17
13,101,12.506562304579505,73.09492875383435,5.814901594757755,57.76868332278741,30.887085033718854,11.728468986578028,16
13,102,11.934903107866978,72.5600622315417,6.013807424727436,59.67050743978608,30.712628945953227,12.719747236645896,15
13,103,12.19382803419389,70.85974923970025,5.951541212222015,59.42875261005306,29.228720040217173,13.036609918437644,14
13,104,11.74978128833593,70.64666370657947,6.3644860022166,60.22726515980843,27.77168474942439,12.23695767685133,13
13,105,12.006664182368068,77.05146780841494,6.1197657862188635,61.048657516187696,30.751546573813037,11.667257885253889,12
13,106,13.130344026676402,72.20994307514094,5.942008961346123,59.121456351866264,29.97779878506418,13.491684583698115,11
13,107,12.722892587241505,71.02054915441892,5.583268097788309,60.791183875712214,29.968937814842086,10.424684476821135,10
13,108,11.649583656709103,71.32875229786401,5.322482276993433,61.30294544424113,30.973548253691586,10.61955494029593,9
13,109,12.320315126490566,71.86772868810087,5.871234420736455,57.65181608015054,31.3444552095586,9.502324707918,8
13,110,11.971328967055081,75.58507429090557,5.519060338183092,63.255149269968015,32.261583422898816,8.135396874585284,7
13,111,12.93265604248726,71.28713691604703,5.818048575964486,60.21408169514244,31.27063981611893,8.96743490623539,6
13,112,12.571501261553538,72.41779889279584,5.927088224013961,63.83042784646405,30.48705480203687,9.502119171626118,5
13,113,13.20289686961297,71.92443722316027,4.966455041505535,64.6387998776693,30.594435501439307,8.1561584998617,4
13,114,13.789716190374733,71.3281790658646,5.781082785020746,59.70209707708042,32.84195877278439,7.343374644899081,3
13,115,12.918151479683727,69.81500207316977,5.326875116001605,58.18652062201725,32.980167554149205,7.635828292923511,2
13,116,13.017568301105413,69.67241755945375,5.665226082401434,65.80752577676223,33.44816765597985,6.391769212191512,1
13,117,12.491683935171109,72.24816600603775,5.346464328448301,60.1050072118847,32.88628318319948,6.47237269053603,0
14,0,2.4996927654606647,48.27536233106138,7.621340720819518,116.70081013099669,19.238624306736114,8.91525363015676,125
14,1,2.756466485816923,50.875276262988564,7.664862021334523,115.63897774791634,16.54906632762768,12.033517932696958,124
14,2,3.2497472149044793,54.315979603217514,7.681472398606922,113.0148088203284,18.193626281810744,11.967953268284273,123
14,3,2.745597092029436,51.4090226373939,7.803883710785205,117.04649418803443,19.387101777634232,11.747151252102626,122
14,4,2.7187109765715665,51.48448973390418,8.142955818174595,117.19040610750062,21.220788598267944,13.362807656871823,121
14,5,3.1799765107480953,54.41609816746988,7.845704350565224,111.47205854999272,21.007616780903028,11.664128890637432,120
14,6,4.349677393406555,55.80159388999723,7.982853375528523,116.94962410825805,18.94955468052285,11.177168849271931,119
14,7,3.5528808057207666,55.21269593862006,8.018542233037852,114.77587491456455,18.30296920933232,13.64832557558695,118
14,8,2.942720221166106,53.91458894399639,7.681231484091485,109.15764814450093,17.06517385298202,14.016080151602015,117
14,9,3.323331233773056,52.99521034001636,7.527760230246618,119.14962418894943,18.59856110553616,13.652963016891523,116
14,10,4.335871680344421,55.75416803030972,7.4806862246970764,120.30874134665179,20.471219186678567,12.205505034924775,115
14,11,3.793564207032855,51.871818993225176,7.450858473118583,110.66296657844879,19.585628026509625,10.184977908449028,114
14,12,4.141259940807818,53.729681244247224,7.8911283700328765,112.94045969885305,21.32978166386289,8.82376964382441,113
14,13,4.637727953908694,53.170835745741876,7.557373633849176,112.80067294412339,20.504138015128664,7.719687794003898,112
14,14,3.4580561388810667,53.78391792884917,7.974179560209086,112.02651296819722,20.623272503852007,8.69862751873603,111
14,15,4.415299715326994,56.23183387385225,8.274210816622666,110.06776432038055,19.145944402442943,7.68549143857515,110
14,16,3.5475575340573595,51.9093336688977,7.531553634806143,109.4733394314425,19.42330367840328,8.768581079799684,109
14,17,4.468263380963929,53.28267143075167,6.887784501981383,111.86902828201737,20.244277301302443,8.237460038781164,108
14,18,3.869702935321961,55.0461919246869,7.521547079357148,105.05969709179844,19.042217963484422,7.192614779777778,107
14,19,4.259769734119869,55.399276048834174,7.795386804188907,106.41947043869472,19.384192470361008,6.126717546529956,106
14,20,4.922771754628884,53.58749322982317,7.2824356837541995,104.43466982996152,20.900196147266918,5.474989829420014,105
14,21,4.854272670125861,52.271621631656906,7.429841930926764,99.69915107685866,18.098881695181998,8.129089198026623,104
14,22,4.283014592577216,54.13492112752251,7.433249139957596,100.08262253042373,17.95277649991036,8.782405056839979,103
14,23,3.9317149748208564,55.04327106858849,7.345512274930803,100.3720884563122,19.21812587687826,9.983336464462653,102
14,24,4.913181500733533,52.766818316607385,7.542172796360417,96.10285115195747,20.66415224507865,10.077726664081762,101
14,25,4.467479814519899,56.44064650090609,7.808143232305766,97.10733039912995,18.96240032399694,9.872662337444117,100
14,26,5.129248526374634,52.64542330095812,6.997174501460415,94.16809408126842,18.9851429871297,11.043573557006034,99
14,27,4.845123341603904,57.60959013317312,7.212382886651581,92.84554299373747,18.975320411204017,12.032762743962586,98
14,28,5.994537068328203,55.601966330211674,7.317846504573816,93.67510552701218,18.387096043877534,11.467519598452862,97
14,29,4.993514662619769,54.51728599811862,7.1494354495287995,91.16956355950869,17.459769161863264,13.42586146261425,96
14,30,5.005877699355863,53.18621169619674,7.367420676092981,90.94557326387822,17.548858141303786,14.404588701649248,95
14,31,5.8123598313004905,53.795029242550164,6.862788452134597,96.20245474973521,17.56463971853302,13.491970058990404,94
14,32,5.420699847640658,54.08064784313605,7.282811151449618,93.1284435410381,18.761936311385483,12.54180394667963,93
14,33,5.283446747655428,54.801468824701644,7.50647477718313,101.7673446995026,17.882229999361105,10.883983291544238,92
14,34,4.71394489435863,52.45340683031483,7.500262322150366,98.71821797067062,20.687262802079132,9.813463911541586,91
14,35,5.4514876252229385,54.393656487671606,7.456207888478016,98.24095019785717,18.71509090237131,10.391481679930578,90
14,36,5.419844595374401,55.13261420829439,7.198320459491996,100.90950374841337,20.02274265411051,11.49975085914282,89
14,37,5.477132427926076,55.86402727334311,7.6448940226473825,97.88504462280373,19.280623489403943,9.787186596952804,88
14,38,5.604806820987364,54.50596732882719,7.328285249044858,102.25889699296552,17.731685513897524,8.12424903408469,87
14,39,6.138094722431365,54.57966632094682,7.0383191804880205,102.41713927828557,19.865058881845233,9.640856260780188,86
14,40,6.02699761651697,50.905739560534066,7.62894084363004,98.43248587071828,19.97307566313103,5.624939535992688,85
14,41,5.129930693200767,55.378656825872255,7.025971599234988,105.15678207874767,19.576149386473652,6.502094275354548,84
14,42,5.563789260580638,53.99025336518585,6.97112552280878,101.88983945736706,21.088903406382922,6.728380516674206,83
14,43,6.168869046912249,55.692616828080695,7.392403987254716,108.69781258912272,20.901364089250926,7.526517027590642,82
14,44,6.024077870076292,54.79575225146637,6.970406988020603,105.37325005103776,22.30674717890905,8.368524676527931,81
14,45,6.219743992773158,54.137791883766965,7.024406692619658,98.17756337174391,20.84606273613102,7.309243742099179,80
14,46,5.721981323778474,55.66352627968534,7.667362329302655,103.58973043768589,21.02665093990812,8.9323903066498,79
14,47,6.9292318268420185,55.37040397081036,7.0686074574573015,98.74316222905945,21.34552521303941,10.734480561375337,78
14,48,6.546114103756903,57.28433600749818,7.2915633953156,98.20398187732856,21.756474576025482,8.648327711118235,77
14,49,7.22519534137344,56.56583774123552,7.278529994998899,103.10871788653674,22.586572477947403,11.166478220161142,76
14,50,7.306094812944595,56.91674817774701,7.1761564674985925,94.55825405203657,23.692399234541043,11.347710676532788,75
14,51,6.378072808245497,54.79705964257422,6.900688193607769,98.08762962354255,23.768059819120037,14.312419249308471,74
14,52,6.060516998047502,54.35629476310947,6.731398320076838,94.02936738975076,26.136609223246808,13.252753365377128,73
14,53,6.914565202112736,54.495405028738425,6.968240265834847,96.98852929650545,24.1529521069691,11.860148010544483,72
14,54,7.267818520602666,54.88896576057199,6.673521021202029,88.19685625060264,24.927768689187335,13.392398433598878,71
14,55,7.4432147425220965,57.86669690024967,6.908678856035836,94.80952438994416,24.2061514965981,10.554634768601964,70
14,56,8.687871722145397,57.374511750269626,6.746206097959431,88.36967437997923,22.749838193057595,11.863049161939333,69
14,57,8.874931744196457,59.16614887448794,7.0817784656534375,88.78519675211375,23.701200960353866,13.351345638348514,68
14,58,8.18408047070613,54.83152547691278,7.065911641749709,83.39270155819045,23.189689720813522,11.447716961624584,67
14,59,8.896983163734701,59.50319561808871,6.747858612700094,87.9842808866386,22.809306763288237,12.180039792803973,66
14,60,8.463311272190449,57.71475045551665,6.6950998876417005,84.34962378003225,23.72319997622432,7.852542923446323,65
14,61,8.649983762779993,55.55860928107095,6.765968954306196,82.3057521758701,23.77706756552438,8.112591588328577,64
14,62,9.317310668433944,56.843667170066674,6.971769939429074,82.17813832278162,23.67555084018012,8.89110245422686,63
14,63,9.096128010360927,61.158891988266696,6.579974171473064,83.30605991343508,23.8319596969296,7.811243165008674,62
14,64,8.332816540014155,60.33954847019828,6.83745682765283,83.63310524712136,23.118118096189065,7.83323406026944,61
14,65,9.583044183801324,59.37691532785709,6.903896744558844,80.53557904924668,23.292780890226847,9.835073311415375,60
14,66,9.140676703154218,60.66186540038055,7.0280874647793015,88.58871100631634,23.18800632156233,6.416054216450365,59
14,67,8.99022936616731,58.972406303965975,6.856891901491695,82.71477203830572,22.56227865951427,6.329389189474852,58
14,68,8.394330340231459,63.89131222468838,6.9413608253189745,82.8721522668391,22.49191571288241,5.401139454732577,57
14,69,8.995718351424916,61.23807208005786,6.496169998371309,86.83211157108407,22.178391766974233,5.952621392374208,56
14,70,9.598374725473922,60.458178749444535,6.417532265760546,85.17124989550719,22.924029681458443,9.741974570375428,55
14,71,9.377738555433082,61.08005520382341,6.774354744834712,85.00570410005832,23.22105081833887,9.890706427732965,54
14,72,9.162621058637123,61.17898844553399,6.501611588805867,90.0261025887972,21.201174920909803,11.89363411870262,53
14,73,9.604128172596228,61.851804494876454,6.588674266032002,87.6790698110107,22.58381163180066,9.986628811307476,52
14,74,9.518871485852067,59.89274387303669,6.411807968010318,86.09313053484377,20.01257743918576,10.8979665428745,51
14,75,10.606255631012,61.456756124240336,6.167152041081432,87.6186254057198,22.764680448293042,12.085197393118296,50
14,76,9.461578887969358,63.68401906586513,7.219665584391331,89.87262654449519,23.425486138153747,10.810908627216715,49
14,77,9.767436524363092,64.12931717478101,6.758951397356536,98.55395510043867,22.65325932420117,12.110979544837155,48
14,78,9.828466702730276,62.239864024252064,6.388138318044201,91.68653394998641,23.98327826754078,14.154816040392095,47
14,79,10.065437630796772,62.064072729249695,6.765986807283058,89.32684441164683,23.012851586515982,15.619736273452308,46
14,80,9.91046987397663,63.60823187958931,6.622735985419422,89.40241158023301,21.093915859257233,13.72176708154025,45
14,81,10.211656438109841,60.456441628375245,6.569467775802466,90.80481125590914,22.19654805523202,11.966176646697592,44
14,82,10.344894985026134,65.28292642031427,6.691927412932489,98.7841860784332,23.282059587657724,11.017161372030309,43
14,83,10.795604157456015,61.53505911038987,6.258596754713963,96.89197544898734,25.45875826009623,11.153487811027011,42
14,84,8.957302985204361,65.59571696427,6.511876567799699,93.48099165887581,23.115210842252903,9.51622975468899,41
14,85,9.471880065614389,63.66799838611235,6.2295893943361005,90.36163813682924,23.308843429359573,10.04566421462564,40
14,86,9.815571846818601,64.08598646290127,6.668914200287875,87.61829095440055,26.932263135491088,10.299769560549713,39
14,87,10.843854522447856,59.0786339454712,6.710182118632632,84.83888734960843,25.001856999611036,8.924557234639687,38
14,88,10.654129853457247,59.837219090453864,6.5383349091869745,89.7112025296886,25.435164222603362,7.344162105391877,37
14,89,10.923282425147901,61.76191543378748,6.458782440959012,82.49356536097929,26.409499664829006,5.081006691134739,36
14,90,11.009404686817717,63.46650009623352,6.671389445306637,82.56062278964235,25.563461946435226,8.214961399122295,35
14,91,10.516946073370708,63.12632144549528,6.285905513569761,76.51995618484746,26.58461594687744,7.289588185452829,34
14,92,11.397264527122491,59.45874233661365,6.18404473873433,77.08932209294188,25.54421144239421,9.177340750991146,33
14,93,11.214192712567385,61.67503853535044,6.593783269052182,79.94383344256339,27.340506452548894,8.11602458178697,32
14,94,11.47765679858785,61.52171425230938,6.20475062761756,73.6523132758261,27.083690691131633,10.28171383604821,31
14,95,10.738258605928854,63.26189841239839,6.321417103856078,74.21658647202995,26.400131774046773,8.625645635142986,30
14,96,10.584465704518665,62.46548515588117,6.250516874905477,70.20217303435051,27.58377545746862,9.433456062468123,29
14,97,10.82118464265536,62.515239036397,6.126521703822676,71.97265219807248,27.99348551646623,9.670633739358378,28
14,98,11.411230216689122,60.50502064116124,6.076287511269193,68.97990488843077,28.69533385422291,9.629173541820256,27
14,99,10.605203383667902,61.562868390280414,6.656080407521086,72.43128781929445,29.36957111446714,12.770342342372109,26
14,100,11.660314531278091,62.17970977839529,6.426953717848271,73.51566287003436,26.670431562229894,14.848866869018229,25
14,101,12.433026246073501,59.05865769669948,6.048830421233591,68.933090436486,26.756524769332728,13.105816529283583,24
14,102,11.777494230622098,62.77649304753217,6.171072055734153,70.66298403137003,26.20191680332174,12.522855066776682,23
14,103,11.874657855968174,58.430278849069225,6.18000052800645,73.10838481126356,26.124315853841164,12.535296014003029,22
14,104,11.722198026414715,63.263852658829926,6.153468079765573,66.57866456005544,26.819026222719245,12.147390468932295,21
14,105,11.822625081025699,63.083352256228146,6.252605443229975,72.62434210469911,27.33687398878075,10.40506836741741,20
14,106,12.005536587989273,61.62607996803008,5.609551241481027,74.7361279636633,26.196358519604697,12.345160914271181,19
14,107,11.626751798133673,62.30795789233761,6.26769969281631,78.37930951430165,28.691543330503798,12.385882091499088,18
14,108,11.730657889839454,61.01885698427524,6.189520276456257,75.74241091413961,27.44818453745493,9.756178447605938,17
14,109,11.94861490345333,63.80862799235351,6.376891699816327,73.4347385004012,25.198412552297615,9.101936863918045,16
14,110,12.343383948211727,64.25226882412134,6.303410698348623,78.38069320241446,25.602050105005944,7.232913850416516,15
14,111,11.640993033470075,61.304919873725936,5.904490345322271,77.90970982182974,25.129979674611754,6.623294460513379,14
14,112,11.787724307585828,61.01280830130891,5.611594345798511,80.50544426497507,26.091780082158316,6.0161082839456625,13
14,113,11.759875769432831,62.78260733633941,5.6541647002367466,84.16690039475473,26.285748351877725,7.841955106625395,12
14,114,12.039338327777338,65.10633404947343,5.705204871806608,81.40781982351776,28.356355880918414,7.5887841902863835,11
14,115,12.727718062817756,62.36742481850604,5.640710908409444,85.30574528714989,25.784244287164704,7.597516462077691,10
14,116,12.27239401651835,66.46225203406503,6.030684473444707,76.83978665040571,24.895989053068256,7.563900524326484,9
14,117,12.969887752686432,63.86138845079554,5.957173499429179,78.85231100232383,25.664292451258042,6.864720942385097,8
14,118,14.607190689704664,65.34489400428603,5.757617800887803,83.94348267744218,25.85297442189437,7.560845010013123,7
14,119,13.445065274753498,68.46613129417088,6.087259918438707,81.82077028033632,26.628210754656923,7.9442082783154016,6
14,120,13.803325921672853,65.11332051430905,5.675526926228184,78.33093761857243,27.643800486523705,9.799592831335975,5
14,121,12.589238892304806,67.93062778527637,6.394007375804926,77.03609296749337,26.87955187711729,11.137248192486311,4
14,122,14.304806006312546,67.18107418466931,5.578781325630021,77.17309996121048,26.22813786106201,12.142598893214187,3
14,123,14.185661194563387,68.91512342470793,5.8570885906776695,70.31765130734453,27.002963639555876,11.276902244440796,2
14,124,12.78268604143038,68.5650730756569,5.920632169839061,75.81836123925126,27.95012876042516,11.06259147778337,1
14,125,12.867543031460384,67.96948738881066,6.159696985741137,68.59321275676022,27.40902713081532,12.235839092308167,0
15,0,2.888575882243142,53.224364523628836,8.262300501941004,102.50737912894776,18.43187116216972,11.092729485400223,239
15,1,2.943079027463702,54.84094771713087,7.592911311543454,98.89720664817703,19.17566716490891,11.868859086547051,238
15,2,3.5180347766610796,55.53424487455045,7.403197431755122,103.22052072148513,19.79294346241963,13.249656481271145,237
15,3,2.089501512495596,53.494007996874295,7.815413674506143,102.11912048471312,20.268170187195494,11.10282936148508,236
15,4,2.8800529619239046,54.42898040568578,7.557990436326456,108.29953623593735,21.156642331762864,11.435520836020853,235
15,5,2.864969883396442,57.731765048140204,7.856040147548172,104.10027797996061,21.547128278060807,12.634532412274172,234
15,6,3.357026190577363,58.401961579237955,7.670016440819392,102.56330931087896,19.855823733118424,11.671587528999451,233
15,7,2.482424480985559,56.89726093263791,7.752893824997897,106.19361100568594,20.003250731312033,12.930821750831223,232
15,8,2.7413018041449457,57.563161985880505,7.657839297921721,108.73585295786391,18.638257631828655,13.286713846227556,231
15,9,2.912035601288332,57.25943104804462,7.90550882907554,104.66702745531093,20.909537258687084,14.426314694009033,230
15,10,2.893715554281352,53.887256114402724,8.288699735336436,108.26978499535349,18.141727569874632,9.858611697870996,229
15,11,2.600563169543331,56.470711854638985,7.742821746162913,103.98553125058349,19.38575410769926,10.678671808686483,228
15,12,3.4751800119723066,55.974946450309844,7.629310268384187,102.88126644168028,17.483732211179948,8.653805738504106,227
15,13,3.880233012658028,57.12645784828605,7.659577080418208,108.65737082887358,16.09887020796392,7.91670902949008,226
15,14,3.9356440372273935,56.21234515780003,7.722464279101341,100.56721604925748,17.915933388597175,8.010999077070158,225
15,15,3.532145055284541,57.96660149688643,7.609837393978664,110.67581860455311,18.559055576162052,8.205059164599902,224
15,16,4.303021336242895,60.04207289535227,7.53736695507307,107.54019309117369,17.29034016847167,9.7079794522983,223
15,17,4.180794227293688,57.585337927466,7.9174353823965475,109.04013629392239,18.784294099169085,6.894794325369939,222
15,18,2.2828019592702433,58.06841081612753,7.860307712696708,109.1508747313221,19.783713438911086,7.684472793381536,221
15,19,3.100884500310383,58.193415324511946,7.733485378866401,107.65162303894607,20.831900821937175,6.605315657901951,220
15,20,3.206418783622368,57.600666582613854,7.679267271403437,106.566537288627,20.28411233418558,6.8874010916177,219
15,21,3.9698633070765696,56.253381538102715,7.615640926216768,104.26023302183621,20.418201285230346,6.177513886294122,218
15,22,3.383499920295348,56.9399857019041,7.550135668818695,106.89200454856795,20.617138856585633,9.594222272216404,217
15,23,3.6922784636216934,53.63114448465488,7.595417871144984,111.11061208061072,21.843064548239955,9.390563841953925,216
15,24,3.685225557429852,56.18385756749825,7.630975529563778,105.2862269609891,21.257900200574426,10.145229565695129,215
15,25,2.876432424929492,56.203515328012806,7.651846753392012,103.59404238354419,21.313374334209954,11.797146797892825,214
15,26,2.7742104043244717,57.871115156463325,8.204406288772121,102.97610585966352,20.07448144963028,11.540179104807443,213
15,27,4.060218081334633,58.00392221397758,7.855285359200334,102.09590936579042,17.520546020451235,11.309950206993873,212
15,28,3.1672961532627895,58.354601317943896,7.454361054511225,102.23337342740741,19.518370428786945,12.068605318940797,211
15,29,3.771142635028395,57.05651820600389,6.97431057111696,100.22595685240198,18.908404230150285,14.199908551412978,210
15,30,3.5929046215147666,56.97871995989612,7.2564489188659085,102.58013400064168,17.69350731148316,14.804838093156484,209
15,31,3.2265443725627825,56.96376927286565,7.571481293069029,98.50986881630395,18.202620590591305,12.382857271971227,208
15,32,3.8724145344962064,56.06951991999168,7.765852203793053,98.58189563929844,17.938402733421338,14.074544148832384,207
15,33,4.471580170734443,55.54705202079519,7.512029237645499,102.76753081536823,18.949737131409034,10.11448258855075,206
15,34,3.4297755770737886,58.04982962458677,7.48999676193903,101.41842347544194,19.484179384943374,11.526475553170707,205
15,35,3.429196875806043,55.93794757922395,7.517670165760529,98.10449527413145,19.134647705529147,12.155138633575124,204
15,36,5.187277847272251,54.79516871029439,7.2840306642437875,98.64411193201109,20.987965845563316,10.668932172234136,203
15,37,4.815686017008228,53.18611396900922,7.185641773696421,95.98761732396282,19.028719057604025,10.102626489561656,202
15,38,5.254035458290554,55.28728455095385,7.641059611138119,101.27830568514915,20.80280415281762,8.497787463447398,201
15,39,5.160068602086926,54.532343263439856,8.121500082853075,95.92570547529479,20.912126594588127,7.061654774960239,200
15,40,4.617307137897796,55.1812602369912,7.413145372797872,91.35005874209763,20.737140458846508,6.625667330694768,199
15,41,4.69356059955371,56.499139344456715,7.315577909822867,96.59222356800743,23.078090682307174,5.143414305181286,198
15,42,5.006742663652551,55.046129162174964,7.4039601982082734,88.13963882888216,21.396744589169998,7.24328002812336,197
15,43,5.022175279395839,55.73276911646884,7.627663247099596,94.16350481769243,21.179106596423654,7.981967747935539,196
15,44,4.924532675164773,55.67602652736951,7.808786203793346,89.58542564595886,20.066586789211964,8.157274960278034,195
15,45,5.338981979924086,56.8256782177637,7.560371877960965,92.84496473955639,20.01904228536762,7.946878427880553,194
15,46,3.9798959331535437,56.423431071537884,7.12426809130157,87.40385521576286,20.32824170792414,7.654209005193874,193
15,47,4.207415222404045,55.02915299516538,7.655824299379497,91.66172602120731,18.229007202369953,9.33295226412563,192
15,48,4.568871381568997,53.84596927792638,7.574192897994622,91.22107560759525,20.087801930328204,8.403737626625889,191
15,49,5.494640931490074,54.6816313651623,7.737897507673449,91.5566944693729,17.730330097046295,10.930211970515709,190
15,50,4.881653362996685,57.78534699614948,7.017543054069326,84.55311161747338,19.029193228803756,12.391205960640646,189
15,51,5.511083988751335,56.19106542472779,7.351903938327533,90.66605548493972,18.91637701640307,13.32698247394775,188
15,52,4.694514053553393,56.66836865109545,7.429015976689905,87.3110725093644,18.79003722850649,12.841730162532382,187
15,53,5.452224897124869,56.41886010765866,7.462153939398643,84.15100420296767,20.406264506832752,13.55343327058314,186
15,54,6.081292039638566,56.844413609430084,7.8976468622116105,80.71438941018478,20.335472064189034,12.562770607285525,185
15,55,4.937121182074594,58.0866416030796,7.810286700078355,84.97989391960905,20.60153774695209,12.862033042316147,184
15,56,5.80384078333305,59.23595554589169,7.347901632245472,85.85777403358549,21.58977131769351,12.773400912294852,183
15,57,6.195115842166224,57.54211441076143,7.521116636141226,86.81989652544945,22.108106497433038,13.084971497181039,182
15,58,5.202865286736117,57.11399501684777,7.070540115381355,85.32340491715344,22.676066476562703,12.9272517991867,181
15,59,4.494919147993257,57.5454544135093,7.249628270977209,85.5269471689282,21.98548995587455,9.884370312079964,180
15,60,5.557592868223891,59.41972109768773,7.360049060859156,83.35538351263533,23.061134217258868,9.783089052585552,179
15,61,6.090567555583385,60.69592458897277,7.363915122191909,83.6054252728977,20.93560322015498,9.248898596441272,178
15,62,4.851216653366999,61.11275462800302,7.425740037860915,83.32051418973771,20.683923173456144,9.079121618340917,177
15,63,5.330293101377323,60.79515384852972,7.571232208397502,85.07482135059851,20.79138240357757,7.867164981151749,176
15,64,5.301847280812905,60.45686336324665,7.293142312713667,81.12347694035907,19.180679035925916,8.069939969898176,175
15,65,8.09510851790217,60.37635799111591,7.1664463989471425,84.23931699092407,21.3370961887156,7.904229692748961,174
15,66,6.876306434949779,63.70880362573569,7.053463278382051,90.04280412451901,19.949010335623818,7.883196007827505,173
15,67,6.6612500219705595,60.09107940818911,7.5244680515633044,89.51436662976093,20.942655912544456,7.4308849516896585,172
15,68,7.234508316507884,59.95095682056686,7.518813698873672,81.92815489053501,21.193850649869585,7.383456379058304,171
15,69,7.007412971371873,58.738889510362604,6.93958524701384,87.13478284302995,19.951408965043438,7.146439695988562,170
15,70,7.506504813372709,60.814736567884964,7.519885619066213,82.33290351220319,20.493044254565692,8.376216777284997,169
15,71,7.258048472164109,61.995689321600814,7.242056620463639,91.32354503126341,19.802994530587792,10.692174682533434,168
15,72,6.113020075531623,62.785619461853855,7.1816453063994885,86.87452970678252,21.03102552940959,10.195632164793608,167
15,73,8.698768084660307,61.688699545824555,7.169221353433635,85.05284654773291,22.56218647270317,10.680480932389823,166
15,74,8.050353637944887,60.43538664219165,7.222883617496368,79.8135661261538,22.84899121787384,11.459243544719573,165
15,75,7.578866323280524,63.523542082666125,7.371802713246681,87.15726797427561,21.833654228533995,11.661531573394166,164
15,76,7.970460758702735,58.93427104348017,7.180334947165741,95.97026333016407,22.761941985534516,11.57902545713905,163
15,77,7.101884396522929,60.184165099666814,7.19063436225065,85.68344799260883,22.947168192233406,12.332422168855091,162
15,78,7.8100405942494415,61.51139202559538,7.231810838887195,88.24681396288368,24.176189001396146,13.662380816559509,161
15,79,7.4431306945446325,60.953619610893185,7.468479079049779,88.67012582675729,23.31660895431239,12.73355724984186,160
15,80,7.594508900450814,58.27752571877263,7.297498701395579,90.41539658466293,24.11555638170877,12.799681551273435,159
15,81,8.439592916802535,61.79504560705608,6.688369392542057,92.51803818247632,22.207025139338086,11.030680082345475,158
15,82,7.497730710451461,62.99639457235858,6.7917265607156825,90.8991321165263,20.155541593365925,10.207674012802842,157
15,83,8.441063941356536,59.7308526546711,7.23552576931866,92.14900151895684,20.207476378535002,10.044205733238675,156
15,84,8.61575058729785,61.13226414563879,6.494504807721115,90.74356247029466,21.681288864705362,10.319675747973204,155
15,85,7.007773616337178,61.940647019235115,7.136739647299654,92.5877319294081,20.18330480793294,9.670435217200934,154
15,86,7.294433414691996,61.370361769781184,7.682905552980522,91.1405600645217,22.250475890305527,8.073291406309686,153
15,87,8.57922520620984,57.93669741669944,6.6437052279852775,91.96080020597286,20.84061670530578,9.893451585633816,152
15,88,6.822545278097353,60.35577478064711,7.04855373884623,96.25631122206558,21.488783513275916,7.386419095079831,151
15,89,7.415980683443101,59.36170228173605,6.498691628222313,95.51354791181078,22.71343914386072,5.840861749672328,150
15,90,8.624869458309114,56.013846173955095,6.857478541900279,95.03686404288067,23.820668566452074,6.7215034869501356,149
15,91,8.055729589511834,56.008964794936865,7.25397066755283,95.4390879392331,21.051089555538397,6.04809539449452,148
15,92,8.508687548959415,58.83453428586995,7.080974318399133,94.68004086165823,23.56525429130427,7.821694812364213,147
15,93,7.109779642699375,60.95381778716262,7.300438463698662,96.92156870305173,24.447934125586777,9.91764845333646,146
15,94,7.351032381184764,62.558727987785595,7.00221179243568,94.18147547846198,23.90172463953314,9.308122532559539,145
15,95,7.723251720577669,56.97496570148014,6.5709249033168,93.54057033090427,23.983281923406835,8.417646903833745,144
15,96,8.518693308402487,58.265582078141264,7.278196602223695,86.56364471149774,24.95185973288079,9.196853054327343,143
15,97,8.681758908619269,57.8356364331512,6.7940548933038425,92.9026500021185,24.73843714367356,9.755506878856785,142
15,98,8.182519475715207,59.75019349011812,7.3274024466146335,91.02780576183481,24.389889505371805,10.959589717790875,141
15,99,8.547399411191572,60.85581617942843,6.668634511424554,92.1891521693828,23.21715402602855,13.608755978605547,140
15,100,8.36032216405616,60.12476232592407,6.9506141956737,91.96329870354707,21.845016997255343,13.4894295369923,139
15,101,9.21788798144845,59.60519473987875,6.915072561364326,90.60157102929031,20.324750764226632,13.066505848280082,138
15,102,8.018828802155642,57.00969976979655,7.2371606110370745,83.3519168652912,21.49924889913589,13.007640787569047,137
15,103,7.9031290587816025,58.20087163118806,6.323998531391841,91.08401334887601,21.443668672415036,11.296972634358921,136
15,104,9.301722436804084,59.33013520814729,6.781362660586527,87.93705525031567,20.2002685774114,10.98480992341421,135
15,105,8.429709379644503,60.36811736255824,6.857794440445163,81.05867923948671,21.10945356758895,12.586559275694983,134
15,106,8.288316316393088,61.666225250322,7.276158037342327,85.68993095210048,22.518637362023544,13.711799978599178,133
15,107,9.427454892405567,59.00096344009447,7.161519649436809,90.73920995088339,21.96313962459216,11.511064674105793,132
15,108,8.94353161199527,60.66133402105041,6.891987382740733,86.72011891086046,23.590706013487168,10.730630801112467,131
15,109,9.151461371567784,64.58136058428425,7.010258933237374,78.31054442707779,23.990666324977614,7.4072831578016975,130
15,110,8.151753749848847,62.69851769029197,6.8238931002697925,84.00289364919318,23.841284209458138,7.438785683999837,129
15,111,9.044937036354145,62.70150623124816,7.004991470317622,79.44887478247257,24.155854910392943,6.667032099919445,128
15,112,8.876128986363637,62.711671843129956,6.7266000664766405,81.50819772177779,23.04519923596845,6.849422679940928,127
15,113,8.580734112586114,63.03597517243806,6.645585903463272,78.84739972885596,26.339095183954132,6.7715358469627605,126
15,114,9.194232980412146,61.52087718804922,6.767936563763793,82.68518866828177,25.117539274875643,8.485969606564636,125
15,115,9.186074867680693,61.64105692111395,6.741182721019122,80.72652129938551,25.282584314186288,8.156434009764666,124
15,116,9.043073316758576,64.7375294403067,6.972934446239964,80.16719801315271,24.392389312408177,7.365956911499632,123
15,117,9.737237637827263,63.471042815196114,7.116118550449456,82.40491524196919,23.731164534535814,7.320965380097162,122
15,118,9.212630864980738,65.0010775446802,6.654059359786274,77.27697906560158,22.9678743612621,7.542200176982733,121
15,119,10.051684292757487,62.863023796615536,6.589010936335695,70.92110441233109,22.73311015086572,9.4691256748048,120
15,120,9.101641169506749,64.80447740736025,6.984454255774468,77.87072288782646,21.99350324076737,11.528694527986021,119
15,121,8.484638557771014,63.594306854592965,6.6646019646692265,73.78207769630157,21.90768124797849,11.875216195023246,118
15,122,10.009715816074063,63.87405850743867,7.390000928930981,71.6341028864524,22.860711624913645,11.115644553932082,117
15,123,9.723204513069653,64.3574384158043,6.526577677271045,71.47974215436894,23.969818391145,11.240883929644601,116
15,124,9.98313152505727,66.46204671197935,6.84097778266532,70.80535012107887,24.479921023605844,11.926960070408704,115
15,125,10.400115527696144,64.83495539057856,6.743344623509149,67.79305550677773,23.004949213725034,11.719556519387302,114
15,126,9.533944257925429,69.08753811015062,6.989276559939371,71.9223622779892,23.41656881082716,13.728171011109762,113
15,127,9.64496002895282,63.557425173789376,6.913671021438546,71.53182933516628,26.343888708112825,13.436986019879479,112
15,128,10.353612377355212,64.78955144177411,6.564035923624774,73.98000799707143,25.57909828473398,14.15167760883121,111
15,129,10.130458359135353,65.51190929385677,7.122438521456815,65.87541314333485,23.150071314222984,13.645192535759735,110
15,130,9.198971825261765,68.07623924882465,6.55227337552113,69.8445536820677,26.138975029370883,9.481778780269059,109
15,131,9.609399689447466,67.54020785057001,6.4942775457299105,69.47111426526918,26.475670175144288,10.206826315206104,108
15,132,9.915612963187405,65.87089802960514,6.588764901736967,75.2368769324202,27.09607240750018,8.667580271434861,107
15,133,9.395551959086434,63.846206977254674,6.2819224281244495,69.47064858039153,25.170240117448003,10.374781808988299,106
15,134,8.879996789694033,65.45889892745099,7.134021015898441,66.84803192770455,24.722008759682115,9.04294151287382,105
15,135,9.581882935919399,65.54257806544783,6.578132163684007,72.33654095046197,25.226472392998044,8.813014095286,104
15,136,9.909979792891615,61.8801768320248,6.607808939502214,73.36582742278428,23.619930407631607,7.069975993991558,103
15,137,10.258665948485094,64.13339651467751,6.870112927690777,69.99860449076665,26.17558793909527,6.368028355021142,102
15,138,10.455699794800084,65.98527440366381,6.896756637472631,72.9409742010835,24.904755282669452,4.449179157832093,101
15,139,9.814564776075594,64.7568107653041,6.707134818573417,72.53515257757076,23.948153122195805,6.876265603122506,100
15,140,9.445684112545369,63.003033366678586,6.536218146352483,72.94995006168477,21.160707870428645,7.648148421611253,99
15,141,9.590974464634847,65.78113041052657,6.5269104366765776,75.04553958680901,23.22079449645574,9.09621367094075,98
15,142,10.152988905999676,64.2794860893557,6.9313697898088735,73.23381976790229,25.314168540753787,7.9606939422976675,97
15,143,10.740499036590384,65.15199618767421,6.652664053545469,72.49654677099073,22.848035528982972,10.274882230405805,96
15,144,9.356257054794956,62.65672285230307,6.7799918870206,72.45458374220262,26.43969241182091,9.075322848125314,95
15,145,10.068699929584806,62.982566145149484,6.26356931336911,73.8159030570541,26.121511335285494,10.92099765443308,94
15,146,10.508155785647311,66.14951086249634,6.621879646816466,73.97838378596485,24.65616465016278,10.687863941262933,93
15,147,10.650689866678805,62.40583514502972,6.056135825483656,77.55745189385956,26.960096513571102,12.374882032814158,92
15,148,10.198788034510915,63.399020568869155,6.071212377205955,79.91753079891902,25.532265206383624,13.406845024452053,91
15,149,10.625055950031607,65.79194430912281,6.238792513842247,77.79879497827721,26.712370190373107,14.658572370873397,90
15,150,10.023324903823308,64.59518530690815,6.554385617707975,75.01117413787918,27.069399513167223,14.242260509806556,89
15,151,10.411403967702238,61.27478639460633,6.341263349502426,76.44830810360959,27.845390094700733,12.16978884294624,88
15,152,10.2722402153012,60.795408665906955,6.510708135883001,78.73313612748875,22.718342588770756,12.760554939182413,87
15,153,9.829189204442937,63.621219353134464,6.31784907702917,80.1683292910134,26.456535996366238,11.14683943919741,86
15,154,9.92647087059754,64.08960197614351,6.18034630125969,78.0419197499101,26.333243553114322,11.176716509128491,85
15,155,11.718447003940543,63.37336190623225,6.377702884359877,72.56417942484377,23.457014754876862,11.262138529963758,84
15,156,11.367237132225517,64.87146736541101,6.674407858235049,80.03469729215946,24.89596803772166,10.69372636290139,83
15,157,10.188379091141918,62.46006041838647,6.536659104005386,86.61453887474053,24.846475615290448,9.677284454136505,82
15,158,10.960168967306803,61.987070709132304,6.480548773754289,80.85150975577272,25.47443798897317,8.023312435994988,81
15,159,11.163178914324755,63.57348923367186,6.204996460259463,74.42363666007498,25.358917550422724,7.950209664831548,80
15,160,10.582425614049791,63.531477454134325,6.5148611977362965,80.72129566727804,24.476813498075828,7.878525499402346,79
15,161,10.878363327888877,63.46651680384452,6.001157700631116,80.06475423950305,24.281441311585116,8.382825854071653,78
15,162,11.419979719275062,64.65943977587703,6.447591445384538,82.13305299020293,27.47344169790049,8.206073699351764,77
15,163,11.079712434257935,64.55699724505534,6.461972908160875,78.05275971790087,27.147295089605272,6.620540122598562,76
15,164,10.832934492004874,65.42211593892884,6.369538585326319,82.78494384788628,25.652445493612905,7.790925171295517,75
15,165,10.295303655929985,63.905830896113805,6.04769197681253,83.46749183502394,25.53967231769288,8.265050216689744,74
15,166,11.72666368097513,65.97010521348211,6.545894761544459,76.54812279413723,27.02606965370021,7.823181725996825,73
15,167,10.94088008309371,64.32173212585268,6.332719875064206,85.09935808227843,26.799880087808138,7.989763822972835,72
15,168,11.570360950730734,65.17593298939629,6.49206962217824,76.84903665925725,27.60896525591751,9.78694988961795,71
15,169,11.78993894184343,67.21280937117268,6.315827035426065,80.04625716494883,26.568472817885215,10.810172849140464,70
15,170,10.544238591348815,66.37423985751242,5.928948787719715,82.34644880398321,27.096389042240023,13.428589312881684,69
15,171,11.106929883544323,67.01707736253708,5.965628945785448,81.01970531971223,25.83491731368471,12.930652046787092,68
15,172,10.019433063511032,67.44390562390684,6.144153047285411,83.54266519823614,28.093899116236702,11.701847363626387,67
15,173,11.510746097615629,66.45914880140157,5.694117581082924,79.50407767382389,24.028577240408534,10.678460680603392,66
15,174,10.230221029435066,66.050743579641,5.690790476470876,75.52578225961712,24.50451230013291,10.481132667336215,65
15,175,10.998560490985062,67.52690767809486,6.363118250351297,74.00321652705013,25.82270642393553,11.001158496896618,64
15,176,10.867656978673693,69.93126440494107,6.02233269807949,77.25193131564085,23.484932908850094,12.408984600616897,63
15,177,11.630144660028858,69.03963614875887,6.22759700880686,79.84316001936985,24.89030376303879,13.071186576298242,62
15,178,11.167135168731965,69.41416585162769,6.0838180992697986,81.79662287118325,25.826845427625862,12.973854399060771,61
15,179,11.634718628600792,66.54409567618788,6.245277045032804,67.41161122495177,26.549787952467327,10.905851296577886,60
15,180,10.653588863065355,69.52284277692651,6.317417227318904,71.92362372972245,27.000307988314216,8.179774540335101,59
15,181,11.801308222976315,67.87013758429579,5.794364781913253,68.17106467874132,27.718048072168173,9.238521173584603,58
15,182,12.054701375372119,68.94353762350265,6.25171129979286,70.9931222612764,28.58305868094062,8.920997943294616,57
15,183,11.58567759747724,69.58380645127872,6.167994098081971,73.3135991306141,28.551513175098208,7.7966275623019525,56
15,184,11.46988366521044,69.30779621650305,5.6934371094996115,67.25934829557087,28.633387074734888,7.835715898782069,55
15,185,11.384335612767792,67.27317609987773,6.339202565041073,68.12902422049896,27.543987469802758,9.909106931742397,54
15,186,12.158418684998363,68.18485215072052,6.459903814378216,67.98384928743035,27.841937673226568,6.334721271883396,53
15,187,11.410856585432713,69.60915230968145,5.948741562321186,63.84868170979459,29.08325596953515,6.318887717689454,52
15,188,11.770859910098531,67.52726669020606,6.532895110267479,68.16766011940094,26.75372128078163,5.310300787217352,51
15,189,11.530651515563745,70.44960767567952,6.0451437375252555,63.38265273933693,27.608738841225925,6.7086225990559685,50
15,190,12.393441614810675,66.82522658406548,6.051911761072733,64.64704742036646,27.934611676063582,10.03462011773735,49
15,191,11.783668574697135,69.46970465425593,5.914343728646994,63.86246920181072,25.057378325008976,10.058786187488785,48
15,192,11.400095672900186,67.47911950578704,5.818353855701156,57.5484513927585,26.609078873120783,11.119458768795274,47
15,193,12.257098684704532,69.72283433550635,5.602044055077269,62.67284526536351,25.80824129716007,10.985339412275634,46
15,194,12.048120986538365,68.16308529895814,6.432588802350981,64.68100666045994,26.080187165719074,11.375194783243575,45
15,195,11.829968578690842,68.34560510923544,5.691269173818351,59.89836864675642,27.96070074149196,11.96303844083682,44
15,196,12.043490526999332,64.87007999109255,6.239822288747808,62.70101476976566,25.02272629392149,12.923530178822471,43
15,197,12.232519504885678,65.02045383285629,6.529924528655961,60.6983136889502,26.860294367876932,13.049876175683801,42
15,198,12.297962265082237,69.51288607232173,6.477153751870373,57.91832483192739,29.28274156683173,14.383676744155824,41
15,199,12.896803324624525,64.8955957493809,5.9315392956265445,58.464371793505684,26.858906259443966,11.92637083300025,40
15,200,12.248691800604304,68.04472520599448,5.8477502165224955,55.842074391329454,29.060159532294897,11.935358125860137,39
15,201,12.886236063200197,66.62166133944137,6.433978105748874,63.503188391858515,28.789890486163813,9.991673226060833,38
15,202,11.617726148752451,70.36531902244886,6.5076471956803355,63.56785763410277,29.676652867925064,11.472718842586552,37
15,203,13.415421042404185,64.34728268125988,5.724622011012779,51.25239209186168,30.417954207267165,10.239606058053136,36
15,204,13.023879215989373,66.0004359382265,5.869147704600363,55.5262973231096,27.6064611612201,10.047101619946005,35
15,205,12.395656606432672,66.07287947788375,5.630212079251828,55.39696339380642,29.382743316125037,12.434933749332831,34
15,206,12.445367203616055,69.68680504343979,5.768966830976022,56.14344278507391,28.50437711681393,9.322255988562551,33
15,207,13.121181654382967,65.87908650796724,6.067251685880002,53.321489020612965,28.764129094111535,8.231492422524564,32
15,208,11.863467933258887,67.74147360840465,5.910345732166361,55.51776428260007,27.4863232207596,6.439608726153552,31
15,209,12.156215840475937,64.86062724042104,5.559138732411353,55.0033152211271,27.626539213593535,6.521388982219087,30
15,210,12.036675415499394,66.04442009759745,5.626352075266646,55.189574170065534,26.984845260709935,7.567021851961275,29
15,211,12.487125368470268,67.88335422410489,5.707070431340412,56.105216732445335,25.93430029772613,6.924703547683891,28
15,212,12.74216735192409,64.78271682553257,6.078216931735696,61.52593095907137,27.805045539168017,6.933123419014397,27
15,213,12.668265829160818,69.70666711538973,6.074846232975581,56.22874726861857,25.762058241783475,9.517974050589363,26
15,214,13.154500449940995,65.25462806337796,5.99688544312524,62.09454148117467,27.59473413542374,8.213933683708987,25
15,215,12.267990024840431,67.73370662220003,5.936655102822622,56.67762148708276,27.708051600854546,7.707402277879151,24
15,216,13.367683529312835,64.76774823104965,5.945458632879341,59.25559490439057,28.60860564495633,8.985956610999622,23
15,217,12.649404796029412,65.60182348383933,5.751305140825933,61.341297379918075,29.991961955935786,11.310887464279748,22
15,218,13.395268451017225,69.18466700821187,5.47156027268583,64.67761653274397,28.213422327275197,12.103239618805238,21
15,219,13.617008607994372,71.54648110560683,5.803578103522441,61.40467255666997,29.10158151672965,13.931114663708566,20
15,220,13.311294260461167,69.00258061757955,6.088884286846577,63.46068696074669,29.729024665223122,11.735827299737833,19
15,221,13.64639364707788,66.86708715926159,5.915793950465218,61.941088106077956,29.064498976259692,11.14223119559796,18
15,222,13.719481108931815,66.61375817372499,6.363533612609394,57.13319982529783,29.852800037396495,11.311646258703213,17
15,223,12.639215342383805,70.42563799108834,6.246821615713813,66.73244078179671,30.297823392298667,12.7732154625939,16
15,224,13.094612368860307,71.29148561664614,6.00415149916591,62.206039087430185,30.818501989376927,13.057308943633998,15
15,225,13.709453413464017,70.72816680696356,5.824558634617814,62.93692631553623,29.63951617847672,11.389312139345506,14
15,226,14.181953191949681,69.30586256389344,5.556897774727105,68.13345733325966,26.833367904871853,13.45382744319566,13
15,227,14.355914180480116,70.65979825605932,5.583660469738958,66.0426640126568,28.103855008299107,10.60299211473906,12
15,228,14.115382292250029,71.56942543477892,5.362731560603489,66.8999400381253,27.013203262177772,8.218613079552052,11
15,229,14.128391814208802,72.02940169255125,5.577515223937427,64.25490574660235,28.757202091412733,9.463108639603774,10
15,230,13.68866698610031,69.2102696376707,5.311829023340588,63.05898004585959,26.45449712007048,8.235483811136866,9
15,231,14.13795428475363,71.26787571470025,6.044874514062026,66.9984905856473,27.98463897722151,7.056210034768841,8
15,232,13.486497801098157,72.63002380261601,5.700049924212067,67.61019483246261,27.39871407509287,8.620759486775144,7
15,233,13.878576155604005,73.42745499966273,5.525502746568569,61.94110869578899,30.099108366453482,7.48434169780777,6
15,234,13.618017459266737,71.53255918044992,5.573150435969276,63.609833446534054,29.09378265108143,7.819104676417924,5
15,235,14.800416300197172,71.45237730322883,6.2928754169164645,65.82156125038924,28.23939961207674,8.330181528211359,4
15,236,14.251244891968476,70.8964154278393,5.412660161426786,74.59430114484243,28.39761975082884,6.5440702210477,3
15,237,14.81308722475215,77.51223139132271,5.177815249733681,72.22883705550612,27.98059224589349,7.035123675466365,2
15,238,14.088999475063144,74.08102012479917,5.649455439838814,69.72373004750071,32.85998407842377,7.631324877115391,1
15,239,14.339765231798825,70.38268120979481,5.973048426836046,64.76981137171985,29.254658102380468,10.365589021661687,0
16,0,2.43283960202182,54.66142116057868,7.871440326003078,103.85911436715624,18.334686112311935,9.217011246277316,96
16,1,2.786257364599608,54.487258829199,7.837547924697046,102.4364106333413,16.831596036325525,12.686060764957196,95
16,2,3.2602729703490207,55.387291461523084,7.995569696047653,112.93953376735597,16.173009791950303,12.708671610290729,94
16,3,3.316727317540942,54.51941707722242,8.012423381583659,103.82053350513353,17.969194487618253,13.252158738918055,93
16,4,2.274192241017659,56.272846640938944,8.016840271799419,102.87920277801952,20.40088771604241,11.40600723352626,92
16,5,2.8186306535498247,58.167640743465114,7.482151952539847,108.15341013888136,18.885331828522848,12.137750748240917,91
16,6,3.0373904381052137,57.08871805105803,7.516221899429511,104.81035826139563,17.578714040441742,13.284219997855422,90
16,7,3.9367741433644774,58.53768593637471,7.7868893720715935,108.72491209609485,16.563297050278827,13.030315288429318,89
16,8,3.9233567974475174,56.33591160998966,7.904758587709158,104.54273790272377,19.647805270207815,13.996014246546972,88
16,9,3.3965153046548315,55.54327140125903,7.367871513209117,110.84996994434356,19.279489551211636,14.201079164094855,87
16,10,3.338427450339783,58.817519652578596,7.399326541473074,108.18006057360773,18.732845690723373,12.051251008615434,86
16,11,4.285579095637971,56.49208801975781,7.3010091161335895,107.75692390014379,17.992744880701167,8.532763085428911,85
16,12,4.09964426037157,56.7249996808327,7.570508565016489,105.03349537828744,18.979729469312268,8.687214280765604,84
16,13,3.390354086794985,56.094060278679365,7.803466910809794,109.38756738911032,17.4586632091694,7.635354992210708,83
16,14,3.781419343691642,54.412649642242705,7.503832991613544,102.63767948004545,18.915974330996075,7.603955131117415,82
16,15,4.971790348058909,57.15259837862707,7.6304192994283495,105.71623235893176,18.35411838909218,8.433599291325892,81
16,16,3.916920987009632,56.55114019231501,7.442165195582352,103.79747473400704,17.951101528902235,7.286454524910348,80
16,17,3.869862463314062,55.67725188763879,7.894686828855512,105.97866936653888,17.066250097123174,7.309433866205007,79
16,18,4.825036680094964,55.650481628270306,7.7492957863930085,104.81989204787381,17.698501260222564,7.0812311289523935,78
16,19,3.6327243546168093,56.374205495508576,7.504552334479208,99.24323542545322,16.790561324916172,5.618550759202822,77
16,20,4.528559103310866,56.303653821102934,7.911496484934647,101.51227132887371,17.572445790173234,7.802007437533637,76
16,21,5.227424335182212,57.46828887273168,7.2406959576823775,96.61497765405737,17.60425209876727,8.554289415525155,75
16,22,4.004730727074733,57.46173059471196,7.576822618522749,98.47670740306434,18.826755655927666,9.117884785826897,74
16,23,5.916783087835029,57.168202677524285,7.748662713002302,98.75948384249482,19.406521474061996,10.71896551587032,73
16,24,5.745887496034255,54.90838208426649,7.779689502927674,96.06278403807771,20.00865570484546,11.283171367026748,72
16,25,5.676628321293123,57.184504272762716,7.027495511986032,91.15836132059603,20.61307610439984,10.468445836156688,71
16,26,5.409194875547671,56.58360986886031,6.991858311886998,96.91529179359759,21.534329964847856,9.767314170947675,70
16,27,5.313179384609045,57.640010680391654,7.126746677856112,89.79062952745225,21.230000510088182,10.986798702709587,69
16,28,6.253194587861017,57.8936282852587,7.6631013749803465,94.14269397593456,20.164922210392884,13.455575336650934,68
16,29,5.431346798778479,57.928331983663355,7.208554304245464,90.75034852497663,22.12770711796038,14.002242716335928,67
16,30,6.331410745018399,58.98722422200573,7.427869784186281,84.96072596055402,21.170795163537864,15.124539974455308,66
16,31,6.5127485298157595,56.80946742576647,7.8599250591817515,83.8280563487095,21.45903514428524,12.45702131221736,65
16,32,5.98964645377553,56.25612315702526,7.540386393897491,82.76546139888536,22.521855603670584,13.112377767467642,64
16,33,6.861217980133649,59.94898550180531,7.067099646026305,87.19479693348428,20.991951683396916,12.52206897187218,63
16,34,6.853212158468478,57.71662499670739,7.026307664532878,78.48140386705657,20.237874281345743,11.280541652286821,62
16,35,7.075850939471444,59.29263611556226,6.687616471893861,79.78237540524798,20.768864073249585,10.667682050894577,61
16,36,5.9235893529302714,57.926861578163944,7.3338021594411815,78.2213223950706,20.46570972502096,12.449911140044383,60
16,37,6.067851790255931,60.61075749552701,6.9708909351187085,83.53928767562314,20.750648893148696,9.999117042753573,59
16,38,7.360827655630919,59.5872120210475,7.065472164074047,81.95679382674979,19.169106857796564,8.803211564896658,58
16,39,8.058488049734722,58.97435194641514,7.195581882685359,75.14975333452597,20.64074057920808,9.700209423426696,57
16,40,7.246080827002833,59.89281857553267,7.260021152535603,80.63448255349033,19.797923531872094,7.7722516120532195,56
16,41,6.684347431281852,60.93477788857373,6.883492539776672,79.11128884833869,20.63009117895557,6.4084708262704995,55
16,42,7.496847411486625,60.772419444005045,6.7108242833265175,80.85819567562208,19.668409525123202,6.671710305670489,54
16,43,7.138950179301553,64.97719902068087,6.933411860537503,85.98913002624576,20.172326274292903,8.888909014124026,53
16,44,8.566310510139255,62.974975557027406,6.605611555373764,80.77225223901254,21.564680703214105,8.64186822691882,52
16,45,7.794011949963593,61.74617170969272,6.683365459262178,74.91139033297296,19.82880284663235,9.485220662112152,51
16,46,6.484191346742959,64.28892373740828,6.896583338407672,74.83023109957799,22.11466900056606,8.558484578220934,50
16,47,8.324349811151581,60.68217433830141,6.947250532902521,80.37063800403624,22.073932390785078,8.41116491699932,49
16,48,7.642028192026853,63.73623186746556,6.692071462314726,83.15583263019569,21.73516636357616,9.785943757488047,48
16,49,7.92582566453437,59.77692687596748,6.721258820617709,85.84409181864358,23.04445464363305,9.81968989130162,47
16,50,8.114957260462274,62.015026550793316,6.386224535853457,83.13757883258823,22.6475902436015,12.47633771741866,46
16,51,8.49735809050192,61.14330912204049,6.867322829228302,80.58211642243567,23.24931811931869,13.1742764471037,45
16,52,7.9754362721785235,61.16930909029736,6.9147469971173505,88.83240363306656,21.175380998548604,12.795830455659583,44
16,53,8.239439962915773,62.971350251529124,6.9126692136124,87.18964830994574,22.82703368349533,12.324411724395167,43
16,54,8.33116272426322,60.710991959065396,6.914401315825149,87.03590333827145,23.306895875956997,9.72119206412368,42
16,55,7.9893616266888845,63.86834610077564,6.9298855608228775,87.97898256941366,23.474032377161148,13.09086182651509,41
16,56,8.841172963904949,58.44860572152441,7.3375890334780545,79.61202405221019,23.519951048445623,12.323727174387074,40
16,57,8.990200362270201,60.18042601855714,6.4899430133015725,87.89761452208802,24.25031691711701,12.698710243684102,39
16,58,8.169179688210312,59.55295660969296,6.718931328578959,90.89558577417893,23.343920385526637,12.54650931567541,38
16,59,8.339238260262842,61.59581817303529,6.694560314938804,87.40126186704356,23.241060660430485,9.312670594032479,37
16,60,7.733962573172894,60.42498739472016,6.965336152039214,80.77451368931513,23.88101842343161,10.483161172804982,36
16,61,8.984136439535087,59.41287354910725,6.291415137210418,77.4198529963413,22.35172961640347,7.330993267060947,35
16,62,9.263854242497738,61.31725873247766,6.594236102635929,85.77482642390048,21.330500330865828,7.557712665329509,34
16,63,9.257953990898107,63.027090422970566,6.466330489320695,83.91712438799624,20.732606216045593,8.49128605140001,33
16,64,8.9486959222738,61.430363789099964,6.674223091350452,90.2362879509855,20.53622584405444,7.483469361761848,32
16,65,9.201848817776579,61.71993738125928,6.665363887222812,86.80537934118068,21.518537442307608,8.058996452265921,31
16,66,9.140406890940657,61.76328997223133,6.79267875224214,88.05490789815549,20.681171852044173,7.721626901666285,30
16,67,10.111938569046757,59.94035533336394,7.128906110619574,80.73098989819769,22.979769950559728,6.156463909136419,29
16,68,9.769413060267006,62.10235486824181,6.719176424261723,81.29987755929004,24.002866846189697,6.130796217660307,28
16,69,9.467475038457962,63.67892336648703,7.0259095456225085,79.83151119881946,21.3156398413365,6.0085014750688455,27
16,70,9.637412892582002,64.44366977508267,6.138391309421219,83.24291470146919,23.134134850208852,7.968346537671268,26
16,71,10.219165807936172,65.11635207936855,6.742127765416593,81.9221387134292,23.099367630038575,10.330436833155938,25
16,72,9.085137762622768,65.16759497030931,6.365586938496503,79.17186015256975,23.495879291363934,10.22294423967537,24
16,73,9.834571966211943,68.39243694874986,6.366596407222099,79.55128045546884,24.4778303129434,11.554964164388663,23
16,74,8.268878154639136,66.774041173585,6.700638707321928,80.38519106825625,25.456473331245398,11.828620525548827,22
16,75,9.364827582138815,66.73300203757097,6.488376691395779,79.43116961406905,26.325828876045595,11.518406379001926,21
16,76,9.81762569085385,65.41453107594413,6.367765614797924,73.83391024381017,24.73507032974084,11.95251443881436,20
16,77,9.708164480961488,64.31269516280432,6.668001209562893,69.98389752160584,27.130146991630774,12.571447671590253,19
16,78,10.306800480793132,67.13702769324962,6.457207922862831,77.004584374151,24.354565831137297,13.791248589217775,18
16,79,9.410279588626427,69.14832658070655,6.253791727741048,71.88458183354393,25.164297506816386,12.702892503905073,17
16,80,10.362320057827635,67.20379704649373,6.342004574361119,68.35599431155478,26.61831480005549,12.915231962261664,16
16,81,11.895839443419538,67.43274406005595,6.684357117685025,69.6357744587158,25.4477577134251,11.859971058844799,15
16,82,11.103276009704729,69.90290148807537,6.44134265477633,69.51311072501946,26.04641897498905,11.522859167283235,14
16,83,11.70506968759698,65.76344712903416,6.525817724623619,67.70512930033605,26.29022115475047,8.699179531763832,13
16,84,11.05195375410157,68.15164164255607,6.019485545059329,64.87642953535267,27.149453218538362,11.019141785693053,12
16,85,10.95955514958391,70.88031696516751,6.16512002508228,64.25489406206842,23.767851834615996,11.107850848943555,11
16,86,10.710731691181984,71.37003183070328,5.973575192222247,59.21662336660137,24.819336614296713,9.04687573219098,10
16,87,11.753840762223868,70.648315900587,5.7270744207691395,60.91817537207498,24.102941528887868,7.789879547776129,9
16,88,12.01635147908482,67.06754212051021,5.4824687070805735,62.04330550001167,23.76629792504021,7.406439660905212,8
16,89,11.094527956346068,70.11498169038607,6.357409571098302,61.66322877639536,22.789345377118245,6.520934108900271,7
16,90,11.676292344468163,68.3103312634798,5.811298075833356,57.26398723238448,23.10041561409135,6.796652209934462,6
16,91,11.260739751552741,63.75313183222485,5.888125161966983,61.763225498770204,22.579874275371928,6.861849241236608,5
16,92,11.501922597351777,69.67983921687139,5.917196637673902,59.909417213114295,24.932112331031536,7.38175724977485,4
16,93,11.400010293809462,66.13929958792713,6.139842496364305,64.73452395170195,25.771537587387108,8.375427917324632,3
16,94,11.842197031568157,67.64635079267524,5.7630758449764246,64.7824499566574,25.737296633225522,9.973155733830817,2
16,95,11.542145580157399,66.02218225500881,6.022147505178905,61.514428046099844,25.150386103741674,9.15619350274201,1
16,96,11.851083364299193,66.5921499302761,5.400856641484109,64.45986199218731,27.127674940590385,9.938252383171857,0
17,0,3.198002842205614,56.129793057880725,8.2555721934722,103.16825835920999,16.378268760815818,10.120531195802313,95
17,1,3.2085378441606043,57.798640277295256,7.939406422251216,100.03888316399184,16.307257125443662,11.446044537143319,94
17,2,3.409906319338342,58.27225944203869,7.802933419161404,99.70364290798884,16.420195027816817,13.375191240890112,93
17,3,3.856777766244628,56.913007040542205,7.919065290298454,97.96284684681842,17.327867159746376,13.321324684565328,92
17,4,2.830774142600042,60.136398168256285,7.609735188359939,105.64242900176885,15.760316500227807,12.321793453083076,91
17,5,2.942001014806819,60.09465321275811,8.326779400629112,105.12866564871761,18.323948453337255,11.28693254893464,90
17,6,2.996655827862587,57.71744817892615,7.821225661326359,101.03980556881798,17.351347776274842,14.016215746931696,89
17,7,3.172640057039255,60.67034481499953,7.837282998464694,104.71749864364848,17.93704225053425,13.644878378684249,88
17,8,3.072085094228202,61.00827828756711,7.941129279408417,103.67901454594862,16.95342378807923,13.269099912109901,87
17,9,2.75118959407498,63.23088104273692,7.656317006264532,102.28235607380527,18.697979339024066,12.49103716727571,86
17,10,4.61004729605105,60.67807320627657,8.141392054861507,102.40822116599944,19.512029885767742,12.323172032060675,85
17,11,4.555396328835479,59.64578344864173,7.836805114488447,106.50146396978732,17.957317989510607,10.16749966159718,84
17,12,3.9798180340297806,62.76744826041959,7.54039500586122,103.11469919821727,20.544959402346368,9.16387055553006,83
17,13,4.4926625926979185,64.05752495307694,7.495157464405577,106.52074866910682,18.403617221530375,9.370435406272957,82
17,14,3.900843093073698,62.55591372326275,7.950291171024021,103.43333692928155,19.91599155425872,8.438153607967509,81
17,15,3.3576446360225827,61.41981459905241,7.936036319119489,100.52212517491084,20.22604670735198,8.787798175336452,80
17,16,5.0294756962063945,58.46100799978181,7.570894983316579,102.77241237320871,20.611770588478485,8.663480985242053,79
17,17,4.242990310457279,62.92696534831232,7.316800693035864,98.06773139996878,18.457039356963353,6.547414065235079,78
17,18,4.877495402626256,61.638196834098,7.448319132607755,97.83816207342375,19.088602165424,6.680398190181548,77
17,19,3.67932684920569,60.897090943472996,7.521183068267999,100.32069349644556,17.813764047318294,7.256343093782404,76
17,20,4.012736524712036,63.02841882535885,8.115497721726676,96.08034189003003,16.834018991455206,7.789795638418921,75
17,21,4.960941009160558,61.27762699603899,7.476174918517063,101.58179239819091,17.5181185011045,8.227287343749039,74
17,22,4.4477712117677,58.64594068619907,7.274145468304381,91.9468431453341,18.062975171567587,9.091351988111485,73
17,23,3.3987586511872188,62.65511706639011,7.585090241510102,94.08964853655417,16.24313015445278,11.035431720067667,72
17,24,4.474329614511354,61.23481283785871,7.146428822473343,88.0026947797686,15.952777607551237,9.26467357272276,71
17,25,4.989509361243479,60.67850307795302,7.18707380028816,92.28742260196631,16.867652839500302,10.534794198516085,70
17,26,5.341712199562873,61.16994728207531,7.323298957032827,93.14315303919925,18.655816815657523,11.77337772217128,69
17,27,4.490343887161722,58.97623879809563,7.053920856452805,86.98271568931698,17.611496404331884,12.645677626173608,68
17,28,5.715260980164019,58.38793391492551,7.571331571352007,82.50883676998082,17.242885577895965,11.483274611864601,67
17,29,5.138009649850002,61.10264140291308,7.506714444010676,81.07020597507815,19.16354540444932,15.611527968764412,66
17,30,4.860200229527877,59.487908655379336,7.674889652122831,88.01164239094639,17.18223830856277,13.705862360085971,65
17,31,4.399747567348022,62.781543323684595,7.0246477534324,85.32782445261257,17.801573979014243,13.725155782912424,64
17,32,4.924408902088218,60.16768667412933,7.549359904998383,83.12711452250949,18.645890604193156,11.878631943545907,63
17,33,5.242479525227787,61.8584941256583,6.926792229323862,79.56869136230354,19.183722694158224,10.319932356314403,62
17,34,5.146998733687827,62.91262445476963,7.44746060060634,86.86275201668228,19.43394415221265,10.681809039365119,61
17,35,6.0293728134835165,60.78751902072031,7.020187684301401,78.23149586386778,19.8625064039061,9.650894911454662,60
17,36,5.4874131918670574,62.715402871999096,6.898481666144925,79.96687667762806,20.05633300208089,9.623007418459132,59
17,37,6.387148120063688,61.185182645756804,7.286490256336477,78.82239485735244,21.88349170800769,8.044781362443416,58
17,38,5.438139474654266,64.2284459183886,7.409492190818672,73.95944529023298,19.43167899917551,8.73401296103523,57
17,39,5.909968587543437,62.62632119666381,6.774300735801884,78.3816288410064,21.53459328397535,7.198379112949152,56
17,40,6.678984440923685,62.52816421449657,6.976478878788021,69.21748524560805,21.088135228867802,6.230795699934146,55
17,41,6.184551751082513,65.05664003818323,7.196608010397156,78.66104663875836,22.653000449188998,6.299979162161735,54
17,42,6.063142584439724,66.33349269074584,6.747657986241678,75.82682243851485,22.823206180914255,6.073419783264774,53
17,43,7.140363154976096,64.31017832701389,6.655556116398802,69.12910004506408,22.93034946639595,9.121107800891092,52
17,44,6.832110628058106,66.45996117089868,7.0201511376554695,77.01926563059966,23.547708851992564,8.792426542897987,51
17,45,6.015369986077945,65.32320733847108,7.412712772654274,65.14570177227309,22.451673616197976,7.947359513423834,50
17,46,7.014127232206955,66.5907668744681,7.096284423858382,70.05712647021264,23.949822927074283,8.446471238849476,49
17,47,7.046067261889169,65.7932369064839,6.919761238875744,65.46095430434727,22.136919677922904,7.377159846784689,48
17,48,6.956787263302505,67.31974279287154,7.060694482184016,72.02528982474983,20.58091523269141,9.191007107646517,47
17,49,6.898159983717752,68.01654979792545,7.125594281241169,68.36752430953119,23.02551353364885,10.889798382398224,46
17,50,6.492046011644812,67.87890234328773,6.610695958607687,74.69223445698728,23.217059226279453,11.288755658052375,45
17,51,7.493626985010003,68.55369705949374,6.751347632678646,74.3547156985594,24.210059046686908,13.245524793826027,44
17,52,6.674901384554628,66.27327508712558,6.681905346214044,73.18199054196506,22.918971692436987,11.884439079659174,43
17,53,7.609873577577353,70.72687165100018,7.074246233756311,71.5607208847742,22.688907592121957,11.805255834838878,42
17,54,7.611872417418306,69.91938363228356,6.8014516690671325,67.89813905494802,20.729550030333236,10.363379124267802,41
17,55,7.975928531679902,68.55054069567038,6.78082964686326,74.47877598190155,23.30524178834929,12.450644102896407,40
17,56,8.016915763055282,68.48643782491045,7.105205335111541,73.82213016638224,23.494385661625127,11.655365781049792,39
17,57,9.19657826248248,66.28225620497606,6.859603691602744,75.34994807405589,21.7306783948941,14.207978099057032,38
17,58,9.521140245100353,69.58840991277188,6.6254259518515655,78.58967886046673,21.212502590059383,12.495387911367084,37
17,59,8.738382202154328,65.8500637079537,7.1537783142903075,75.4630697151165,21.960618778294698,12.082750245548306,36
17,60,9.302819310363988,66.17370917834616,7.053565942351893,74.83544523907065,20.837709425321712,9.007617233685634,35
17,61,7.944519069746914,66.00113253647338,6.537762346432149,74.21302466320456,21.135450350692874,7.960287532830094,34
17,62,8.990783835937577,68.80177205544148,6.45030663034123,76.370848944501,22.840642166361263,7.307079080496011,33
17,63,11.025775393227285,67.83402639494639,6.1473769147032975,75.17081552438641,21.049771250853478,8.511808915953274,32
17,64,10.533460672648403,67.29816210540763,6.018511239574847,77.33062471532297,19.215341119394807,8.399662602931308,31
17,65,9.55318993367294,69.24358091660378,6.629213966243047,74.96979637985272,21.62247853282379,6.3952263207293,30
17,66,9.384998396905752,65.72903861041019,6.256471231237918,80.79346868653467,21.45030274148915,7.2232185263203945,29
17,67,10.7023336304904,68.31654128576903,6.402043687903709,74.5462403142459,24.15670813530676,6.96582435740518,28
17,68,10.899601309572517,68.89056720333126,6.313694057154363,81.50897941665424,23.896967724069036,6.0267970624086535,27
17,69,10.987514084991549,67.85114052195006,6.7103817945139586,71.33381353716894,23.721640629605876,7.346372026213206,26
17,70,11.211502258448679,64.21964879703523,6.271150294341958,72.82804533373987,23.61000591910232,8.522399964074047,25
17,71,10.773766774674261,68.48787131334613,6.516281877321919,80.75209980659503,24.1554256158277,9.50600122681999,24
17,72,11.657156488698021,65.96979364214597,6.19070499516989,73.84615598674934,25.58885781736719,11.317029196980432,23
17,73,11.284606551723215,66.79390367108077,6.5349986925337245,76.69744330149757,25.047222237019582,10.738430149497665,22
17,74,11.034232501166656,69.35298325642071,6.31274018455702,71.55519427541728,24.98322886873085,10.994654836943303,21
17,75,11.937453783027223,69.74823553075781,6.399892954765552,78.6621071183724,23.689112770305663,10.485302453074937,20
17,76,11.766808468637855,71.67414771718444,6.091284611595311,76.83547733464229,25.59986677484257,11.747566674729432,19
17,77,11.289257518951079,66.95946650923182,5.989150004443578,71.04912994407067,25.357424186260353,14.031747514387016,18
17,78,11.05524100665832,71.12549025663533,5.968834703884172,69.43950593346062,26.05480498220869,13.70104657191264,17
17,79,12.36848728746719,72.74456925963925,6.143159013935857,72.18283498837528,27.77128664937687,13.069294147588446,16
17,80,12.748931293384636,72.81717491328462,6.085209854655772,67.05693934056006,27.79225317909898,13.48164556613363,15
17,81,12.131279738785334,69.58298175611503,6.310650367847116,67.03610065612084,27.74414412478158,10.887821401741258,14
17,82,12.319858667359455,72.06612158286632,5.947430753647142,71.86140354371834,27.696724257088448,10.358433916178146,13
17,83,12.248315959350485,75.44708506308142,5.782214012876681,66.09791941693227,25.211982749477393,9.838174785586974,12
17,84,11.701464003369093,72.7928670387037,6.013225485347361,65.49208745674309,27.878316094006976,9.2045784742046,11
17,85,12.506511416940263,71.98167735726773,5.857411727834716,63.82741232738599,27.44629727929042,10.675866266474332,10
17,86,13.203230139705752,73.3556796973655,5.815498484459038,62.24933014211979,27.113837011631826,9.11757814576182,9
17,87,13.110975354044747,77.0419830768827,6.292686307434985,60.56607044757674,27.448961429687138,7.397306901554171,8
17,88,12.54187653970498,75.04402184553695,6.302627065943808,58.94547516269131,27.599265506871713,6.0270816534557525,7
17,89,12.062726549756853,71.88146496930507,6.037836458170326,50.17888205326189,27.915463280882005,5.6885995225488175,6
17,90,12.808560356731164,77.19257071219855,5.312411122672303,59.56378757788807,25.681889841151147,6.735743206616685,5
17,91,12.509535099707552,74.65309490987524,6.211041168194436,59.097322658058864,26.541843108567424,7.552144291393278,4
17,92,12.688738793905735,75.24276829271484,5.569123002130867,50.65330991374831,26.802584951826585,8.521564648615136,3
17,93,13.467084265973522,75.80332286810665,5.554949571072492,50.643691332437946,26.106175428537718,8.611219429493627,2
17,94,12.778007010391082,76.26029448761831,5.746047276829589,48.55312224535496,26.281901745625937,6.747452100318558,1
17,95,14.482209370790233,77.63238090839543,6.050560740984375,47.36911996917139,26.913151110131285,7.737944252460948,0
18,0,3.4085582301037682,55.70926760800146,9.330830820319747,103.52222242441498,17.23479854879126,9.201044861573187,124
18,1,3.722006872832755,56.74014838275266,8.823384948449752,106.95481478760303,17.54650595514421,10.939607569289464,123
18,2,3.114362162093864,58.08346323934725,8.728171643687089,110.70052291903193,17.205054355686975,12.775803298750104,122
18,3,2.852578207037413,56.59921598157242,9.10829229710925,108.67725791914695,17.2321712816583,11.846770847781332,121
18,4,3.7674151089821106,59.213885566318574,8.876135990693358,117.87013419318035,17.92351913573209,12.350298436864092,120
18,5,2.5095446861423203,59.77413437995163,9.088365122269497,116.05302939886629,18.367280806840377,12.64144918932851,119
18,6,3.6870154497802172,60.504147805293016,9.06943785965372,116.07872398148174,16.753764912137903,15.4698724352502,118
18,7,3.867570710334446,57.249853756317734,8.883781943129508,116.12474691155009,17.918297432017102,11.900628074907438,117
18,8,3.74354148588556,62.000962080573714,8.563155027865594,118.31841172027977,17.473705606930615,14.14184224598823,116
18,9,3.888975030843955,61.69438457413366,8.877074835196154,116.8722654288029,17.897081049679016,12.405498793320229,115
18,10,3.5695001293101414,59.62712539214697,9.33451351471218,119.96207403526722,18.843966031314523,11.469641446471345,114
18,11,3.569133156839655,58.25557827362165,9.076075811487517,115.48216319397817,18.60740745483775,8.446891699031049,113
18,12,3.9692235454491422,58.48341288778514,8.85009665353308,114.64677646460375,17.974843745193223,8.317322578220494,112
18,13,2.4092496280592215,59.10535362158857,8.955613323256197,117.55247936568544,17.909675701337235,9.524583230108611,111
18,14,4.001773794596001,56.42680363166169,8.693539851001503,120.06174224392382,17.291563046430632,7.9779062626672985,110
18,15,3.1377341031935653,56.73735064489162,9.18401135385559,114.22503061933223,16.4006538242951,8.63896627045807,109
18,16,2.66757067509025,56.23779380184881,9.012428205750165,110.66071552229626,17.573429846639904,8.97255348356666,108
18,17,3.3234560709329197,55.17461519980971,8.633128693626343,111.17721072560285,17.446110092814195,7.286066808997213,107
18,18,3.1263167779318466,56.8803945034302,8.404284294917177,112.18427102116654,16.740445287528765,6.114354699768054,106
18,19,3.347388425595158,57.98793805882797,8.620170524144646,108.5805365325873,15.907709570831276,6.054108924566329,105
18,20,2.937156748336152,55.8464088394586,8.569868172964375,105.675531528021,16.9044561298633,6.165872694775376,104
18,21,3.766068850026258,55.978539640455516,8.832318933102417,106.7081278703097,16.741010581036214,7.902584851138338,103
18,22,4.927329479217873,56.780686606976914,8.44115549790635,104.40509691780153,16.940144717604785,9.877750933500426,102
18,23,4.493788478623463,56.44555514991024,8.315834644061004,105.57285393087695,15.442832554048474,10.6443374463474,101
18,24,4.520761840829078,57.1087170149624,9.08797709667276,100.22080339025838,14.896407694640786,10.330270137429364,100
18,25,4.994267446104313,56.501355219348106,9.011043426334624,99.57041690938847,16.326681933902815,12.334881679348154,99
18,26,4.5766585117112495,57.716513837605326,8.773701076791083,105.12121177912252,15.15961117263966,10.897171749121584,98
18,27,4.718235500749897,57.86704855042822,8.819737362779726,105.43155265607113,16.79528953927271,10.061951851973399,97
18,28,3.9623606687129436,55.64624855495114,8.797747171560864,98.55333937994112,17.87921944445306,12.699491467882602,96
18,29,3.521178197951311,56.95739297254364,8.863715055633435,98.99511134550649,15.277564629862587,14.517887169938389,95
18,30,6.801459525761949,58.031381211274635,8.717145471106265,100.62966368334301,16.686695052756217,14.271405112829623,94
18,31,6.7296638729083655,61.06139598293301,8.737891545274788,94.49227431211767,19.364849924434512,12.43584389692721,93
18,32,6.168281099397298,58.31591802559399,8.718580403732219,96.515235191184,18.370654949055666,12.988449190552915,92
18,33,6.1626927318239275,58.70763536903989,8.91171795596213,95.78897505374086,18.57275721420422,11.721828547213551,91
18,34,7.373355684118645,62.375826769201794,8.897209562573172,97.15377696101524,18.545399923167363,10.661059998102028,90
18,35,5.839418558857928,61.84683514239969,8.673381750400566,99.23725275181539,20.28355553292393,10.529364720490412,89
18,36,7.316702958423869,63.272676735341626,8.719833161979816,96.64525180954209,19.10225304597587,10.877432853467303,88
18,37,6.160612010278177,58.409068103909334,8.537975866871408,103.05082941141688,20.475094564697507,10.839719022189165,87
18,38,6.229570553485948,61.122282767049185,8.472032731362454,104.56764258376893,19.849578509308227,8.156703393355487,86
18,39,6.059572219198657,60.80824106424767,8.858352087071436,103.88414195469933,18.602364765664152,6.652047278643111,85
18,40,6.0913058578985675,57.87005337941818,8.516684362257953,103.97347889770312,20.102320726172252,6.278124233404464,84
18,41,6.945484019308409,63.50180594302084,8.732213688253246,108.16664942099847,19.12802386603056,7.966301395002663,83
18,42,6.966004046766832,60.861460001968624,8.433758801592598,100.38317338906117,20.669914905812803,5.331861028794406,82
18,43,6.844705908622064,57.16860011885176,8.264606890558964,106.08675586722187,20.296132634097617,8.029883503123587,81
18,44,6.211613347375362,61.70636201493994,8.200175984505524,110.73855264751731,19.295746958925655,8.141498279314852,80
18,45,6.771783169651979,62.88148354312862,8.949765961812165,111.80927866238426,18.959695674248547,8.663324775539362,79
18,46,6.535647905333908,58.47379302214989,8.618042274747765,110.29887541969651,18.194922219295457,6.7160222222894355,78
18,47,7.297341927216165,60.18221735089227,8.389628622315515,116.2194191412337,17.334065797955375,8.654010373641444,77
18,48,6.695046607230051,59.60386666049758,8.765798383609447,107.04269236638189,17.75734440329882,9.10442030082003,76
18,49,6.503424095768815,62.06797366104782,8.690856057772741,109.91048819649396,16.895717525032236,10.229325149589757,75
18,50,7.171759479025655,61.72957489384235,8.417113614475952,106.31139749020711,19.63868090572475,12.161504900807369,74
18,51,6.462517079284801,56.42801337518559,8.398078206024845,110.36384495963534,15.108553408533623,12.771678628776115,73
18,52,6.0157479612469436,60.7006057867782,8.413837251601068,116.55828144889287,17.176103264010106,12.795664031134521,72
18,53,7.109333487202754,57.00786233430509,8.348844413045882,109.55179353453101,16.795731968165875,13.679301575136574,71
18,54,7.87751168779436,59.33534701157789,8.74941840756503,107.29422449027636,17.208050421393583,13.136678561070468,70
18,55,7.25196881862325,58.59083613040589,8.319397074572404,109.53578152418775,17.039274373632878,11.562086105724653,69
18,56,6.360632530685355,56.81016204925105,8.40712171449943,107.27603930357708,17.15719552964013,12.971572254706874,68
18,57,7.7712544872527145,59.10106704320641,7.931231904030623,101.82611798917506,19.241794878236014,12.90314966515409,67
18,58,7.376086601581318,58.161790174519425,8.553060151832787,105.5753424286225,18.140111690613626,13.03638013652424,66
18,59,7.77700927979963,59.925187978943114,8.304751457166939,99.94754927853808,19.959832699593676,11.419104736714694,65
18,60,6.203001993091004,59.478231440258085,8.349131135366871,102.91925602277375,19.29512541400958,9.672839451768386,64
18,61,7.613379509569539,61.413628493047206,8.590790433197432,103.98821482498022,19.413611929911465,7.202601956193837,63
18,62,7.2685665376473025,63.30572880371052,8.212972643458441,96.6149655527337,20.762435047598505,8.366621301384669,62
18,63,7.706031014877545,61.627731161320085,8.320183252969986,92.15831765096624,20.203989705800193,8.658778578805144,61
18,64,7.345700311784404,61.884890229917154,8.32957020796511,94.61644923252783,21.96599177928742,9.898147501112751,60
18,65,8.181958215883984,63.563374683430595,8.6799745583548,90.95290909328794,21.30504513132197,7.871782555765155,59
18,66,7.92341072350814,61.9818057040949,8.627541338707491,93.88437721216488,20.064019135090128,6.706725951268178,58
18,67,6.492110012440555,62.54263172470651,8.197635462448822,93.94169451652056,22.14148162952792,7.0510583402750875,57
18,68,8.349769083271745,64.8666847870821,8.38532969580639,88.91958693470484,22.614307385194124,7.090550572214878,56
18,69,6.437064806868823,63.2564127937493,8.307970727946026,88.21032768955948,21.1961906191253,7.257181003279826,55
18,70,8.419850994183257,63.55591500016743,8.454606508007162,92.2131710645977,21.443926272329893,8.698967341960497,54
18,71,7.653670517085152,63.867786071718065,8.141399452727285,93.75517269492791,22.64238200402925,10.77047628269754,53
18,72,7.549993397277566,65.82513452669495,8.046944392242443,90.19415194093209,20.122332233518257,11.742321725905338,52
18,73,9.116177632393118,61.23289691531932,7.940599346385089,92.5156493392773,19.851424703857617,10.863317528980238,51
18,74,8.381711311388102,61.19711841920301,8.439998856027842,90.92066249473854,19.07431708860306,8.796366638449165,50
18,75,8.609962625923544,62.768613025268166,7.692428586384898,89.9656242558159,20.171047822245743,10.962189747722821,49
18,76,8.851712485099855,60.47171001330082,8.144610505603307,87.86716732679108,19.307994895661526,10.968114138665536,48
18,77,8.470165354128369,60.440879643205335,8.636309505104114,96.06978671409574,19.799775603588817,12.459388685869232,47
18,78,8.956632267314216,63.08285951271418,7.907689983522068,93.75983415987008,18.810390900997543,14.887172681879639,46
18,79,7.7821192721685835,59.81436485570439,7.85659828834357,97.39239947662783,20.097647903380302,14.798696996733712,45
18,80,8.180615771249641,59.01503912508087,8.999871459771747,95.35739788120114,20.825238068560743,11.385412439626062,44
18,81,7.869536271491534,57.31394766182571,7.996653424252468,95.9173754386612,19.268601477673638,11.92123078469061,43
18,82,8.450836403023288,59.39217005403476,8.00165328472669,99.03361396541605,20.20059598445999,11.54918636826445,42
18,83,8.754234515057444,61.960161662670984,8.40370353619828,98.15299485678048,19.381973221896224,11.021567535411835,41
18,84,8.310596267398878,61.67918711278877,8.200458566283997,99.99632012416072,17.92378387095175,11.054501371183688,40
18,85,8.518519178229479,60.4597709735793,8.12825870681358,101.62552621524662,18.698387269362968,8.882826330993883,39
18,86,7.75246237603512,60.95968107569675,8.087668889943123,104.32235783634981,20.5230941812527,8.320217682790782,38
18,87,7.964886314365316,62.71313582328746,8.124391227300322,100.80501264434207,20.564852440647638,7.804817543489517,37
18,88,7.563044127258709,61.19187948500852,7.896534343099696,105.28537491076284,19.003701534758093,7.117225958998014,36
18,89,8.32272310533364,65.32612102178182,8.073137544749663,103.5274673490344,20.23290856588022,5.589260902878476,35
18,90,8.122683094186627,64.03999473436656,8.056933785044196,97.68177307472365,22.48946726797742,6.088931300723757,34
18,91,8.103622815553232,63.55994918931811,8.350529303198783,101.33760979939652,20.49981872632118,6.576334592656945,33
18,92,9.94134616315586,62.35992055275255,8.095835619767957,102.8058617363531,21.43051514505766,8.657704839516628,32
18,93,9.160420248752217,63.53815445520066,8.133452102676191,99.24842736636793,22.596616862227464,9.489559520581125,31
18,94,7.920889624818004,66.9580341321398,8.27887043467865,98.78896486175853,20.817035350899392,8.62021379663024,30
18,95,9.405884580416096,64.48271334608725,8.267311086277907,95.79753846548054,24.40444050514261,8.817283708361932,29
18,96,9.475497445928095,66.58167395825632,7.942717347885271,97.48493977299644,22.89992292149197,8.916667474541393,28
18,97,8.712813972288522,65.82714436702194,7.595087717433731,100.39940516184922,21.976207668330442,11.35345013630797,27
18,98,8.876033608115963,66.05234148334188,7.844397258963029,98.80541904774341,25.56100949756624,11.365340430378772,26
18,99,8.736079889968325,66.45349734620703,7.976076080484877,89.25707105093636,22.647684144846107,11.319922730001158,25
18,100,7.9438565113612425,64.30760986371251,7.787619427260673,92.18328502517787,23.864991991981416,12.619723073896443,24
18,101,10.112056548636296,65.17624610808714,7.7974169815384045,93.09186899282813,24.732957204980963,11.687358269751343,23
18,102,8.384643377785775,66.73416616669286,8.171938010917607,86.58127845294842,23.829382830348322,11.50610886228895,22
18,103,9.183139220534283,64.98944392574833,8.227457262378834,92.51219265383111,20.401843667626437,12.446184176717166,21
18,104,9.498754134420272,64.77109990294169,8.308826173704805,87.51279894020401,21.923497516463414,12.698234494673562,20
18,105,8.904815987263712,63.97994148371078,8.29593843057189,86.86547015767246,19.464620401136386,12.028744483321844,19
18,106,9.706437872830296,59.44161597925047,7.753871003466642,92.998278111291,20.801558655037198,12.108134296868378,18
18,107,9.551195933190037,65.75445164177154,8.079903657319903,84.65856757355091,22.006013697842455,11.635237898222448,17
18,108,8.86101799377815,64.77799955369818,7.721407287778815,81.78177507810986,21.822601879412506,10.799434525452023,16
18,109,10.336612952958731,66.1027447113062,7.944783422378717,87.98876949843665,21.11653564551195,8.6998773964797,15
18,110,8.850034964604413,61.8297725998211,7.9496908128467245,83.15220321618915,21.58094468665288,8.873787596732138,14
18,111,10.700153915104071,64.1207384763513,7.840949763704898,80.08998067756056,21.215184325637797,7.716311912392017,13
18,112,10.147058821092463,60.894211167511685,8.264479182761583,82.3484839393707,21.320902193398148,6.57347952475621,12
18,113,9.108690735402211,65.19263358738888,7.778456761121901,82.68224879945936,20.34679742673083,5.95149022189058,11
18,114,9.46886786842592,62.10599029071997,7.320017266892863,85.84656348286524,20.593200772773756,8.22457585949154,10
18,115,9.933597059430419,61.631724189721815,7.784898865271334,88.2084850164498,19.677704616985455,7.645979612985303,9
18,116,10.078125716468428,66.33128675216959,7.5891557280305015,84.74930107840866,21.320548033710484,7.244856171855283,8
18,117,8.861289145115776,62.909365080664344,8.011312235628408,84.6019121880484,19.90881124989251,7.494226310499509,7
18,118,10.21639504417934,65.67132432828188,7.841911356970805,84.9934869886473,22.963757015437064,8.149736966077326,6
18,119,9.251456802767711,63.687801070556105,7.894513162063584,89.51688443075584,22.24993182886473,8.716000799114234,5
18,120,9.066114027388576,64.69530315783476,8.42835350100532,90.83277913145369,22.207568170988914,10.719093208101063,4
18,121,10.167864598123952,63.15077277341584,7.6250685325448115,90.14083872573207,21.988563722674108,11.62414792978692,3
18,122,9.579491542528974,66.22579499120666,7.800646584775602,92.05946950870212,23.387784011975516,11.041280772064129,2
18,123,10.111908811907943,67.64901359911923,7.809135023316964,96.47167625672658,23.19109789175719,12.168739417102504,1
18,124,9.524379908288978,65.65659472355732,7.911505914306068,90.27349575579643,25.166184774907073,11.214937792647735,0
19,0,3.1629352193029274,57.36151533264355,8.38323405416615,95.97045666006336,20.63721609332223,9.798336744841619,93
19,1,2.825961655114758,58.94665627954344,8.488796545356239,98.09596930031384,20.67373152559759,11.533875175848163,92
19,2,2.909574311274243,61.141724559441315,8.449181088283959,96.98286180009015,20.98697182998073,11.35874799150972,91
19,3,3.1946038481102037,56.81041223195476,8.618308752180805,99.85227171134213,19.663098964361517,11.542857767472581,90
19,4,2.815797310807686,61.44638386052967,8.46667653047735,102.51416901634263,22.003756100656737,12.531025450677612,89
19,5,2.810201750690693,61.22586484727792,8.880333096033715,101.09636491549634,19.99199909437433,10.185852334240808,88
19,6,3.60711908048606,61.95188375255195,8.301897957966856,103.39025177954862,21.211780252341747,12.331415241696313,87
19,7,3.758833388892099,61.9295550517952,8.613507251059172,103.24604240353011,21.539806983237003,13.099012578599847,86
19,8,3.458304566112158,62.88170741554115,8.606239235712279,100.6670251613767,21.71553466937339,13.591753210848443,85
19,9,4.041969968948871,64.84795892036463,8.208784170223781,91.5760322543596,24.54284216812953,12.48416261432291,84
19,10,4.216975605109067,62.60487342490549,8.621725127953981,94.65801206551569,24.433423193466968,11.303672816075956,83
19,11,3.8302013623346136,66.04464975928663,8.097680100970836,101.87535034629053,23.91483774872451,11.084644350325545,82
19,12,3.772694904438152,63.18677918806303,8.52774744759728,99.084248089814,24.09981668581842,8.624292207306187,81
19,13,3.5098437169632706,63.3362347941632,8.22898907696027,101.33614572067353,23.599923081141746,8.76094984647623,80
19,14,4.542606657197395,63.091961779047736,8.45607354637258,97.33314903407725,22.016093831064666,7.987535615389379,79
19,15,3.736952420820337,62.36366507847448,7.749689180334606,99.92426689121447,23.37638604194061,9.088914755554288,78
19,16,4.499910404576986,64.50315477570489,7.8579839177311985,91.64598142229819,23.361577169696126,8.027325516528142,77
19,17,4.438800416218215,65.73613650315357,8.513112323636179,92.52568261773436,23.55524190012853,7.2939543693974525,76
19,18,4.417237713507785,63.26390355028424,8.453541494409016,86.40235732911121,22.826714672780078,7.1590104769958485,75
19,19,3.7504945278689634,66.06017145358017,8.21816645351005,92.7027603633169,24.32884188208787,6.377961790429634,74
19,20,4.132310528149453,63.767692948757286,7.856516400729778,91.3323662391621,23.781072060411358,6.260144215970162,73
19,21,5.480934308288736,65.25844218278165,7.983934855145755,79.11849769361055,22.434798109260246,7.4605646633161875,72
19,22,5.082062879313996,65.72447236148575,7.933969136550086,81.3770201845327,23.259509190216463,8.954743203186432,71
19,23,5.321675182849287,63.66550400165811,8.48234242413673,80.855557828171,21.054284285674665,10.190898196076306,70
19,24,4.941117197675965,65.21477017229776,7.907211050657217,78.72271861186617,22.575983572697126,9.934151926177185,69
19,25,5.152060194871802,63.112277646878944,8.159691508710655,74.41296547522228,24.380449899450007,10.80663658847312,68
19,26,5.7582991213231285,66.18315840141226,7.922797443844241,77.14732724668781,20.96650277514399,10.461148216361662,67
19,27,4.151505751460567,67.37972644362479,8.217068124498326,71.87505509686976,22.902103774482875,12.358692251562175,66
19,28,5.368381891089166,63.305064142099894,8.056813145848682,69.97498814834785,23.362307297808975,14.002249572803791,65
19,29,5.161122130012429,64.55810381031753,7.563990121481794,72.89216624564982,23.291757350688506,12.717886296140156,64
19,30,5.861296010408655,65.69452905710149,7.790133987943888,74.91183227742923,22.660406138313217,13.627851137325393,63
19,31,6.547840535439022,62.95007261390217,7.7604762471428606,74.78941177950735,24.677646435148812,13.269467826948471,62
19,32,7.425240223299262,66.23324443887805,7.900356536288888,72.42548446851735,21.498523927136763,12.959151595273214,61
19,33,6.375328778801715,66.42720642552605,7.44206590181339,67.58561978980491,22.271954654782935,10.823124630517297,60
19,34,6.279468291316889,64.79724905805882,8.187009521488816,67.69943668147259,24.646609689067972,10.76685944240648,59
19,35,6.819857630327365,66.4057529225206,7.617907520364793,73.7617293218297,24.289744608003854,11.0626362783231,58
19,36,6.996522770790554,63.45755722764598,7.09789205959534,73.83586048224014,24.83131688590607,10.258353140176515,57
19,37,7.059886383722477,65.5685494389522,7.611588563151414,66.9255033428116,26.80414135448783,10.736764295438377,56
19,38,6.997786981903343,65.05554343774642,7.780424388247269,74.46246380882803,24.034840355300695,8.151738458417048,55
19,39,7.219467539781636,66.81355296743386,7.772834001444187,74.06706643565283,25.72297475979948,6.593651263667916,54
19,40,7.43401517263062,66.1537379671429,7.401076300344159,72.97445637179749,26.72235904085755,7.060889841422371,53
19,41,7.115078380056356,66.2480176391664,7.5224609251850625,74.53189395731305,28.419881868994366,6.216832630453576,52
19,42,8.454840856213004,68.3331767841153,7.570824342100954,75.52131153896515,26.27034782554721,6.420261516126489,51
19,43,7.394701628401739,67.8536877555149,7.9053712818120605,79.0535678597532,27.82858214899146,7.522521709784842,50
19,44,8.586474628931347,68.60292065731296,7.219834130697218,74.00353776983994,28.692403317862254,9.769508522321962,49
19,45,7.639212824825743,69.04259700074617,7.325779594535942,70.58172693642928,26.53324741673888,8.159863196236863,48
19,46,7.960711254964792,66.55989933806603,7.0635971279335825,74.16564948393813,29.145304876672682,8.67589090461446,47
19,47,7.88629440942441,67.68494772571762,7.349288287634784,74.31237688577656,27.969333708225758,9.213477187562418,46
19,48,7.837648493270109,68.84029715159092,7.168602633790402,75.66333203491006,28.01286999716336,9.607064871974599,45
19,49,7.260310693289894,69.1681656830743,7.154251808082921,77.72666911903566,29.038526872088088,11.29724153534948,44
19,50,7.463507909957147,68.45255248130768,7.435773520068621,79.48532842725788,28.475099995213675,13.75117734386748,43
19,51,8.520394853632581,71.16788375801367,6.963470911907758,76.44953598838225,29.210282034998347,13.5748184853991,42
19,52,8.30971741266223,73.2022541931298,6.9663296431518855,72.84680878123362,29.32805812875223,12.913084479194854,41
19,53,9.026384114498356,70.35485770518171,7.011820332239836,73.80617450874844,30.171190920233773,14.787719147706728,40
19,54,9.003330653674745,71.20463401609497,7.100148679854788,74.90032585576854,30.01216107506825,12.452311325688848,39
19,55,9.071010451071217,73.36612102338341,7.395906670154059,72.09928078688203,28.109547979056504,12.561888199938638,38
19,56,8.980003693972035,74.3736385942472,6.863709689100016,72.35256675259554,28.651277785348967,13.521146380385396,37
19,57,8.820489753714966,74.79208863042962,6.8733019316920885,67.6147052699053,28.2692482754168,12.49429661832027,36
19,58,8.970160121842254,76.02748415744666,6.679400755532087,69.8494867571483,27.772448237646092,11.435369872766582,35
19,59,9.3099788163545,75.10589530157303,6.734983071659033,63.39999066006748,30.49410610218255,10.050515929233438,34
19,60,10.22348236173263,75.27438599492868,6.977440913998765,61.808973725312,27.819351814954103,9.711615905520524,33
19,61,9.404568108253592,73.16661993738528,6.9823992475784635,58.03956653276584,26.677077662405406,8.881787704445335,32
19,62,9.320706048503375,75.11964644855914,6.465641880726421,57.77390346991176,28.163063373931774,8.386452659185082,31
19,63,10.24703210539703,74.42024049439628,6.379825135236772,57.075259138988336,27.894506689431985,8.394227764851514,30
19,64,10.872261945901885,77.57281266704828,6.995376168687345,53.76036882372957,28.040360470156482,7.1832204181438755,29
19,65,10.351687340396026,74.27093029301042,7.063069057805077,56.67594979393505,26.88974178171114,6.910612373544275,28
19,66,10.818349435711385,74.17546152660087,6.889623743161942,50.06812410722691,29.674410339310494,7.3328436377113295,27
19,67,10.43034258288843,75.50385035511727,6.472557798573233,54.72539364894075,29.016622000723565,5.381736350739347,26
19,68,11.886821047038893,77.72593339341354,6.580712298372377,55.324319310129056,27.986607894173467,6.599312216898263,25
19,69,11.271732147487358,75.67659846982171,6.04574165808879,43.54816188710898,29.09759854776585,7.2140701124732045,24
19,70,10.553712582027053,74.43263926525793,6.819180040734952,50.174987437203185,27.83227651364087,7.708817212437458,23
19,71,12.128988416901887,76.53094047475825,6.2295949941612,46.929099771118544,28.786061754968213,10.4042321313472,22
19,72,11.43673830476078,77.56747499870025,6.378001917874394,45.91083580736945,28.163054815611744,11.246130627415523,21
19,73,11.171426329943804,75.10916227047484,6.346031853451107,48.49972539533882,30.90078336815675,11.185622519940946,20
19,74,11.582287834071124,75.15004340553003,6.1215529712349905,44.29195197459822,31.027629419103853,11.650972801607711,19
19,75,11.712236128488465,76.46562850585,6.308816195727116,42.91892568830344,30.53437034013792,11.355545159676382,18
19,76,11.93551748685675,74.52376371138521,6.259231914821634,41.775460836310515,28.93634967798341,11.615064811550786,17
19,77,11.718333980196576,78.08138873924833,6.634222888880223,46.68154368995874,30.566461471947072,13.489644616350342,16
19,78,11.687391329526912,77.3322077335348,5.9318869193677335,42.219165222443245,30.037595662822792,13.494048183084612,15
19,79,12.201985656529573,78.70077009050354,6.01055710317423,49.47998827188847,32.75897411576335,14.248351433198735,14
19,80,11.949906864667012,76.63370906152862,6.279675377697818,45.877717794855215,32.95097349647478,15.508190657804118,13
19,81,12.942561167944653,76.15339521898238,6.113253232464375,51.92016779827787,31.02275239821164,12.115212477146416,12
19,82,12.546360941542275,74.45638736927569,6.096571138089614,45.95304234328842,34.47649562035861,10.46102841705597,11
19,83,11.792137197116688,78.03335716286149,6.0755523714483655,45.525522879876746,34.99635283674416,9.482425894791193,10
19,84,12.514902385830514,77.82403984546333,6.168068451744328,47.27329966640619,35.42049715567557,10.708764711600061,9
19,85,13.809988520720719,75.71932399773489,6.019566030331759,50.959654419058054,34.82588953966216,11.021776107889366,8
19,86,13.181929691468701,76.47531606688761,5.914093244950905,50.97849471974727,34.11510469990741,10.011660626886984,7
19,87,13.606195374473485,79.2220225593005,5.430318162595146,52.22495882826408,34.87141366965451,7.6237154286434246,6
19,88,13.879227185476708,78.8560250753166,5.79714224943832,52.080358485604435,36.099193070167516,6.026937567605324,5
19,89,13.5762089166288,76.15218010454052,6.318720563075847,50.42325486012689,34.239575828116834,5.6910765818594236,4
19,90,12.99386820383127,75.00097503471267,5.978275466145201,48.789800850636816,33.010434477512895,5.810864448848336,3
19,91,14.335314159725938,80.15001414114543,6.437510036793053,51.17985676483736,32.069414629239205,9.190735959298594,2
19,92,14.386285834354513,76.41087046784865,5.774898103100255,51.24870314772506,34.210686521206256,8.233757922828982,1
19,93,13.61937856785094,77.10669430229741,5.5992340555510065,46.25636042596906,34.03152434163714,9.855009950075873,0
20,0,3.311975877123408,49.593578396790654,8.246891885807717,101.20816009570201,19.02831754144112,10.843110547779682,180
20,1,2.5406886288062336,53.153082088506835,8.118255838268427,102.39883574413916,18.736789449743153,12.509423603130477,179
20,2,3.074244673897962,52.55720289887924,8.46784389959024,107.43324860770386,19.914891811567312,12.941108606923708,178
20,3,4.315177860803617,51.07204734868852,8.307101259154752,108.17546990702019,20.978889277252488,12.143207552969546,177
20,4,2.886258354353922,51.508810808817934,8.435050187376262,109.78925707185256,19.753554125227705,12.366479362816374,176
20,5,2.3740369371528782,53.40203638595806,8.257784701942283,106.93209936565533,20.757062553628945,12.412458202577172,175
20,6,2.3077611682341104,52.026593092275306,8.6829424583622,110.48900233614513,20.093090607753723,11.409119504229185,174
20,7,2.7176377180596503,52.78102386501049,8.417122429645673,111.24047930421975,20.868926015378868,13.530925309867767,173
20,8,3.2516347855300323,54.59637976189108,7.90497016906533,109.75110657232803,22.04222760365642,15.293506001240502,172
20,9,2.610571497149178,53.74138191509296,8.223974370369334,107.73773004594213,22.60642089077981,12.546608096079037,171
20,10,2.597421706835064,54.33586288023391,8.38529183554445,104.6656018995222,20.652468443397467,11.233760605604791,170
20,11,2.8379722240293717,52.370240079259915,8.44622275279943,109.59859032244701,19.818910936877636,10.670672363006117,169
20,12,2.7524363884194174,54.21213231503138,8.31879629035658,109.39434402882199,20.292565113145727,10.308906956345758,168
20,13,2.515560459484454,56.836321740941216,8.627807612135582,104.25953499353112,19.119277481092702,7.411724933556847,167
20,14,3.027399391789345,52.713415843965606,8.535156502327734,103.18801950366479,19.356435630708017,8.398234764665778,166
20,15,3.6541906332883003,52.73040872572561,8.260885816824995,111.89222281376298,18.085798668071668,9.462746701699611,165
20,16,2.7654187814965603,54.007929191131915,8.65605022305729,104.07157510425178,20.20866745999071,9.067048484965394,164
20,17,3.8165241971590067,53.65396823079219,8.300997627853356,106.32540486601417,21.80972869472397,7.049951786129584,163
20,18,3.279693141637635,49.36895744038141,8.441794726524764,102.7743938388693,17.073553591850022,6.805703770412694,162
20,19,3.3100271229296396,51.04694262160192,8.156093910422486,101.60031666187722,18.343609051007434,5.669040507007527,161
20,20,3.569935810161446,51.64999500180325,8.612116725438366,102.76861521722908,18.90530184271599,6.726675265748976,160
20,21,3.7136542028873794,50.621950070339764,8.028603785656625,99.43000099901207,19.957859913885507,8.717583303461,159
20,22,3.2939998828286603,52.66275167338144,8.151773435087167,97.76773640952138,20.450380717979446,9.948342931402163,158
20,23,3.9053646384395595,51.848948986921556,8.118163098952937,97.51028342795357,18.69222377617704,10.132568651337554,157
20,24,3.725400572690396,51.19769122657806,8.262258522963759,95.29924042305403,19.78397125268528,10.764652326620014,156
20,25,3.199484812910596,50.33818667508321,8.216786962066413,93.2348572642853,20.135755288147777,9.1847372294549,155
20,26,3.798125623862951,47.90764942935055,8.624999205591736,91.4234762176037,22.124722666216375,11.08197616258628,154
20,27,4.0431888450551465,51.92499079777526,7.9037198158106,90.52207003605588,20.08176823103294,9.579792961894352,153
20,28,3.53538929380959,49.52505059364796,8.555540270826175,96.37487845072268,21.74715855137226,12.449736075160555,152
20,29,3.650708788300777,50.86578053903836,8.50769736155472,92.35622096094302,23.76717148235498,14.002617202907746,151
20,30,3.625941827414642,49.77060130865263,7.906828490248588,85.66464102806965,20.90456510138833,14.994022449487327,150
20,31,3.800089348291371,52.5587606302279,8.63957403177091,81.12346915868487,22.578050534415624,13.777874562796436,149
20,32,3.717973070930408,52.46521967884538,7.985311863848047,88.18743745882479,22.95863770152628,12.93709017569076,148
20,33,4.065356316315282,51.01610401643102,8.443151201364815,88.8488037223652,21.37143242690721,11.234139194824147,147
20,34,4.318333260021922,49.859943170051224,8.246882988031278,81.85355074301523,22.34732080736032,11.627687917176864,146
20,35,3.648695278557933,52.28975984290555,8.413708188621465,94.01420664735403,20.829990864767353,11.870441362171647,145
20,36,3.852977973677102,50.11344522308952,8.408111018447224,87.56247254724083,20.661176506666326,10.140739245477057,144
20,37,4.591153961946255,52.10960622215207,8.373502021556572,83.89169857405031,20.05323256394114,10.223940887149048,143
20,38,4.257198114668333,55.87550022603146,8.14057077718819,84.38105215098359,21.60413200925422,8.88950074052572,142
20,39,4.726985584179606,55.35723640963392,8.427635907851847,92.69284174671465,20.651262705129366,5.840353754934688,141
20,40,4.303165049167922,56.30021189358583,8.368469899347021,88.01987257995016,21.888085435598384,5.844063270820531,140
20,41,3.155305561386168,55.64334901063807,8.337623437010944,91.6637427795322,19.623845077184367,7.382269182282366,139
20,42,3.4684316070857224,55.726481619412056,8.059499798791814,88.76471709696348,19.813424406694136,6.274503759709864,138
20,43,4.439593338055848,57.217953088657055,7.698954802617444,92.25414747051785,17.831705365689206,8.055259636510993,137
20,44,4.082939328479778,54.0256410022729,8.085350508623186,92.82950509589875,19.429497490670535,7.898471336535081,136
20,45,4.890023169139516,54.28016763820699,7.8645924483189065,93.15392585131822,19.345134300313088,8.36903958188601,135
20,46,4.193244603675732,56.89519080839269,8.0994497416146,97.12068727023363,20.33423625993984,8.145351732890273,134
20,47,4.937020616862705,55.8730562864183,8.320743864718054,93.88165945560974,20.591758278245766,8.580168735785083,133
20,48,4.997982498997236,55.63086386388949,8.384910569035993,94.50470430747045,21.116220594895857,9.898029905486016,132
20,49,4.189442399988051,54.70913977586221,8.356190812459143,98.87797372770274,21.458890997311354,12.830946049331105,131
20,50,4.259648346411868,55.688542202574396,8.350164040691084,95.72366839891619,21.081555280205148,13.97055495833628,130
20,51,4.026014138352478,56.66717934976659,7.982407504999023,99.86217429417178,22.022873380593765,14.069544193280972,129
20,52,3.753527025977711,54.37006227049165,7.812035806951312,98.426476632536,21.869284620397035,13.1830848503384,128
20,53,4.671009263704483,56.975319147201695,7.7959332603727916,95.05090616802315,22.592818707546506,11.265932586990793,127
20,54,4.506392467588778,58.129304775606826,7.873070149422447,99.94974959368867,22.448141143362278,11.266767761426784,126
20,55,4.750121075270585,56.02132352438791,8.14215348347144,104.10197707503093,22.244244879406878,11.43951390538411,125
20,56,4.514611604161933,56.9822598546131,8.153357669505288,105.02761130098774,24.15091082685529,12.241086585660863,124
20,57,4.362215084228913,53.08037100696517,8.161996138047943,102.47413884085756,23.56238256677845,11.999364195156492,123
20,58,5.420818676009829,54.21183041407387,7.8421181417595776,96.92045255831664,23.48220389628804,12.024264752558633,122
20,59,5.049851988457968,56.947355687883366,8.451036320278552,100.059344506613,23.29829571882478,12.671334847225562,121
20,60,5.182647166632941,52.35134947207246,7.692143210233402,100.66929965955428,22.19398149025638,9.570583604055853,120
20,61,4.702755277526567,55.467003238582585,7.771384730633223,95.17366301508676,24.735807880783046,7.526345294350842,119
20,62,5.276782992136165,48.69162500767309,7.832476737512759,96.24320247294189,21.47541894971536,8.768391922745572,118
20,63,5.38380117978269,53.83721697485978,8.063878624627211,90.6284443626295,22.36545709049804,7.3838326600315725,117
20,64,3.9407043697301094,55.686628910532626,8.082712463432268,89.68027617130075,20.875871759103763,7.677013851389679,116
20,65,4.881224632731017,52.98892578718737,7.978973226755926,95.56586306849181,22.809350204523852,8.753005994016277,115
20,66,4.867840174301717,52.8563000784117,7.6872919575768535,90.55558009012518,20.020917790413677,6.833735171496028,114
20,67,4.711742311154836,51.90084014292537,7.888415770992612,93.1909823440831,20.83582205475784,5.7067153914138355,113
20,68,4.7206286291686,55.724995464525364,8.218004115855274,92.29909035293119,18.939266665856483,7.202774410791869,112
20,69,4.944224594628801,51.79138789127503,7.987512554814131,91.44596148894381,19.227032754566544,7.990894979917952,111
20,70,5.385906925469904,53.46783453487078,7.601079477726472,80.08346046692743,20.26464264563738,7.563300443595958,110
20,71,4.694258405194283,55.09258427798553,7.643979933193975,89.90084569691014,20.877955394499395,9.574598828615574,109
20,72,4.6285641151520425,56.06678641422553,7.852994562543249,79.26790759227187,20.235146730123898,9.764357792669632,108
20,73,5.3509411052043685,54.60122120628233,8.077510412420775,82.3600296493201,22.7423141740201,10.63718724729923,107
20,74,4.955092427038071,55.78950096741916,7.728436101287318,90.01688264342818,22.505057523274647,11.638128957524183,106
20,75,4.704292779679416,54.40858520994982,8.166727970510511,79.83266679220485,24.30664509870064,10.18268375895536,105
20,76,5.199785167757472,54.24739009117081,7.920910321423646,80.99422560344064,23.543957008825863,11.994078333718056,104
20,77,4.975805671565709,53.86073214375341,7.802832949884592,85.79199081252959,21.982089506814635,13.36498895122215,103
20,78,5.849173189172473,55.71146006067604,7.912045641592924,79.09264599413414,23.70760399175554,14.858333330977638,102
20,79,4.813808259103392,56.22195958924221,7.624607791541271,83.67067125972933,24.128526715839367,15.262804180508438,101
20,80,4.263198100304198,55.94321485834353,7.5423196931340435,80.43871082304564,24.74549269924571,12.104652069586502,100
20,81,5.205838956678139,55.37731845599127,8.001993024991997,82.7880387873967,24.182625029028166,11.323240622486722,99
20,82,5.356667641518386,58.049166512760316,8.018601509017177,85.76297344004253,24.983795553417835,9.866536308270298,98
20,83,5.099926392167229,59.521109685625724,7.539584855049592,83.05789944504478,22.94747723315537,9.050162672693478,97
20,84,6.543207874616613,59.59156903129485,7.706225367840052,82.34682105400351,23.45397941493873,10.237429676520728,96
20,85,4.937715475148983,56.77424394907628,7.578112667743163,82.72096002655817,24.66615922803853,9.096180893974122,95
20,86,4.731244372937058,57.948043321679016,7.669402890719614,83.19286663663901,24.054046063595308,8.749027515424714,94
20,87,5.492896122528976,56.93093635562793,7.837203527468337,86.7316856861773,21.900002440018,9.017824458344514,93
20,88,5.235695528213093,57.711444655564236,7.85567428416532,85.14368353587903,24.17943783887036,7.547875305220087,92
20,89,5.896941124854039,54.64742346974922,8.169254499906405,85.38518810692369,23.5656526156658,5.635340601581194,91
20,90,6.206496252148014,57.247683056279975,7.583496394148036,90.59351572664036,21.339188452321643,6.398415609825975,90
20,91,5.0308086363843625,58.21727196165488,7.9331826681698585,91.63786920642075,20.17949673160945,6.140641213472556,89
20,92,4.850645530931634,58.696838048108994,7.8865917049837835,92.27129262145736,21.43308043800019,7.868776299522912,88
20,93,4.768285187340374,57.92488456049348,7.410570911087211,88.19918663410087,19.9493204873715,8.005504505202925,87
20,94,6.893610455658532,57.70061450491294,8.28297945727829,88.16993757730151,22.307183015617195,8.888166635149846,86
20,95,7.004701339130104,59.95936443872125,7.413379088032193,88.84050093581226,21.526878921131374,9.893006808461163,85
20,96,5.765597562067951,57.06935810333356,7.79029095959821,95.38271577442138,21.73676760616588,8.932571663814821,84
20,97,6.1876132366755865,56.36845713712001,7.592382169633472,92.07446877310083,22.36540395516832,11.192350111068496,83
20,98,5.338118008917215,59.304167115615705,7.409888798464085,93.6258245967688,23.29870245358744,12.253856688106204,82
20,99,6.210779867279916,58.2493538746759,7.987195948059486,89.69086627570132,22.292074680054778,13.977352517770445,81
20,100,7.045276596131657,54.86862156970922,7.8242732246655,92.17709790389873,23.751518156862907,13.306880567810559,80
20,101,7.497850507376953,56.13658220341882,7.8594490435213045,89.89752508809468,24.190771098289094,13.754865069858013,79
20,102,6.682157968184333,53.838914318257615,7.542838211060068,90.7061688115794,24.7444344067564,12.992605571869172,78
20,103,7.226548014757563,55.845556281728086,7.966219703799332,87.7385123265917,25.104759161810218,13.140056102382292,77
20,104,7.987619349082433,56.468611821947974,7.72938788340779,93.95242161639798,25.642076769434176,9.96822120259042,76
20,105,8.116591149705364,59.41074336228134,7.390759014424027,93.7898742779973,24.822935798309906,11.844199996006314,75
20,106,7.648829216850817,55.22276461446362,7.556276203054256,86.76115395813892,25.37682631873494,12.822723226794036,74
20,107,7.653595191136317,53.86225124424877,7.607615129741646,90.63925334139957,24.592385233062895,12.190921228739208,73
20,108,7.850605777469729,53.94178301722856,7.7611565088831505,87.64393034984292,24.17906529597509,10.625940245384896,72
20,109,7.559742956184265,59.931932454753465,8.394007426085798,90.94141244753288,25.532219670248622,9.272698032255072,71
20,110,7.280614964007313,55.4692366881967,8.076020835450892,90.66932026431765,25.323422846392642,8.304467840615406,70
20,111,8.770117242153242,55.33865294338308,7.872850606436488,84.79653324876156,24.614387918861027,7.70855156616583,69
20,112,7.8933965412346145,55.15867413543444,7.480257983650759,79.72733970607399,25.374866905980184,8.385560147344089,68
20,113,7.114212944142592,56.131084415234646,7.352520982509507,82.40962367866922,27.199888743521292,8.225135107297564,67
20,114,7.425900648456187,56.73616510497406,7.719032028296898,83.22535402963585,23.389067843007524,8.432874696949739,66
20,115,8.430520378756498,58.906416315225854,7.863856761790321,78.28234567167132,22.640162426993786,6.8371339371906,65
20,116,7.578375554224969,56.32670244316718,7.195827937196612,77.8736735350499,22.771630584810115,5.860946909858406,64
20,117,8.828585240403283,56.79356498343142,7.791875435575815,72.60386671716478,21.75664109566889,6.205913120991637,63
20,118,7.4369995869646806,58.8836369265122,7.265233503007367,76.4658531272535,22.113935290129895,6.721991905353898,62
20,119,8.747322354236266,60.08155284617316,7.566580563032124,78.66723746154116,22.44871918430401,9.696244359967057,61
20,120,8.278169940829521,58.37768023594571,7.549539231609921,74.39809525248903,22.649341260579963,10.920489514598048,60
20,121,7.938682846665509,58.845185785604436,7.696479440248954,81.65726291544739,22.735038880806133,12.286744361384361,59
20,122,8.248608371517179,59.41793956737177,7.211480118553066,77.36500131654984,23.21850247037349,12.068778969313682,58
20,123,8.623673848136448,59.641633902161026,7.813699648779728,73.77614312007314,22.5237767547968,12.094297428355095,57
20,124,7.8760586142020825,56.84191490274379,7.367337541377097,74.77059207953425,23.992289460915217,11.032711379852069,56
20,125,8.067568476858533,60.92090515173519,7.333409667399337,78.30988920354562,24.528304230785157,13.425299445978572,55
20,126,8.628891203578313,62.36842480213262,7.612039268329185,73.720968610972,25.014356901853823,12.947017538562738,54
20,127,8.165191820949527,62.44928589819957,7.509511318808445,74.31323253903892,24.502314445661955,13.293036499395722,53
20,128,8.211014418704307,62.11363552024824,7.368374335734034,77.24209759651056,24.449969785870294,14.249200308279168,52
20,129,8.41155938780402,60.93281620266471,7.274946302049164,70.32018579683294,25.22367984422786,12.768867325254286,51
20,130,8.594831301663774,61.084567587740366,7.400216163846243,77.16414515236002,26.725053455142966,11.568726115495798,50
20,131,8.235104872542122,59.67480231292131,7.354127789062758,75.11455957685203,25.337833950057057,10.465972469820665,49
20,132,8.558545915313791,61.096710978920285,7.106082717939706,84.61395404417394,27.680629498409246,8.63297199261855,48
20,133,8.205152667530779,60.44118413739469,7.320988684670042,78.71547016761086,28.27190760866135,8.517018801026442,47
20,134,9.627073257066563,59.40295034297061,7.613686166048242,83.64666148223789,26.267065293867695,9.067546909056786,46
20,135,8.723431591243159,61.64989143244225,7.322899915595983,75.38780005276493,25.34944519677627,8.209613191897727,45
20,136,8.594197227721825,60.43316955692475,7.016440509107746,82.2158815108535,25.027607038753697,7.68913353764806,44
20,137,9.309981066088824,59.67991738377132,7.263164604904,82.23514535092299,24.12043664377267,5.206074919795751,43
20,138,8.706763594156962,58.54197754184455,7.349674067299286,85.89604597102759,24.498178909512596,5.738400554531065,42
20,139,9.649813339225085,59.12702621680707,7.312537564603682,84.87560370907667,25.080780313473436,6.844264830494569,41
20,140,8.550579644138585,56.97704803943469,7.3668625945003186,77.65724331150165,23.69765520416584,7.8569453824483055,40
20,141,7.986446927404093,57.0432384601299,7.640286193408517,83.54760797794268,23.080213121928836,8.440022331515753,39
20,142,8.657341480437792,58.69092600539815,7.633331400242482,78.54527701885064,22.081890900374162,8.692144240928277,38
20,143,10.071011585900626,58.39528844121088,7.009614769641364,84.4423126839282,24.99442203742671,9.217203073658306,37
20,144,9.54921333202463,59.35048712488002,7.268605723414158,85.87373101891524,25.01184118297931,9.853730984323505,36
20,145,9.609218747901085,58.265844668443314,7.183148783366037,79.52394345633992,20.566495129931326,9.167832692961637,35
20,146,8.958857575883227,57.05195500321331,7.170875529864838,87.67320802415638,24.824298076974742,11.23546276865218,34
20,147,9.313629483325421,58.44123100579204,7.308750658884715,84.08148109953824,22.63101221807687,12.199465167001103,33
20,148,9.627904902315128,57.01335130190932,7.358714644784444,87.58147248826008,23.887406089168508,12.166499758858988,32
20,149,8.544089309684198,58.36229645558403,7.326682207281954,78.42995153123118,25.09596158610968,13.512390192045796,31
20,150,9.126780603855758,54.77396031504257,7.094642453862397,84.68069630631898,26.31222024992602,12.97937075997415,30
20,151,9.701729466721567,59.41064620802475,7.170409795413695,83.74391370184627,25.812811115620764,12.815010526170104,29
20,152,9.773832551582071,58.041591878989166,7.189724045140273,81.29885581644201,26.26110527226496,10.442556764693718,28
20,153,10.159073045301628,59.23585950321054,7.248739586479237,85.54981714392643,27.40337414667245,11.262087844384183,27
20,154,9.207118418373671,59.435247106626605,6.84780790515032,79.0217602753795,28.9802685673206,11.04579052481995,26
20,155,9.549778377286092,60.66408352929457,7.172648248320467,78.7923321988897,25.298776595297284,10.921889132649552,25
20,156,11.359787122640537,58.949408501171334,7.417775945896101,80.59132787579173,26.5744016020955,9.879666601137846,24
20,157,9.563800950449227,57.44063900082856,6.857904700937953,77.87502622781595,26.994551907017932,7.693499922831531,23
20,158,10.329637393554538,61.375275505301126,7.252131296738165,77.571682966642,26.696532023578936,6.961601065465036,22
20,159,9.982737420459994,61.980809413978825,7.508198188722496,78.22602041755114,27.441247902885546,7.409538798321187,21
20,160,9.193059963597594,62.314089394966814,7.341180228079906,73.30330987403032,24.720179265582846,8.874362484044283,20
20,161,10.379007134753623,60.003986289725596,7.241082853822948,68.93865096046746,27.749010902468378,7.851483303925601,19
20,162,9.030788009631367,61.970676009709734,7.175849173245003,71.55906931514319,26.028974873805257,6.98045234097322,18
20,163,9.308877632315346,63.0608761599737,7.074884935879164,66.1688468358682,27.337396629300592,9.7406064138532,17
20,164,10.726112099901645,62.23972802832521,6.9754088314330325,68.79277691220923,26.311270463782087,7.620478632425361,16
20,165,10.386411657525477,63.782162865002846,7.015728876888629,65.73584148400128,25.208488465502548,7.6889382850211705,15
20,166,9.885526012052305,63.073328403664284,7.419155274790578,65.22604061214872,25.792227859885816,7.735515508306814,14
20,167,10.48280551707764,61.106556746698814,7.17288428879483,59.38660737891104,25.16245493327049,8.879430709102918,13
20,168,10.58500162346336,65.05768090997307,6.767241304143085,75.1510490992282,24.742548164488944,10.125554379056604,12
20,169,9.667415729643906,60.62767970723164,7.41612973041522,62.00936965749367,24.21625755938394,12.35059733300025,11
20,170,9.027038078378494,63.452881780089136,7.168566585976488,61.52662092126464,25.441187450024447,10.182421640587624,10
20,171,10.548016112412556,62.51486894941648,7.010798517217183,64.03064097812053,25.49105539092178,10.892529028458403,9
20,172,10.235233201616904,61.803473128170246,6.9088727823417795,69.51100406748955,25.768837233577923,11.665302150949389,8
20,173,9.983138622486965,62.21807036473834,7.057442753101747,63.877916902503095,26.33018713281483,12.556948574781902,7
20,174,9.793760503000613,63.05094059879568,7.351660081292641,69.99902271806893,23.84226979767538,12.261459718409364,6
20,175,10.135834385951464,63.248228977212804,7.279259160395307,69.7424258461342,27.530528888662097,11.576554168200872,5
20,176,10.394063883095875,62.62686909840845,7.2557641739980285,67.35555678614355,27.436622953093533,16.152657008863095,4
20,177,10.371065630568447,63.260249280416936,6.732492893789969,68.69043204833555,26.658637989595956,14.200022471574552,3
20,178,9.60276863350965,59.79589582137616,7.357062210785254,70.45623500535332,28.606872417933303,11.70661615785068,2
20,179,10.77509451958164,61.37835649204342,7.0324295798718435,73.6402858683505,28.777423696746162,9.704798157856537,1
20,180,10.58072826435841,60.1698488795655,7.172449015511517,72.81505061923211,26.846112991743944,8.870102260419657,0
21,0,2.5101545330208346,51.58706412099871,7.977073390694216,107.9099829641348,17.73808870001081,10.173852587634306,156
21,1,2.7577311739659978,51.06712021106654,7.900988238345651,107.19896880391603,17.349001097840077,11.759187100830946,155
21,2,2.973569743909307,51.27585284313726,7.81286763809121,107.4212375895392,17.420282474597908,12.667761972464508,154
21,3,3.9310467829700353,53.41595948199115,8.30837747719886,102.0640224963764,18.38269192067655,11.98629099821366,153
21,4,3.606056707080613,52.230265557661816,7.892544258221312,108.3763009457217,18.507663129912952,12.823598028131423,152
21,5,3.6281122601271756,51.66137400516315,7.950067779176726,112.098837207887,17.91346422419494,11.688315173914349,151
21,6,2.684377082770944,51.900531054947834,7.93563948551986,110.93647793323892,20.076639856141906,11.266550690848765,150
21,7,2.9674806730678993,54.58390311730789,7.563835817997292,112.41072121187413,17.333434458674425,12.375653081385463,149
21,8,3.1739084631146515,53.54265281803892,7.891810557290493,110.69594359822325,18.980393124692473,13.199666209645939,148
21,9,3.108560361807242,53.74904353643449,8.194103391825958,111.10242074662234,20.3033551426836,12.586531028856069,147
21,10,2.421119226803427,51.89210819604129,7.664430348264382,111.8565918598775,19.716015310184645,11.225479914453304,146
21,11,3.0982562283750696,53.93321422990679,8.108432742044421,113.0553658062956,19.989628151905123,10.457997161000897,145
21,12,2.043616540975565,55.552774074263255,7.8891382598346755,111.44743161304282,19.341169109422623,9.067301229126079,144
21,13,3.625232174504871,52.13409991378692,7.7868569703638055,110.5173205363527,17.681641073621776,7.875874316670848,143
21,14,3.3378019691570056,53.687342479729985,8.197878072445189,114.44990065756392,20.416193012620326,8.670967569532278,142
21,15,3.202823018309969,53.64621221391277,7.812620099958974,112.80507146659761,19.630313602680197,8.055784406625136,141
21,16,3.953475179101564,53.44167673696148,8.07835860755401,116.07082431950307,17.085843616758552,7.647652679261643,140
21,17,3.9709781341183166,54.546088976581956,7.197768036439553,108.90158094385045,18.748860473748035,9.127402211707405,139
21,18,4.468840704334918,52.78801270834705,7.503883577417473,109.4537609067853,16.671545217657975,5.780689146596981,138
21,19,3.5366129787764833,51.69379171586984,7.752018699196931,108.28252312017007,17.38118074134898,7.569355598606462,137
21,20,4.211314703789332,51.085859318684925,7.821932579234055,105.44065312839128,15.733357426950148,6.634341270132947,136
21,21,4.915144418688985,52.04304541146254,8.172335882486655,101.53001851925139,17.97312288035865,7.716948621818065,135
21,22,4.332467244192515,48.51968382453644,7.937236774881646,102.61951582302574,16.9474378963958,9.662516116195876,134
21,23,5.285195550085037,51.03803327704249,7.919391652342508,106.3935120499117,18.310119728324395,10.779740596105624,133
21,24,5.552156188027412,51.64498802211981,7.670670961291203,108.57951153402139,14.871161314682984,10.084891750450998,132
21,25,3.5045093391799935,53.675114717249166,7.477733424409012,107.04439693782454,16.51958565707093,9.296326801847885,131
21,26,4.666824087783865,52.055517154326914,7.775267794676445,100.05615139568617,17.22688570921316,11.007061211646837,130
21,27,5.046674971599559,52.28591344636823,8.134643886203897,100.78904441743313,16.729496025525457,12.254716487494685,129
21,28,4.219064274315551,53.67126781057184,7.536479604766422,97.01361676206903,17.43050535074789,12.204148754409744,128
21,29,4.716416299756466,52.86023968710028,7.7712543911988305,103.6225976202324,15.680550272351452,13.430507300685516,127
21,30,5.013693206167918,53.14588184460482,7.6767982890873,96.35741977303397,16.401779966589526,13.52280315478659,126
21,31,6.924852503543701,53.521626619461266,7.086425582222261,98.98246046697092,15.245999209582363,12.57738651442013,125
21,32,6.780585271415056,51.80209292214711,8.034337926638122,95.31217987935402,17.811881048457046,10.659002448658613,124
21,33,6.123217378711643,51.652319390732835,7.835742513867263,93.9187444354973,20.757241246073004,11.446573023689124,123
21,34,6.9858325024548416,53.448521079897304,8.170221070608614,95.92299676243748,19.922892521610667,10.168126939568504,122
21,35,6.984869454175134,50.50790534517114,7.923570903121386,93.836015809444,18.74882757835081,10.215604793848296,121
21,36,6.39591538833629,50.02265335487659,8.310648736327012,91.93591622849665,17.91403479577821,10.089815058798798,120
21,37,6.403577280778126,49.1524042744153,8.061848138862374,93.27460583529857,18.37576911881432,10.133375881907536,119
21,38,6.466128874621885,51.71907719374641,7.876373285099052,100.83956739695408,16.694189977320033,8.162362943650113,118
21,39,7.114155840381542,54.045576869488315,7.766510700516718,92.7863561370552,20.55712200675827,8.646859097321792,117
21,40,6.106368350719039,53.668108734256876,7.810452433826964,94.73892753213794,19.992475015976222,7.927626447430174,116
21,41,6.026189110318329,54.00372166547805,7.602075151414528,91.92446023796158,21.162109978765585,5.444645918908926,115
21,42,6.184309869647364,49.5238102378909,7.70468531997468,94.61392101251491,21.910337740403385,7.876254012827325,114
21,43,5.819467496568292,53.201554394744925,7.164988828377084,91.91928007848873,21.643141955666245,6.680766703939109,113
21,44,7.161547784249019,53.961800134406424,7.909374680637737,90.51277028727733,21.075353806049833,8.955889669225348,112
21,45,7.01232580298517,55.64941458528698,7.913537138042379,86.6136514684481,22.022491325840612,9.093000030839509,111
21,46,6.923082417156345,56.050868177363334,7.623429950116959,86.1780657239039,20.602273235647917,7.126382967221708,110
21,47,7.440192485697588,54.53245003317264,7.517579572370178,86.29700705633259,21.384242307930865,7.995636130309658,109
21,48,6.331463945702625,54.1384512701733,7.1696738795055905,90.61544793148857,20.564725270478714,9.769352963398664,108
21,49,7.243674543793816,55.692085515220015,7.796489850586257,85.58393000882008,21.53390699824732,10.60005709444717,107
21,50,6.096713366744499,54.92780789111319,7.708108649107053,90.662894427534,20.89015124217277,12.004063894008992,106
21,51,6.896518029841227,56.10718912246917,7.867589483834878,88.56193991264675,21.02649451708063,13.668186933262541,105
21,52,7.54231968293442,59.46918843314565,7.738249144692336,86.28768408892996,19.531549816853598,13.37320303805714,104
21,53,7.637066777814018,56.01133910928453,7.441825128774435,87.40775259947381,20.432555400951447,11.786281420632784,103
21,54,7.485364666266817,57.881545131897305,7.175098583040774,91.05492964816952,20.45656332453922,10.9577492477318,102
21,55,7.493042732965138,57.060084899206366,7.558775737467131,90.64328795809733,20.177088093141332,12.519215634979519,101
21,56,7.963576702195613,56.291687745423616,7.770072025067329,90.60736715418315,20.012940828018152,12.01153278592407,100
21,57,7.8434305419504815,60.53726162498619,7.173740750830861,98.77008240433338,19.04490461578763,12.533781368456872,99
21,58,7.429090935915173,57.112542482274684,7.668123515090896,94.39146356247318,19.31252446997098,12.12604930880156,98
21,59,7.2084304218179325,57.66681016293367,7.462568860983607,90.85837910181485,16.847735692690563,10.86861387425912,97
21,60,7.848612756161993,57.641382182036686,7.271202765760759,95.84402046753914,18.06942129519634,9.279303099568455,96
21,61,6.981600419869462,56.07616955315712,7.50862214171603,88.73473133043778,19.18456363573107,8.776998078688674,95
21,62,7.015338996321069,56.28877823371643,7.7960942274218334,97.33026993199158,19.236020675003342,8.90709447883249,94
21,63,8.260273862052493,57.07803145517611,7.176382920450714,97.94688742485492,19.18707259448691,9.158836914451747,93
21,64,7.2959606879679315,58.14973278734668,6.936528942407918,98.76485057783054,20.500990864577687,7.955540939293963,92
21,65,8.28879915603898,56.14203218455206,7.509420477494352,97.26349684969081,20.858270348227595,8.89744198213233,91
21,66,7.49392443068679,55.828999682883975,7.419282130516512,102.94517056181617,18.924121807335556,7.808519307195615,90
21,67,7.557563819421817,56.9540003216734,7.378588311182153,99.11710945982676,18.769929745036194,7.015515433164841,89
21,68,8.154514668102824,56.59931340609918,7.004145156608698,101.45618116145924,20.363041576553876,6.7024841338767045,88
21,69,7.679438466618095,55.66713683105334,7.528554853252852,98.23095596519126,19.89979758784139,6.777202294506345,87
21,70,7.475952734778031,56.297931042394424,7.255294561581299,104.02081827468734,20.117307038314873,8.765452828969256,86
21,71,8.213671326708607,53.81475039573736,7.179988377157859,100.0175490675274,19.252476293867804,9.646290105568573,85
21,72,6.8076632681850215,55.63761591569156,7.665152143234205,98.2172435150874,19.649209274305402,10.688462082133542,84
21,73,7.9889597277317135,55.61781744716073,7.729563948863589,98.57732913712347,20.138513445577292,11.452307636740644,83
21,74,7.552041961807888,52.860303997053585,7.845819933952695,99.8438631632467,21.64399814605743,9.992080960056452,82
21,75,8.52122882183857,53.07659858082875,7.318572597835099,105.34108007334726,21.45202229769544,11.530650419971348,81
21,76,8.628650686111818,54.34720206568866,7.178032912044357,100.78841564990738,20.108468391315704,12.107837785515608,80
21,77,6.982822509938763,52.12438293474703,7.015827219166862,95.19761268123608,20.479632248144853,12.52810743748986,79
21,78,8.329495010723832,53.29838386487243,6.925893057901945,100.83064466953053,22.824336627881767,13.743309893551794,78
21,79,8.614741711135363,54.183553727965304,7.597533933073495,94.83801075873123,20.94429760298119,14.081943440482052,77
21,80,8.28890498813134,54.434859111621314,7.363420177285771,101.14042959139634,23.95654750952263,11.948789015483564,76
21,81,7.942612114955056,56.24013323602955,7.285089016622983,95.71907395747772,22.868953881526988,12.15611770811563,75
21,82,8.838043522755894,52.980384605600975,7.251983896316048,94.62916577462563,21.329518928473995,11.114922897747025,74
21,83,8.41859419519093,52.79602718411809,7.054238373340068,91.97976193240063,24.490146047903202,9.678252655566874,73
21,84,9.183822200731836,54.91797033428646,7.380910084038284,89.29990315751535,22.29033070690201,9.78685332419125,72
21,85,8.210976676657305,51.963327352301526,7.315456101588742,92.17836852905955,23.23643240546741,9.055144218971977,71
21,86,8.826471177497417,54.20766689175451,7.189206163535559,84.92965518397455,23.193580645215924,8.81046118113075,70
21,87,9.117043677545837,56.213148273293854,7.0611484237355215,88.21422434573063,22.907995761838528,7.893560750580077,69
21,88,7.979061937627766,55.74427319429126,6.673720737808619,87.97061466831882,22.204990948451037,7.550246403553712,68
21,89,8.07270015012306,56.929045135896196,7.528545786610883,91.03007057881766,22.67470384153771,6.858285786432587,67
21,90,8.632538791191775,54.81613244024558,6.747728226891553,87.18334009088233,22.25106221515643,5.875059039796559,66
21,91,8.29596030524377,56.32410495833344,6.938026432694168,84.9996357021434,22.98997937932584,7.3833231742348655,65
21,92,8.987598353771283,58.530466958263816,6.803838873917859,82.22670718641383,18.813977642689853,9.486598623267684,64
21,93,8.430256091365122,56.634301285319225,6.86612977028576,77.40825000883666,24.197157458216434,8.06051367447339,63
21,94,9.165254021443257,57.117503704377086,7.725044976015629,80.60820704457575,22.633528048927676,7.9710969971284396,62
21,95,8.93221430390561,59.24407580696322,6.988646873864149,86.84841501829303,20.122462744008782,9.437792417162374,61
21,96,8.669931663539963,57.46260680730721,7.013964021018429,81.02558497626582,22.28876976125142,7.803445666067555,60
21,97,8.442034867571582,58.13139685059087,7.089346500301426,88.13638748487176,22.46071289813895,8.659851690771138,59
21,98,9.0599566407942,58.677918304503955,7.387469486765532,81.32125633654535,20.180915016947225,11.820261991611986,58
21,99,9.14516524710259,60.11020609119301,7.265805211365873,79.04387691283624,20.780516914671868,11.854233552804423,57
21,100,8.468719352449877,61.129221640869154,6.960520031250357,84.69022022331852,21.192992152011932,13.633438319046133,56
21,101,9.073301010691736,59.92758408580759,7.226727024151473,76.85808003472303,19.39230090378796,13.247276285176019,55
21,102,9.330963715778491,57.39011662323026,6.782574613880848,77.99768365899718,20.49124387870029,12.017277145582526,54
21,103,8.947984951703113,59.263415296071244,7.088906667363899,83.34550600853392,19.08986849456617,11.721185495779714,53
21,104,9.844258761537667,59.226567654516856,7.4063735543705365,75.55364539069325,21.9050197388464,12.584466049674603,52
21,105,9.26489601060981,59.16702106548015,6.906792281479626,74.84939660385271,22.663405574561445,12.795820601528494,51
21,106,9.126721111797673,63.062155535313025,6.987942885342857,74.19276747627725,19.976922047423063,12.304929184589932,50
21,107,9.523141286963572,58.071213399303176,7.0324174421625445,75.53587473599435,21.90542136064946,11.903151888573989,49
21,108,8.504855555271742,58.80502113980356,6.688976972127607,74.61718619501933,20.715112603839632,10.21003137741852,48
21,109,9.689089829087088,60.15820219747657,6.655950298984852,78.19864366052221,23.278515933446833,8.304939299307446,47
21,110,10.04188567056769,61.79315828822322,6.546189776163761,80.59466549851027,22.232044652564788,7.5948479467497165,46
21,111,9.190592788850237,58.04688831257772,6.47554054367337,80.37887528444368,23.858584517316164,6.8256569809120915,45
21,112,9.854408211383205,56.63344083884416,7.038125092431333,79.69524621009776,21.822604123590246,7.290004014211109,44
21,113,9.56912734930625,60.345031262410984,7.2710961281013615,80.59056734520492,24.532523531405705,8.80838323058003,43
21,114,8.712207860902456,59.71835495554827,6.67886557510349,76.27426391889395,23.542446791023597,6.7893423142186275,42
21,115,9.695090762014907,58.643195830973845,7.069018074965235,82.92373855115105,23.510303689059793,7.885046218297626,41
21,116,9.400529870282877,58.31464411726462,7.184159540170199,83.18928387628833,22.38868693630385,8.60740023995287,40
21,117,10.287858416358322,56.3461912755146,6.799698941287225,82.11658292407407,23.394345009505553,7.558952070202326,39
21,118,9.672708062493708,59.89960673927608,6.49923981623423,84.48626092355991,23.03342990118643,7.485668063044404,38
21,119,9.483927159294952,58.85838016686845,6.648642470338354,80.45276576046619,22.231997231685497,8.45677044992855,37
21,120,9.589423602321814,58.657387931072094,6.941224862288709,84.29762510601489,24.29754000896389,10.543977052285273,36
21,121,9.772937387145024,57.67952712832195,6.499270737851241,85.37154571784579,23.348684405048697,11.64686051598144,35
21,122,11.51404463702951,57.3102801981827,7.0229875904830426,85.38726404667601,24.36077609403748,11.959928898319758,34
21,123,10.316877489222676,55.21196513686904,6.737819519262581,81.17173827864885,24.517883564777723,11.662942228965498,33
21,124,10.353120374762167,56.268491545746336,6.449824606411695,86.50847477434124,24.371193435806955,11.364001266873474,32
21,125,10.161192344213521,55.67783533706231,6.590855143300235,86.8873817834759,25.000680561713224,12.635218235193452,31
21,126,11.096240361489926,55.50534426318734,6.771468890394679,88.96469231763078,23.828071433111283,13.284542101988558,30
21,127,9.89170671426183,58.44744373099323,6.913848292296273,85.9016257167507,25.629182091900304,13.81612603847191,29
21,128,10.016934673941499,58.75112714160219,6.73633402093468,87.85629940393638,23.029055895554794,14.168038818300063,28
21,129,10.649359067995068,56.451665504025044,7.050760572541674,86.29281301106981,24.241261791266233,12.498979715313812,27
21,130,10.2704161759794,55.92560430500898,6.537328779367234,82.97243194818508,21.88864923682945,12.183313659452148,26
21,131,10.178734172905724,58.17821373606138,6.791290112022063,92.62976711267424,24.076844007825827,9.546228196641476,25
21,132,10.085598704474716,59.09821752002942,7.029520712904867,91.4269590336083,20.91834108912997,9.748961322445666,24
21,133,10.926585241519977,59.828084870134994,6.8935067232737035,89.72052169028768,22.338283093122136,10.469245614025478,23
21,134,10.360098451325326,58.46890738427178,6.972047927921011,88.82257776754446,21.69414160269772,10.745816053486584,22
21,135,10.698984415184153,58.28489268113482,6.717402255452105,90.22915256469467,22.76654322870622,9.484555344514808,21
21,136,10.428888653983126,59.95548373573645,7.098441243587984,85.42594667302122,22.289764536313783,8.049047525363369,20
21,137,9.911728480476695,59.379621936050604,6.6772488290496765,87.71001502744858,21.463101503231034,7.263435068971537,19
21,138,10.999756510625033,56.208190188585604,7.051610519378846,82.8986703474373,22.933386361597414,7.178675466851941,18
21,139,10.096111231182181,61.95690453848301,6.925273467881413,84.34892862858806,23.028941991267054,5.292152255956198,17
21,140,9.964837184933604,63.5319532956343,6.741118392326199,88.17168227446274,21.483726718188404,6.9234162697951485,16
21,141,10.660869365323848,63.36296772467736,6.571937881612143,88.06056406866344,22.928191114911034,7.863886918796485,15
21,142,11.129279064812547,62.62197342691802,6.761649007327893,80.31162962687397,22.85646766200452,9.994056348660095,14
21,143,11.251410805734505,62.29308740007243,6.609821736867118,82.37422408078103,23.660268750557748,11.300926316201988,13
21,144,11.874374285415271,60.19582655029364,6.62935051692311,83.28519940216532,23.244208425785736,7.915527913498164,12
21,145,11.05266883063534,61.811480526685564,6.923647914247646,79.6948791813375,23.051985717520367,8.807719351213516,11
21,146,10.603430652913925,61.95637701795178,6.505436025964456,77.78890931220047,23.751773929673014,11.31743034583318,10
21,147,10.19555391154114,63.831547921568685,6.844305407649841,76.33327008462635,23.07054089634514,10.655985536776708,9
21,148,11.019264563107853,63.644807282536114,6.532466687220298,71.85457460107946,22.399413135810263,12.95299620477227,8
21,149,11.573506695376913,61.12763506718539,6.725809026642825,81.84125787697383,23.446173793422275,14.675949591522432,7
21,150,10.557888358809937,61.26936490618311,6.295454097080336,73.35826571098707,25.343540190620615,14.787049663861835,6
21,151,11.496276521516176,64.8305771343223,6.294730209003604,74.45727267221329,22.60466357832319,12.390863326223325,5
21,152,11.435633218650317,63.10690470902555,6.358736591054025,76.43074226115563,23.06107490703531,11.929363059961338,4
21,153,11.262281495914674,61.39466574980777,6.788717855193941,69.20046326321405,25.758047724710224,10.47848208492542,3
21,154,12.079977791403447,63.1712368744913,6.73407973016356,69.41311661912071,24.90923268392305,11.244423530026946,2
21,155,11.599831524462953,59.4266204915123,6.770136718134737,71.74895043784234,26.944232872818777,11.725504422856496,1
21,156,11.980040996095887,63.891086127093324,6.629724492117107,70.14871371383656,24.980361973363685,10.21768481513611,0
22,0,2.97618622476801,57.88831381835576,8.022879789338635,112.69508951145188,18.750136456374406,10.66693193865283,204
22,1,2.8049152231880687,57.35954792316617,8.25554410551603,113.14452092309725,19.68905995722533,10.895339203316142,203
22,2,2.7081249737515862,58.81526650936977,8.121262351284921,114.93969629025304,18.62398209344865,12.635831439261935,202
22,3,2.6689319408925005,57.889735988703244,7.964827115407551,109.02766637657709,20.193224142940117,12.750347142003422,201
22,4,3.1990510445150306,63.66259572739326,7.700475553430212,119.72388551947554,20.3070406540078,12.553130276610759,200
22,5,2.2117701930099973,58.6859037343895,7.508775268888551,115.41282772450647,21.051218493764384,14.464999820496383,199
22,6,2.978867780282965,61.1944486886974,7.7980902841168955,122.94767808387178,20.465492095422835,12.045239073595775,198
22,7,3.7670738672898,60.42499778393526,7.505140771887922,122.61038092611814,22.917712886344187,12.131568628631536,197
22,8,2.4994249287496104,60.73734380045306,8.030208780264644,115.82611158567107,21.243103181406717,12.933424499827257,196
22,9,2.380166327726097,62.44351638963627,7.658860656452605,115.12082167832203,21.59172871401911,11.518848994962077,195
22,10,2.8858929131533175,58.631915635692934,7.986172470213119,118.47945959216567,21.273522340661195,10.33488787599439,194
22,11,2.723172483697791,59.92803144868446,8.17636023002143,122.91582408516949,22.3428430928456,10.474536086602523,193
22,12,3.760210995737342,63.65710696850166,8.057334921303426,121.15199264914774,20.82319948255411,9.081753740855829,192
22,13,3.5380606826274983,61.739049579005986,8.04767503285426,119.37861009028626,21.481825944998736,8.121145476484738,191
22,14,3.2658659273069093,63.288158055367376,7.650255720637314,123.45658267904307,20.717599012774468,8.70605722815662,190
22,15,3.675684324150457,62.12345903321234,7.793398970078084,121.54423837529282,20.91609556880002,9.322395759546676,189
22,16,2.712462429704881,60.05485347776451,7.821182893517131,123.46163897826318,21.904824207048208,7.657089579013181,188
22,17,2.5943462225886305,61.72362433511716,7.5275927125537185,123.85887217917661,18.151465420502245,7.717016920373025,187
22,18,3.1454390029181933,64.43136979713086,7.8933852724038545,119.21637890681451,21.711214866414565,7.525563167365091,186
22,19,3.273716984324807,62.06733331990963,7.300028269905044,116.74580888181303,19.585232137852277,5.2425226299596845,185
22,20,3.8661276387108217,64.13342167475227,7.903432244656634,123.51481318673012,20.108887241288805,6.050513581271275,184
22,21,4.2896433982664846,62.820236450475434,7.91156258830255,119.98374844068722,20.756342822252737,7.938591728375891,183
22,22,3.6317723599908476,62.83692673005599,8.068097093185857,122.88539651570292,19.387654409956845,9.504437110464126,182
22,23,3.4086075481563247,60.07962555065646,7.828375727973519,126.771097999712,19.52855707376671,11.467049253434098,181
22,24,3.872553205927648,60.543671607399965,7.569092679001414,121.48076930622642,19.862853783208195,9.94862445452501,180
22,25,3.9776807416175113,59.833089192474425,7.788068149003108,115.45993720570918,20.611264264974924,11.2600757067976,179
22,26,4.241455420868894,61.23522500398029,8.024520344451629,115.81566727617925,18.430774080858168,11.22067626617372,178
22,27,2.8799151099202045,61.16034318419816,7.4973235040248145,109.79813637938238,18.834015740382654,11.84291367849358,177
22,28,3.9278193965729575,60.44116507860836,7.856346648609034,116.23269396484598,19.37817795554856,12.012423394080628,176
22,29,3.2005587083952127,57.66451172443372,7.535507986548938,112.86014172282538,20.78281424626393,12.225308373608664,175
22,30,4.295944871299327,59.41010058752632,7.5449574911908055,109.17812456726034,19.131025040240935,14.046989126762462,174
22,31,4.119061209866346,60.03028184336758,7.785418624900924,115.30840251168812,19.09077742485723,13.182425196611305,173
22,32,2.9136258077785344,60.65307064157957,7.477033685001334,112.6568483792662,18.553588194923375,11.903630309865427,172
22,33,2.9966677339980934,60.622577088167674,7.595627488949403,112.53967828059153,18.263908456282003,10.26901853209449,171
22,34,3.699647403847038,63.049772284732065,7.5718540593445685,112.7715261320471,17.19482180971003,10.759996447104701,170
22,35,3.7414583219297626,61.11340920024179,7.46133216116261,104.2584898489664,19.40606940702341,11.429543168782972,169
22,36,4.401413696598851,59.495618018916375,7.92480709805547,106.47037806086585,18.906790820592946,9.980245888232355,168
22,37,4.52849946283008,61.24070129273695,7.538256397765057,107.66799003723253,20.71913113112234,9.382321878770451,167
22,38,4.697933957026509,59.51230953343402,7.664656262298781,110.56927376802302,21.109105905141167,10.20047054724159,166
22,39,4.053413071557343,58.78403564493956,7.809151876941543,103.07080892981233,20.902239256863293,7.673505607421813,165
22,40,3.667917625508256,60.07870029522118,7.676070693566265,103.00540738442467,20.93748985496094,4.978940494866278,164
22,41,3.518856559487352,62.14453875129735,7.42094703588713,107.29743622379077,21.291947916541403,5.962843876279842,163
22,42,4.025686125502398,62.83940837385325,7.852269897586424,106.9220264529065,21.99919382795285,7.868689925788358,162
22,43,4.040805146738626,58.47742901565962,7.442003496930219,104.55257187715004,23.711508753359507,7.778933779624719,161
22,44,3.8891155477705923,55.69373011787759,7.331828763869905,97.87358900054275,22.191935112067167,9.497681063921641,160
22,45,3.7345227803955723,58.051278682851375,7.563967376238102,99.4178319013312,20.98941288332006,7.709896125865703,159
22,46,3.3633079089639146,59.75766472887523,7.9920482156550205,103.97442468552799,20.945359464580054,7.360764453746405,158
22,47,4.42195503080834,59.00464886571625,7.690593193941639,103.25959672695028,21.85638095549928,8.311196040150232,157
22,48,4.602671291192745,62.11817830842264,7.6321398730834655,97.30843132342456,21.543600634278548,8.624933272009878,156
22,49,4.76078702030709,61.8301092648814,7.653403910878828,98.47144693638387,22.003550034055234,10.52031879133701,155
22,50,3.970560829160068,61.21169261446498,7.937857889386833,99.5024082885461,23.874260797324613,12.818402468197595,154
22,51,3.41455855002719,59.2029220117508,7.3774550677165625,99.48573714286596,23.878707400998263,13.535075224330095,153
22,52,3.3088487316909156,64.09537701931623,7.2377084382029535,102.46654643621123,23.258159228894247,13.361526602652054,152
22,53,4.275399061451385,61.57480957439292,7.805213505796755,93.68426682937142,22.04059465295473,11.942712156235968,151
22,54,4.593976821834461,62.08993800195794,7.617528664595421,104.41580988827093,23.481946760509036,12.462948121180265,150
22,55,5.013627141218919,60.75942750784021,7.36788888325517,91.98255711642594,24.502350800382867,11.781880169364522,149
22,56,4.970676092438064,61.74508628245882,7.17490297847393,97.32564463799622,23.445551897541048,11.759684750835795,148
22,57,4.281726797194317,63.61505515906231,7.220000805914271,94.23166441069918,24.15650653597289,13.601178587568608,147
22,58,4.894623925332295,64.95736559335691,7.4614745368348725,95.31810050520885,20.68697320942951,12.267545487112564,146
22,59,5.767646146731192,67.74683324468712,7.312485947144239,100.04777722377587,22.00696445208296,11.428439993639934,145
22,60,4.5043244980462855,64.31189629864805,6.968108696387978,100.2761456762726,23.427408905512227,8.505972408644993,144
22,61,4.011939533517959,64.13254639156239,7.184938857825753,100.87768249928858,21.223508042733286,8.562768525822985,143
22,62,4.933168576185408,64.87694276145402,7.203449789297744,100.33738447093481,22.661369782839518,7.0514770977192045,142
22,63,5.074717938426697,66.03328515940443,7.657846685193637,98.22165743485598,23.44778165693863,9.078382865131589,141
22,64,4.270426049126952,65.41547227388148,7.466475487721355,104.9714587232003,22.063653641366848,8.522260233154197,140
22,65,5.406162280160691,63.15199040326445,7.631098827045047,96.90934731672588,21.347896305485605,7.957558293612288,139
22,66,4.684923081664844,64.52385711225403,7.195711482409784,100.31484741073491,23.373984493244706,7.449986202781522,138
22,67,5.7012796332757665,68.00208568292284,7.6056647072714405,103.42917525578596,23.142271743807605,6.59909165071367,137
22,68,4.945713962109229,62.92693108921012,7.416563981210506,103.08296992485566,24.39721072421056,7.116967381973891,136
22,69,4.725073052715285,65.33387097485694,7.240044460913918,103.70812755681203,22.38116622140567,6.672828212080106,135
22,70,4.507366348953349,66.30634127074785,7.468369538709351,106.68940418805661,20.42094744764785,8.15044450345395,134
22,71,4.643624005440079,64.86884186012678,7.271884266330197,106.74103401809398,21.40440662742832,11.208796912323836,133
22,72,5.432583170355172,65.07095009756195,7.506116226481543,103.39131491653026,23.23430881150979,10.242049078206557,132
22,73,4.6810666538577586,65.50414116856479,7.191451059004816,104.63366073523683,23.078804598133008,12.04074270456338,131
22,74,4.798889762424404,64.3492575176395,7.29251472282124,105.06574159212755,20.633244961178512,11.340408657951148,130
22,75,5.41882823634342,65.21150992565082,7.674949404252479,102.76474249221287,22.553258314109883,11.085533079740278,129
22,76,4.814745242074476,64.70424490556536,7.227408631146229,111.25911334407526,21.96817691466592,12.480931615740163,128
22,77,5.477323624232683,65.4345421730772,7.332951726818945,107.02923596909362,20.390901550875235,12.50592134252709,127
22,78,5.305143182221274,63.96563701805567,7.2037292674039595,109.13304820734955,21.331694566796298,13.341247899153956,126
22,79,4.864852116618871,63.32143739681476,7.281208491205433,109.60367002768895,21.76372391444621,15.381892982736998,125
22,80,5.476399816774186,66.91672426924808,7.359659146153971,108.74678436251611,20.606713483583555,13.577208476234924,124
22,81,6.0399331412733925,63.816636246748274,7.421069746793329,107.28754905493749,21.995126064618802,10.949774291945316,123
22,82,5.843329048459724,64.16398304248037,7.009634875677309,104.20610916368315,22.35782785370739,10.59748349290815,122
22,83,4.821518508415019,64.77659576547448,7.237760924589565,110.30825628219782,23.536242550070945,10.794364369330696,121
22,84,5.9504719694820425,67.33108332112724,6.875623673672206,106.95827524112882,23.177623920520475,11.195631352640707,120
22,85,6.781523554687067,67.04965867105872,7.436861734170275,105.65971750731616,21.26918723021713,9.851831651508588,119
22,86,4.360323329540795,63.31598631001417,7.360611589108596,108.77060286463534,20.75642000505572,8.727139059720452,118
22,87,5.489481237525108,64.72287794624756,7.295247611765736,105.12912846234359,24.569836076156193,9.514917367173743,117
22,88,5.119768136461079,63.65276031758726,7.224459445036984,108.1425679867112,21.337262503465894,7.4617742435405665,116
22,89,5.994996232028274,64.35865931278084,7.070890924209771,110.05151188783535,22.453555757820432,6.690682357183829,115
22,90,5.775965903915204,63.06668216582281,6.787945816056735,103.80208780770315,24.61555343915114,5.70657024314734,114
22,91,6.305399023551846,63.78058522910689,6.998309814154252,109.17302561872307,23.05194545645064,5.78694455631463,113
22,92,5.796015040201529,63.45819366565764,7.1297894985654215,103.97776629943753,23.10906015521676,7.470608711675633,112
22,93,6.180153416384719,64.56545991984227,6.9154454161723145,113.12664991080027,24.415259556198926,6.917365044998405,111
22,94,4.810841599223696,63.57533211350558,7.2179966671452895,100.10221757682773,24.01278078856388,9.952598696958333,110
22,95,5.269816023771602,65.15544990777387,7.382175604691227,106.86029760395067,24.407295069524956,7.255170844820832,109
22,96,6.704839739248227,65.75775381434232,7.3105584228906375,99.061403455337,27.113646766794623,9.702675276683967,108
22,97,5.89081525946554,66.57676771498723,6.539023144664229,104.72947726714432,24.50031769497287,10.174362605904934,107
22,98,6.260258145937704,61.3453554429041,7.372263949118369,101.80915973570764,25.104858515759577,10.512024690845552,106
22,99,6.104044508029718,65.22131833641393,7.5639932293291645,98.99104422875544,25.066785923776116,14.357118939796656,105
22,100,5.413167793726723,61.50867753996453,7.408332061534095,101.1338993991782,25.98968419400236,13.24142288929447,104
22,101,6.306135561540349,61.59720843105257,7.556628936583584,106.55499712839823,25.86428005845537,13.256875753410297,103
22,102,6.481455350679797,63.57188640917794,7.103974758561811,103.73587354118256,25.593577661973956,12.131943065943931,102
22,103,6.17501181077795,62.237165767856254,6.6651851630494425,96.5504425997239,26.237995924552404,12.35159274082227,101
22,104,6.969311113597553,60.25926617784083,7.069190802772646,98.13209691195013,25.23401893159731,12.221545205378693,100
22,105,5.883837424198015,63.095838030156145,6.973423538747071,88.74868253791162,26.201681612045686,11.653809468104615,99
22,106,5.966069848377003,65.68034061805078,7.17101218040162,95.24274655930753,26.402456498862378,13.081090560255234,98
22,107,6.101213517485747,66.18433775093035,7.1595184343118445,93.12566518409004,26.404972215138834,10.496880171212055,97
22,108,7.2466521581979375,66.293499299996,7.531732484523497,93.3083576420954,23.719721128127876,10.081619420851407,96
22,109,5.2201695573272255,66.67680134461627,7.309430731433675,92.60386982225351,24.795173969784607,9.247354493457127,95
22,110,6.162960049619026,64.59656014404354,6.705437998327657,93.18712016051172,25.94711236924586,6.361799947535095,94
22,111,7.239653493280787,65.31756183225752,7.025103334235236,95.00769218643879,24.010216311600118,7.18982469258135,93
22,112,5.439079552817585,65.46958312076673,6.588569933240851,93.80038532598934,24.39993352787397,6.4659817642828905,92
22,113,5.491017125098628,65.1004604315123,7.306927315303332,91.12492396076765,26.23497123381131,8.149383994780194,91
22,114,7.066201299982525,68.82536100050143,6.813657794298028,90.67208099232506,23.628749536978752,7.776462201323529,90
22,115,7.022147836235025,66.65062718193415,6.935068157613873,84.41398069503062,23.790989434685155,8.05487709554721,89
22,116,6.7836319346968,67.26851018372462,6.807113745588179,87.87935419553868,25.538807068842655,6.352729370218691,88
22,117,6.127796462871537,68.3369860601642,7.1572414275325755,85.01492251418115,23.10798182281013,6.294033487535747,87
22,118,6.397512361135845,68.0642810579207,7.164284559656062,87.02194104961818,23.419552648013582,7.337936855464657,86
22,119,5.87935386153961,68.99961425597579,7.375255667760131,92.22715873401327,25.000361505338745,10.08518188704353,85
22,120,6.723313591161022,71.17435226204935,6.987047736063303,81.87732888294651,22.71174687872441,10.109455258470025,84
22,121,6.859459470825378,69.79698374047149,6.790103666488762,88.4850678103641,22.440710400721905,11.46640627855407,83
22,122,5.93592335894621,70.80712782417034,7.3823227217582055,83.70442593285156,21.3655135926866,12.024704261316492,82
22,123,7.203859886025888,68.07973063481307,6.648183478993208,85.01136358921659,23.92346952496371,10.990032662642275,81
22,124,6.790705462633396,68.05206279894382,7.048660848230296,90.29631118723856,22.843344758282853,11.784981073086733,80
22,125,7.047009597836128,67.51239478123871,6.936831697457476,83.47142944337571,23.03961529094118,10.746579049726975,79
22,126,7.044888293750543,70.21989965642109,7.147239536946683,86.8348920895138,23.949459229864686,13.968081288213112,78
22,127,7.020997815496228,72.30514204462692,6.8224456326943415,86.45050233586532,25.21642523558768,14.750054128356203,77
22,128,5.833785106445605,66.68775171961788,6.951720193827343,89.32685868147381,22.17358944312277,12.751752901818564,76
22,129,7.301958976462929,69.95258369287315,6.60506242888957,87.81718632490283,24.54118475628507,11.453246405635118,75
22,130,5.983468979800996,71.36442972989283,7.088716008463758,91.40103067354731,24.51005400964305,10.31077266179596,74
22,131,7.318383011678373,70.37531710211918,6.913685507149738,85.11077413438784,22.62996148606646,9.955536491599453,73
22,132,7.645833170417311,67.0202817666086,7.220927287503254,89.84344047600233,24.02147057527233,9.728776197789935,72
22,133,7.84173230155659,69.39445463189637,6.6770589400529605,89.46782235119828,26.465841912522144,8.4102698140989,71
22,134,7.630357142460979,69.40792325355973,6.955050149141537,89.27746685681804,25.670742503614004,9.41039165979212,70
22,135,6.550945377360373,66.93127460984117,6.9426861514024205,87.83254482585843,25.967892171914638,9.462037210205448,69
22,136,7.38681352390667,65.99777541702979,7.044423703514139,89.35976202528342,24.082690539777776,7.726061314069267,68
22,137,8.0032474940268,69.60063093531838,7.2207069448852215,90.28301928267024,26.598739359901582,5.170665343027956,67
22,138,6.675764503628152,69.86523718906044,7.1546631342786275,90.42437763325913,25.41390831230324,5.413288993046728,66
22,139,6.269950468143255,67.28079770653154,6.956001035022221,91.52117320055572,25.62182557472088,6.582322317871788,65
22,140,7.600850922242509,65.43494119536939,6.671833919363075,96.87714060348453,25.22247450592943,6.543966541191592,64
22,141,8.211642719004113,66.79162409336075,6.637136377114299,94.58102062707918,27.52051986294403,8.478423140865587,63
22,142,8.097531436395773,68.3388297440587,6.803388991173066,94.59112037385745,28.196340945612153,9.62480328408893,62
22,143,8.220313751009728,69.67539590988024,6.924639046281214,89.49905641955047,27.872640909410745,8.93771624225359,61
22,144,6.4419245007257935,67.48988552022547,6.987751017772544,93.50549226219756,27.063583497614193,9.601443878655175,60
22,145,8.035346010137259,65.22581453870492,6.88949614093006,93.20303486390507,26.492022150695004,10.787272147228919,59
22,146,7.467318090692992,66.3481952221541,6.758551159265232,96.80552743115412,27.580132433408508,10.09952559504131,58
22,147,8.58352982310027,67.50822136641479,6.760032009321481,98.56184975692479,27.98609112926279,11.813233497488298,57
22,148,7.555944670844129,68.49671738443888,6.635567475358184,97.4433302670047,29.108889224705848,13.123534904953036,56
22,149,6.947965632382847,68.95304505569986,6.519993793280418,95.30262647402249,28.976867214169367,14.045081407417468,55
22,150,7.344603571850269,63.697534807580595,6.529874526561208,91.55611945681777,27.562249033091515,13.214544949445656,54
22,151,8.37252305093799,65.08653349341873,6.49857102662944,96.42678438260786,26.965305811424972,14.057145562053702,53
22,152,6.899050191576311,67.832978223999,6.579012272181422,98.56842444896643,26.51024489028591,10.66514663230936,52
22,153,8.836698109433533,65.77430892701476,6.3608197835437865,98.2588359590356,27.12039570484735,11.469712727022905,51
22,154,7.851430146786932,68.01182037227508,6.4559832160667545,99.3107990457465,25.427346892969208,12.278666171347119,50
22,155,7.907341851593721,71.05866187366459,6.799890488927317,100.7752390355012,25.846687455168983,12.109185895573571,49
22,156,7.570992150401096,66.5651706207681,6.7519345408154035,94.86055983860905,26.64634406064032,11.102124773101016,48
22,157,7.559072815169063,64.03136869389016,6.286335700121826,98.35165164525048,26.515563059985773,8.434541059765394,47
22,158,7.013982105396778,68.38516061716511,7.009960850052397,96.59719230429502,25.553864471682612,8.136791080844347,46
22,159,8.766444510825371,67.85399988851938,6.907125282492302,97.18754673137947,27.105469267349623,8.100926106970872,45
22,160,7.832024625543875,68.46842402830552,6.638638639523883,91.29379421599704,24.727269935490288,6.3840906281126975,44
22,161,7.628303978321575,66.47103883244252,6.4903899700257,94.4653982554144,23.945783467526446,6.826403802686059,43
22,162,8.209852288456307,68.34681443223673,6.94606633169005,99.10086323123176,26.71908088438818,7.110446314908864,42
22,163,7.727718967461039,70.53653062502006,6.547806833609307,95.59612965131674,25.872060210371696,8.633197802511907,41
22,164,8.910159697664755,68.48782360650775,6.391777067896152,91.67311320651197,27.58387333193954,8.687191464134452,40
22,165,8.888000164942088,69.29093665582765,6.508453173488428,88.21749783711833,25.093743553256846,8.933548647069498,39
22,166,8.15339749888696,71.30389259520398,6.833455402231388,87.77935950807185,25.41647817115704,7.748337020461492,38
22,167,8.487048728875866,71.94904115747316,6.103733669540278,89.80254279453864,24.62036662804493,6.743495408094101,37
22,168,8.752774868045899,71.96831362154792,6.570607415237099,90.91273367910313,24.8443648361146,9.643051408569711,36
22,169,8.168430706971163,67.70021762338682,6.4983250680553,88.05386587923527,25.816261713384844,10.445337169059021,35
22,170,9.060431040206495,70.0755877165107,6.4497894370666184,85.82028105852227,25.596650538262733,12.812535710817063,34
22,171,8.775938058140715,72.843217906841,6.537679468399654,90.378404868326,23.873926108553636,12.565537655550132,33
22,172,8.873692811398719,71.67066213113549,6.716800868704594,82.2458871404913,25.888002719060964,12.971751995374683,32
22,173,8.996614987573464,72.79313358632278,6.321582086218668,87.48474636144353,25.963734736874972,12.228896093486277,31
22,174,8.765548514907204,70.19142191806627,6.532240198762149,81.2413270186753,23.993674134779543,11.172381927359238,30
22,175,7.9683448235933465,70.51762587073192,6.599354548082255,81.40837094090222,26.949450429926753,11.49427230382057,29
22,176,9.147024370989648,72.29819003265288,6.590884796340775,82.6173964739214,26.781708889306024,13.114912254088296,28
22,177,8.719560552055974,72.50502628060948,6.525264744103345,85.56553409730063,24.408416726521548,11.936533653770082,27
22,178,9.23410805546805,71.06438548879126,6.066332147944447,82.29057671402661,27.138281051799115,11.483312358943925,26
22,179,7.681925499965594,72.5905864874458,6.5814661743845155,77.61257848620788,27.217974105088434,9.589730196369791,25
22,180,9.06815006394361,71.24398264537203,6.717827369449607,78.83245051760726,27.457406902809144,8.839134490619031,24
22,181,8.347762984655319,73.95820407471737,6.792040864101345,75.37768886748445,27.91809146000115,8.809166757572406,23
22,182,7.8004500779169,71.55220184986464,6.467426076556491,79.43736311119753,27.617751828993004,8.667198301323475,22
22,183,8.414756744677197,73.33944598396116,6.052973274141992,81.5961571661479,27.118299041290253,7.791915932571298,21
22,184,9.256407221327494,72.3894236051444,6.69133960214768,80.87477700519949,28.131634775121494,8.847235719358753,20
22,185,8.598653968518091,71.56931151059807,6.1076331886756625,80.36912570704668,29.745260279173326,9.588747678382722,19
22,186,10.147460571949829,72.24616420256109,6.369837013361013,70.64884374059909,29.313007498673333,6.767615043787918,18
22,187,8.7539031886815,72.99170468382368,6.83913229820983,72.86215564290983,29.22961912922786,5.414085221638848,17
22,188,8.933178374845946,72.48476506365758,5.8564156170928126,73.16272999693891,28.211245827481576,8.256746065002803,16
22,189,8.243903724844516,72.62477553011558,6.1537552146681325,72.66689650452984,29.562114787280144,7.880105487245354,15
22,190,9.011446475720177,70.29749751500651,6.560409859499329,74.49970214906203,29.860637070228016,8.033670613647317,14
22,191,9.301896781207075,71.7845663277357,5.975418274600384,71.90862919408092,29.537280860045797,9.358870504943736,13
22,192,8.90462498591141,73.42533382439075,6.2980343096235165,72.4416631726667,27.242186402472548,10.87043050185954,12
22,193,9.331201745961216,73.05763023893543,6.574542069608058,74.54946569944914,28.585074422510278,9.406784392566308,11
22,194,8.866367835672246,69.93914045750101,6.723176640711402,75.18721046406694,30.199124382022944,10.015303560891017,10
22,195,10.275182534357164,69.63591131266425,6.120026723228599,78.9392284950877,27.694008066358908,13.006079439741345,9
22,196,9.19474671062359,69.24476498005198,6.664656779355708,76.10155755954314,28.48817481144703,12.896653859288365,8
22,197,9.553053478121216,67.33055500952885,6.583072109459664,73.31513890644928,27.67304746737093,13.655332099721809,7
22,198,9.709454078238648,67.89270004878883,5.929219723499395,80.3309997288386,28.234415397382364,13.435194066819967,6
22,199,9.381629095426419,73.33572271604093,6.478506149001195,78.55469347681061,31.076781072649048,12.715984940610044,5
22,200,10.799609605972213,71.02476268942773,6.288513489871596,75.01211433839016,27.612550966801454,11.040203651835405,4
22,201,9.594654476185667,70.96876379699953,6.284958769409716,77.61481886853909,28.52553237827952,11.875472668373584,3
22,202,10.53249349273993,72.27183222396692,5.977551262440128,75.2169425461062,27.073568802407856,11.093302553583822,2
22,203,9.338609245169716,71.11760586290261,6.053995506618618,73.97601096562158,29.160547173527437,9.717034302919997,1
22,204,9.68538411256195,68.24489937219862,6.193848459962308,74.52225528047975,29.97177141189833,10.80665093008466,0
23,0,2.6120577806552414,59.74274983820199,8.961814041533406,104.59265023710154,16.69645396276791,10.726115831803778,156
23,1,3.1680060497664635,60.98131133067578,8.557004198620154,103.10045897427072,17.19096146044737,11.072269464107634,155
23,2,2.4942435288888767,58.68665950665989,8.041977137465075,108.93102871653393,18.878599905276847,12.446078282940622,154
23,3,3.286976773572502,61.04409515293407,8.206126581134681,107.6639070413669,19.605902748379034,12.356261166845254,153
23,4,4.257035668299071,61.801792831157286,7.787540275030525,110.13875038467229,21.073401081079005,9.886398057310297,152
23,5,4.287579299031645,62.294304414570895,8.076181841002128,111.87076934257651,18.137208119421466,11.41366900411564,151
23,6,3.4550941757794322,60.46264524768859,8.669738687681862,112.33921853029918,19.235492758454704,11.65384018519705,150
23,7,2.8779251443190295,60.958498361884686,8.539603404929345,112.23912340178433,20.309100200859262,13.529121427994005,149
23,8,3.5407364901965925,62.89102258174466,8.49808872977518,112.10625001205173,19.550605920327467,13.54948918640794,148
23,9,2.6728022249089096,62.290415205098554,8.413509835429053,111.1093085405491,19.305091944344586,13.755823186899805,147
23,10,3.1096965237797867,60.055937676202504,8.624178673779312,114.76968706160675,19.730437301043356,13.328881500578397,146
23,11,3.7397747850142964,60.66203517985619,8.155635121976132,113.35409281804189,19.874771731894263,11.069764407342893,145
23,12,3.3447679515712325,63.61930025341485,8.50843288344101,108.60079809749615,20.10168902908619,10.449622678535263,144
23,13,3.6138919739195057,62.53431614022929,8.548979896409705,110.3839744626133,18.181370101302374,9.773614261662873,143
23,14,3.2967716970417125,61.10672798290146,7.987443521010987,107.07760846473651,19.271230551138302,8.250361943107011,142
23,15,3.259811278114738,63.075428910516166,8.079705111691352,109.85782616586238,16.08387968165432,8.754915474064207,141
23,16,4.44291914758113,62.0843290354998,8.405525783477186,104.08075645949815,19.431017201953313,8.645646727705927,140
23,17,3.6614174454102826,60.83540218060318,8.212886955349118,107.90733043553635,18.505677622123628,9.18891541748005,139
23,18,2.788590600239086,60.75331673480863,8.193048201485933,111.74491362683024,17.30136373763134,6.773372804279149,138
23,19,3.1818194387227003,60.45844021054158,8.622334723004487,109.40033336169428,18.30627871495363,5.48531826189462,137
23,20,3.2875722411197437,61.598738892016925,8.517248205104348,104.36999042235378,17.276753535467073,6.3758858549322115,136
23,21,4.045302061882256,59.770291344751115,8.227280865461044,102.64991353200497,18.094384069617234,6.364542774057868,135
23,22,2.9949532984115597,59.4129557506709,8.019021583468414,102.0534817275942,18.2367135856338,8.887139802189765,134
23,23,4.540441960064867,59.437348762441204,8.577926067757659,99.26164336703877,18.937364823821614,9.830997531266494,133
23,24,3.7412581119927135,62.93859756724372,8.246630589062176,101.78175141933313,17.99598473549581,10.236011464455224,132
23,25,3.2622560683358808,59.084456923577335,7.8980599331630446,96.1929916566531,17.733027639082287,9.824559579382154,131
23,26,3.7423809859462454,60.771847502895795,8.348501436184655,98.12466649856682,18.118296654443636,9.740810357805836,130
23,27,4.018132859714873,62.76393657655467,8.133723079136189,95.34421539839943,18.587950233609504,11.681825884349614,129
23,28,2.789681518836792,60.04629438802441,8.69980946906294,98.54478015167,17.78480965936537,13.193930642645185,128
23,29,3.6155449169587697,63.0688621610355,8.175100714740669,93.96089613092951,17.76926124675917,13.648310325207012,127
23,30,3.1590357549917014,61.306532333231566,8.195059490158545,87.08648216132768,17.117595308095357,12.944617907318015,126
23,31,5.053648777906313,61.96761012558244,8.105426357884156,89.49051670734472,18.893405313742733,12.574370258256664,125
23,32,3.3652105991778662,61.31009582734328,8.154390838063707,92.49540561946074,19.527797227317674,10.690410151067189,124
23,33,4.037645066942442,59.446526440007496,8.22280607666905,95.00703856123256,19.57768353591665,11.50526607016303,123
23,34,3.1657665134279025,61.035421152118204,8.095780916852137,93.8776834104677,17.969393996326687,11.308459738517126,122
23,35,3.0650364646100416,61.25231923070678,8.26098987923934,92.57219840206369,19.8847717136313,9.899064425840018,121
23,36,3.738023888171785,58.92708458598696,7.915308318618036,87.17999271445017,21.019739732111358,10.904548446928517,120
23,37,3.7507945339190423,58.1469868519237,8.295683942371019,88.88590154732533,18.78717042184556,9.677770496045328,119
23,38,4.628100207566047,62.51414998580534,8.26237422834428,92.33773344022661,21.13610528361443,7.988403804236571,118
23,39,4.065059732981006,57.85630003767107,7.8788535423475485,92.55234069800714,20.230321439796292,7.819074474039128,117
23,40,3.2772444326206283,59.24144416558077,8.040199844178735,89.04651049853493,21.808674231527988,6.449749179203279,116
23,41,4.263482950494664,60.145145074804084,8.204708172583349,95.79281652891063,21.545594782328465,6.889977074496195,115
23,42,3.83071602147656,60.7795863108855,7.534720488035324,94.54434715881125,21.033377493881158,7.800152990503359,114
23,43,4.551747503583406,60.144003844845265,8.153746467423234,89.932391617111,23.086859805271242,6.914203526846432,113
23,44,4.089146519017599,59.27506243097519,8.34290229597021,98.80883698439872,20.72506020535752,8.364543138539112,112
23,45,5.302449173480626,62.45788414049419,7.874679982642232,91.6757211127979,22.17241761086299,8.943678568114873,111
23,46,3.7850900929907496,60.23528916745414,8.18852063571791,101.97929748898515,20.383126587783185,7.7499674712436155,110
23,47,4.508911532479695,63.16344783636182,8.17861403322187,96.25739404572437,19.737648805843833,7.753787638368238,109
23,48,4.164757931040716,63.03480392520433,7.941345984046841,100.4146854379607,22.604960419699744,8.34335115401337,108
23,49,5.2674431232468315,61.857852464559194,7.684817124940032,101.93770338608131,22.09331334193373,10.943789575954773,107
23,50,3.980581329660285,62.3563918740211,8.20575900739285,103.478799934498,19.63098655210165,11.958593985596575,106
23,51,4.319362596260055,61.18534610531114,8.055435937353524,99.46207078496587,19.47948681222542,14.741061445730498,105
23,52,4.287894095276461,65.54789759684068,8.402190999422562,99.81499250165155,19.594004455686065,13.739309748231978,104
23,53,4.959492092484144,64.57410896490903,8.07235628571832,99.6699879890703,20.640593635815524,11.238668826179179,103
23,54,4.851455301909849,62.96328018455817,8.244801076479767,101.52752874830095,20.48359864436911,10.843806371144677,102
23,55,4.3005959846907835,63.57479644926616,7.448390594058399,103.8023087670636,20.79402700830375,12.26255225524501,101
23,56,4.9748425375827425,64.65325538043012,8.144155561285704,105.02589301601424,18.498350377899808,12.474924969783686,100
23,57,4.428880977530129,62.24555687104994,7.967224626968934,99.74305842976328,18.91894387422187,13.157354937202916,99
23,58,4.840645512647472,64.80713978313183,7.908990451002571,104.50979304505117,19.373946136756683,13.560202476499162,98
23,59,5.232684553699628,66.69460330217879,7.839150660180073,106.57633681948037,18.40579474581193,10.511049514874674,97
23,60,6.459657289024234,65.59947148532079,8.2220646726802,103.64528190999648,19.191754505555057,9.693652019073213,96
23,61,6.959879814002781,62.536113320542796,8.301592231159782,100.94468856782096,17.928788413359044,8.024596214485715,95
23,62,5.453808487193914,66.46084432729451,7.559691433477661,98.21463696734729,17.925466474559464,8.113591324216246,94
23,63,6.48703741480629,66.96790129437721,7.7484616439088025,102.17703631532737,20.663016739380627,8.234524899550859,93
23,64,5.8184097101658505,67.92901172998151,7.539641175249708,97.14740281524864,20.288188730870605,9.351944219365107,92
23,65,6.574948393778142,66.06148930264862,7.877907142831279,92.63648880171655,20.52338084280443,8.739890972787373,91
23,66,6.76412548711914,64.31438794857903,7.908168921978989,99.47079487970035,20.35767492450947,8.004076402575256,90
23,67,6.483425119147691,66.62253027389458,8.192790730067633,99.682553857938,20.529422000745342,8.142054445535097,89
23,68,7.118556940414281,63.34311817590516,7.874595791015768,93.52204872600673,21.389566308961065,7.001971706189254,88
23,69,6.192644257368931,66.50243249099897,8.116944577539059,93.55138184199842,21.77645586022721,5.55220080286776,87
23,70,6.56936561922663,65.84087361755373,8.386990925379408,90.45094280220226,22.01605952368903,7.328719225438137,86
23,71,6.347231991046796,64.51632726407621,7.702749348147475,87.8379382657445,24.028657094385647,9.55134649709034,85
23,72,6.606256559717927,66.20287877664535,7.999449477378543,95.04907404294894,22.372241829508795,10.789592156881307,84
23,73,7.342057070482692,64.08154846370556,7.5380493762672085,84.81627995726798,21.037804663200085,10.277949562741803,83
23,74,7.913165181264272,63.666495451471704,7.494601324268066,82.27163864074863,23.802129468036597,12.498342701200706,82
23,75,7.342495710518683,62.49824442063522,8.353143465743853,84.2743051842755,23.343214146801767,10.557348309143407,81
23,76,6.868184475933143,62.932299720869054,7.625228786446406,81.4427814918933,23.12373380145338,12.353481239178734,80
23,77,7.340361041910144,61.485979790259854,7.611417793458705,88.2358881105388,22.687381086779055,12.630189789292764,79
23,78,7.269145693509065,65.8450625795907,7.8574181108667425,81.42174494736237,23.91550634684102,14.31407992971375,78
23,79,7.085851812723396,65.85824993444062,7.619603763383132,85.71302662591738,21.937852939159473,14.667429013440705,77
23,80,5.984366806778617,62.19585514730223,7.736500477117524,82.85041901119129,24.154265070031215,13.090569441939248,76
23,81,7.4989511660274175,62.98672553289824,7.9098301050513165,83.38875020725652,21.78841095354871,12.482729662700228,75
23,82,6.84701567613331,62.443062562468924,7.899655472742242,85.64835198402146,22.216412692995668,9.716596021275997,74
23,83,6.769046651711507,64.6517847748049,8.304037382644493,83.19335071117536,22.595503738977087,9.821086003145417,73
23,84,7.55372197828348,64.24632057383569,7.92238778039401,88.99436234181947,22.26749920234351,8.553423594147278,72
23,85,7.749930700242416,63.00010712648682,7.753141896700182,84.32325766556221,24.320776921465008,9.812260348534885,71
23,86,7.4228589975648624,63.05774068888608,7.7929427461476255,76.50575669369923,21.81461802301516,10.635188370271328,70
23,87,6.709316736467633,64.36681587288645,7.917149170699933,87.36643072690606,20.96154646820014,7.981251916463282,69
23,88,6.7581481335602795,63.40355284281097,7.895004345707716,87.08739853123711,22.226197117140853,7.000537047704918,68
23,89,6.933346752341581,61.84659496859346,7.594150119745552,85.76254708123508,22.139509882103106,7.417860545438641,67
23,90,7.430702461561191,61.71191511501008,7.7056846560138705,88.05630168532898,22.624783514113005,6.470272757266667,66
23,91,6.8602292803876175,64.63062905810165,7.53085140562435,86.75001758896752,21.369259535197727,7.075035990612672,65
23,92,6.908172243010837,61.13361460429468,7.322185321525854,87.89895604962342,21.12844500450711,8.704540564157117,64
23,93,6.55008395753501,62.804742611400066,7.7965338514993485,93.11477022146565,19.086409640790936,9.172735452991088,63
23,94,6.84399709563904,63.355940302114426,7.484523816717513,92.46351435345674,19.693537740610108,9.535497333109308,62
23,95,7.526414816516668,65.03609634981532,7.402125713689608,92.40637334523372,22.360365465325323,10.530515191666664,61
23,96,7.835510049346809,65.18480727163052,7.803244587472383,89.97565597892566,21.123989929247237,10.576413155551748,60
23,97,7.529864961322312,62.78927299771829,7.622818403971199,93.58424856165097,22.688383727056852,11.379901735721788,59
23,98,7.229957589869043,65.19390763253566,7.87701546676229,98.62377224528123,21.512564741281558,11.619024789832398,58
23,99,7.281371299753211,63.06749447080071,7.405424399376445,97.27481932804808,21.341662001843726,11.522620700129695,57
23,100,7.570279454997014,65.83435636793665,7.78331870013457,95.98701007147393,21.8767210597963,12.728606455895399,56
23,101,7.959610174017525,67.40710430913389,7.430833549467507,95.62858029261615,20.98022699492857,12.494965854229942,55
23,102,7.7062040913570495,66.06203774757331,8.107177716911849,94.25652869930036,21.7204444599109,12.311485164704486,54
23,103,8.095895308226602,65.76072974700853,7.290526707824585,89.1469288162846,22.015236645565416,12.756795272469232,53
23,104,7.829445562669996,66.27058198580883,7.511471585619878,95.1465118657809,23.14691253338966,12.364895170806342,52
23,105,8.38164390696193,66.81997913645367,7.384615805392112,93.73334966624405,23.917816586090712,12.005284502159823,51
23,106,8.152291539481496,66.23498231714265,7.324710473205929,92.80655594767939,22.099702110443847,13.230493729569616,50
23,107,7.868618530975187,68.02340610743178,7.543672820354146,101.74869228540167,23.539691608421485,11.384374663840916,49
23,108,6.9893837385153965,67.52317681228713,7.752884348386056,94.10808812362446,24.897147616569264,10.556136173566616,48
23,109,7.378887477064566,69.81111268532513,7.445358621883206,89.00209878996704,23.726268569880958,8.55969615836802,47
23,110,6.815259672498184,68.83346945317682,7.280517016793701,92.74702495467733,24.933702605649085,7.609781837762824,46
23,111,8.16121900993597,67.81297790951061,7.540528096787853,87.08128213054462,24.360994070704194,7.866014425796941,45
23,112,8.803917634137369,68.01381728581408,8.014671109472879,85.3341149665846,25.177949686799376,7.3321328166472455,44
23,113,8.494520756027393,68.20620401604259,7.542922292239501,89.09257100555133,24.75505273805614,5.911088490660548,43
23,114,8.1684012445022,69.23014089131517,7.608268708444963,86.44807333426729,23.09392077878831,8.252341090198833,42
23,115,7.6128197030198415,70.54873274951115,7.515705402222663,79.99596577333311,23.415647577266366,6.765415867841418,41
23,116,8.188396102153758,70.79907916546053,7.256785575629236,84.0342745988746,23.875846642348524,6.302097203371194,40
23,117,8.515571584132422,67.75527792734955,7.252029330604741,80.2194514388986,23.87021457685097,7.582120565789276,39
23,118,8.179234744544111,68.95683466840218,7.61064799717555,81.7256160225165,23.235478613464327,7.7365022935910295,38
23,119,8.820680526925349,66.81576071575667,7.471386773240977,80.00971760482486,21.724552968660593,7.856863203854811,37
23,120,9.37205890672804,66.04920296508803,7.4422097140772765,82.92186726061877,22.627530856381238,10.246919946779073,36
23,121,8.579088646553688,69.38544928609404,7.448657369309514,77.62198953973272,21.83927929419108,10.512529712921333,35
23,122,7.361194941820239,68.40621902860842,7.418951176592338,72.9341344689747,22.984596409808876,12.16430930536316,34
23,123,8.92930967102592,66.54081911239102,7.685313981023533,78.24918868846162,23.6491546142952,12.547959787200739,33
23,124,7.635975497734181,68.6307550352104,7.456505112903622,75.46174094834181,22.664251147289438,11.70952868368161,32
23,125,8.629010474726961,66.44626833019834,7.289692093566073,77.63634345105126,22.27264939741221,13.107364162081733,31
23,126,8.206947106064018,67.8490660807013,7.012334255645573,74.83489226037211,22.81193804129154,13.879245643407957,30
23,127,8.993556654230133,67.82301429311887,7.4947271744653206,73.26757302506502,22.38107501136678,14.023510080626071,29
23,128,9.878924717549486,67.29996870290839,6.848250569399891,77.47275216725083,21.338044675659255,12.398415306660247,28
23,129,8.10421808808381,66.77584054330994,7.274362903992464,76.24384131749291,21.063605979529008,11.864262923317746,27
23,130,9.10634584339928,66.46056454586632,7.398716940989109,84.15751113851952,22.42057180833826,9.533767381196459,26
23,131,9.273783508093382,68.64318452941329,7.345583635207332,73.04522856182534,20.656753606999857,9.317896114167663,25
23,132,9.555452660680833,67.76204202778321,6.8217764750310526,75.71845758356348,22.489134026406788,9.80620882709883,24
23,133,8.927288485169326,69.37051586729217,7.5978594624666185,70.71415438135463,23.98013219214958,8.364534787430042,23
23,134,8.881587839212457,64.59815228065521,7.216634109122836,74.35628808350216,22.576261063840718,8.15303868588701,22
23,135,9.559921467343585,68.20687596663048,7.141476874207913,79.513455718301,23.457268581963785,9.566516799417101,21
23,136,8.893875112488065,64.9073614305814,7.199652335190961,80.57633313161661,24.583534772045663,6.365583089946571,20
23,137,9.185141159914096,68.25657941710736,7.177668972752422,84.21420022972545,25.488902587019837,7.997055244498711,19
23,138,9.936091396933294,67.2554965489798,7.474875098041463,82.95302396025448,24.323926391878537,6.493381571248564,18
23,139,9.171548205646202,67.80042103391047,7.117417493342041,77.78246315550037,26.084970729549,7.418580944375284,17
23,140,9.807592228933466,66.41401295466908,7.082140048236238,87.22190051458641,26.758847455399245,8.906291382811796,16
23,141,9.098124245705481,67.54959186135169,7.305385914241846,80.39315579219237,24.70133911006504,8.961777346789953,15
23,142,9.605668364384144,69.76485828574377,6.940727390556831,88.85666552150877,24.90001898337655,10.19691645808823,14
23,143,9.346600490979457,67.1346448353804,7.168089143888919,83.82366049959893,25.755950985789898,10.547322041880948,13
23,144,9.165545043049022,66.71008149939914,7.609479750200268,91.96359365199127,26.880453873994064,9.805075232238732,12
23,145,9.349287502641378,67.58504089628232,6.759344080313026,88.4557614183226,26.979894478123786,10.870052502038096,11
23,146,9.567255293354423,67.53737272642847,6.569179049791946,94.6644229497339,26.542764100989345,10.697886459195473,10
23,147,9.755171329959868,67.36810926089447,6.885277419607806,88.12689327969754,26.385864974380752,12.395109272542665,9
23,148,9.881300629096355,69.86463898137424,7.196482656257557,85.81070841929028,26.27270204017606,14.703712102842639,8
23,149,9.581803441657954,69.55704844559163,6.501589520020915,83.71461248455957,26.61678476574403,14.581147234700039,7
23,150,8.835297583723177,70.07713260146298,7.298915190577772,85.55310066985001,25.84370839774996,13.449450467929443,6
23,151,9.04809920623556,67.54555670142163,7.109031001034779,84.44054013657603,25.75192656102968,14.242338942593433,5
23,152,9.236563598625168,70.82251078193042,7.493733407854157,80.80011348937187,25.46266704570376,11.96141401547075,4
23,153,8.97064437297121,71.56993358766164,6.934516540553793,86.00401384824022,24.08247769316398,12.339735347836228,3
23,154,9.011177875816998,72.14050414500282,6.975602376883328,81.72099244476861,24.559851907717384,10.354147617921562,2
23,155,10.189081259524885,70.73289177185607,7.383734227606082,84.25428790302503,23.909530788332592,11.391929583597625,1
23,156,9.694311327254274,69.9330482608237,6.624443119098705,86.13665043549433,24.384854722174826,11.419486948709357,0
24,0,2.1719459086952364,53.46647449276649,8.036305738900344,121.41045586968778,15.539591182243715,9.410989535903445,220
24,1,3.3861694711844956,53.745891061440844,7.615303907629114,114.6615349521301,15.98066593991425,12.10120453772444,219
24,2,2.601017242677529,55.417759143052706,7.8339952049542845,118.8282578704832,16.62481845364052,13.146823389677175,218
24,3,2.683110778536342,53.801722518580014,7.59939118871915,115.87581728541006,17.282570348026844,12.034467454685934,217
24,4,3.655291627427032,55.55786119179376,8.093235755771587,113.6864540973287,17.70203461346798,13.729183532514059,216
24,5,2.8385745605965877,54.554587918067334,7.942004111422173,114.52519027416906,18.008827204225227,12.508622086606579,215
24,6,2.9829977594370125,56.11872719250203,7.878855877960014,118.03705360471956,17.794768776182448,12.833264561399279,214
24,7,3.748427629467504,54.73315239817144,7.459175834151691,116.46230862859521,18.070110980816363,12.843312473515844,213
24,8,2.4971347126674903,55.42171749848156,7.720636173711749,119.78558064553602,18.59531555357422,13.812129747261446,212
24,9,3.86805080836898,55.85158971379869,7.633198230200622,118.43354594815806,18.67334585886493,14.421142306546162,211
24,10,4.1967418343859295,54.970329195772415,7.580759797964841,120.45598076035,18.572134672001617,11.47432616187195,210
24,11,3.158221626048729,56.14724846312335,7.8192823757865835,118.00430977525795,17.416820762032966,9.351924968373488,209
24,12,3.057642509375613,54.332916476000065,7.397889890733008,124.29752032379722,17.679650716110544,7.77969570405267,208
24,13,1.909915043399182,54.04132098814151,7.626717468737352,121.07858362331676,17.72450775662176,7.018666720807473,207
24,14,1.7898091431717027,53.81657563153492,7.739402709608271,123.55830562879997,20.408793577833254,8.719748400947438,206
24,15,4.3579181737072075,55.23981265976663,7.820820013034883,120.5730590201592,17.06811674493925,9.11096150864129,205
24,16,3.8251124290282634,54.61412140230118,8.371608789031555,118.67272330289596,17.687195770860782,10.156019991082765,204
24,17,2.6109720345689658,54.25585007490429,7.866866009829172,122.9064655613485,14.886528511469542,7.008999702698332,203
24,18,3.8691661255011853,54.593646223563724,8.047378110809943,123.28062492302101,15.488621848731947,5.781803777005665,202
24,19,3.564210574335272,51.56456872395672,7.977619415364129,116.04666509049468,15.130312818854541,6.6867494329345325,201
24,20,3.372211278099344,50.547618125536154,7.640762025961896,125.07263461251948,16.055935030018805,7.178555787679108,200
24,21,3.1239985092022535,54.493985533849035,8.009891216741583,121.114150604992,12.45799400034817,7.823297953330691,199
24,22,3.9394471923891468,50.850352085861175,7.8122493077089326,119.9391557433744,16.294470821353343,9.530780272840225,198
24,23,2.8764305203271427,53.33038609861573,7.7408200027539396,116.31321452673329,13.772103447207797,10.971267797456633,197
24,24,2.728168437787838,51.00404443072121,7.807638015524992,115.53030438955399,17.66569490912742,10.662241951337275,196
24,25,2.9329243139073067,52.051521026033164,8.052579401165586,113.49294812744438,14.579237598446525,10.147809674213898,195
24,26,3.112022206882475,52.098418675413846,7.686261751409401,113.16662947238041,15.678843037722054,10.447555752249581,194
24,27,3.717085463933332,50.07475972046019,7.763090729165294,114.75366255119661,14.294532967249005,10.17006737969963,193
24,28,3.747734368881878,52.80461535121361,8.255192117472799,114.20769863497783,15.869901623979073,12.00319631357478,192
24,29,3.291702887222128,51.12923617905084,7.474316599278992,109.28366328208295,17.82755941026478,14.291504086729141,191
24,30,3.2543031457030267,52.195349991924445,7.891676633470505,110.16334733237343,16.04785738547584,13.59881561004724,190
24,31,3.678013444940294,51.5178698068619,7.691740149771247,102.9214710543474,18.743469098894824,12.97360094509286,189
24,32,2.8617536507144345,50.994634790841026,7.432451826456914,110.25971805041763,17.19696698036565,11.346242291742822,188
24,33,3.8901711727222485,52.72139134329809,7.773278801176643,106.02916905439005,17.63944470202445,12.617207570755877,187
24,34,4.354919325136569,52.64965829613735,7.5346183654930226,108.81818246477323,18.103811270777662,10.160664027038251,186
24,35,4.003316758761583,52.72097126844805,7.288974503808029,108.5674544118766,19.09576334064575,10.96184698185347,185
24,36,4.08824524935388,55.464185063651165,7.601686632634429,106.64878929497823,18.59153761208448,11.398662481322116,184
24,37,3.3537549647177873,52.717013385551574,7.695487098890403,99.2081201466563,18.363185624328107,9.948547151542105,183
24,38,4.467878403567476,52.88402164812895,7.804257765772804,99.84008084352388,18.408729907429763,9.482677016331131,182
24,39,4.096904175011823,55.962642409328794,7.953563038992097,102.13311203529855,18.75478604980218,7.419669286450458,181
24,40,3.0255521612665883,53.40651949805249,7.718984216808402,97.80286018661147,19.28655421182258,5.8546148185486295,180
24,41,4.2655412644441295,55.94775913076758,7.379570763565542,101.966332838649,18.630023227122212,6.026939245937285,179
24,42,4.355214488681633,53.22364383604319,7.680440958256272,99.49503756962726,19.105273165440696,7.95979700915794,178
24,43,3.5892818136732116,57.261034951874734,7.642625914432854,105.58269366696508,19.668381095010353,7.479116309724728,177
24,44,4.23511916908385,56.43644891023943,7.55220121372601,105.98148583192365,19.386746711817842,9.325039093662403,176
24,45,3.49657924710528,54.3650228344771,7.800747742581443,101.174098933713,18.880555018787277,7.409388894473366,175
24,46,3.8860821215891637,53.9158734575838,7.990594618951839,100.5546420963874,17.07318906908015,8.206715211091204,174
24,47,2.988853905632666,58.74628041540669,7.866940018773573,99.73777164279832,19.77740886592508,8.345606308412648,173
24,48,3.7921478063057963,54.11735954858578,7.768384124673412,103.10485632421313,19.732835155112504,8.860243165744782,172
24,49,4.004734361384974,56.433496519272225,7.962549708439174,99.20521121256554,18.76717995459694,10.791351741972393,171
24,50,4.210894945624779,54.91553044278019,7.338277803288142,106.66047595152823,17.661255192602773,12.66012488919431,170
24,51,3.8353095996748996,56.056842918174745,7.500772229266188,105.04146911668641,15.097812962840951,15.15384547624496,169
24,52,3.473830443091373,57.14716679440862,7.267193648962976,101.67455673459877,15.230475318965329,13.194611353430217,168
24,53,3.803847298693802,54.40795581892613,7.5014917331508135,101.79503274051228,16.467972878412183,12.788314010653558,167
24,54,4.441136812016546,55.66096561909725,7.264327758733559,104.97166744733369,16.666997506033933,12.505498101349954,166
24,55,4.198853074766331,57.95303241069914,7.1391850895023925,103.59785467061386,18.2772896236852,12.092865898830697,165
24,56,4.1192734269300955,54.478727369931654,7.424864075490938,104.50848975917845,17.26445672714689,14.264736054352683,164
24,57,3.953900745087458,54.76436804023842,7.3447321857445225,104.55197607071608,16.655130434752635,12.233391317199501,163
24,58,5.207194940560185,53.37525248579818,7.575911792078153,107.33434715940513,18.538207458819304,12.810333626770385,162
24,59,4.154166663247802,56.36697539025479,7.286408625490029,115.15810126851031,17.505042679642198,10.547814866693743,161
24,60,5.324520332065722,51.46638559703051,7.59554591918854,110.64843777028938,15.904700825332757,9.670337990005928,160
24,61,4.291449484976899,52.35042611965225,7.601004670274037,108.56519591702714,16.179609338274567,8.926043064499812,159
24,62,4.758416788269702,54.90761330941718,7.837496906648608,113.3426407246173,19.462151499705392,7.239508681882534,158
24,63,4.314715672659185,53.37540498166407,7.321186663171479,111.42520976309518,19.047434913638163,7.647200689337842,157
24,64,4.0491763875274875,51.4879415892733,7.610560772367036,113.37837362352279,19.49162928437854,8.4108244303527,156
24,65,3.4996742887894103,52.316759161322935,7.2691626078645335,115.46412747778696,19.517739204310146,7.89253232353031,155
24,66,4.336488592554572,54.34541085986135,7.708567702139154,115.19361478216743,19.483664056846738,8.813024733360553,154
24,67,4.526465105280723,54.996471114219034,7.441630463114024,115.96298719910263,20.23219936280612,6.912502275457218,153
24,68,3.940619690800246,52.95297076654684,7.270885002119734,113.33488027820975,17.49810176230318,6.359225869468118,152
24,69,3.486859522619826,54.0170357873393,7.586805003812027,112.95092862023351,19.57011787134395,7.058456669315484,151
24,70,4.192039787769286,58.04817423278719,6.982843637661106,118.32168061054062,19.401211969968923,9.23441893926933,150
24,71,4.238573294084477,54.86496226916055,7.22770965851402,109.25822013461773,19.355432134964236,8.484369970274782,149
24,72,5.10129771940935,57.26160200419787,7.423025350478421,115.15708898722733,18.637882509446992,9.99153510602341,148
24,73,4.386153401878977,55.76826361470592,7.477728029742892,108.13095290727185,20.037951734566096,10.7526698810892,147
24,74,4.250811677792807,55.30704785389635,7.631282837395921,115.49847925633651,21.613893218342803,10.998984213575989,146
24,75,4.096194547509584,55.74394385245205,7.688296983903533,108.69607716852771,20.18684606756448,11.870398065932232,145
24,76,5.237450879910497,58.373987747179754,7.1559988797884575,114.82090830544696,19.841829280601036,13.410356059120861,144
24,77,4.081027820672213,56.649258836854386,7.5476606383162785,110.71775367573407,19.686331136328583,12.642438106921011,143
24,78,3.658457133511564,58.133839291680005,7.805471383216785,111.94521280416251,18.943965188583764,13.04737961548671,142
24,79,5.961424266969893,59.23126243483272,7.352486796939068,109.32351125347249,20.8585222204419,14.05820268285082,141
24,80,4.701198646418507,57.58017604512949,7.43292595884347,104.7758898910636,17.706728537470806,12.850816208348993,140
24,81,5.292650439783182,56.809208338603405,7.092955732659878,101.95940312501324,18.750626696831404,11.874256244412248,139
24,82,5.20617246222506,57.57892283416688,7.698064827784865,101.73874009241521,16.033863729563205,10.541597458158677,138
24,83,5.301509689433772,60.133285951223975,7.461870386009809,108.11513348194462,18.883108879340256,8.907878886682218,137
24,84,5.001889568901386,58.12804810933347,7.404302852203106,105.72851220429861,18.836815794585778,9.122225201470853,136
24,85,5.130597825873317,56.81177163322249,7.437716488563429,102.29235117102732,18.816325898630097,9.020830458782344,135
24,86,4.934334461875793,58.37333904498986,7.61340384853459,106.19122967500074,18.833488259468584,9.808969035889096,134
24,87,5.035749056462131,58.156814101617776,7.674669332296054,106.17889554834751,17.528156248510545,9.609736202854707,133
24,88,5.211882430423971,58.234542213861445,7.7828160540599445,102.68688541220297,18.030380450257677,6.616257114273139,132
24,89,4.708392098841128,57.82390800902607,7.127512287406417,106.43701908028962,18.50470765528092,7.204744655861269,131
24,90,5.7021356521317115,56.946664490598984,7.915738814699493,100.97565627270427,16.771425763513896,7.009950515531476,130
24,91,5.538316406163467,58.35755946853588,7.206026582067725,104.43184243666437,20.639537730030426,6.826667756358598,129
24,92,5.2383117137009,55.35865843539264,7.8523134729219315,94.96617761219505,18.748013557544173,8.563927934699302,128
24,93,4.769722989580334,54.577152820893005,7.360471864461994,98.31936192233738,16.409955733719773,8.784956622147803,127
24,94,6.193267061972022,52.40395957630848,7.101188358929953,98.99133783950171,18.084598793334006,8.288575264742741,126
24,95,5.751349563660833,53.40014394617437,7.363870793019473,97.36256951652946,17.92823646570591,9.556949364334416,125
24,96,5.919061713717871,55.452883390344304,7.3772071066770435,90.51179869030699,20.028690506520068,9.78051437811962,124
24,97,5.543703538601986,53.889194818174445,7.260743419853951,98.36088421785774,19.303583667611107,9.40057751767021,123
24,98,5.8916590214881,53.718316618452945,7.299606428877193,95.16605295528393,21.51992239211637,10.390295788947109,122
24,99,5.829642929003302,53.644716364853885,7.294882164743376,89.20487827264435,19.113125157629,13.662061438877245,121
24,100,5.306951359681779,53.42506397311179,7.32870724155369,95.3519418961354,20.75547611112733,14.306204384897736,120
24,101,4.950843593284991,54.62511502623919,6.95675043913954,90.4445434512226,20.42803405790052,13.937446676474712,119
24,102,6.861005774408418,55.31369401028553,7.3196575087070945,89.14388932995539,20.82771370427075,11.79910496338351,118
24,103,5.2314377188436,52.30814209800736,7.7289844915804595,92.81784589342374,18.887160920890803,12.268815813650878,117
24,104,5.52217323916878,55.1497149004505,7.451678596969258,99.42644891365858,20.46173739737064,13.285726589735338,116
24,105,5.594194570958747,58.333572080019614,7.200270763671351,95.63662260607109,21.697978042477864,11.862362535410966,115
24,106,5.727546033314514,56.51388405937316,7.377444961918995,90.6625227971616,21.964960985823772,12.145019055685365,114
24,107,5.712336895149981,56.18319202066722,7.545855554024153,94.11691304049904,20.371880234558546,10.773653619942305,113
24,108,6.417398918903874,57.91423546701208,6.5185650011127185,96.15300629436298,20.51850041756738,9.881958411932384,112
24,109,6.318991314207494,55.671940446653664,6.909581202511324,99.31128026280611,20.80186036022599,9.402785848743733,111
24,110,6.37295470339235,57.5779109887762,6.684004113759031,94.75282182422488,19.158489527680928,6.8498199918676725,110
24,111,5.4299599080943715,62.26369530272864,7.021374491201415,92.69334244627969,19.965677389003115,8.455141983552403,109
24,112,6.199396183699566,58.027911621958886,6.953977215080365,97.59056730376756,20.30165119163696,6.704130662169116,108
24,113,6.15159336641171,60.63220062791121,7.239629792124214,101.59541455113418,18.549502107519714,9.330282884128748,107
24,114,6.362228959153762,57.072504392104555,7.55499571196967,97.31960093664146,19.362229848032545,8.462647308626167,106
24,115,5.541705535497516,60.00928467790384,6.894641864553825,98.98460786126138,19.843745077271123,7.684667550293252,105
24,116,5.186587044918458,61.434427906629445,7.434804527970775,105.29688121286594,17.463058177771323,5.5465016828552605,104
24,117,6.522128005161877,57.317544559797,6.957510422186575,100.28257796653594,19.044206659718412,6.595350142130493,103
24,118,5.455788209463954,58.934585298743656,7.242952069658528,105.80234936446672,17.371388169406558,7.887606159854171,102
24,119,5.843931298129339,64.48371449779538,7.823756205967978,98.27441150337735,17.7356596291666,10.5692489589565,101
24,120,6.0393934331171915,59.47905173704722,6.840424158447635,104.4825934228161,18.70977216649999,10.359717359250585,100
24,121,4.458881593569697,59.15306642958979,7.55914595072425,105.72939264646983,18.58516960518484,11.905862149845094,99
24,122,6.561616033441652,59.92645057812821,7.53479491676173,102.14801730018249,17.525990838860952,11.75076793567775,98
24,123,5.855585034345376,60.4819218348903,7.107136654458275,108.01452891175356,17.87626388324631,12.079498189096435,97
24,124,6.568460545650293,58.94499475938488,7.393953280414886,110.84310400566666,20.12365629609952,12.143168640871451,96
24,125,6.530074918586971,61.03842374267492,7.136603193656623,106.21634265619815,19.14381935753896,13.654449440349353,95
24,126,6.008520381360462,59.176347912388565,7.119223547606474,108.22882739260825,19.343047743091386,12.337953842467478,94
24,127,6.313766981459866,58.34680190564163,7.182263854795238,103.04793410877093,21.14536311203458,15.40866907469467,93
24,128,6.585262106198766,57.16344588495536,7.367294791145281,105.26488666014485,20.875926054350444,14.231836063514196,92
24,129,6.6003843206993,58.15222757249251,7.202473647270624,106.51147723856627,20.52965533555862,12.524091722591995,91
24,130,6.670054436272498,57.69388050634943,7.320856189861284,112.77213444992013,22.202996663273872,10.412412738726484,90
24,131,6.794039224174256,55.2074577921484,7.296420770346583,110.72711839429962,21.71180372600028,8.915391160061594,89
24,132,6.831530270118603,55.2715349987749,6.793219262396409,109.45152461133668,20.63668773950512,8.204292529548175,88
24,133,5.663003300095585,57.81710952595161,7.099454820151421,104.55231707992688,19.818336044908072,9.405546558677026,87
24,134,6.573961432939825,56.30398595877872,7.239257022590216,110.20475029579048,21.88544876314524,8.829439676046944,86
24,135,6.683227755996154,57.91587873349479,7.1039556265830885,108.3172735913881,22.245576939180246,10.684396133222439,85
24,136,6.4416977353648495,57.29200982676342,7.0725622319508314,99.7370856862609,21.780143027507453,7.8592569860491,84
24,137,6.6161533300011,58.19873110409641,7.104233920969546,104.88203068814009,22.676047527785023,6.851923721427959,83
24,138,6.300994779293348,55.87195744811429,7.307276028397118,103.1473787979287,21.28746289961572,6.67450252852348,82
24,139,6.485327186734997,57.24456929070863,6.535535245639251,103.96377226913881,20.973241248754682,6.935788826838671,81
24,140,7.028455644571257,56.510776195256405,6.649928930999546,99.4159133923886,21.48439623388281,7.699158432987328,80
24,141,7.360613810021747,58.47685619914202,6.696349200718849,99.15462939431248,21.829691358719163,7.366156280955845,79
24,142,7.03068349565513,57.18161433128952,7.1032578852750685,96.5018191859145,20.619791418971186,10.383725366918062,78
24,143,5.553383026198424,59.99958502109317,7.082137385416862,96.57293059954702,21.197683351597984,9.912824149350902,77
24,144,6.971718425594731,60.57731277624635,7.378901499071304,98.92671065862565,21.420202743599646,9.259476558819665,76
24,145,7.046313127874693,60.767079877239155,6.994875327109897,98.14675942525342,19.294994879434167,9.509973906778516,75
24,146,7.239051238110683,57.134339515395816,6.793114982009541,90.74565462397554,19.92641173235888,10.527270538546148,74
24,147,6.520099380527753,60.416138998078495,6.942120128852243,96.22923024764623,20.519360236834,11.750128016039142,73
24,148,7.291807306122552,60.64171608620685,7.345075770700856,95.67164402977913,21.061032212749957,12.24510181426505,72
24,149,6.913086505625319,60.99389462825146,6.741043430262633,95.89661926022916,19.82991602263034,12.947125438757803,71
24,150,6.322171054090989,60.19863161977065,7.12176979576723,88.72872556755063,18.94805570429112,12.927539430360765,70
24,151,6.5428285102441155,60.625500544420404,6.7889016375189355,91.35353029917934,18.53842384517981,12.317784210128242,69
24,152,7.710337239156238,62.70660453819425,7.050712884040828,95.57008390344828,19.656746044859382,10.706617348904397,68
24,153,6.88641997166325,62.916085524156124,7.128721831124203,89.4875105288184,17.88431155690935,10.410744667243048,67
24,154,6.059425255499118,62.5048920607757,7.187216335378767,85.45342889788405,18.482378087640747,11.412707403170923,66
24,155,6.903760527080191,62.04675013152098,7.0421087988864235,87.69886165950231,18.321618585701348,9.378299126986809,65
24,156,7.0680136826648585,59.64140816700203,7.293250055104929,87.23317321221565,19.946112702815743,10.173156236489069,64
24,157,6.747388183635649,62.84576036247722,6.649075277757132,89.94927978873925,20.420440141564647,8.441065817363906,63
24,158,7.245035950020638,58.96841322475715,6.833422536867989,90.11868828035703,21.350471164628782,8.122436929186671,62
24,159,7.179604179293893,61.644207459685205,6.948112778321545,94.36289744679435,21.07781856959999,6.943029695432438,61
24,160,6.861618425830049,60.219044689015284,6.550107967996451,85.69919772500384,21.378954871396466,6.60573048801578,60
24,161,6.622726697257407,59.41143432112197,6.962573195494291,85.47234216364168,21.65873862608818,7.109474935107663,59
24,162,6.512055365078431,60.51975345554453,6.9096895732997075,86.60460889700842,20.88961575679717,7.611387630237792,58
24,163,7.525227051997968,61.42649190140065,7.262015868449675,84.65164047696034,22.85915700980029,9.496514322592951,57
24,164,6.958090033425083,57.363455601233795,6.795365387467851,85.98592666818067,23.94815421832746,10.512328013459394,56
24,165,7.015953634730894,56.72134972856948,7.020864560505416,88.91756758824832,23.732741219187055,6.1681970345488075,55
24,166,7.435238784001291,57.62332811911429,6.505517732697149,91.18100668954219,23.600658272669055,10.1570056109933,54
24,167,7.609043489171453,57.8240759309351,7.429280314514321,89.20819211198811,21.763230316896266,8.28922790199532,53
24,168,7.747824831676979,58.11735420454434,6.493339304562742,90.5916954772009,23.453005890671715,10.928976366795354,52
24,169,7.400944385643276,56.71088690323635,6.364838304911795,87.52984634068214,23.912106596820863,11.505554174828443,51
24,170,6.788302023936686,61.246490094804145,6.686587269773324,90.87942106582157,22.909991017427984,11.046080610502383,50
24,171,7.381024443251579,56.14241782919107,6.918794561972186,90.56221535575365,22.9662481762782,11.313659558174045,49
24,172,7.573856418468358,59.20908051064099,6.901080575764608,91.84655075369443,22.913550522757497,12.326586187908035,48
24,173,7.494898327169196,55.12635121243742,6.8217448673288015,96.0207061623707,23.043872458478823,12.343329643694062,47
24,174,6.7386017057087075,60.1234527650406,6.906589099987645,89.91186888223561,21.39123466449311,12.13715873393392,46
24,175,7.3977801307769395,59.3635599436145,6.501231110821458,97.89606262889262,22.579762737125588,13.22717799597899,45
24,176,7.603544492778716,56.85571494547985,7.087951088925701,95.16167981194481,21.38205822455178,13.82090825240215,44
24,177,7.51946233785407,58.15010655387317,7.344072584104004,94.58510235237257,21.649401376458012,13.536865430579674,43
24,178,7.706584251187561,59.92891160946793,6.4674873938741975,95.35777955627216,20.914691302456788,13.119454755700673,42
24,179,6.561795047648058,58.53253801283053,7.143762818366857,100.69497447232597,22.127347325977123,10.775045435512283,41
24,180,7.654665349688365,60.32751952499371,6.6323254957768745,97.65626969521156,20.41479484658218,10.980140725124599,40
24,181,8.082700782243487,58.55802359175227,7.4021702008160055,101.67567420020369,20.509483989347327,8.113995380904266,39
24,182,9.094846408924276,58.6070493862143,6.41878743242354,96.63639663880055,20.54384795831175,8.716904411208668,38
24,183,8.634999003095187,64.07777999144173,6.6828498864410975,102.16487452717811,20.189143441621635,6.943684096869406,37
24,184,9.435097726110902,59.984718960245004,7.0704783347454505,100.71978475062303,22.579384495590308,8.983072902338602,36
24,185,9.147084139822958,62.33832233714983,6.946924805608728,100.24318486744515,22.71777916214572,6.792234409828936,35
24,186,9.372456090772026,61.57278321387959,6.8954768736602565,98.09585181798435,19.96886435360308,7.004192709937784,34
24,187,8.655025675009615,59.562127456713405,6.506664562873368,97.54492175635218,20.718279920775768,6.654317816728295,33
24,188,9.343259260667184,62.35179625838273,6.433983165529591,101.32710997331635,20.578280529964907,6.404401981051902,32
24,189,9.014122331382751,61.52679989273307,6.585948253274467,99.19225573379217,21.496514518419225,7.655204135787685,31
24,190,9.364933601418851,61.39592799502452,6.980952789743459,100.65043265309257,22.636884141871082,8.520167755060648,30
24,191,9.555115915347052,64.90751069919698,6.89358478523221,99.25872134995723,21.208843207303456,9.762274280960238,29
24,192,9.546996218675364,64.34443572560008,6.649514006214412,95.48692606528364,21.854038004900122,10.539054298484125,28
24,193,9.935508053508165,62.46202020192887,6.962609112874905,95.41522962982924,23.623696176654526,9.262871041169609,27
24,194,9.693379585182537,63.2342291716786,7.038991777121848,94.8790231702825,22.869167508956526,11.47138504122801,26
24,195,9.183167918310794,61.29816148796756,6.521904213815076,94.90731506760403,22.736560304423765,10.329280975308937,25
24,196,9.722794113531403,62.70699074636421,6.508174792696678,93.266713227657,22.19324779105226,12.001278682548167,24
24,197,9.94065557563829,62.36811706878146,6.618796817144648,97.84775414066875,22.200863675012016,13.797745513029405,23
24,198,9.339504387442446,61.27465883976008,6.419192918402069,94.04796675693687,24.000206781628684,14.683171835316584,22
24,199,10.062100963680216,62.34687339514997,6.179316781973743,94.52170715236628,23.29451801009274,13.394619242974233,21
24,200,9.511988709900375,62.34973677547591,6.4141401003015766,90.73503619061779,24.19919837152304,11.798837700142231,20
24,201,9.641821857924432,58.8332347006148,6.878016569059533,88.77976565523241,23.243141430342327,12.14584300274282,19
24,202,9.55940384505136,59.08257930325277,6.519352112076504,93.69838621758262,24.377425702370516,9.436538515175734,18
24,203,8.968537764386703,62.4200858824113,6.744030849069881,91.73747858240165,25.163913732003703,9.000810037534505,17
24,204,10.541560972629975,58.47151507615539,6.4641208261906495,93.16461498263325,24.943529337529718,10.891627886548168,16
24,205,9.404363600960274,59.60206279911308,6.802488704503762,86.66864695488951,24.684110951273254,10.757299443997374,15
24,206,9.478399147170272,57.76825201163248,6.665569709004449,84.99789302578047,22.781724294603713,9.539199650886877,14
24,207,9.961536325686009,59.70577579084314,6.953529553393816,85.7816723073566,23.322665860284513,6.990110023505916,13
24,208,10.486991105499282,58.767140466640114,7.015604246347809,86.79365949007449,24.098958704455537,7.664126976500443,12
24,209,10.007850090143652,60.68678439135449,6.690640102218532,88.536385583589,21.516825072262282,5.00931696156643,11
24,210,10.091335751887256,60.38273988513015,6.898683333654385,86.95790771854122,22.394036220115773,6.734917411533368,10
24,211,9.879087045489872,58.62691897496439,6.239266963237894,84.33380587328055,22.6444650185232,7.457925920864945,9
24,212,10.268624236282005,57.848980602606375,6.441726817991773,79.88827157927918,21.039187532854584,7.977136477448588,8
24,213,10.532447476985311,59.94451579077188,6.686056465070579,84.47899083740641,20.39276958148236,8.365783277669829,7
24,214,9.517800022089283,60.15424667835772,6.374317652336426,79.84680887788109,20.04045141969334,6.962232969706699,6
24,215,9.465477512290914,61.40832377683272,6.526938537232739,79.89037139320108,20.62252775975552,7.808737221003389,5
24,216,10.547309258728067,63.90852893646007,6.391107042082906,84.46782388621824,21.78801636349113,10.754862227941672,4
24,217,9.849286040429527,61.81901016927118,6.657529231680248,72.88485821879202,20.623291139546236,10.025827127966286,3
24,218,10.23820135163679,62.35004095920946,6.611932255838327,80.26113388200308,23.08374659663812,11.144374369051171,2
24,219,10.99887761608568,62.21341294938725,6.232371693874121,78.90208677824867,22.492012137850516,11.668883219574393,1
24,220,10.219594582513237,64.37248582948678,6.374930374498031,80.65384346837757,22.122050251731988,12.991078956839235,0
25,0,2.6670882312379507,53.83256609296269,8.5005866511059,102.28902021561329,21.222665069321426,10.13254446923678,87
25,1,3.1161849065780736,51.981956462564575,8.489584152159333,96.13625904185545,19.688307450670084,11.238551165803631,86
25,2,3.3318630238402025,55.662251511724115,8.50451228740215,92.59527476115693,19.227114827385716,13.31032419599458,85
25,3,2.9419579102759865,53.67965061270932,8.22741076023711,101.7592894877564,20.92334365284796,11.861554887554144,84
25,4,2.14995291879724,54.017972383305164,8.3375130899235,97.31611773195327,20.50236789278765,10.802911597652491,83
25,5,2.6010805411310125,55.89498115407185,8.096565755601617,96.93317349712086,19.775731488952776,13.517386542860322,82
25,6,3.186910415117452,57.5838108193942,8.391187027990659,95.76031003280691,19.723333589185085,11.206840396425678,81
25,7,3.425649208400206,55.039217531828044,8.002872769676122,99.97072633355204,21.605468645912783,13.46518983056235,80
25,8,4.145856358172496,56.3976801857398,8.386167176690899,101.19725675834688,21.83880368544689,12.152750096908651,79
25,9,3.425056720395969,56.98504829742185,8.478539068977692,94.88500087656587,20.33259861370169,13.107301642486535,78
25,10,3.3475723356481026,59.68006551404842,7.794667586432013,103.76468803967393,20.511996333257684,12.212704292648738,77
25,11,3.53982848103223,57.45149496340337,8.059083211509703,97.26768960847662,18.961265391064316,10.096805703027503,76
25,12,3.024863487403572,55.111301808311,8.453941862821251,95.29146919150148,17.729115544498548,9.112952306526148,75
25,13,3.760128970684822,53.09988307570092,8.105995877357326,100.31702050122057,19.527093021735787,8.558739238947066,74
25,14,3.11111591786897,55.35095844310089,8.284713489312475,97.98102692192367,20.371064750836634,9.32639283990091,73
25,15,3.7649564216610454,54.91947364282994,8.427600553397454,100.80687378169738,19.706178354363686,9.111148185349059,72
25,16,4.196606550250982,55.073963113841955,7.334147719353398,95.04957762491036,20.710931506308846,8.642622450315741,71
25,17,4.9289421181800845,53.27680824097123,8.107646387710231,98.00597141182396,20.057618771064753,8.165411380188317,70
25,18,3.819456650536253,52.355118140694465,7.896355426885607,103.76172892726359,19.735183697519748,7.006022606751144,69
25,19,3.766818556341251,53.67805344103428,8.321640583889184,96.42039686990108,21.446929884392972,5.820898562717398,68
25,20,4.304526940221705,51.855695440372685,8.056844325959844,95.6932787485109,22.53501324251294,6.743204160264318,67
25,21,3.86676847470907,56.0843721948406,7.60932608339197,88.49675555247278,24.3995242514764,9.913217109664362,66
25,22,5.8717409790895,54.14358091118769,7.928134636060185,96.68800091238995,23.18068721022279,9.191386757515106,65
25,23,6.394605101835724,53.952786568955055,8.226881345298096,96.22063324224048,23.347147723441594,8.22774197989765,64
25,24,5.569841858923155,53.297246960036134,8.480786576723938,92.96518219854336,21.214392845649773,12.625343585476134,63
25,25,6.904988205073997,52.84714051515056,7.335102038223256,86.46222045493484,22.323065514704997,12.005982257729546,62
25,26,5.984433950295877,51.46470011825272,8.471365905259706,89.33454970925227,21.354392001238676,11.136046008902943,61
25,27,6.065815976385549,52.73703294692413,7.710420425379416,92.47182973021152,20.279282772508406,10.59937687349271,60
25,28,6.42900540835396,54.85748701368344,7.834081530657321,88.30447925448601,22.89991491009846,12.3691547929128,59
25,29,6.051505302549908,56.11110067135691,8.238275473509766,90.8553799434541,20.575067868917838,13.171630988372076,58
25,30,6.043214349390848,57.66770644352733,8.051766937115964,87.67292511856537,22.275667247193148,14.558621488730914,57
25,31,6.169356687147643,55.48759331985319,8.11121007560509,88.81577368355072,19.66923541016462,12.609885810154644,56
25,32,6.402136938653815,56.79336890874141,8.05707430969744,82.6397946993169,18.9223751948684,11.242217415858505,55
25,33,6.558557891087355,59.70852856674682,7.543026608454152,81.85733631369882,20.872592079328303,11.489750990447794,54
25,34,5.871489598184854,57.67096435676859,7.5750750469027155,83.87055769048828,20.15488582563649,10.287143355257163,53
25,35,6.945989971264221,59.59405096688262,7.7255448001077385,79.01350580943898,20.54688579164886,11.664432697030765,52
25,36,6.7225916941692025,59.992705515187644,7.948544068856408,75.52263492237326,23.008431113631126,9.944286484074274,51
25,37,6.300580499598794,58.52303452372053,7.733326574244045,84.5570079866544,25.994951331058914,10.581015629660188,50
25,38,7.579349952936971,57.68369420279475,7.563661939174949,75.04292651346645,22.684201357375347,9.981862355063054,49
25,39,6.337472686533156,58.89752428055136,7.4130982462221695,71.62409741284063,24.075316713022076,8.48027995703974,48
25,40,6.851136165977791,58.15204237206539,7.648532122793459,74.56105706078937,24.60248851918999,7.978091279140512,47
25,41,6.177740779265829,59.60218360575777,7.40990357561381,73.5732041264316,24.644213356843025,6.120125558625281,46
25,42,6.752721777642355,62.31347508939461,7.801948408069954,76.34955221786745,26.602612803930846,7.066755048333536,45
25,43,7.844044754862181,61.87286986210312,7.522355681083291,72.45495374333697,23.979011080214104,7.63599005899722,44
25,44,7.1094557239057385,62.09259547062137,7.3689359339429386,74.2499462871915,23.45431837844939,9.114151288654304,43
25,45,7.088428611778564,59.437006345666035,7.925589404884346,76.98431844931368,23.507781933021427,7.191919925770585,42
25,46,7.509588649957517,57.97467988417943,7.892085479781179,72.9250548868907,23.290576489151466,8.408026983481436,41
25,47,6.698403186631354,58.46787805912368,7.881307520436861,73.33049901854129,23.686902945714525,7.995285427598744,40
25,48,7.119261480761053,57.31886147926254,7.349082482621727,71.44779782519282,22.353525894096837,8.295036958070217,39
25,49,8.265403406553183,61.71337037856002,7.475525475499662,72.28804333063435,21.24673969839357,11.71378464328704,38
25,50,7.737302909551665,60.467625878212715,7.5282365633381945,72.20188870508714,24.468545804748423,13.197613434617839,37
25,51,8.045643100515377,61.291527131333545,7.5148409157335605,70.68265383499457,20.88020329212513,12.847430860160417,36
25,52,7.837313263003519,60.140332207003276,7.215386988450938,73.85122660832732,24.99555769567755,12.190482582567263,35
25,53,8.144585400856439,55.06135556328659,7.579045078841033,69.77285174214649,23.190117340033215,11.824935980320006,34
25,54,7.310287553632877,58.03001070264184,7.411151667282405,73.15943774099841,24.64307114497416,11.57730133040719,33
25,55,7.945018600900758,58.82085084191606,7.546548012939893,74.33998577155751,23.965840520890143,13.411777374104714,32
25,56,8.842166327159461,57.842933065457906,6.824847550722629,76.80641377666534,25.92180440145823,12.687775863373727,31
25,57,8.39049739831356,57.08752178349293,7.007586940394116,72.59840665081829,25.479462658801463,12.97248365739357,30
25,58,8.7548570996314,60.14421438916344,7.276566534121719,80.7930892673283,26.362923468236367,15.235275388773566,29
25,59,8.25190942998146,56.919834320500826,7.531085849010982,79.52395552471131,27.140023731504154,10.13594871075693,28
25,60,8.59438771823529,56.19267954380026,7.690455000093687,71.87406652897447,26.318201061111306,8.798762036788425,27
25,61,9.259032756912493,59.50542625114981,7.15812263697064,75.21357066549452,26.58054987660032,7.2396974661777245,26
25,62,8.521361913832031,60.32454101069965,7.414049510548066,77.23964099870086,24.601950740368256,7.780772834553924,25
25,63,8.896373288892256,59.81114340508916,7.457327863735124,78.51975736712428,22.82194673368877,7.984794980306292,24
25,64,9.240699872019054,59.57868490361285,6.991417935992056,80.93551857288169,23.848741529634903,7.898802543314823,23
25,65,7.625772678590089,59.63870460061061,7.109945775797914,80.97501720349689,23.714529143418815,9.827160606738468,22
25,66,8.573709038655844,60.19083250155751,7.216944638553864,76.91735391498052,25.729993047658095,8.163580073679746,21
25,67,9.196251681338023,62.63951044104436,7.038304066143764,75.4931824249634,25.1324779425533,7.408452661069246,20
25,68,9.398556504064288,60.19778739861115,6.5607743756207695,77.1605590323865,24.956139222348916,5.957249136599379,19
25,69,10.105771932015074,61.465593419367096,7.12396450541169,76.59245076922357,22.852935773906236,7.9909507427715925,18
25,70,8.973342920838716,61.961404222014764,7.008314145883145,75.54940121292347,25.317413329363646,9.042069008207866,17
25,71,10.637440883571344,63.180181012708296,6.824820437129099,78.33897690214944,26.123640099669615,10.322316637360153,16
25,72,9.339157090445157,63.776868667461464,6.995074442805842,79.09693512380825,25.097070029248552,10.781703207598904,15
25,73,10.817027349200597,63.51155669797985,7.445257445847269,78.93520319962764,25.61301162831096,12.371865887296272,14
25,74,10.273102061481552,65.26452205199583,6.93059763596551,74.80454975291447,25.619176362386153,11.172102685483118,13
25,75,10.578663944091836,65.23518989553557,7.430360155377534,77.4192944546218,26.33749112810893,12.638073125416378,12
25,76,10.934377893288076,63.12721813898443,7.063646147823021,84.74988156010033,25.69450345620757,12.329233840808556,11
25,77,11.59036024463564,64.66187511207382,6.499988435954933,76.05157575286589,27.36105715272147,12.939222341386985,10
25,78,10.370148201835853,64.99741885115127,7.001011207290599,75.54802648628691,28.045515715070064,14.20365016626697,9
25,79,11.847089496449453,64.13429060597973,7.321260878681557,78.33301028264762,26.209046922066992,15.211493602529389,8
25,80,10.510147758739933,63.59860146950413,7.333956218392234,78.79116277560993,26.832028518025556,13.213980517903671,7
25,81,10.153060450442398,64.73541288270364,6.893731729636619,71.96543996504398,26.774757012482986,11.837506653963816,6
25,82,10.912354286967378,62.55733170944162,6.639654574184964,79.02197502010495,25.614820094227102,10.952487757438254,5
25,83,11.91127710997111,65.89280018414574,6.944771763272594,72.53285373007625,25.838554171550744,9.455597311520375,4
25,84,12.211208734401769,63.36207877193604,6.5706610806685894,73.76430242263324,26.2920662513561,9.418040737906601,3
25,85,11.76692688491378,62.07937722331458,6.984595614165569,65.9429517415972,24.142644733946373,8.983808038967366,2
25,86,11.260792191204487,63.03222082790189,7.153247182511511,74.42787327423272,24.415528066488836,8.536775324024116,1
25,87,11.149959208721771,59.622361050386196,6.713818081520941,66.74239580801218,23.868454619452077,8.61768565510102,0
26,0,3.681647109968794,48.65314894386115,7.697740270658635,103.24262188709613,18.432508108908284,10.064508715363097,255
26,1,3.705661775519114,49.51454389360135,7.808912500783427,99.60389844342606,20.198894003795274,11.484681838467525,254
26,2,3.7846947179403214,51.63655744069089,7.890105831839143,106.08155681580948,18.986389675974237,13.053041879966177,253
26,3,3.061444172711657,53.494498587747835,7.761474731135746,114.4190169553814,19.19073386609918,12.917605965020492,252
26,4,2.6476059608926503,49.3219992419235,7.781650467839527,107.15965515821635,18.81516887124597,11.541940839710096,251
26,5,2.4800036072759957,53.25336641495276,7.550969134829641,108.26686408633725,20.27855551939294,12.610450317823059,250
26,6,3.0912008472606383,54.34635150725421,7.774627552780872,111.25469742720634,22.111832805095716,13.007504830005837,249
26,7,3.6284186313486178,53.723525627955794,7.811099267267378,109.36116522375298,20.191214649724092,14.123086765266155,248
26,8,3.0723697218216772,50.043340537745735,7.782461596049767,113.75604210241251,22.103630805926507,12.81932036564356,247
26,9,3.4500702014668923,53.17718751702675,7.649664480115413,109.35579945628783,18.47414785816714,12.193703152221188,246
26,10,3.459830652575765,52.864745592768486,7.844064926220203,112.012338687109,20.78450596064166,12.569069712877017,245
26,11,2.6306456041223467,49.503708298707245,7.80302097543811,108.22284903348681,18.29517086334319,10.778291005657623,244
26,12,2.980556880975538,51.60089139763078,7.34208692909816,112.23233715823652,19.594731213832954,9.376421703163116,243
26,13,3.1947324241977735,51.69820079430594,7.630867362355596,108.76024422160994,19.036306271534738,8.474664316447935,242
26,14,3.61127574969466,52.83142093085143,7.759021148549613,113.88474364961813,18.35313526223319,7.627214052734671,241
26,15,3.0512080987622574,52.940243713391254,7.720119360906294,107.86551550180893,19.38310553181627,10.191281715917867,240
26,16,2.975432820217587,52.589098419899,7.688467769160712,104.14174896071106,17.707560762186773,8.144513652241741,239
26,17,2.2909256788958148,53.27343577480404,8.058959652222073,107.6816946387708,18.409048235405542,8.501446111664329,238
26,18,3.4570597186964758,51.49605524088194,7.8255676951158755,100.22506888646168,17.730230385499638,6.319978088328352,237
26,19,2.795738188882767,50.960615397146064,7.787695429037489,102.16249678506935,18.418425391078294,5.009164296755997,236
26,20,3.866283596189364,52.78173136320485,7.782611435442198,96.8299548336421,17.895177334320174,7.41608871937538,235
26,21,3.4115561655790674,51.828229572197465,7.2167064772216865,95.27768266004955,17.603346558128962,8.694726514933437,234
26,22,3.385186141151227,50.33912807469281,7.71906176244489,100.04214667700407,17.6399706787848,9.847330073645498,233
26,23,3.6760162842721074,50.79376159998577,7.898066527924791,96.40107685937728,17.170884664962458,10.972294894286609,232
26,24,2.934678934238612,49.539863825630256,7.5619479747506295,96.78741485532777,17.763294494787758,9.989851129512294,231
26,25,3.3677310098478186,50.91485290367965,7.415473309714009,99.54252054317978,17.42001732528021,9.92474425094809,230
26,26,2.888634360002206,50.33303943354437,7.737941825445646,90.15104391655055,18.901304404211228,10.686297273488696,229
26,27,3.350094317916601,48.956677070036946,7.452552590666868,95.28060544144947,18.58881903190466,10.51198808671929,228
26,28,3.229319097744888,48.41647106024537,8.174375243930768,88.32937273230483,20.929600203814555,12.757384278342018,227
26,29,2.8042588817217564,50.71092775249861,7.349005583045714,91.72803607373766,20.323855381889473,13.72619144302449,226
26,30,3.998985576203132,50.02710241190959,7.736110923075431,90.23005194865921,19.526469455808794,14.886803450695453,225
26,31,3.6161726928433264,51.18164708685681,7.768404644949516,90.38167744335972,21.561969950353056,14.539032606286383,224
26,32,3.5117031748496648,48.770335938194066,7.428220012596875,90.7367558291694,19.81098468418471,13.33149763164478,223
26,33,4.101124472931934,51.11768609194708,7.578271005448084,89.32330357089684,20.745199519210967,10.378184242751558,222
26,34,3.0773320547006255,51.41443557526396,7.512399952842692,92.46791761600063,21.404495082416712,10.364035258591603,221
26,35,2.3754963324722858,50.024274328838345,7.861968829507886,93.80732511813007,21.67311059565765,10.925860486478609,220
26,36,3.3441148054940695,51.81981541525945,7.373234161196279,93.06501707760668,20.855563272097275,10.798226961279545,219
26,37,3.94731077512154,51.9840283464547,7.399975720195143,95.63064903370363,21.191140672287133,11.153000990488426,218
26,38,3.3957234011012556,52.11309628071731,7.660728141244116,92.88802216942459,20.64810424455562,8.52670752095554,217
26,39,2.847060703211955,54.22698548023906,7.78724839945239,93.94442998734321,20.16312820562466,6.2601970053397435,216
26,40,4.082787987223516,52.52239214809216,7.289372055195368,103.31482105666036,19.2467620811618,6.77182473887272,215
26,41,3.2908108767785658,51.94006844547254,7.212062024641246,99.44509902616718,18.940847824832964,6.465273914028123,214
26,42,3.9217002867200286,54.516121657823284,7.551553642133215,99.12221740097802,19.273018552381306,8.17663139103391,213
26,43,3.7327112814489114,55.48801923009815,7.707186155478358,95.59992837021856,18.833394679099843,8.391457350714466,212
26,44,3.661839460927366,52.15032107572675,7.655213656488227,99.87143425875384,19.27659662176139,8.188878221054571,211
26,45,3.6522781182338986,50.33962784553815,7.382293702385944,105.70561810207387,18.088463577289907,10.381026247736337,210
26,46,4.500060131347379,54.233619467686744,7.5515552030450905,103.26379192930835,19.483166826561988,9.440249941935944,209
26,47,2.6456417905777316,53.22517809395141,7.743641542272297,102.95607685875477,17.997447313161484,8.331431595734927,208
26,48,3.917938337197672,54.745164771481484,7.629092581804903,106.94858036189815,17.024958343532536,9.05480713746803,207
26,49,3.7621862790158587,54.27497485935148,7.26914784711554,110.76614090556096,16.094296388009347,10.629195586255948,206
26,50,2.8595102466807245,55.01696298391906,7.956688770335656,102.0914223189366,18.030656253343583,12.293972735559311,205
26,51,3.612734029100258,54.749869387270145,7.751024376937827,106.49180922530881,20.33561490618456,13.163277191140814,204
26,52,4.354934029263172,52.326839518098716,7.462283788044578,108.34819569225829,19.435097909169716,12.152731932459613,203
26,53,3.6918197916685496,55.4213546461347,7.95904890922917,103.0217664390976,20.223983921528948,13.118214041305695,202
26,54,4.357043220979923,54.57662568582851,7.738306549906017,100.70469430245139,18.394188308042295,11.070970777188919,201
26,55,3.526829731600883,52.02576338423061,7.657008255957455,100.2373330271285,21.4198671447013,10.307904376451905,200
26,56,3.4916046904615525,54.570696117605614,7.468557217954371,97.68365028920343,21.079110980757136,11.874644300905796,199
26,57,4.125105148666922,53.75822539639643,7.670051854186095,103.91624984096133,21.174608412317422,13.3292244442151,198
26,58,3.9485268609739625,52.95652952122744,7.552271775383561,98.43090783749484,21.425714344990126,12.85047041280411,197
26,59,3.979239390921016,52.96197751622302,7.711162727856206,102.65659064699652,20.922540501422084,10.55290834142247,196
26,60,4.197012246393341,55.96131896583491,7.648931494089261,99.28576468456404,22.175467704323935,9.506578033176574,195
26,61,4.574588709450226,53.02053025860998,7.366897871560516,92.92682868620977,21.8715855899947,8.256859984027177,194
26,62,4.173405795468106,51.647080119461414,7.458629030795844,98.30633114272905,22.94729032335443,7.561696471996178,193
26,63,3.210772359409849,51.99051290621947,7.574197016756004,99.45394746333025,21.95688895609788,7.313072893664345,192
26,64,4.992221187823228,53.60945795264687,7.904199501179458,89.63742605974507,21.32712988700254,9.573071783473111,191
26,65,4.0734675666032585,50.414339482505305,7.254927139990326,87.20319113464461,20.272535005269656,8.48721954354773,190
26,66,3.225760592054062,51.785180838112105,7.672827869415321,88.11988725121961,21.601786512962764,6.7877742398912595,189
26,67,4.730158037154721,51.91221859772724,7.817807341318625,90.05714768564285,19.621124013164128,6.509597335207349,188
26,68,4.4666424074048585,51.91595687795623,7.5664646216132105,91.41257303041164,21.233342032052573,6.864527630045376,187
26,69,4.376990335736396,47.654210440613035,7.800766325138457,86.79635686810862,21.286237680045378,7.209641560279137,186
26,70,5.41647900616965,50.77521127697061,7.278263441201157,87.77159587121653,19.255206376129035,8.290635635633658,185
26,71,4.406011661501353,51.262467732857296,7.176734853282802,91.77149554903622,18.847821613484186,9.618834810830698,184
26,72,4.472002115867748,49.5677277421837,7.457335346445744,90.06214704321718,19.902454528305963,10.144758356357274,183
26,73,4.162931610095181,50.769553570656946,7.6138931584078335,89.0238219136429,17.85506484066186,12.580516758344865,182
26,74,2.759372584114925,49.79940482889308,7.5416513862212105,84.2952122437079,19.499650983156254,10.88655977721012,181
26,75,4.973562795927419,56.908931871455934,7.877690860176008,87.19957145320376,18.116474587451986,10.95573828099867,180
26,76,4.789556434283277,51.5404723070289,7.588959778694217,84.96705840323992,20.138396502988762,12.085342429639155,179
26,77,4.372776740382931,53.44490960839855,7.480747290210201,88.51942440590322,20.38993382205571,13.677780296946638,178
26,78,4.774043176202098,54.427591528192025,8.129993521225908,96.4667784457473,21.269487980459598,13.961609850089621,177
26,79,4.9167101041215915,54.33419358530914,7.478930258800885,93.03859415660428,19.65421739215622,13.714102390839997,176
26,80,4.216844081239496,50.76601984965475,7.439912854887112,89.88974918010449,19.934294764691906,13.52207067956565,175
26,81,3.4480274009059175,55.25196993763479,7.2173132744865915,93.65937456263,20.39653260149361,11.83727901630691,174
26,82,4.2563977109831175,55.00460938810997,7.319538989233234,95.41353604059113,20.68707590216414,11.337258590668805,173
26,83,4.549292583194794,57.07892846745846,6.819122661616721,99.8576325592494,21.682068197208377,8.406917629144665,172
26,84,4.730080474132734,54.10035807190117,7.560510226596583,94.0139987810336,23.53042179515603,10.544787967870601,171
26,85,4.411497202086403,53.70957170830145,6.648926106593575,98.44637540789434,22.44213998623885,9.169376052978896,170
26,86,4.6795343349234155,58.26728431689576,7.211918482949679,97.50637120839583,20.931978971673338,8.477902936579664,169
26,87,5.012774468705145,54.856287471178156,7.291974644987926,99.43730969859621,22.64920624824141,6.745992482879294,168
26,88,4.194201283221584,56.041919819691465,7.410460253612533,98.45315988202071,20.822570462059478,6.509419621548384,167
26,89,4.514237753066636,57.28788585720379,7.187754643722754,97.76976543963352,23.805038773012818,5.450617140993942,166
26,90,4.82141648950798,60.26675124810858,7.257629072191799,96.49097820432398,22.834940019005565,5.89346760760911,165
26,91,4.94814195642809,55.691274125512294,7.532892981598146,99.47739666034364,21.943030512179647,7.410471663842379,164
26,92,4.9465302725138764,56.48215002164474,7.795786151776345,98.62512392326495,21.878723548393438,7.353100775060127,163
26,93,3.9336489399779513,57.330685514147106,7.346296107057898,99.12144466647392,23.655538971777442,9.39583178168206,162
26,94,4.6551922502140135,53.963120918392384,7.394289774740557,98.79071874442072,21.559699539299455,9.430813227888423,161
26,95,5.648787800316989,57.81430439793565,7.686277634497925,101.5061057750707,20.841239011132835,8.99409849134795,160
26,96,4.219737831132871,54.37821111830516,7.447095232940401,99.78745186491324,20.26824770037632,8.812530700477529,159
26,97,3.6184259486621264,54.1300578689344,7.488708108029381,97.1689196122615,20.28231457804625,9.556870533045869,158
26,98,5.998265261846627,55.080817862661604,7.058511691806623,94.12926354733631,21.180771186566133,8.877750480309892,157
26,99,5.062686092305978,56.35888207527387,6.9732829465592445,95.41769720405398,20.891607094810563,13.531747024157912,156
26,100,6.0433055000166265,53.85232021745953,6.997531350529279,93.12236000541223,18.239245952913713,14.076626347353866,155
26,101,4.845741126397714,55.53763632252801,7.24792111013321,98.6738454102931,20.730657440334376,13.502687738948078,154
26,102,4.148969803391278,54.717754086665856,7.341114219800121,86.86074921404432,19.042883237301588,11.00525721199429,153
26,103,5.271292895281387,52.41606292344104,7.707259647555902,90.95927573615948,22.663454410384535,11.737213448673437,152
26,104,4.950774386324679,53.54165070291019,7.56385471418056,84.4908229516967,17.92168857588511,11.538937294056357,151
26,105,4.624349665770666,51.69595204926366,7.381883731268967,89.4255966436569,21.034752971673036,11.972157753296317,150
26,106,5.105814099716826,51.29133495094883,6.963058793541987,86.36176109710873,18.557862427033204,12.768726163021405,149
26,107,4.6664171906678265,54.64366139384566,7.163681562245228,91.04641107182496,21.13776350246055,10.371041940709647,148
26,108,5.766954288029964,51.23764632034898,6.83632392868633,83.38604511962012,22.313552541850267,10.957678855797317,147
26,109,3.9737852002861667,53.83309975550014,7.23974897347096,83.48138570957123,22.527122569299397,9.133165726072345,146
26,110,5.244229259396922,53.41706907980923,7.282874192248426,84.12524627383854,22.470179743733915,7.93238319728954,145
26,111,4.572656352349054,51.714167786278395,6.858180655279671,80.30708248196022,22.27548639535689,6.978181796463433,144
26,112,5.057429993436746,52.79405567573917,7.056369345212677,80.16182966823821,25.127698024016954,6.99001249487057,143
26,113,5.126930255167838,53.16584074678845,6.9599513325648275,87.26445829233263,22.48995513525093,8.97530205346747,142
26,114,4.783161957548201,55.128855572261585,7.11602276810204,82.4064764653756,24.332394057623574,9.395793916816244,141
26,115,5.021180052209595,53.39700739520737,7.460638660096409,83.41344781017389,20.472523697469104,7.180258087610419,140
26,116,5.387855466167749,56.08748889083183,6.848008158552731,80.94060980518425,23.328226732777658,7.445877998442658,139
26,117,6.367263711544294,54.77389975554281,7.007035346050875,85.03781919131383,23.18966809018589,6.930274338898265,138
26,118,5.151851321781999,56.83831666008613,7.2740615786404215,85.65224602043583,23.719653071221167,6.371742669117835,137
26,119,5.462213250021969,57.50436921599291,6.842013016549523,86.76001149613276,23.39783925389889,10.462625893102267,136
26,120,5.9004044214726825,56.55840742213614,6.94211170633985,89.25468034084449,22.65697812542295,11.67479237187314,135
26,121,4.777874207010083,59.06565375911665,7.021054163856975,84.2485161387967,21.806930530302566,11.075191055560017,134
26,122,5.857196281477764,58.403029253925936,7.404044615149695,84.26900389823211,22.099452144777928,12.650443785992207,133
26,123,5.507996077382622,59.85888862123704,7.113463797275149,89.60723802639312,20.58516118430023,11.637259966461986,132
26,124,5.614399819781892,58.076351298007566,6.8293022800900225,89.67362790352315,20.33548403269641,10.953716471589702,131
26,125,5.278070802613311,55.26880009790888,7.177172759273878,93.99061139905687,21.770838870855584,12.547890860780653,130
26,126,4.862659552563208,56.8141763291875,7.12796927419229,92.01019933915231,22.343549834750448,12.145512047562194,129
26,127,5.597819288784965,57.30318034737026,6.980183115898312,93.59724874228097,21.037661235456447,12.442750214358483,128
26,128,4.605586474827343,59.8386945050857,7.098993950935976,94.79229268841792,19.557047701654966,11.624186983665354,127
26,129,5.887718060588106,56.44757277893753,7.083010357984183,96.38127661992816,20.820278381554953,12.27343592241192,126
26,130,6.92996111759451,57.23851309215839,7.499125524997004,96.66128871909972,20.693762595133563,11.670610999444413,125
26,131,4.462647084356556,55.491585853847276,7.016569178885112,95.65816648795085,20.482027730943166,9.640880622047995,124
26,132,4.551244927504406,57.50869925273935,7.193400343013927,100.48412496823805,20.674672931256502,9.044418830989102,123
26,133,5.882660222904681,57.11465509652617,7.483862771236634,94.22340786330277,21.35986776207335,8.310872996051168,122
26,134,6.423620844264028,58.542862799976874,7.685533199510963,96.53510421719359,22.876930262539208,8.853647416451397,121
26,135,4.522684493317927,57.10305868003424,7.056327031862743,96.98022972965755,21.970300499940777,9.000627069873545,120
26,136,5.111951556763942,57.02581747514698,6.430626302192504,92.88010129710727,22.61391551720886,7.862338645362406,119
26,137,5.612554253986094,58.06729605672288,6.91685351354041,96.60718147711154,23.286242828143756,6.5045123396600015,118
26,138,5.343371069707404,56.46347018475092,6.936377600958886,95.47336969474183,23.557041276855713,4.760365579001332,117
26,139,5.739476363521611,53.75825218180245,6.850226056692128,98.54273384098956,21.821864751081137,7.406007239311336,116
26,140,6.679186245060206,57.751915361404215,7.094488986716307,95.10287158438447,24.146287077181917,6.116225825306698,115
26,141,6.302342103151191,55.48904632036319,6.92054410368966,91.55017190482869,21.352829229848055,8.557570908874778,114
26,142,6.596471638052818,53.36713155079478,6.842763089567818,86.09737065371459,23.751001000251172,9.404267437596202,113
26,143,5.50140902379684,56.031950881042306,7.066218818730203,87.1323712128154,24.01329844361929,9.09261797085918,112
26,144,5.781971042743696,53.42835139389683,7.020668295283967,91.45580604617173,24.294717294330326,9.197001182641955,111
26,145,5.343757210943614,54.06770919113514,7.153650391807932,87.10427935043421,24.681636810428873,10.331722014558272,110
26,146,4.8988225161839445,53.622930304140866,6.797395173914696,89.37685654279646,22.651964086616356,9.286563830737297,109
26,147,6.8562707992858645,55.34225972555375,7.040233383887785,82.06368322329385,23.270826412481032,11.214662005058827,108
26,148,5.53059197671125,53.55910030499756,7.536260868070845,86.20709987674331,21.704432370429597,13.236230151934006,107
26,149,5.459097961475688,58.36018994506563,7.422934129679334,79.751353714358,23.233533428212183,14.500997294768903,106
26,150,5.813021806848057,54.32850926721138,6.783471791816812,84.02974065285022,23.084904288225562,13.24343450601306,105
26,151,6.204871128674125,57.267309460419646,7.134369815609323,75.80582987640764,21.591101753198163,11.316651285040443,104
26,152,5.432849821926755,53.3801451137111,7.008378234486331,78.6151638427837,21.915254418344073,12.515251045945572,103
26,153,5.741822025129463,56.1029848134392,6.844505727162212,77.53965659113135,21.576277053443068,10.978779586805317,102
26,154,6.318188511717258,57.12116730798139,6.885468921627322,80.21522529656089,21.607634828504647,11.781166808536877,101
26,155,5.612349289905387,55.42597014318887,7.359997827727285,78.5761847162735,21.447787865292607,11.027415344388652,100
26,156,5.48423266200824,57.30429258871637,6.647606908428045,80.68234226337569,21.59736972084886,10.05306262517469,99
26,157,7.180566000855583,55.58154719920421,6.951963651687287,79.39792978570834,22.029200105381314,11.089633142607678,98
26,158,6.463749845495791,61.78675131101537,6.875785378432579,78.92588525310455,22.310887305630853,8.635154149352937,97
26,159,6.583311433117584,60.59668173919653,7.419506122149157,86.1182783629402,21.297505585248274,6.3669635562374145,96
26,160,7.264658752091535,59.54928609661611,6.92267361950035,84.15687614533823,21.977717485681318,7.175778216167409,95
26,161,5.965214055149767,60.484786914395606,6.865247044502725,80.54509931625648,21.56407114739378,6.71117836470062,94
26,162,6.106066175590559,58.50249381951671,7.2026033572162715,87.16357296165064,21.62434865319271,7.211537555778314,93
26,163,6.261976342719542,57.42396155764388,7.123713716485832,81.18297688170088,23.681925364708132,8.41853655630349,92
26,164,6.999800270972225,58.31166849573982,6.448848455588118,85.81140684385281,23.357106048528884,7.297976254311253,91
26,165,6.612704420270663,58.91356779528445,7.026493968437418,85.98383609784432,25.45853564899415,8.33466677040541,90
26,166,5.389715841861328,58.361912067219095,6.418610931013155,86.54740185137939,24.275062842600864,7.156421665946567,89
26,167,6.518752540042076,58.97256432971358,6.475921340720149,90.35219516256174,25.916375551694735,7.253596831761579,88
26,168,6.299770522316452,59.26831429348713,6.854905988566954,88.52029320446088,25.569258092436677,10.6128706666717,87
26,169,5.607531056608464,60.94948204997792,6.777763087721108,90.07379915778955,23.876808554275065,10.11332612658285,86
26,170,6.281752241807262,57.94754253409968,6.873437262050739,96.09699194238084,23.99710140032032,11.856554901740735,85
26,171,6.919937758734665,58.174317540241084,6.816419470716681,96.04014435230766,24.21638992788314,11.126815924801054,84
26,172,6.351168478930812,58.71507864196024,6.748786594457023,94.98552073106967,25.382262458037655,11.933937955328329,83
26,173,5.659461299093045,58.141058928467736,7.045619485282278,89.30734019090855,23.122871668362492,12.650405056822272,82
26,174,7.011775868273517,60.14571276424222,6.791888094097022,93.18891646793531,23.375306442301046,13.788296656570786,81
26,175,6.953144073054035,59.617917683256344,6.889649109179074,89.94997895162909,23.5178716600328,13.268207636762126,80
26,176,6.7943321531376615,56.920924034181176,6.5523100267492635,91.63781599843628,22.90737504430126,14.619168604460278,79
26,177,6.0415830800917,58.06168054453364,7.170799503560265,86.86263349562951,22.92519024448744,12.520333989039205,78
26,178,6.694025197903154,55.08320348258527,6.524269224777771,94.64815596907,23.224078863193824,12.001332875496924,77
26,179,6.679234665727528,57.177058371845945,6.445623424924487,88.96708952768603,20.763342570189305,9.873020001784338,76
26,180,6.423980311019961,57.32643103114052,6.867548487376385,85.3615464367107,20.898857777732026,7.820744680899923,75
26,181,6.016366751528111,57.42105407074385,6.898341883535757,86.52092008743683,21.618736264202553,10.017421823351144,74
26,182,5.830585762566448,56.54551609497411,7.195760708309225,86.4773444162963,21.035876323291006,8.53632232885152,73
26,183,7.018566930244538,57.30508527089605,7.135218003712618,86.80468668477923,21.35434378610396,8.610275969588042,72
26,184,7.015701061343536,56.566997401229074,6.627110689873714,85.20064988879807,21.631895571921405,7.386000749855944,71
26,185,6.691830908800569,54.82167931561285,7.061693638035983,84.11057488434977,21.49908118710226,8.88138031700231,70
26,186,7.607214112818759,57.99107165871854,6.91616161250689,86.10670797546523,23.25602304548719,6.1885429016182565,69
26,187,6.5672005508710125,55.62761843364236,6.832804207256757,77.61349358007872,22.698845191193122,5.569298106818639,68
26,188,7.364166468811815,56.913640979243574,6.820471278660586,76.02759449438031,22.051413827508622,7.284998833484413,67
26,189,7.399053599524977,55.25982504731526,6.775553656788536,80.99196429810667,22.4605332706024,6.746818251162677,66
26,190,6.615954027379496,57.69701586906463,6.741134394141468,73.03601578730165,23.369977648462637,8.048743974051117,65
26,191,6.219721331826623,56.7848926454122,6.541659395363166,77.82846753810142,24.870760535986708,9.907538772222779,64
26,192,5.879125453010742,57.4330385681268,6.711406067594144,70.1978970142461,24.845273848664405,10.602627728166341,63
26,193,7.300786059664356,59.91172964492126,6.908514189531216,70.95294654989885,25.077221886202526,10.376327480183214,62
26,194,6.9216734021484125,59.286464053085936,6.9608708497722365,73.42517977195047,26.312869909721428,9.58838163676148,61
26,195,7.183094109801076,60.617553163586294,6.781576159898728,79.76765228925885,24.9727882138786,11.8306450123005,60
26,196,6.699272896578113,60.97077958394046,6.953106420235946,75.88066695710124,25.740075301873617,12.757692977167293,59
26,197,6.542265593882973,60.977616078748575,6.811710307730977,72.05350306485111,24.529320170475412,12.87896209366239,58
26,198,7.015260581317898,58.89720477682775,6.438473814009251,73.74398100476529,27.51619990469814,13.707965335435109,57
26,199,6.847145754889168,60.024372046039915,6.435058845856478,74.67626156560841,25.34250572542654,12.692380245492119,56
26,200,7.515400596084358,58.032932509517906,6.450009008275188,75.36937572956066,25.0214727922894,11.441787966433472,55
26,201,6.34865035270287,63.390128492541876,6.7301936981640464,75.67482053216241,23.206352357943832,11.608811927030935,54
26,202,7.206949397913693,61.539918566493,7.304766668865415,79.83056005233142,24.331480601287343,9.920474494713526,53
26,203,7.318338622135503,60.79515162249438,6.449178712886736,74.65489347120065,22.500006437797794,9.884022243605088,52
26,204,7.541665933777848,58.91857197156907,6.98969247750887,80.9120181238267,22.473641543711647,10.610156879431043,51
26,205,7.256127638067131,60.655968273289005,6.610503022880296,80.25460067003803,22.701569475248377,9.884106879301788,50
26,206,9.068808248681107,63.01707179331399,7.106182430828724,76.75721979400925,21.39653665880353,9.034862064749134,49
26,207,9.024654601405134,60.768699105354095,6.294392234834482,86.17433027237772,22.651617706999936,7.2750489588368925,48
26,208,9.14477252013516,60.18135636703436,6.4145776399159065,81.74013173051598,21.978870855080316,5.7582070559744425,47
26,209,8.019289465053067,61.124490571671004,6.720023183487638,82.75584405961011,21.43055532464952,5.673495966490387,46
26,210,9.543159561545819,60.335454621113016,6.705548855434695,82.53989349107638,21.258516469982617,6.730503079370405,45
26,211,8.866944818737892,59.93274347575053,6.646683352178081,87.91126359966992,22.66137031263774,6.21554371996793,44
26,212,9.002581630461169,60.10340661607336,6.509935696651116,87.36216313432082,23.2807919048073,9.287711832816521,43
26,213,8.643015024307303,61.016891576539024,6.835616654733689,88.44036758230456,25.189577287661535,7.570229717981363,42
26,214,8.849916498903804,59.86591606812676,6.474467147436782,87.27886277723903,21.797804068658838,8.814580600062735,41
26,215,9.189057073892693,58.25629594169019,6.477585008659463,86.11877535296335,22.182886020370585,8.8054299622178,40
26,216,9.30580171593608,57.98414854332175,6.848660155727706,84.44810811982245,23.396568396612363,9.365678248080108,39
26,217,8.552973684884243,57.952996089550076,6.320621052934753,90.75007276321847,24.30224013784614,10.702778841095855,38
26,218,8.574249465075676,56.560198212295454,6.6962149631573835,82.89711590771687,26.655781327400796,11.544278172470413,37
26,219,10.058155269789273,60.727175086279075,6.440294420944408,85.56886054800269,25.873165814742652,11.933147771752658,36
26,220,8.228225472802924,58.447135891281924,6.765078438692823,84.14861216291601,26.176621734306025,13.780361460075593,35
26,221,8.684823193200915,55.640569803654515,6.2399987950580265,86.03181200632928,26.491573026723074,12.783753261327979,34
26,222,8.621586603908746,58.174881943649,6.753722404390811,79.95712461236583,25.697173246632463,12.158031923737258,33
26,223,8.88438610443062,57.775463663045265,6.851994429267779,87.07030627120385,25.211000448219057,11.518900413473881,32
26,224,9.584121560037666,58.000309754902936,6.810865416464391,82.64387559754226,25.550503419073323,14.636129282226277,31
26,225,10.20111031194834,56.942913733172695,6.616844913406725,79.60535237585353,26.034237586186944,13.361764396277286,30
26,226,9.939856448419777,57.69652615866347,6.418590700863012,82.3173068791389,26.489947798024865,13.341673409809795,29
26,227,9.75182910089017,56.917961249184195,6.556838523774285,77.6342864431975,24.39149386061406,9.272358559814334,28
26,228,9.489567765454213,57.369577804396094,6.288866450127062,77.51540906731637,26.475538739525767,10.67045540810752,27
26,229,9.566325378504937,57.358115063662936,6.56039041092067,75.42188936525865,26.717779364063013,8.610677065463282,26
26,230,9.364360051396444,55.88210413881491,6.639412238487956,70.73846627051242,24.77035243657435,7.9387043580541645,25
26,231,8.93288596770522,60.78312258208027,6.9121930630297745,75.92369505108108,23.406630124459557,7.208331566293451,24
26,232,9.789526492413192,60.28497517456875,6.377915938149313,77.5169152289675,22.789457868648686,8.759238062718898,23
26,233,9.087004453696771,62.17553117686697,6.585440936646908,68.44147380833238,23.74841045703463,6.772291034059827,22
26,234,9.952801644739079,59.11835337945943,6.7289435804118165,68.88300157812166,23.627624732581822,6.987127956432195,21
26,235,9.535111076320907,59.08703860141627,6.630976008040379,64.18735869010217,21.891748066462,7.1395480942017535,20
26,236,9.256523176965267,60.061379723596694,6.709531036731238,68.87015124328215,21.028876345738194,6.0428731876633055,19
26,237,9.154513347824881,62.33997233895864,6.389352400904757,69.87138750565123,23.99194232704777,7.003442170500773,18
26,238,9.679349028231012,61.52502961533538,6.397016027826752,65.12015925429704,23.044024113187294,8.236476628272406,17
26,239,9.393031399353486,62.085621367256486,6.622413093032574,69.67742509753164,24.94934534218575,10.639673298703743,16
26,240,9.726248295357216,63.34466760951132,6.496034046523529,69.65554227632546,23.23641554945575,11.137659169654015,15
26,241,9.528019902212503,62.18992130962934,6.791509163488485,73.12012453457656,24.04720506080672,10.668947240376642,14
26,242,11.232880387636301,60.388798628718774,6.439817421682028,68.15687317640437,26.27556518081943,11.155133743274734,13
26,243,9.366094210815609,59.714537014496955,6.869633896538362,70.81327127140732,25.208519778067988,10.686100866269344,12
26,244,9.699738169706762,62.79633179847096,6.032847779579453,73.64282712984279,25.959936425901986,12.17248821701188,11
26,245,9.296140144146321,61.944168282405656,6.353485004441758,73.01867871705596,26.261430009938934,13.444770606636451,10
26,246,9.874960828144413,63.87364587398797,6.43686228793922,82.76026568193545,26.28212505393682,12.981427822042662,9
26,247,9.665944356385657,60.746480762285294,6.078203665589223,74.02976829871885,27.313779160585188,13.916498453989728,8
26,248,9.642301013129472,63.344143891758,6.352489496585509,78.80970765496016,25.571173065122128,12.375088533819325,7
26,249,10.008538312916649,60.899204915617126,6.367333221710256,84.26204216715702,26.38511955308477,12.558315265697399,6
26,250,9.970455824641991,60.080384568684366,6.433201511796046,86.28890545938313,27.136947468834574,10.664102812748812,5
26,251,9.937661982944634,62.260712806620504,6.167720215684418,77.63541609090792,26.892325012957098,9.5987746927515,4
26,252,9.712008591226185,60.96335502049168,6.243333768943024,85.32837986175298,27.420189774219807,10.295042965359249,3
26,253,10.427110561813254,60.27756094808117,6.530192205154111,80.56098818235635,27.468245689889372,9.450533875531418,2
26,254,10.518481467131688,62.02092853532356,6.476241244804495,77.78259836437142,25.455793144510782,8.622903512745243,1
26,255,10.199106218216173,60.965042374709405,6.231416522429713,73.18021546816452,26.434079250875847,9.071573437057586,0
27,0,2.606370471589829,51.39311419829964,8.85626534740388,117.26376648865119,19.52494028211394,10.533268419146767,217
27,1,3.7575836402396856,51.306716719996636,8.372351936802184,119.46253394480706,21.227099363743154,12.24357031521385,216
27,2,2.9552447625218554,54.33857774760254,9.002852920740427,110.28193508669936,21.437981061538594,11.24738872605766,215
27,3,3.053027572589811,54.73895553001983,8.647685332682157,118.43127147046202,20.737834520289873,13.137101550760823,214
27,4,3.85191438535129,53.68005963006988,8.497553063368503,116.24452585905851,21.267757227997084,12.322670747776934,213
27,5,2.8463918981758565,53.502079850467936,8.395592365601019,116.46903125952868,20.249791042519014,13.153262755218838,212
27,6,1.9096300572898088,55.676387344391536,8.8748435543736,121.25300115567337,20.499342476110588,12.731116897582629,211
27,7,4.507157326691136,54.96505884301292,8.893923578386893,117.94000981769182,20.843959128443842,13.511092167581467,210
27,8,3.262409141552391,55.37572578002955,8.413546656196479,120.76447492491582,21.34508863666636,12.751999521052436,209
27,9,2.432872797781502,55.70125949644711,8.759502419337322,120.99027956995374,21.211049955248967,13.174949609719103,208
27,10,3.700901535641388,53.745608198555665,8.801389541566824,116.54178785504948,21.35217591889526,12.790815536783366,207
27,11,4.339747011292669,52.273146461772185,8.606018302056702,118.97317242456987,19.741627481493776,10.388740855204684,206
27,12,2.656176394332806,56.37329094105536,8.9106018113741,120.24237067910155,19.378993880542644,10.229069537888721,205
27,13,3.036840675548572,55.11128934589186,9.189522088207086,120.71920504626688,19.363717969100385,7.820323982554037,204
27,14,2.9891735533732855,53.869713113764405,8.827359582090207,119.4094274356441,19.153033101743283,7.317405343055288,203
27,15,3.2383058251670964,55.29340630644782,9.043961134323935,117.04327031044558,19.07409832051004,8.416872911318556,202
27,16,3.9005687334653834,55.30300900697256,8.29875794030638,117.49453931333599,17.74210082292916,6.5246320377883285,201
27,17,4.081066592682813,56.06908158175475,8.240972177508969,122.50010468639748,19.324304140223713,7.90850540711529,200
27,18,4.024659882090573,56.29266261979781,9.09511253515347,111.82856664516736,17.871778171473075,5.7366115315804365,199
27,19,3.3648155903972072,53.59585683941801,8.579954542873546,113.46209173296414,18.577028041612905,5.573464990127553,198
27,20,3.5969286272202465,55.30744829103081,8.898010296389245,112.07220293247678,19.454228064268786,6.591486901286072,197
27,21,3.510399465594146,53.67902624974704,8.620949622609885,111.42510532221662,19.880070449291704,7.286532811670758,196
27,22,2.699592641913224,52.880398155282585,8.849353744380108,111.48910940029076,17.75274486820684,9.548399803381876,195
27,23,3.419007280353033,54.865228610783795,8.540216233298077,106.02269033946094,20.618190254913728,10.87041282627433,194
27,24,2.9483240889914604,53.99801842913212,8.53991878788052,99.07220103207851,19.254486694643454,12.030841972435127,193
27,25,3.8812579183200424,54.443886635371896,8.779091565457925,103.45352694904089,19.81426855866293,10.649489573734165,192
27,26,4.484759140059746,53.483305587560736,9.296238042398898,102.08728577993014,20.475884303133196,11.204316512365457,191
27,27,3.963126718915238,53.893937469648996,8.706889274314632,96.5854581248149,20.258503652418792,11.485133987981493,190
27,28,3.586591319823906,53.77750413223513,8.679272830101212,101.9227665446584,22.20371218579534,10.842957885167808,189
27,29,2.743827447270331,54.767337783122805,8.277360763192112,105.25044284030389,21.998256806608367,14.880724524068691,188
27,30,2.756581625462124,49.591023314306206,8.82436571350926,100.10357340216403,21.77722427472884,14.000387079783131,187
27,31,2.799637357961103,51.856506792933125,8.352130079258863,106.42685128519767,20.520880770969118,12.956524638263447,186
27,32,3.2978244760973783,55.203335873294044,8.755597940535367,100.7816711255573,23.31412388419541,11.590514972074763,185
27,33,4.002421607776965,52.182169236137774,8.785884110010832,102.73503116629091,21.399200607058308,9.211685532416347,184
27,34,3.3960145570162483,56.954841262263635,8.607269954544613,104.86504520743053,21.296822575220908,9.501400544164387,183
27,35,3.5363210039580824,50.89406418951666,8.585714722346665,104.48016341561981,23.327439009149895,11.865534354455011,182
27,36,3.96946823908589,53.60314872658928,8.508349729437532,109.22345988836108,23.682257735116558,10.095500969166736,181
27,37,3.2788603207437284,52.826543399217805,8.634135386602178,103.86007537741219,21.204941113377917,11.369013125550287,180
27,38,3.3549441334989156,53.56827762727971,8.369713856189685,107.485706346182,23.557382183591233,8.17676231736557,179
27,39,3.3226816347187667,53.916940821407614,8.837386490109717,102.25552699865392,20.5941027491343,8.410344516409793,178
27,40,4.716487994896605,53.208762954326545,8.44205056539732,110.09605873412076,21.20340711689383,5.95397387199249,177
27,41,4.108340129971845,52.23420707290143,8.523937731214318,108.40613285465533,21.291909123726324,6.672577756186662,176
27,42,4.113877027315018,56.58914317295608,8.59520973038496,106.33708326845627,21.080415558110367,6.1757657482429815,175
27,43,5.1419616431602355,56.165894539960924,8.910774016054221,108.08413308851482,18.235157738045213,7.93986390297778,174
27,44,4.887408743462976,56.607181906112196,8.86567353443084,106.62888196777912,18.8476470372771,8.361139179663313,173
27,45,4.129390272717035,55.50881245404105,8.77986193109049,107.60466787857777,21.174563882191443,9.03195758384357,172
27,46,3.6210070200710796,53.62642220655597,8.338901979001195,113.64670153312066,18.715799319782693,8.240295221024013,171
27,47,3.8745269321507734,59.17807976381695,8.924010396098216,113.2671298882297,19.223801201815615,8.634479868637328,170
27,48,4.3158362574586615,57.38872835178611,8.530876532490815,114.09187771137253,21.359411343144384,9.550618359996292,169
27,49,3.686576546966,59.29716045179179,8.404728858549099,117.44278082893399,19.453655940059434,10.41480987347598,168
27,50,4.058164436619717,58.33600456157377,8.999982303964247,114.4415017436153,19.356721428376275,12.355964451783255,167
27,51,4.065525410683762,60.17028680713051,8.752260518565997,110.11990233707064,20.479738353790164,13.221191615684692,166
27,52,3.329714388777179,58.315105136886345,8.705255758850948,114.85656535173311,21.53665029213026,14.449886733161987,165
27,53,4.752534878084602,58.681690139795606,8.479517649741984,112.21021769199696,21.022839197381472,13.076361464849755,164
27,54,4.791418994371302,57.14910293005693,8.432796653682606,111.73418621622767,21.91753915381801,12.034968950466451,163
27,55,4.0409531794122815,57.02704212403572,8.918378207826072,113.93800944533629,21.489390644327152,12.859310365269522,162
27,56,4.556676545639117,57.32770250672452,8.318089766683254,113.63398508567315,22.5330052123807,12.462746549391833,161
27,57,4.218732174760473,58.830491184942325,8.57791242585609,104.69186794584571,22.595163191559543,12.911013206954932,160
27,58,4.894138175560446,55.93724255661007,8.464425983241005,105.40493398050208,22.810586644948355,11.033204042874766,159
27,59,4.580595400128454,57.315218278767446,8.444516299885189,106.91209952796903,22.389065874503746,12.51437315676832,158
27,60,4.297311535889909,57.84777009127964,8.495580430965015,103.87436202607492,25.239612807931827,9.741226683735528,157
27,61,3.9763632993023963,57.9269399854507,8.232910166194467,98.99136349913259,23.80621884014065,8.360456959199078,156
27,62,5.384536584798212,56.80041106648119,7.942648516164471,102.8185071061158,22.857335538840914,8.503116690482987,155
27,63,4.037190860938452,57.96447768455,8.998733705634793,96.59490018732411,23.558182309013027,8.560506409547374,154
27,64,4.344427771992163,54.71183402433445,8.4575242883953,101.11187011475175,23.9167545176334,7.43229230163146,153
27,65,4.689337836842137,58.68184781507797,8.576728567552939,101.08549367124256,22.57834825347736,7.548072306495086,152
27,66,4.4061351069206385,58.72898119954147,8.957347648064966,98.80863865671236,22.65196236903935,9.050335814457506,151
27,67,5.160875838742692,58.405129997862026,8.405457607731629,95.5887954948505,22.160003417169364,5.900491441193157,150
27,68,4.2233158553984405,57.11294411034224,8.136846837461908,96.04956384448232,21.50978029182111,6.12857538243886,149
27,69,4.716630042395699,54.63194486747531,8.35938553546109,93.37063885160784,21.657202343212504,6.729187245573468,148
27,70,6.467868506700221,54.95082646937365,8.361823694502808,99.2799697863986,22.401450869291743,8.938798386258647,147
27,71,5.3701305067247525,57.026929536362914,8.28567201057086,91.59087910910245,19.177129757605204,10.719930447394187,146
27,72,4.708056455327173,58.02902922096184,8.243013575316972,90.80894119393807,20.92873375474671,10.825578646914334,145
27,73,5.326065765358418,57.030936408459404,8.556039191921464,97.01280925576033,20.91643908466817,10.866900104766641,144
27,74,5.265968203421562,55.92865780429695,8.407952710153477,99.38322811276497,21.439661500753072,11.260043813963163,143
27,75,5.505477859240042,54.334070625661646,8.434426171160025,94.54022287444818,20.49386822014153,11.540779034595692,142
27,76,5.4043902682692435,55.97623427779687,8.291362012150133,94.29154080684879,20.690017203903608,11.810245422877767,141
27,77,4.73872356053928,55.275195279791625,8.480477888002412,102.62176779481587,20.972287137625763,13.158312742809528,140
27,78,5.287224278944981,56.641241040599326,8.223967789358884,98.15445509874502,21.951618337702577,14.123795883573152,139
27,79,4.886038561993948,57.5081108549962,8.051428185258716,96.16930496580514,21.691427184095133,13.351117259136025,138
27,80,5.012970060368477,54.47910177478901,8.433337128026553,102.17656706334127,22.13410752234346,13.265882492028135,137
27,81,5.201180270586799,55.724802714780424,8.313652639801198,103.38408917804801,23.57164947775106,11.89419129128797,136
27,82,5.6641072133421755,55.63587926239681,8.474980342231932,95.60825313020706,24.670640468547493,12.17390410746832,135
27,83,5.69488407689361,57.17786995496951,8.428386169254708,105.78797036275397,20.95346681835926,9.160956055490034,134
27,84,5.622175886036941,56.43201077307168,8.07468933614027,105.05444129134645,22.510047102390708,9.726170005773458,133
27,85,5.971310452634226,57.96882964179425,8.178267683845807,105.57557895177412,25.187827789696875,9.93640841211889,132
27,86,5.546373152630598,55.793948624345035,8.40711842684555,103.25280727547006,23.09065570833012,10.05669574470032,131
27,87,5.966846670548661,55.29459094825764,8.239274396676734,110.83281708734576,24.152852442411863,8.673716955766553,130
27,88,5.415373717279334,56.11924192474331,8.45582668258536,111.64486547900651,23.4270846784811,7.57963582105085,129
27,89,5.21248277353548,59.77153428212072,8.378540958804342,105.61900089923296,25.623668847164268,5.858161727261275,128
27,90,5.5928550049172,59.77039710897563,8.05094626316657,111.62611258692388,25.927931654221204,6.812342535218406,127
27,91,5.902365012547923,62.86876302311902,8.051660892890059,114.68717313818549,24.690866497469734,7.676749324668837,126
27,92,4.965850821541404,59.25417042226581,8.072471028035151,101.85703383956819,23.68381896950137,7.598993528644053,125
27,93,5.68513052544195,58.90390320344893,8.409389597524859,111.7496676688048,22.294654434077135,9.422569509918947,124
27,94,4.992976638611366,60.472845653836565,8.743950405042545,107.4052317935136,23.827251233051825,9.443526800656278,123
27,95,5.906748764967657,61.51634922888214,8.503731375828869,105.49912368977364,24.958926636010226,9.444956031255604,122
27,96,5.7973490890470725,61.10311928262826,8.152857161290815,101.07431910479512,24.0955014346245,9.540669582473889,121
27,97,5.6041792922804055,59.98766452881204,7.6997371616026395,105.25604010347092,22.341817201395724,9.834356196252472,120
27,98,5.455736753007635,60.605335861621555,8.410726292764176,102.78329973892843,23.193019315189282,11.091240765781153,119
27,99,5.906414631769473,61.196980567643855,7.8997176284696575,105.58726410978981,23.43225923551987,13.362654458765553,118
27,100,6.546395938863958,60.3191712620855,7.730682375990244,101.42916106970087,22.22296416392142,13.00725413118754,117
27,101,5.076506533483321,59.72088912932161,7.9853201758184955,97.04884989741218,19.718336396922354,12.546058667831238,116
27,102,5.693395410418784,63.785713352903755,8.396022704674076,100.14117229307423,22.733049149684884,11.964876153185836,115
27,103,5.405593922772348,60.21263326550561,7.872665913362998,96.7886622775643,23.820926996100212,11.27493137536302,114
27,104,5.368325061913973,61.902469314719845,8.11915026101277,95.14657518515568,22.21073316684064,11.206105133504531,113
27,105,5.983143544604801,62.13830786996923,8.148989947390618,92.99085318107527,22.714605695060072,11.417880776318867,112
27,106,5.1980829699721625,61.44459980739147,8.33331746067881,85.21049898592702,23.060649808700123,12.008072502607122,111
27,107,5.569553636251745,60.729470939577794,8.004874977824674,88.86065307171023,22.334238796626572,12.618583468308985,110
27,108,5.280259684091547,60.78615009375647,8.325325879379214,93.74043041038374,22.801044695609082,11.099987148149244,109
27,109,5.6173489503816905,59.91774166968975,7.93184030944634,89.45613090138568,23.28831122860604,7.897174082812921,108
27,110,5.285514523422459,58.508631675141125,7.975635669814732,86.13065092119413,22.901287655137523,7.059685677082635,107
27,111,7.031285678401017,61.177667265374666,7.384945979950458,88.87645826683698,23.368352434137165,7.210422255587755,106
27,112,5.975097129528768,55.03309253958079,7.965903294860651,84.80809046208424,25.21424528631088,6.821252460309413,105
27,113,6.306942248507724,61.16436801690739,8.018096745925297,86.10086533372693,25.428664864767626,8.536255010073631,104
27,114,6.668224614971783,59.64323524160358,8.033485521859781,83.38830514289067,24.92967422712381,8.180838012172643,103
27,115,5.868929716967288,58.99044207769088,7.846029708990474,92.11734040201029,24.658947155902393,6.630158161989412,102
27,116,6.345924071538197,58.29913418543889,7.78990865147618,85.83668121258822,26.66072902736765,7.985523052676937,101
27,117,6.911622924261561,59.69487034606938,7.934209236468766,85.41620183337898,26.4288151772392,6.779006669405959,100
27,118,6.427159806576401,58.46592731693962,7.875136785216278,90.7458131962444,25.65391419699504,8.625022276650277,99
27,119,6.000459539970139,57.823777600066016,7.654008474739985,93.36781075973366,25.825427570091673,11.320185771048237,98
27,120,6.15334330019779,55.743210390531246,7.814436023606644,91.56512454196083,25.767361530214604,10.41368484144319,97
27,121,6.343059063103807,57.75878357206146,8.152919745517382,87.20591522562042,25.612746486545195,12.394740824980188,96
27,122,6.015274278038777,58.091095757005704,8.219137767906178,91.08089485988648,24.17477959011274,12.921847595869417,95
27,123,7.639770057296811,59.48654821743619,8.361888691393679,90.12883098035616,23.846111169241823,10.981228596401987,94
27,124,8.251647188552317,58.088483088246186,7.936487790066545,92.35525045703713,25.03972446027445,12.77691669491061,93
27,125,7.425494380259527,58.545619594764545,7.885139729338146,99.70208757021115,23.1407361172959,11.246967296338596,92
27,126,5.60703783404931,59.50460315452259,7.704816503295526,101.83250538268237,23.58390838258249,12.970395112316561,91
27,127,6.670784348714861,57.23667708848086,7.741567835363377,96.57899253412481,24.142482622234386,13.72849223923087,90
27,128,5.903281276882228,59.62278546096014,7.57840315372203,97.62627267672619,22.219834362883716,13.023201216267635,89
27,129,6.855041825092362,59.63724534549664,8.294738626721745,94.50917834578017,23.53743775808418,13.901558543331484,88
27,130,7.536197660339035,61.73094398736635,7.550103722176057,91.85544655130712,23.578156047857007,11.046242261278909,87
27,131,6.6469755301854,58.61772534438427,8.089538904654612,99.91850060641518,21.893971791487548,9.62424754315027,86
27,132,6.6402487050959085,61.54296096595289,8.343706640617452,97.56285180616649,22.47133185406778,7.317824958491154,85
27,133,6.849864219972781,62.75417675145427,7.830808728805044,100.98722571234597,25.41747692034395,9.374315556548888,84
27,134,6.9484618729104035,60.59665590782348,7.802340553776356,97.77782540762568,24.076346626332548,9.743097335435085,83
27,135,7.53306921843574,61.295588316822894,7.737266956476282,102.86970647333982,23.031128129396706,9.079275159018868,82
27,136,6.8220749256210444,61.42942697272795,7.798983513647359,97.50205471721316,24.838562093291536,7.503301739449874,81
27,137,6.527245779095453,62.59770135561865,7.860333648405684,96.56838250305177,26.243886632338874,7.369321042779897,80
27,138,6.936848370938312,65.3383437741704,7.612547238286257,99.494606113702,23.9246315929883,7.061735884855323,79
27,139,6.980622119177166,65.56598276126441,7.9475183539048375,94.00813811490578,26.027382402952302,5.3005633355880235,78
27,140,6.236228635321279,61.47770893854651,7.636839942480371,96.76146756115553,27.543244079122992,7.392246988386429,77
27,141,8.219543623672687,61.319370996885105,8.03908913725226,99.29765490645772,27.31175954978528,10.023806625234489,76
27,142,7.507335016639186,61.272670741895496,7.779120249718291,93.86895937786306,25.350438384336258,9.391926898570846,75
27,143,8.01278246815755,63.56720574313104,7.411878981119069,93.72623944735696,28.14564015411328,10.351725050347191,74
27,144,7.816151756825137,65.86080384267764,7.971386882811579,91.40961054480066,26.533186299097704,9.15128452153392,73
27,145,7.847467879610708,63.93352923790094,7.820748547159715,91.91126102208472,26.800901564819593,9.233365230388566,72
27,146,6.834840113540043,63.22232364940785,7.732634269952728,86.55455813526909,25.86870718702022,10.650217709705359,71
27,147,7.397142555804714,64.37093001703762,7.682614306125003,85.90070553115126,26.09768576109029,12.178936849535903,70
27,148,6.991479014984309,65.45600431566139,8.077916406819742,84.3689611976458,25.752786186827496,14.544334535245428,69
27,149,8.051746126561586,62.8097957898468,7.153201642421689,80.83251739080828,24.20834910061633,13.749557632232468,68
27,150,7.573268610768696,64.33048492265218,7.7818593362047235,83.45160398914662,24.00588811834304,12.92296726522313,67
27,151,7.662611834902924,62.93859978722141,8.138377416746982,79.31866825426921,22.373281458621157,12.370986955613272,66
27,152,7.402294725492378,63.274850281264,7.311361504477613,81.19876028374688,24.56066758369165,12.336603747009548,65
27,153,7.47258922287952,58.89265349535809,7.902690826490694,77.9579257508908,23.472438857287944,13.298829987788944,64
27,154,8.748426003273906,60.56701616868991,7.295748190516958,81.95098827661411,24.17588448349208,10.069369869213201,63
27,155,8.315327112948149,62.164464450637986,7.571755707411341,80.55508724147231,23.989107069692807,10.83925053969914,62
27,156,6.80341571896621,59.67126385851089,7.625833213610001,80.0086885057495,23.53287518641207,11.913386515146849,61
27,157,6.966684986708707,60.63645286902258,7.794245234936014,77.7829238563661,25.159944759744253,9.915556906004293,60
27,158,8.243042714563881,61.25605679757436,7.755359134743505,83.58456608503738,24.194832884592316,8.344604380691925,59
27,159,7.698912353794873,66.2727920342202,7.533277346636882,87.0913455454778,24.872539486327817,7.826483416568895,58
27,160,7.434667512454345,63.93931935304132,7.618377311066296,86.48290945758622,23.732121656932748,6.512167567086989,57
27,161,8.157353537898658,60.94730326738187,7.4707049234269185,84.9373066216957,26.66427792762196,7.983868834000746,56
27,162,8.978018675491903,59.286015710246566,7.644735088159368,85.17701474076789,27.64217758012568,8.75580084525503,55
27,163,7.7432658719242,60.501953179097626,7.536300278952872,85.05003955368609,28.685747561525304,8.58291893900293,54
27,164,8.673528578173649,61.122335384722426,7.556021800713371,87.97267698354874,26.688334661616775,6.774276534362199,53
27,165,8.264083449599607,63.77965381218283,7.52151848204978,89.39807960886401,27.953945094113646,6.967354240098186,52
27,166,8.28591401565956,59.74385613088427,7.77465973844583,94.74098418177402,26.513523554530618,8.038420712839367,51
27,167,8.614162083207352,61.89525974110825,7.867238996643188,87.63832183487372,29.790522634309454,8.476314718273832,50
27,168,7.677380842474653,61.38145979724315,7.661259458125104,89.97388117007685,27.53182417837755,8.554948802684896,49
27,169,7.875430226298729,62.8694104361536,7.394724459734043,96.0921065867431,28.98458991494063,9.913275469243102,48
27,170,9.679166831861581,60.63894127117716,8.00822460628281,91.89040135709251,26.896738792642914,13.330712906353403,47
27,171,8.407229592703004,63.833283979425744,7.458790039370888,97.52369638228853,27.547297056519295,11.615920973829441,46
27,172,8.458788444511743,61.45259539809386,7.276089210063946,98.0752391136894,27.142341850428743,11.115635450996198,45
27,173,8.70894340050162,65.25741633661428,7.42043902398253,90.98137135275039,27.734488033640815,12.568740417575473,44
27,174,9.037501962839853,64.39924251002408,7.465960187874714,94.73007466891964,27.340860549146523,13.789881739431879,43
27,175,8.535296952869853,62.42028958139654,7.346979648170816,97.61939466054386,25.378735647196255,12.51251701282203,42
27,176,7.612718060630364,65.44414143941403,7.605186507086616,99.09104214592628,26.625788600165027,12.89752363242657,41
27,177,8.519712298364253,64.17561462036586,7.713004227177302,93.71801926025293,26.370798879486724,14.191645153100827,40
27,178,8.29809998430395,64.12179703568265,7.964180557807254,88.4371251330234,27.847779287641256,11.815706778794704,39
27,179,9.304240803562113,67.48653338761541,7.303026392244502,88.67306771693134,25.551847712341075,10.555752919790187,38
27,180,8.433598645820846,63.69757890354064,7.539331755088484,91.52846668185141,24.52245681052832,10.24476646174119,37
27,181,9.089774627539537,67.15494320326351,7.4216190155862565,92.55633931871918,23.354053395307165,8.841803572222496,36
27,182,8.984577493291548,65.55174059733997,7.615053000149807,84.7889483415857,24.261667831734076,8.661241305029119,35
27,183,7.772397259169421,65.34165869551997,7.550710091472912,87.90917924165092,24.758785668330518,7.963714295175623,34
27,184,8.373380687273034,66.92091380024857,7.755388404393781,90.92085715740718,23.403261574689417,7.900864367046157,33
27,185,7.794100710002903,67.28351752959121,7.218770384352459,77.50764565459272,26.046109617783642,8.359952317974306,32
27,186,8.94137294476419,64.5566932334526,7.562350633543925,88.98425268119055,26.471624783387995,7.512574477642233,31
27,187,8.674160369869528,64.207694666554,7.114180144343056,81.11259027297605,25.1760765342888,4.788613618052369,30
27,188,8.672369325326908,66.14828170572879,7.490551197161014,80.82584735723691,27.03879711484995,6.404664265469923,29
27,189,8.844462621483675,67.25074638438795,7.227440016314293,78.30991608811195,26.02784149804835,7.936495162338296,28
27,190,8.642281167106832,66.9134394773793,7.5589229222025285,82.50264386900305,26.570858297516764,8.757516327278017,27
27,191,8.705786583636533,63.62387887843503,7.171936927553745,76.7292286416587,27.1499236335428,10.079194852874478,26
27,192,9.443078777256131,64.3015344408885,6.974994701777341,78.85694262003729,28.060185881896437,10.277847490368709,25
27,193,9.229097468261559,66.96721319924086,7.420323146141727,78.17094066144219,28.516460432579738,12.255265119069403,24
27,194,10.193769101082783,66.20555984590409,7.192590612201412,77.31256055809264,28.39218187626125,9.863139530534156,23
27,195,8.398726379078289,64.17078493504087,7.494636481684368,73.3826747633462,31.317748302484905,11.821433166585182,22
27,196,9.049494895261544,65.15340207582307,7.5397013212155,73.48359262047796,28.77219293016252,13.205658907339993,21
27,197,9.779831434264668,63.524937273227266,7.2685675266764145,79.99694995321812,29.052075653129318,13.178500736221665,20
27,198,8.509538860181461,66.18718929676528,7.569061613606056,78.62181916596549,30.19008618385991,12.235078564029202,19
27,199,8.406013618857399,65.61150319713057,7.324001719806972,76.28332680130738,27.023502478210688,13.209127223153285,18
27,200,8.896699916520323,66.38859096816587,7.224155646580672,72.98310596794082,27.594899602407473,11.120729467576876,17
27,201,8.691552438426749,64.76282855761201,7.4511308894751656,79.22439021933998,27.60960530116001,9.560910529130306,16
27,202,9.01965782424462,62.9039765048494,7.4160209144648395,73.57979961356251,28.239502906067212,10.696867836547229,15
27,203,10.599948675717485,65.82859697913077,6.83601639602375,81.3840589934311,26.7121290023869,12.579799514155692,14
27,204,10.112924378056173,65.29470019486826,7.088384858998479,81.11263634885343,27.1163020729913,10.801953745045848,13
27,205,10.00385896898958,63.00320319844938,7.05608164681005,80.9289007746342,25.997302083766435,10.204334161053273,12
27,206,9.79334024974496,64.01480408696644,7.633670560443482,86.2917355632086,25.8756947161694,9.682271505986945,11
27,207,9.610745293328701,65.79135373626904,7.140799307427812,83.4364161379503,25.32171697688872,8.603391297875277,10
27,208,10.312975728095884,64.49035051632163,7.343344570976104,82.98403650167837,25.16143771184974,5.365264303193087,9
27,209,9.669015356228275,60.22587995412497,7.605108940073351,85.88948135488822,26.741407849277568,6.554363621941837,8
27,210,8.77449200899025,65.29231971445637,7.2598209956101005,88.20847454293873,27.612777936182543,6.793459204189821,7
27,211,9.540753072887606,63.846789959475466,6.998326980906473,85.24960387770189,26.589829130436332,7.760788000798816,6
27,212,9.883412877946519,66.3218565156855,7.130924282121474,89.48422060909647,25.56380462946444,8.410050709943594,5
27,213,9.665329257285483,63.93874495402194,6.787502501446397,88.08808876687242,25.06801803471635,8.944757481630345,4
27,214,10.50071572440908,65.0769699267633,7.240172507125528,92.83519834060054,25.89366080577079,9.256511454752875,3
27,215,10.875081351281999,64.47754190282964,7.230981411251402,87.16231717502706,28.58848373152767,8.459600416217679,2
27,216,10.606549337432488,66.89140397093172,7.273670132984652,88.5771984463662,28.028111792562896,9.240938979703946,1
27,217,9.857149978566808,67.97490148344592,7.28778530706008,89.06544842397399,27.09786485871542,11.42981950328517,0
28,0,2.702246326359952,51.99407667903491,8.931761526652224,104.80922882502497,18.313143471478803,9.921119102613826,85
28,1,2.8050019706646485,49.35933008540653,8.548572010777491,105.86774065908482,18.60477339707943,12.537844974725992,84
28,2,2.971963585451866,51.05946328644522,8.574057235182497,103.12895644591414,20.057817807684444,11.961005831005062,83
28,3,2.795274507620611,54.81941161497442,8.917968608167621,100.14140811427202,22.123435817121667,13.168082271709457,82
28,4,1.9227292999144152,50.27570049921602,8.612135876919426,103.32208634884225,20.611203527838235,11.526283165573613,81
28,5,3.022405116085343,53.0283138625382,8.440364319066992,99.05737767428892,21.419894436002902,11.5872377896078,80
28,6,3.1283355093913086,53.544361553790374,8.632185716236894,103.74602383561907,21.6398619249557,13.253880567164895,79
28,7,4.115959248696804,51.96447899261644,8.638840359720106,113.38671602038178,23.222894349500194,13.064038954111464,78
28,8,3.106063134187343,52.39991603124416,8.801041398516134,103.435512144598,21.94985527834865,14.424555277534976,77
28,9,3.7855914549430043,52.94049507831093,8.679444171065011,107.97490169262298,23.8361045994494,11.84117941066206,76
28,10,3.171084759182666,54.78062735577006,8.928290345425072,109.76895062476298,20.935092045322147,11.381203931660167,75
28,11,3.0252161498766346,52.16612669405217,8.521100017656327,114.5760288086365,21.495611109924237,9.285617053422742,74
28,12,3.737221267718678,54.32699517676143,8.834909501013989,107.0159012435118,22.734714043516338,10.051411745110068,73
28,13,4.361126252778505,54.0977161026615,8.846530724415008,108.92054853543382,23.359918768508336,8.6611058291534,72
28,14,3.5234763931705264,53.98864155432948,9.140012915735497,111.44637425164015,19.11247841536843,8.61412832425735,71
28,15,4.780182273882999,53.37454161980841,8.212131842161325,105.15243629799014,21.50978064091535,8.833889570431761,70
28,16,4.196050052892325,53.20454856934954,8.459356499616513,106.43369229278171,22.67275873941634,8.056341652144944,69
28,17,5.235767608038544,54.479927468063046,8.278007028724934,107.8378443545632,21.136128740778187,7.251064386958524,68
28,18,6.391196705134142,53.090428218170494,8.947641426115435,105.81315294841981,20.126844516458743,6.996742310087401,67
28,19,5.604858361734971,53.74065514313949,8.746928242283209,104.47291556389312,19.50899530343398,6.685515623876999,66
28,20,5.995397648279297,55.40823294436086,8.54029846098533,99.37727000116362,20.769456220520603,6.38299785182723,65
28,21,5.3850236972237076,53.45420569855605,8.482414536512035,105.33909794210243,19.343229036357762,7.533402403922748,64
28,22,5.5367313179019515,51.53687476460715,8.530390273353397,101.95174063586565,22.607846744504272,7.354908693168622,63
28,23,5.6281270796102945,54.49370883925263,8.770420404340355,103.94383199118967,19.509423620906198,9.224299357618154,62
28,24,4.721074003343202,54.68487213610227,8.699044106705731,97.30596573907945,21.017559118221946,9.635992269380411,61
28,25,5.871036061611836,53.401025466514824,8.502407745308737,102.76495719791171,21.20959161190859,8.765780070931871,60
28,26,5.754755737379156,51.44774101228319,7.813338976949998,97.06758496461136,19.458306802843047,10.548196556918876,59
28,27,5.804740918468085,54.61010836898175,8.57445124217206,98.09534974647306,20.138979304035523,11.77510257340164,58
28,28,5.821208344549947,51.84644334951426,8.404197193883807,96.79361589678099,19.912567017415665,13.403917644628917,57
28,29,6.234792347508428,52.306637494073094,8.618518235068695,87.17899138100994,21.89225476736802,14.464219844540663,56
28,30,6.535280135408726,51.414076249421534,8.307587617195605,94.60636079462792,22.07290994916697,12.942064751028681,55
28,31,5.405012067286573,52.432550163481686,8.179367472971627,87.07110163477297,22.293434430862494,15.269930867994072,54
28,32,6.587446611666064,51.945183335620534,8.63137645070131,90.60910676501265,21.744133262951355,12.958101214201195,53
28,33,6.692779181203227,52.55132916950267,8.687199479680118,91.87399600946787,23.050954380783573,11.1408429354777,52
28,34,6.667440041809239,53.82025737891101,8.314435026279405,89.53097181279833,24.296900670268933,11.662250665939503,51
28,35,6.0819128491928,52.861401757824694,8.387303909131068,89.46468341023112,22.520340758082984,10.241666013349773,50
28,36,5.778920658396328,53.8668876979413,8.46053779928892,84.94488978443509,22.95583861290164,10.603502561420752,49
28,37,5.6918114639668165,54.5019634794643,8.29771818894861,83.26202601180742,22.686016230334488,10.2648837005934,48
28,38,7.398763298587847,54.902852502857144,8.396280254681885,83.59649684635997,24.17758700224633,9.822981419253557,47
28,39,5.9490124126097905,56.96352743183928,8.103193729920314,87.48090549368335,24.445535913461935,8.005187804375375,46
28,40,6.70438733425451,58.00486158414543,8.618109221534285,80.63629506739132,23.794105637599557,5.672500432775841,45
28,41,6.313588828256128,56.443872902306154,7.72759724632097,83.1241567994232,25.4572735697858,6.467531989847485,44
28,42,5.335517125652608,56.263649495165346,7.960561137759327,86.14134813650539,24.479851376276628,6.548380746839668,43
28,43,7.611652659570475,56.88011623208483,8.229141856311413,80.06799265825877,25.28899316900024,6.636802691420592,42
28,44,7.13107497941984,56.04717766429949,8.103318582508232,76.74720778935531,23.78564123243421,8.53402142125175,41
28,45,5.963699215334869,56.53674861049967,8.189405874886626,82.57175626468151,23.89356766072627,8.884495966549165,40
28,46,6.989590598679616,57.94354991203736,7.995520881744978,84.34108747043612,23.076298536928984,8.841736112350118,39
28,47,6.1033068191846995,56.42272733384048,8.60457991818532,79.85140060360789,24.13832369047073,8.266586127625988,38
28,48,7.507108525189932,57.79624030221969,8.176852194460942,88.59823751785123,22.58048583425876,8.592668833842675,37
28,49,7.553156959055554,59.56360486868864,8.486846012911391,86.27626421293368,23.322440882616586,10.144356364822865,36
28,50,7.074465203855883,61.67173290995126,8.228162085764774,87.02233744959094,23.177009678326627,11.302806773197632,35
28,51,8.049041034640767,56.09785953203594,7.565315673767734,81.50208583510523,22.423104362369426,14.411420758201583,34
28,52,6.980423838995968,59.67717657433513,8.240352099676002,79.25627883326699,23.25142800362683,10.968167262887535,33
28,53,6.753971105567019,60.29711229537709,7.939295704328435,84.22699826559145,23.286250381321192,12.65556900638702,32
28,54,7.796129348682216,59.28645971443656,8.048211725947285,78.27457898742276,22.520016381664284,13.004863070270332,31
28,55,8.101121809674163,58.798526005382946,8.204341825791312,84.73534218190319,24.181989998052277,12.13888222914771,30
28,56,7.183020285769876,59.95097158775102,8.25794683260605,85.72186317327416,23.606749376727823,14.619993248363087,29
28,57,7.703247095575478,59.00475225818604,8.632232356496706,80.66207279851605,23.15862568594595,13.109850765658312,28
28,58,8.310457496883707,59.74235032594024,8.018334498801735,77.99078653518778,21.918214287311685,13.552252196801,27
28,59,7.6256919961600556,58.61652468577533,7.433442232823085,86.41820407957132,23.837671591403033,11.552576517562425,26
28,60,7.314352696837175,56.88423101403059,8.002538294249813,86.31625980556403,23.840298970235374,8.90450800329853,25
28,61,7.539537660951488,60.42303969363466,8.00082039993489,85.60263776875792,23.86234208318745,8.131492441766795,24
28,62,7.964703450596831,58.21494110494773,8.015248383930869,91.05685195014061,23.45264812959898,7.92098127518878,23
28,63,7.0044513676466345,58.30599211689651,7.932079461738753,85.89439450422057,25.054764574565542,7.093327543941307,22
28,64,8.380752141864624,59.256521267677364,7.8355897245261685,93.57786968131981,26.091505456056915,8.799122410051238,21
28,65,8.69728660915672,56.778209705974184,7.781865792883181,85.614631233736,25.681955965016684,7.83305033218912,20
28,66,8.052911989205386,57.86506179181434,7.813599464294057,88.9915284713044,25.333115169860342,7.626395525256777,19
28,67,8.415079676107904,59.10228898176961,7.5992728099683005,85.09051729999813,26.182908417564132,7.109919924390854,18
28,68,8.072612065835283,56.283700797558055,8.148718403606669,83.65566260498058,26.854086033686418,6.708548939386017,17
28,69,8.391838439960217,55.70394523516391,7.867394758244275,86.64923860790606,27.546295377502382,6.060695361948599,16
28,70,7.350864199816215,57.762189293019055,8.131527249534887,90.62232514290307,25.640761624199026,7.967700265120209,15
28,71,9.177527520817133,56.497545972708586,8.044147204082787,93.42608385202635,27.526443582830776,9.253982608823442,14
28,72,8.66439329531392,56.66447065855344,7.735248966905154,87.99700128223641,27.572311366052222,10.306805108934642,13
28,73,8.691005258062566,57.57079265049036,7.839688892275093,87.1522721744879,27.674538009855,11.087678975821193,12
28,74,8.188794708467645,60.089991043059385,7.920068571128536,87.71505792456294,25.39941210622778,12.03884718606254,11
28,75,8.547227002367698,56.1446046899087,7.545606231210139,88.42343903421704,28.398314196951674,10.01023401581417,10
28,76,8.241844237975124,58.26221649374606,7.703609173122828,82.34009444766971,27.84233438840707,13.493627929688405,9
28,77,9.516711702409284,61.866825768942775,7.790889512556743,87.16190252368642,24.229388235541794,12.596681336552818,8
28,78,8.553638029004583,56.139532810677565,7.591458330174096,87.22419751617626,26.301303084434295,14.224996351734116,7
28,79,9.01006564673367,61.79539984510473,7.897409187202394,90.28153236067041,25.516318883471875,14.55933685024422,6
28,80,8.512131449184416,57.85403625247387,7.516190258411147,87.45759101846332,24.885703854814608,12.261107645762884,5
28,81,9.336016468301255,61.572199455332644,7.861166960514741,80.43195791375106,25.131322195414167,11.391675671214557,4
28,82,9.74642356419879,59.969249630381974,7.894370402356011,84.21327635887327,23.714355848011934,10.194029658573907,3
28,83,10.227272566951404,58.5669286587365,7.467348252559858,84.17053775073943,25.932949381648775,8.193147369280641,2
28,84,8.895949468770162,58.88014505293394,7.498560589597223,86.28064257380814,24.065880191382554,9.876117914208875,1
28,85,9.789188488491368,62.56842446202707,7.07998075894955,84.24283897940859,24.131069489454305,9.387760613189396,0
29,0,3.5345007222068046,54.94972176173561,8.89320483490068,90.90506315291962,17.89268848398258,10.613065267446188,118
29,1,4.314898692713741,56.37397271353891,8.415602940619836,91.9261437527811,16.10859697847403,13.601926774048943,117
29,2,3.1219118207282732,56.78661764538708,8.330042388865465,96.54579795228848,18.52162601175329,14.230681194586285,116
29,3,2.5884431572546944,54.82082623977588,8.52977893296638,97.16707240058726,18.32402413404912,14.18849940186167,115
29,4,2.6586631959385043,59.52351312284776,8.93986213888897,95.13389081608497,19.49195803051096,12.12005217261135,114
29,5,3.326240105947542,55.750936453513475,8.303604503969778,95.19653846578208,19.60593260550016,11.81551060798093,113
29,6,2.7005815525412338,59.25811491895849,8.15399629447829,90.22757810404138,19.676131096735812,11.665732393428215,112
29,7,3.753108291014876,57.94409712141934,8.441795350492757,100.88117988039055,18.422121786729452,12.840566109375612,111
29,8,3.4544995486993506,60.75363189841785,8.388722503516624,98.61981210986704,19.716367958167602,11.891818193360395,110
29,9,3.615580085060039,58.845998552010215,8.126447323550153,94.62330547113682,18.33000854508929,13.021555896934537,109
29,10,3.9057072414744236,58.84888879697742,8.442956371579672,99.60463513181924,19.061429985989033,12.010823387712309,108
29,11,3.8807424045031103,57.84251244277354,8.564559370077786,92.70632420239586,18.731811578353007,9.51568545045739,107
29,12,4.021799304980966,58.80335520599185,8.75110658172712,102.07870186926903,18.3168809347926,9.671458336966028,106
29,13,3.85983563941877,60.218554403669614,8.084274253166159,99.58557954696651,17.515303165466495,8.128435148515504,105
29,14,3.929478862810316,58.27871058977063,8.608882611176298,96.08987712081698,18.50352434422546,8.684534012244866,104
29,15,3.594295968780786,59.645816297939895,8.810894171309563,98.86172147842225,16.536059172473344,9.13298483020022,103
29,16,4.454260327430578,59.612346982792396,7.87097461852229,91.52550834521224,18.608554275967997,8.328846813877673,102
29,17,3.3700749445730356,63.244815304502126,8.181204365354235,94.72148876012714,19.988630080464265,8.635998327490032,101
29,18,4.093178256326622,60.17957658012066,7.843072459723901,94.78470679336397,20.003622008215487,5.425193451707729,100
29,19,4.111539988819705,60.70336098085852,8.387867673124848,94.5521343315426,21.073637412574122,4.73735394533545,99
29,20,3.738515536676289,58.51959236874035,8.041703529671363,90.29053066588399,20.093437743969048,6.914319166981985,98
29,21,4.8116436157868945,62.34116639992638,8.135963289501795,96.58796236719265,21.658843892977043,7.109062705461912,97
29,22,4.84529142030111,60.371432058768264,8.031914923848612,87.48357214601629,23.257426609171617,8.617364580206068,96
29,23,4.320161457146312,58.4546271772635,7.792255021580537,91.84849026644173,20.25292476082863,10.180943539638786,95
29,24,4.139596237592015,58.126628326322596,8.350536307484955,88.0206745669121,20.42298078993243,9.70207996160868,94
29,25,5.130334974935516,59.438565860503005,8.120519705614607,84.94119164768291,22.765791080922643,9.799221870325944,93
29,26,6.468236559441853,62.86771472072373,8.249230218127664,86.39534923384107,20.12615971079023,9.37460204518095,92
29,27,5.9926636499725845,60.70056443673349,7.913265433215551,85.38240430428844,20.808258829443055,9.957867845072958,91
29,28,6.687758217441022,60.53775952708218,8.47163703751408,85.2485427060616,19.66299743588652,12.571151292177165,90
29,29,6.478682162128839,62.02945071312308,7.6928882877655,80.89258996426659,22.27967451978793,14.411953840634379,89
29,30,6.5579851576498,58.34084652350042,8.289981677476332,77.65874586437644,20.02166533660303,12.986797083826392,88
29,31,6.107994736746966,57.209904300491246,7.853783013199831,80.75276376122473,20.8994485391379,13.001814595819443,87
29,32,7.280574544813765,61.499683661147166,8.086574271175394,74.75139607997266,18.63598788417957,12.478526476015356,86
29,33,7.017195301395383,56.90505446675591,7.860769899480081,72.89458195661122,19.95422462232053,11.375992526864563,85
29,34,7.711857742536835,60.139405496053094,7.734596087130574,74.911375780621,21.83366875101187,10.43647562926827,84
29,35,7.15967354593832,59.949126515922345,7.837314623227108,68.81056023973716,23.375991923018997,9.788193491565371,83
29,36,6.779727845220727,60.41185166470706,7.148061103668761,76.37483042632118,22.691960688364457,9.451042511106177,82
29,37,6.963251112869077,60.15100933059672,7.8089992947565285,79.41884921173894,25.424161490487407,10.278948758989111,81
29,38,6.828393912742691,59.29466331321307,7.83431366260164,68.87959100630808,23.214106930352735,9.541422158836234,80
29,39,6.887767313044085,57.28594192402572,8.054799177602492,69.57038862837737,22.400177078023848,6.957416905045772,79
29,40,6.678071302875466,60.261680805547414,7.9578519615174494,70.08014757548588,24.4036051255182,6.222200917201787,78
29,41,8.027332979163523,59.03723763716716,7.2246342044016245,69.94230895615138,24.055851421512454,5.922554799661296,77
29,42,7.8637062818637,57.28287870295305,7.4322783481384125,68.62409163749416,22.912194681665962,6.340466422804497,76
29,43,7.56689392209335,59.35529341446857,7.095411538350619,67.01170518629927,24.174802761312638,9.255910114128353,75
29,44,7.449550864762499,63.507538234753895,7.391222186584432,67.42530798148118,24.081427906075977,7.992600636731692,74
29,45,8.562732727028688,61.20322716269275,7.504002203541827,65.0747660868023,22.348295905137007,8.942261114238809,73
29,46,7.777945104250118,61.44535957390744,7.264554874969824,66.70755669176546,23.10210197988557,8.918405857972791,72
29,47,7.348347125273554,62.15893306308931,7.487398915619823,65.71114279275473,21.57869461214496,7.9995916964974505,71
29,48,7.991769915661149,62.08713489846606,7.419350748317366,69.59306426723582,23.991138399512202,9.517916081462552,70
29,49,8.220573186526467,62.344571326862614,7.493864261238033,63.39812743673743,23.342194935113238,11.575489577973968,69
29,50,7.9070602581131615,63.53731587531288,7.566798256716098,67.33759769713244,20.33546930702515,13.400726713117361,68
29,51,8.177231841050917,63.07245495427956,7.344125633039703,65.90597578347804,22.518651740885474,12.119877884805234,67
29,52,8.609445559690688,64.27314700794848,7.774233945268225,64.42576698256765,22.227030783423384,12.392872251488011,66
29,53,8.435017062326745,63.79590324813954,7.23816797629155,66.76675647762391,22.800738265996113,13.416322235102797,65
29,54,8.414948217457287,63.2728482329974,7.239013315264707,63.33981405286003,23.96463011294356,10.555296938697644,64
29,55,8.567287115532224,68.60984733839271,7.430368071852742,62.74562360641394,25.00520754523456,11.926721810092547,63
29,56,9.731455078498486,64.99541241332044,6.812542710136244,70.12980843131253,24.518397977393885,13.181253674349009,62
29,57,9.524254297590408,67.69995045917544,7.388333041523367,61.641277071000104,24.374613850511025,11.375258252317687,61
29,58,9.678443535417424,66.94656561578009,7.325583135620028,62.95850918618634,27.84122427721822,13.82186064326724,60
29,59,8.834575180549908,68.08478532416925,7.736317835740938,64.65280446262538,27.380356095135514,10.36732854668227,59
29,60,8.574103338656068,70.18898413614409,7.7180582786043495,69.13077038412807,26.938364564275435,10.011973419705956,58
29,61,9.417091245525823,67.8255406521876,7.731140246255402,68.21111954304013,24.335451810631742,8.041895619798783,57
29,62,10.310889571395466,68.09668769677211,7.1752142438568605,65.79522019733008,26.310348961051197,8.285419943686696,56
29,63,9.83482380145992,68.08698070680337,7.615778408990683,73.22333968873343,25.492808034145742,8.026816879826951,55
29,64,9.298212280334525,69.6581677168227,7.245403546690087,69.53056587247504,24.936454369626823,7.238837165404496,54
29,65,10.069282448040063,66.07643579321102,7.659943477368301,70.22525467244449,23.55383734810542,9.110107732015685,53
29,66,9.397863574603893,66.36226591037277,7.418700850614356,62.6018061216055,24.20264371831575,8.520601818344437,52
29,67,9.855031674052647,66.49845299259806,6.822185804181163,70.48246604806698,23.493953861115276,7.528091444917354,51
29,68,9.388692287408466,69.88790803285404,6.966708872829206,72.54715749818472,22.28713126230025,6.354132410486666,50
29,69,10.188921552306816,70.0862829731811,6.797169283991323,65.07004430940991,25.20208452409026,7.743258626305068,49
29,70,10.667044297582859,68.77854313875065,6.711020829220043,66.1574239581086,24.689567616743687,7.413149033074239,48
29,71,10.37696015784927,68.50744400487969,7.221313149409788,77.07041666310835,26.25760976408277,10.760750929074568,47
29,72,11.204194679634698,70.67639412208098,7.02215263575712,69.69972381054984,26.720976063109596,10.421454010641055,46
29,73,11.170687338947829,69.08949206433972,7.134239295848746,72.02969073424968,26.51585402043324,11.201625218478924,45
29,74,9.801004474735254,70.4208412870684,7.381286143671931,72.18051000147722,27.486801897798554,12.773430108970507,44
29,75,10.967471230827886,70.39626776678843,6.818115723957919,65.34976937977856,27.965584218700293,10.372404512785003,43
29,76,10.957864108407211,68.78697658355905,6.826215995242584,61.21367518648943,28.813384164546434,11.308739708052839,42
29,77,10.790220980333487,71.17326181203379,7.059948606683229,65.09889592759744,29.088147859431253,13.405479899735225,41
29,78,10.10916292637092,67.29969917218108,6.8447962610688435,66.61589571015506,27.908655473281105,13.687678201628467,40
29,79,11.484705124633594,69.46000582936325,6.480799369932241,70.2952148635285,28.233232935438913,12.121131336991748,39
29,80,11.433993555756174,66.4218897752252,5.998189251242369,66.03043084877199,29.124826574689223,14.350714774085963,38
29,81,11.136473967133448,68.41506630303614,6.751257866266182,59.68829911778958,28.300648314391086,12.338868152169148,37
29,82,10.690089513966205,70.64802710262232,6.542465207934125,59.98692351624389,24.83370078813914,9.530186690952826,36
29,83,11.435251904768739,68.1061103844656,6.7064767724026595,61.25554279612708,27.354924519756974,8.908394278387872,35
29,84,12.244797090953634,70.2719532555205,6.558136218962727,60.84384989170268,26.46341688834817,10.56705413008673,34
29,85,12.174366355621693,69.23874833101748,6.848639471428625,60.001982382835514,26.396845206397572,9.87834768066289,33
29,86,11.719987883724798,68.9760654182308,7.6673296294835875,59.253225417192176,26.186325022280254,8.965625540803677,32
29,87,12.169114715140497,70.42571369352446,6.289276404840757,65.41946931468415,29.821076798252427,10.080734559433502,31
29,88,11.40840468005946,69.05091094214269,6.166432237107318,55.15625666563996,27.706552285789,6.904486278909013,30
29,89,11.68235466079955,72.64873708738448,6.51553658924079,52.33706920976629,29.402372218926946,6.810999573630863,29
29,90,12.465806619336226,67.35494449922679,6.577632529298248,55.03825417619069,26.497065696436568,5.930735331635106,28
29,91,13.152579562612688,69.60138986611905,6.632953752536812,53.7297038944219,27.993477379458284,7.130280386935375,27
29,92,12.027967269588746,70.4613105340421,6.259065496740093,51.30988983998231,27.817636733152227,7.793613726946492,26
29,93,12.765223610995077,69.52729889130471,6.246012600343371,45.912885225838124,31.215498386485393,9.359037008160572,25
29,94,12.352430820622718,71.56694529153673,6.338541926367708,46.402917011679904,29.44318425688745,9.255304831295335,24
29,95,13.055815876564054,68.94911731217748,6.492553715306049,48.89595622660575,30.975183815107066,9.746813397919349,23
29,96,11.833655785692581,69.60805248819294,6.496767771362343,49.892262325136095,31.706355862202905,9.001238551118256,22
29,97,12.767606410633118,69.97914824948465,6.451885014347302,38.32835338878865,28.683583168757533,9.547497247196267,21
29,98,13.079277857941637,70.702614442764,6.3580997248527975,49.73349892513381,29.81075111938186,11.875590643429657,20
29,99,13.639925339213185,70.41321467782251,6.671047807425535,40.1403647653111,29.08711543198555,12.799838682911128,19
29,100,14.119304778150688,69.24776433697151,6.483224897870203,38.464982737645364,29.021515210579796,12.994468214323632,18
29,101,13.4778170494743,70.89402807678269,6.328765232979803,44.96880483678692,29.49499719850609,13.605028194458844,17
29,102,13.782910720039393,72.43889724638825,5.9455847199084655,38.35116318709932,27.038145649284317,12.544356268148384,16
29,103,14.150891353303718,73.39942679792884,6.110075449191723,34.12706976973693,26.830381018652485,11.996798745779838,15
29,104,13.075689826910114,71.08111626494103,6.1659684611788155,35.88624287534323,27.541763010719098,11.894429624856965,14
29,105,14.655713108447483,71.81781902469888,6.562574321645795,40.98750978275443,28.80851230958658,11.97660537024546,13
29,106,14.615601296882891,74.35171454087225,6.060961917559873,35.039005491044705,28.609197573321563,12.919229193864494,12
29,107,14.2550009827404,74.7097965424244,6.366228694262472,39.559746085203734,28.2177200336967,12.504866972010284,11
29,108,14.489142078305413,72.90939854185748,5.924291057767387,36.21483644637253,29.32062997279486,9.535991122177647,10
29,109,14.795967350008334,76.49598464408092,6.033953286188182,37.120725840471295,29.532532236989073,8.384392329732444,9
29,110,14.279298921536563,74.87827752007267,5.939613304612715,36.529375816628765,31.02653688590685,6.8502984327132115,8
29,111,15.077668176686611,76.73171161276746,6.178263380312379,31.26747782947143,30.962636675157583,4.959974662967166,7
29,112,13.574763544135005,76.75517502089855,6.092238691492985,34.2537242107293,30.128747827363323,7.119076081827153,6
29,113,14.860565478792584,76.34341099560766,6.221383764639591,32.452362686520296,32.28915835146434,6.46737212917486,5
29,114,16.34155095617183,77.81022509267751,5.888230086153877,38.650279125755326,30.275620784261125,7.660234494119671,4
29,115,14.322284287790286,73.5778134389104,5.168740452043185,39.41003262093267,31.397113229392087,7.809082289999199,3
29,116,14.793165679680524,76.79359287741299,6.014597659260353,39.966146853758936,31.767244036807384,5.6654851207096275,2
29,117,15.729103281673957,75.98541680627986,6.122659865578537,34.22718159227005,30.426640027677628,7.338551260635531,1
29,118,16.19601267073494,76.52069374241414,5.657546951865366,39.57336454465512,29.581725959879876,7.063240707018207,0
30,0,2.267833645916692,57.40087375448065,7.672650799070306,100.52785929513966,17.083226975853652,8.703801282472512,202
30,1,2.263203217609671,53.51691421763112,7.638466112365324,102.9710021267775,17.369901562877388,13.269457059437377,201
30,2,2.523382897739532,55.163655795550135,7.720787163193284,106.66825211268875,17.400595151611288,11.238902569554439,200
30,3,1.9334120894526587,59.791051382718,7.979534539716958,106.82977827030514,17.778256405544923,12.907725003125853,199
30,4,2.6697850741985385,56.913077941486264,7.395537157487536,105.97381139172357,17.52327734443748,12.3332590263986,198
30,5,3.1066165966040713,56.399440080648695,7.620004740093221,113.39946710017423,18.00731431696606,13.747178651860143,197
30,6,2.5048268283140454,58.82889458700173,8.210227113093456,110.18580198670078,19.27842087798551,12.98952119028445,196
30,7,1.9562174709248523,56.53882290538124,7.5638580533713835,106.34048070389696,18.526005264398794,12.234494901181662,195
30,8,2.816066701818071,55.681723303329875,7.6333175030231395,109.31485246782438,17.795790632747273,13.329899400418679,194
30,9,2.2126723574060714,58.34028771431532,7.52027849118887,102.84866181987327,18.254376883946215,14.269306203215745,193
30,10,3.231653692980882,60.17431134297737,7.781532115179915,107.57243356654803,19.70072109858049,11.80984571297741,192
30,11,3.740192782005235,61.623785957586655,7.622623316501466,111.35622764182261,18.008629528246793,11.72310228815542,191
30,12,4.67172356671405,56.948137992622776,7.334168039177246,104.37388223648804,18.935006118048097,8.391879991947487,190
30,13,4.115751221955267,59.05673791407778,7.51408868130352,102.25491881548503,17.971918819539034,8.81910172209382,189
30,14,3.0857776523016867,55.95201263962892,7.607662432762947,103.56858686457613,19.38248442984959,8.086152690467289,188
30,15,3.2922702236940364,60.91032647715644,7.462052567529752,108.86157971454617,19.05512024544884,9.146262634099486,187
30,16,4.0309094813252155,61.431367226844515,7.281780823923768,101.62684347295911,19.75151031862236,6.964262298133366,186
30,17,4.494951946689471,57.7439425113683,7.465006479419514,97.54008832687848,19.050172346892644,7.417048347437749,185
30,18,4.047912209902453,60.536036904486494,7.462521509983872,94.37602096862364,17.49827508020853,6.125286293833677,184
30,19,4.3158625896992735,58.37676760106895,7.408442182141615,96.26697603219532,19.511289401400955,5.985421551794571,183
30,20,3.739674008473562,57.88089669816047,7.144665566714849,97.47934630479547,19.443955010419433,6.126742248408259,182
30,21,4.059196846080511,56.11885751164581,7.511833213210507,95.85598336153319,19.05214205169183,6.600489556380224,181
30,22,4.132757788628572,57.74338506805007,7.554405544617609,95.03499344507566,18.30823651453617,10.355831614544908,180
30,23,3.853722699492495,56.74598319966094,7.254162464331684,84.74399545045925,18.626428557158533,9.78851332363331,179
30,24,3.582120436764198,58.164964357113135,7.346943566935876,93.02646933365575,17.4235772435965,10.449329646772304,178
30,25,3.9895903426244,57.35611749142257,7.720682899914638,93.93463090253343,17.845975798400552,10.428484136757135,177
30,26,3.566166220431158,56.62959052281796,7.556372430311423,82.89252556821086,18.337270474244708,11.916299755953304,176
30,27,3.1788470666956865,55.774305488367254,6.926072163830688,83.5736891786037,16.988618554307898,11.923447350616023,175
30,28,4.206431400412211,56.86356510147326,7.3878752741053875,82.41155234097741,17.441671267624073,11.901512430162647,174
30,29,4.867115713363193,56.63984992902411,7.639477706603319,87.81343329376178,16.786621622888248,13.153507064327627,173
30,30,4.173761253971876,55.512838099775074,7.409502274782434,81.20430772843058,17.24252899199097,13.03428792663027,172
30,31,5.10717702990229,56.675715605821,7.458889869131509,87.16096378836427,17.934809454272067,14.304037494297303,171
30,32,4.045342212356534,58.35808325835795,6.93989667542746,87.24018164923781,15.669552558370397,11.749282447109046,170
30,33,4.649034027353564,57.19917521813216,7.157838767142664,88.29240496929125,17.550890267693266,11.63365909617776,169
30,34,3.8866173882082324,57.032074529792006,7.268599632562218,84.46531282071169,18.713771338056848,10.903084395563727,168
30,35,4.526651075034025,58.55028508936768,7.111493534992192,86.2696435272665,16.474916409256437,10.973333606625063,167
30,36,4.948060165724198,60.916333478265706,7.5538151663485404,84.00343645300684,17.733742663331377,10.771721219561021,166
30,37,5.265310467845174,60.049812122868815,6.711845558220739,85.72473026206069,16.806478973337086,10.438800601659832,165
30,38,4.75942685590463,58.29665054552104,7.245276442902528,90.7993273180732,19.466566098381314,8.421372528094,164
30,39,4.590548482110349,61.21417851813323,7.4398881331739455,94.58918814136612,19.104813191840663,6.933025662498597,163
30,40,4.197540527781232,59.27540564950326,6.830480993731734,89.52361304104562,20.620291690827255,6.901901543081689,162
30,41,6.218785284160834,61.823326802299015,7.1399506614056625,88.41224856980239,20.790104853607005,6.810144942359312,161
30,42,5.5011054822654675,60.85600402163379,6.687971351706923,95.41485785296004,16.705877258178447,7.724366688120961,160
30,43,3.5711813746677556,62.523776942340305,7.255866645413435,95.2694953439602,20.116085609423504,6.718909341613704,159
30,44,4.4838027197064045,61.46328226090071,7.37301898638872,89.16865083113315,19.934304379488673,7.729002328197417,158
30,45,4.243683769962906,63.594831414599795,7.088005350968717,101.37746165671957,21.9687133242209,8.19023302581832,157
30,46,5.161224615861996,64.3661374897747,7.39559560132743,97.51599234972319,21.043873620759232,9.715112383627245,156
30,47,5.09305390698979,64.73259193662395,7.099329250022661,92.81392854660736,21.36635134984437,8.589127723720345,155
30,48,4.951447054463558,64.61332136984102,6.817093740937842,94.7400125062638,23.190686323938248,9.632020437721323,154
30,49,4.267543335905588,63.09183845440979,7.035716270469205,94.7057480210115,21.68828193638707,10.754892813887496,153
30,50,6.32450074685308,60.73451091946202,7.133560903209251,95.54883800283626,22.13160927067649,13.09101387259689,152
30,51,4.845243435084262,65.49039576332231,7.031002241578593,98.38457362073797,23.08287299388715,12.47269511820812,151
30,52,5.515214293954833,65.13348576865624,7.162547756853205,95.9769108929084,21.745797692228447,13.769033189369532,150
30,53,5.457525265554793,61.83159168559196,7.287641629349578,94.61935260514838,23.15294737391843,12.238513761913273,149
30,54,6.492085157981516,61.211852058489875,7.477495864191246,90.06456093779241,21.529497601116518,12.130985979256575,148
30,55,5.577873475940401,60.82709655412627,6.702582577022587,90.04604822140453,22.49287070292521,12.390690851856197,147
30,56,5.255379490723818,66.52699579268553,6.907212586556471,91.15023034118231,22.981731685278593,11.177192428333537,146
30,57,5.638216326600082,61.59952935037996,6.871738264303363,88.94458608673762,21.41830012678954,14.030221769045099,145
30,58,6.229267364315942,66.13170785389931,6.92293847449797,89.51940650192415,22.015269421037818,13.079123530510113,144
30,59,5.033687354162943,62.36711308893887,6.307228645594506,78.84384091488882,20.321513332065848,12.342976303395773,143
30,60,4.819738246140905,60.036088864396866,6.979128480474674,78.52501719455871,19.592154425644683,8.982008583899646,142
30,61,5.331112760268185,61.48533428623255,7.166775939066097,83.67821736461539,20.71577038094872,7.552424617258444,141
30,62,4.654260332399753,59.08920797326944,6.72584192174181,81.96914255410056,23.43865719291778,8.302275812700676,140
30,63,6.387590930999698,61.02635285560327,6.918795876398263,77.52794081136192,22.225980389896215,9.130712781045474,139
30,64,5.77834894320591,59.16874416757514,6.879784730018479,80.11121574273103,21.321928697955677,8.79934631992548,138
30,65,6.485622108735374,60.74731238971549,6.900927232989451,78.56658354855169,19.749970756261384,7.387963755826142,137
30,66,5.787501386133857,61.49500480384915,6.725455755052631,78.27868156967288,22.164422155166072,7.0864619808692995,136
30,67,5.4828773328887275,59.838280185844354,6.4026562077302325,73.51938406647126,20.29570672219565,5.7957380078176755,135
30,68,7.026354241625677,60.533382290368685,6.3632011407266065,71.78892874309176,23.35708020949717,6.157308194985595,134
30,69,6.8098065933749785,62.40262830676928,7.000067258911064,76.45121918012786,19.420787886550197,6.6863770051346725,133
30,70,6.614920873509421,61.715381662205104,6.950585349476226,71.05127152832875,19.220630654979338,7.243700827170685,132
30,71,6.115261249829853,61.393005499795265,6.84882901483604,75.09167823497424,22.015351574631712,9.868142038742354,131
30,72,6.52960985646633,61.64456456839259,6.904009809685397,75.82081305364412,21.602123474462825,9.783834386015265,130
30,73,5.913003156373093,63.44787031461134,6.379459972276387,73.66190613214684,20.412185965370405,11.127802179407931,129
30,74,6.3408927945545095,63.734241932141046,6.74383852472156,75.41686145900528,20.574273043877326,11.783575452558518,128
30,75,6.8108560084813226,62.474078374163525,7.234611386426752,80.03572330199904,19.627982162792353,10.644228389845448,127
30,76,6.992480465644322,66.67296561855159,6.74477849973302,78.70997797649612,20.132850873908687,12.065072090232807,126
30,77,7.008322651830355,65.61694148552114,6.693521433969507,72.71138152338825,21.561665857992768,14.083077557983827,125
30,78,6.907894000771264,64.02658458840114,6.58701457380608,76.37231247511399,22.7070584568726,11.107934913910295,124
30,79,6.571247253841266,62.86164496824776,6.578062850173004,79.44601319144112,22.232670608672368,13.0271680321692,123
30,80,7.1442454741313925,64.45352275490676,6.385388097310494,81.74361234597846,22.40355540511664,13.0775131380964,122
30,81,6.999613731938773,66.56660893976691,6.600810162986465,83.06567453290091,21.83243954972303,11.191569418110403,121
30,82,6.28853017562849,67.45004534719241,6.374180438058671,83.16356085693417,22.129030014362204,11.438828991858955,120
30,83,7.429489024444051,66.6672722779671,6.405218382542128,84.21589963382664,21.169043509909343,11.228811004167088,119
30,84,6.883888590515724,66.0879527524722,6.849146386597936,83.37800854994511,22.541358465965978,9.451039191716204,118
30,85,6.726870522041693,68.61987876380644,6.78505021807457,86.88862535640737,22.73590089234198,9.875688975364051,117
30,86,7.661313672821155,68.20063281181054,6.209998969380021,84.1139646223731,23.905084038186153,9.260528898409117,116
30,87,6.749057858256716,67.77330521889375,6.355436722776866,81.25878358281234,24.930917387455906,8.17163022901496,115
30,88,7.22849784784776,69.67202995755592,6.474061816687504,88.77568446672721,24.73719799786629,8.430073917883572,114
30,89,7.8404237850164105,68.12072468034864,6.423629476176149,84.60104360376482,24.13013781679153,4.83249216508632,113
30,90,7.136678566201069,70.0873293450446,6.5617456247000465,80.11030811901425,24.993893051471385,7.042426239153385,112
30,91,6.523298941926653,66.40256909898592,6.32785451671314,81.77234440710721,23.818581262387493,7.743349514795943,111
30,92,8.446835544512796,66.88627003706851,6.465827515997735,85.01404437495826,26.664505432134476,7.628884004282818,110
30,93,8.402849455076089,67.77040501770749,6.688410781634421,81.1924621325069,26.05979216838441,9.645286746847283,109
30,94,7.954118788223611,67.57308684983006,6.192598400650226,75.0327597655203,26.60407260110949,9.12894248840164,108
30,95,7.395986245479897,67.20240959136574,6.139127097311668,73.0393816956877,26.14591099082673,8.284855068072932,107
30,96,7.743959645598763,66.3207846757364,6.328047047667065,78.59527703572216,25.48774731698388,9.182162506291972,106
30,97,8.53287724975823,69.06404126302083,6.695834188043505,77.14974732499675,26.643148096222415,10.304245452854913,105
30,98,8.0007468607792,66.39735595216429,6.917184269034469,77.81763945266232,26.37237596313201,12.380007087318026,104
30,99,7.771561325430842,69.10632366236374,6.498044068372656,69.61571788452278,26.047636957683572,13.109727280156925,103
30,100,7.7295983719165955,64.67730720063744,6.220042735520778,67.86835130275331,24.762931579900247,13.92138957267693,102
30,101,8.087025149915807,62.41890056393086,6.417791192904664,72.35192569254039,25.010278389559687,14.198332327708012,101
30,102,8.107963248454551,66.82915556426374,6.516916544171053,68.4619226717065,25.264854912005443,11.889719641420434,100
30,103,8.019234755203527,64.8079158791231,6.155587704572832,60.79534254538914,25.577083361466084,11.919440969494826,99
30,104,8.64500963248654,66.05873359350525,6.1830080921418755,62.75408547564691,26.56280517681982,12.10722224872511,98
30,105,8.51462833230937,66.38079529344672,6.1755236884904186,59.49305072384587,24.67762367580447,13.415906288868248,97
30,106,8.25636662117937,64.43312846861988,5.79201519187849,66.15204704770062,25.122024810120415,12.698484016272836,96
30,107,9.452823665978567,64.07572074926597,6.604792978276179,67.43564207387107,23.685353419377115,11.397328372278766,95
30,108,8.065572160459789,66.93270274236599,5.781625602919566,64.68015820694993,24.173366069212697,10.91450103871056,94
30,109,8.890817953560068,65.02183404970596,6.124493943803536,58.5714697945874,24.160622046119926,8.729163501408186,93
30,110,8.584596228561466,65.51002626221798,6.222155140960506,65.52878971722663,23.61021286695259,8.621915299992542,92
30,111,9.377591066804825,64.63496747310609,6.0211818214639345,59.4191921358584,22.198882143761786,6.971812119521502,91
30,112,8.479419484241063,66.62738284571682,5.662541047705036,61.627811006664594,22.441390046622985,8.023787144459163,90
30,113,9.556256157215874,69.39872152466229,5.926402995481229,60.37061102320364,23.98181163186044,8.389292434723606,89
30,114,8.997964341152136,68.66154827201713,6.419944548531814,61.75108795005604,24.23714515718332,7.902090463442247,88
30,115,10.105558399754784,68.49831395404127,5.6622039360185035,64.13717844427345,24.25218605855858,6.990745698908435,87
30,116,9.53310594442253,70.4073090475447,6.26635261034493,64.93846055154421,24.424151025783186,8.373948842613276,86
30,117,9.059845627968533,68.13985967440746,6.186995489913601,72.85055422593051,24.729197130230553,7.101805902631135,85
30,118,8.897882641367366,68.00562619040971,5.574337283133021,68.07572955895162,22.893202031890013,7.872085108243643,84
30,119,9.010470217794069,70.1695762000009,6.11756139162423,70.7444171392157,23.754158036459845,9.122274621089836,83
30,120,8.894195030969353,71.71871006102089,5.826690275339142,67.58350138919147,24.528567201438197,11.666112001539812,82
30,121,9.266448862573942,70.57444859150957,6.1733484776205065,75.56566657084113,23.87310684508823,11.86469909124392,81
30,122,9.333184905548661,68.71330229102784,5.908930077580927,68.65986401604582,23.25406816394139,12.119824205229076,80
30,123,9.57872735581547,69.54441171091608,5.767565939425652,71.3899444832541,25.33613918877505,10.931358705006664,79
30,124,10.194212703199643,71.3253043458355,5.985059135856916,69.24883404822495,25.293038243308487,12.20309972216479,78
30,125,9.5433140478385,72.31357504779706,6.473833605541039,74.09017455183029,25.538500023898834,12.814365255473323,77
30,126,9.709562520443948,75.68506633193344,6.112801472286,70.7086840159674,26.909233882238038,12.8522101953163,76
30,127,9.739766837196774,73.19308581622786,5.761863671700466,73.65656071129487,27.6148265452834,14.053410586294218,75
30,128,9.618660515648582,71.43743988471941,5.637584899634589,69.12990534444089,27.5473092213024,13.24019257603404,74
30,129,10.411725095045401,73.54248338172974,5.594106376144101,73.14002458266025,29.047955626756217,12.11375663118809,73
30,130,10.63252371057636,70.7473965032552,5.650156055243889,73.00073295945306,26.547395981340525,9.453159063172778,72
30,131,10.776612241060239,71.26017505615665,5.327897308753192,67.25730003565809,26.106522239765606,9.008831300013224,71
30,132,9.878753851523479,70.99607632146551,5.878278706113088,70.61189342766784,26.11598690855153,11.679368402236294,70
30,133,11.80229775405915,71.43784272569393,5.91063042364975,69.1579384208529,28.435903535079763,7.775768877399589,69
30,134,13.066889859281337,70.15472927840217,5.897313780104826,62.385282386022865,28.321900680031295,9.847490388117317,68
30,135,12.090705289675839,70.9607714715358,5.774676991050487,62.83393651531957,26.33557259867733,8.772960787062823,67
30,136,12.269351059979735,71.46975183933144,5.926865804674902,62.08268860025352,27.269313616883107,7.611946888762095,66
30,137,13.217255750876664,67.59283762824896,5.646052749334048,60.538620701571176,29.303852425194993,6.839465005967749,65
30,138,12.453541312955949,70.26806406393744,5.484318648958991,57.79133068936392,27.301806073414706,6.396870782915752,64
30,139,11.992595750908963,73.88812888456077,5.558193720957821,61.80935383714907,29.661282125883385,5.503952736371011,63
30,140,13.338463920587524,70.82786588118533,5.642485695444155,55.21575166983625,29.369988628770606,6.86320294861116,62
30,141,13.288744748336212,70.19916793644643,5.587870960516107,55.681011610171616,29.995091178873153,7.897760759885177,61
30,142,11.989799247710906,70.41371265183757,5.359413344110906,55.12610777786464,29.183689298920406,9.248073071686198,60
30,143,12.497537594327769,68.11554259083329,5.2884863112546165,53.74016128301788,27.06016453285279,9.131464896276821,59
30,144,12.666887155738722,70.68509495130368,5.424322338203931,49.933884144520455,28.622060401781404,9.528599257046292,58
30,145,13.612581456605714,69.34553374931242,5.728901999765233,52.61586783797917,27.97627294166539,9.993846587222047,57
30,146,12.723672192885298,70.10467251035826,5.728648339377211,54.359261136916686,26.93913988317902,9.770592163294205,56
30,147,13.251353820650325,70.9102299881884,5.453594074967163,52.41946569278161,27.08713291359642,12.015790786127631,55
30,148,13.010272873866056,73.93503971869511,5.677377409848935,48.19690478977823,26.872921422716242,13.700822983347773,54
30,149,14.057436785246178,71.72919832113095,5.214114778641804,53.516151542591004,26.922881049228454,14.436087629071178,53
30,150,13.362751865137382,72.41288796189401,5.442684531539448,52.22498332104461,25.95456770721677,13.15344435153223,52
30,151,13.541139515976647,72.73043145068583,5.231419142718035,55.54139068623804,26.636996873596498,13.605548430526737,51
30,152,13.552499606658472,68.98245359709449,5.274891378980017,54.97052912115496,26.732806930478088,11.741216563770715,50
30,153,13.298697349308366,72.84573486131006,5.395457904859973,50.31964460784428,28.01513014416442,11.280021314632835,49
30,154,13.548301198735615,75.0831220893326,5.4944794618047,50.4500569144827,26.120100894868457,11.739391131458776,48
30,155,13.425321278486988,73.9899380726742,5.400506925054004,52.245850562363344,27.174482213140912,11.393347268741016,47
30,156,13.252670586565543,72.06256750285372,5.984204331295161,55.04487665222806,26.60990351200075,11.100981881099809,46
30,157,13.763348374142812,71.49169821648285,5.464579088954253,56.74247215394048,28.45559920091303,8.459965811103535,45
30,158,13.845475789920073,71.82298375968536,5.6617145661437105,62.250680491528676,27.052263042110283,9.03271948901358,44
30,159,12.675476766782712,74.93276847997016,5.117845039950146,57.23335011722838,27.89584627408365,7.924550378625025,43
30,160,13.364524985849682,75.89400830203726,5.141889109159563,57.7372677456151,26.352493590854014,7.588147326779083,42
30,161,13.673764079140636,73.34190490233144,5.072467612916895,61.11045378383192,27.158178301366323,8.36586930734126,41
30,162,14.475277267373224,74.17886197953788,5.681808450027141,61.77802829318713,26.310502654616855,5.469907567435617,40
30,163,13.570540531413105,75.4348908863798,5.460867364567041,64.11838690618427,29.29700871648041,7.4069059462437625,39
30,164,14.77195283899705,76.80401236740448,5.544668680568849,61.512387492708314,28.903358735309684,7.8058020097372465,38
30,165,13.356763691905511,76.77582884695367,5.528486202526364,61.378898285964446,28.45463783790549,8.571571352181175,37
30,166,15.035861401447132,74.89943718691632,5.520724157767208,59.50660371963496,28.220093333048474,6.867132915820761,36
30,167,13.785462557612062,75.80563106104435,4.876366779131491,57.99209335879065,28.433754470041382,9.529599583082723,35
30,168,14.195360303949336,75.83332128211893,4.872687990827457,59.79943403282786,30.029273740817253,10.601723742868522,34
30,169,15.225530341682857,77.1224071138866,5.230098699410054,57.034282211011686,29.87338435022927,10.489834596277227,33
30,170,13.88774434541153,75.15390266560469,4.977197551245359,58.01403448545559,30.337156341985164,12.239947117313314,32
30,171,14.128644129434461,76.42281296275246,4.633925312160154,55.64605790085723,27.86682935159259,14.16115601536934,31
30,172,15.285516231978155,77.10523366034418,5.03530737748744,56.57649012314284,30.697749405074898,12.572729926244394,30
30,173,14.911767897773858,76.82914238290769,5.423306665363384,56.451656879510885,31.02381844154671,12.97647373801345,29
30,174,14.813173315071223,77.58066802953483,5.730410369222127,48.93109488787023,30.720618733769037,13.196242384142195,28
30,175,14.900911677662556,75.3832374409856,4.786397174170641,49.755009816786,30.694198271247394,12.77596770354898,27
30,176,15.78757975981695,71.39741874683486,4.961951636792129,44.71727495707272,31.24551692429113,13.01996292853953,26
30,177,15.450001350801424,75.52162273719816,5.159136209259509,44.1517131623778,32.873144056159326,14.108535512809953,25
30,178,14.483131030836804,75.19647568404508,5.0695464739196145,39.799731976183516,29.487524682510973,13.10207524293091,24
30,179,15.095613843862667,74.64323534982941,4.892852268573014,43.62030041146266,31.253501453205526,11.423578416019513,23
30,180,15.845385003045319,73.98482652195776,5.043664552907523,38.75038094386451,30.377358955624295,8.125444822737458,22
30,181,16.313191551189956,76.77272418234558,4.889419815348163,38.94927760252508,32.169516521302214,8.81872021629428,21
30,182,16.458070958554003,74.51540987079731,4.9391636059755335,36.3551267032587,31.8559674975838,7.7443969301612405,20
30,183,15.39069999371493,75.37446435850092,5.151542221833,40.50922825066066,32.39359568726657,8.770106841557757,19
30,184,15.598224633191553,73.84606859927074,5.197139048242046,41.146135937752156,30.605960653852744,8.71480574812645,18
30,185,15.379137531453765,73.85702385088813,4.970944576950379,35.70213150373793,30.58992307805975,6.786074579839465,17
30,186,15.23740333750087,75.23414541821582,4.651634457367597,37.432712287195635,30.666967384721147,6.383522220326814,16
30,187,14.95341356080313,74.03709031773829,4.691370155658374,40.19668581556367,32.36305576499908,6.696046832262782,15
30,188,15.955584458327998,77.23725002412704,4.904395812503482,42.33068983402538,30.499352116492563,6.504365357961098,14
30,189,16.19162989767627,75.93688964106707,4.9752369173382816,48.63671521678343,32.35058821873026,7.099127216853585,13
30,190,15.854112587611592,74.1015127474092,5.06883303737585,38.484999253374944,30.230184217639614,9.048998211519127,12
30,191,14.885040684762597,76.77871670988257,5.042648478833694,42.801615522126596,30.09629188231257,9.744759347089241,11
30,192,15.811313462232215,75.86662833179336,4.777375606304951,39.75670411626592,31.32298705689769,8.263876044797074,10
30,193,16.61532553652331,77.99941491149063,4.909892564915529,37.29026508280487,27.423530409757397,11.354910022856068,9
30,194,17.13492586270324,77.05750132164795,4.712280406456431,42.916775182139304,29.42477594745072,10.500940689639512,8
30,195,16.333193986106263,80.29132329352971,4.817110957670393,42.358196287544565,30.25371483753383,9.735934365806486,7
30,196,17.252961634568507,75.34581305296942,4.783703947561293,47.37076536589131,29.748668294369544,12.004154660059324,6
30,197,15.266955314360931,77.02852333575349,4.962797432142272,44.04965077524887,29.860348577375447,13.792270560310666,5
30,198,15.379565476524007,80.60458918731193,5.30035345898577,49.076449365617954,31.116213481370227,15.248692075579307,4
30,199,17.290906143631595,81.24279774629022,4.221751065253872,49.81949598614996,29.01317633724333,13.903182369212814,3
30,200,17.566374118217,79.64435872802413,4.41856039130448,44.39330539808399,28.00949238002008,12.99254155611554,2
30,201,16.364186029766216,78.99936913635423,5.380882804276501,54.84908597333386,29.60031853485593,9.689692445051367,1
30,202,16.761254820317692,81.30562225864566,4.5164796066450394,48.22136875659838,31.273275772173694,9.232648663658175,0
