Flow;Steam;pressure;temperature;compo1;compo2;compo3;compo4;compo5;compo6;compo7;compo8;compo9;compo10;compo11
15,280256;0,3979;2,510542316;811,8885;0,05;0,921;60,327;31,2;1,452;4,407;0;1,012;0,611;0,02;0
12,633184;0,4058;2,188879082;827,0906;0,05;0,921;60,327;31,2;1,452;4,407;0;1,012;0,611;0,02;0
13,7608;0,3204;2,418358341;840,8478;0,05;0,921;60,327;31,2;1,452;4,407;0;1,012;0,611;0,02;0
12,940096;0,4634;2,8802589;800,8063;0,05;0,921;60,327;31,2;1,452;4,407;0;1,012;0,611;0,02;0
15,645024;0,3515;2,637050113;818,3336;0,05;0,921;60,327;31,2;1,452;4,407;0;1,012;0,611;0,02;0
17,914848;0,3281;2,203589291;840,5659;0,05;0,921;60,327;31,2;1,452;4,407;0;1,012;0,611;0,02;0
12,314208;0,4071;2,817495342;816,8601;0,05;0,921;60,327;31,2;1,452;4,407;0;1,012;0,611;0,02;0
17,67168;0,3495;2,710601157;836,5905;0,05;0,921;60,327;31,2;1,452;4,407;0;1,012;0,611;0,02;0
12,778784;0,3462;2,333039129;837,0897;0,05;0,921;60,327;31,2;1,452;4,407;0;1,012;0,611;0,02;0
17,247232;0,3266;2,125134844;836,5424;0,05;0,921;60,327;31,2;1,452;4,407;0;1,012;0,611;0,02;0
13,700736;0,5676;2,112385996;862,4034;0,05;0,921;60,327;31,2;1,452;4,407;0;1,012;0,611;0,02;0
14,497824;0,4226;2,199666569;832,494;0,05;0,921;60,327;31,2;1,452;4,407;0;1,012;0,611;0,02;0
15,167808;0,5437;2,535059331;822,6632;0,05;0,921;60,327;31,2;1,452;4,407;0;1,012;0,611;0,02;0
17,748768;0,3181;2,845935079;841,8328;0,05;0,921;60,327;31,2;1,452;4,407;0;1,012;0,611;0,02;0
16,216512;0,3919;2,786113563;833,296;0,05;0,921;60,327;31,2;1,452;4,407;0;1,012;0,611;0,02;0
13,191136;0,5012;2,21928018;817,3403;0,05;0,921;60,327;31,2;1,452;4,407;0;1,012;0,611;0,02;0
14,106336;0,384;2,573305874;803,9906;0,05;0,921;60,327;31,2;1,452;4,407;0;1,012;0,611;0,02;0
14,032896;0,5949;2,774345396;821,7671;0,05;0,921;60,327;31,2;1,452;4,407;0;1,012;0,611;0,02;0
13,341824;0,4923;2,61645582;815,2142;0,05;0,921;60,327;31,2;1,452;4,407;0;1,012;0,611;0,02;0
17,394816;0,423;2,570363832;843,7493;0,05;0,921;60,327;31,2;1,452;4,407;0;1,012;0,611;0,02;0
14,447648;0,5737;2,981269001;817,8032;0,05;0,921;60,327;31,2;1,452;4,407;0;1,012;0,611;0,02;0
12,959872;0,5123;2,453662842;843,9906;0,05;0,921;60,327;31,2;1,452;4,407;0;1,012;0,611;0,02;0
12,490368;0,5911;2,893988428;818,5868;0,05;0,921;60,327;31,2;1,452;4,407;0;1,012;0,611;0,02;0
13,372608;0,533;2,991075807;831,9072;0,05;0,921;60,327;31,2;1,452;4,407;0;1,012;0,611;0,02;0
17,353792;0,5727;2,907717956;817,1683;0,05;0,921;60,327;31,2;1,452;4,407;0;1,012;0,611;0,02;0
16,38624;0,4763;2,871432774;825,7441;0,05;0,921;60,327;31,2;1,452;4,407;0;1,012;0,611;0,02;0
17,759936;0,3081;2,232029028;851,0648;0,05;0,921;60,327;31,2;1,452;4,407;0;1,012;0,611;0,02;0
12,760832;0,37;2,369324311;815,5951;0,05;0,921;60,327;31,2;1,452;4,407;0;1,012;0,611;0,02;0
15,044768;0,5825;2,93027361;821,4387;0,05;0,921;60,327;31,2;1,452;4,407;0;1,012;0,611;0,02;0
15,913632;0,3309;2,871432774;828,3499;0,05;0,921;60,327;31,2;1,452;4,407;0;1,012;0,611;0,02;0
12,680608;0,548;2,977346278;824,9135;0,05;0,921;60,327;31,2;1,452;4,407;0;1,012;0,611;0,02;0
17,31552;0,3551;2,459546926;822,876;0,05;0,921;60,327;31,2;1,452;4,407;0;1,012;0,611;0,02;0
15,549984;0,533;2,472295773;820,0612;0,05;0,921;60,327;31,2;1,452;4,407;0;1,012;0,611;0,02;0
17,640544;0,4458;2,866529371;834,2845;0,05;0,921;60,327;31,2;1,452;4,407;0;1,012;0,611;0,02;0
14,967872;0,388;2,326174365;818,7583;0,05;0,921;60,327;31,2;1,452;4,407;0;1,012;0,611;0,02;0
13,664128;0,4784;2,588016083;819,1559;0,05;0,921;60,327;31,2;1,452;4,407;0;1,012;0,611;0,02;0
13,45664;0,5704;2,605668334;846,2736;0,05;0,921;60,327;31,2;1,452;4,407;0;1,012;0,611;0,02;0
12,91152;0,4036;2,254584682;842,8375;0,05;0,921;60,327;31,2;1,452;4,407;0;1,012;0,611;0,02;0
17,269216;0,5653;2,335981171;860,2809;0,05;0,921;60,327;31,2;1,452;4,407;0;1,012;0,611;0,02;0
16,055904;0,487;2,473276454;862,9078;0,05;0,921;60,327;31,2;1,452;4,407;0;1,012;0,611;0,02;0
14,661344;0,3448;2,572325194;802,6099;0,007;0,109;96,982;0,919;0,31;0,551;0,756;0,166;0,2;0;0
15,067104;0,3876;2,226144945;848,031;0,007;0,109;96,982;0,919;0,31;0,551;0,756;0,166;0,2;0;0
17,916512;0,3645;2,834166912;805,7386;0,007;0,109;96,982;0,919;0,31;0,551;0,756;0,166;0,2;0;0
13,110208;0,3724;2,333039129;849,1271;0,007;0,109;96,982;0,919;0,31;0,551;0,756;0,166;0,2;0;0
13,118432;0,3973;2,592919486;801,2588;0,007;0,109;96,982;0,919;0,31;0,551;0,756;0,166;0,2;0;0
12,193728;0,4694;2,279101697;846,3297;0,007;0,109;96,982;0,919;0,31;0,551;0,756;0,166;0,2;0;0
15,67504;0,5051;2,436010591;828,8257;0,007;0,109;96,982;0,919;0,31;0,551;0,756;0,166;0,2;0;0
16,568256;0,5577;2,998921251;810,1794;0,007;0,109;96,982;0,919;0,31;0,551;0,756;0,166;0,2;0;0
15,591552;0,5477;2,179072276;839,7939;0,007;0,109;96,982;0,919;0,31;0,551;0,756;0,166;0,2;0;0
15,874272;0,4957;2,131018927;834,5428;0,007;0,109;96,982;0,919;0,31;0,551;0,756;0,166;0,2;0;0
16,49408;0,3292;2,253604001;824,8143;0,007;0,109;96,982;0,919;0,31;0,551;0,756;0,166;0,2;0;0
14,041696;0,5856;2,428165147;836,7072;0,007;0,109;96,982;0,919;0,31;0,551;0,756;0,166;0,2;0;0
12,402464;0,3821;2,945964499;794,2723;0,007;0,109;96,982;0,919;0,31;0,551;0,756;0,166;0,2;0;0
13,937504;0,5767;2,73217613;844,6207;0,007;0,109;96,982;0,919;0,31;0,551;0,756;0,166;0,2;0;0
16,25568;0,3888;2,409532215;830,8661;0,007;0,109;96,982;0,919;0,31;0,551;0,756;0,166;0,2;0;0
17,76416;0,5053;2,116308718;830,6362;0,007;0,109;96,982;0,919;0,31;0,551;0,756;0,166;0,2;0;0
14,182144;0,3404;2,427184466;803,9723;0,007;0,109;96,982;0,919;0,31;0,551;0,756;0,166;0,2;0;0
13,20816;0,3729;2,778268118;795,0369;0,007;0,109;96,982;0,919;0,31;0,551;0,756;0,166;0,2;0;0
13,526048;0,5334;2,149651858;829,4175;0,007;0,109;96,982;0,919;0,31;0,551;0,756;0,166;0,2;0;0
17,339328;0,4608;2,710601157;816,4738;0,007;0,109;96,982;0,919;0,31;0,551;0,756;0,166;0,2;0;0
16,619328;0,4035;2,2840051;852,3208;0,007;0,109;96,982;0,919;0,31;0,551;0,756;0,166;0,2;0;0
16,257344;0,4833;2,421300382;858,4932;0,007;0,109;96,982;0,919;0,31;0,551;0,756;0,166;0,2;0;0
16,30512;0,3973;2,653721683;810,0143;0,007;0,109;96,982;0,919;0,31;0,551;0,756;0,166;0,2;0;0
16,492448;0,5776;2,321270962;833,1248;0,007;0,109;96,982;0,919;0,31;0,551;0,756;0,166;0,2;0;0
13,211648;0,5811;2,11925076;853,5205;0,007;0,109;96,982;0,919;0,31;0,551;0,756;0,166;0,2;0;0
16,152224;0,5319;2,481121899;829,5721;0,007;0,109;96,982;0,919;0,31;0,551;0,756;0,166;0,2;0;0
12,77584;0,4875;2,652741002;843,7283;0,007;0,109;96,982;0,919;0,31;0,551;0,756;0,166;0,2;0;0
15,820416;0,5505;2,936157693;835,5565;0,007;0,109;96,982;0,919;0,31;0,551;0,756;0,166;0,2;0;0
14,015872;0,4992;2,289889183;852,9888;0,007;0,109;96,982;0,919;0,31;0,551;0,756;0,166;0,2;0;0
15,205728;0,5563;2,76453859;834,5928;0,007;0,109;96,982;0,919;0,31;0,551;0,756;0,166;0,2;0;0
14,055424;0,5707;2,132980288;854,6594;0,007;0,109;96,982;0,919;0,31;0,551;0,756;0,166;0,2;0;0
13,54016;0,4314;2,427184466;836,9318;0,007;0,109;96,982;0,919;0,31;0,551;0,756;0,166;0,2;0;0
16,396672;0,4874;2,220260861;863,3475;0,007;0,109;96,982;0,919;0,31;0,551;0,756;0,166;0,2;0;0
13,727296;0,5945;2,16828479;853,3226;0,007;0,109;96,982;0,919;0,31;0,551;0,756;0,166;0,2;0;0
12,944128;0,4614;2,457585564;819,4698;0,007;0,109;96,982;0,919;0,31;0,551;0,756;0,166;0,2;0;0
12,240416;0,5163;2,772384035;817,8071;0,007;0,109;96,982;0,919;0,31;0,551;0,756;0,166;0,2;0;0
17,777696;0,5665;2,313425517;848,9868;0,007;0,109;96,982;0,919;0,31;0,551;0,756;0,166;0,2;0;0
16,772256;0,5725;2,398744729;854,0554;0,007;0,109;96,982;0,919;0,31;0,551;0,756;0,166;0,2;0;0
14,676;0,5088;2,874374816;810,8345;0,007;0,109;96,982;0,919;0,31;0,551;0,756;0,166;0,2;0;0
13,631168;0,3332;2,960674708;830,4899;0,007;0,109;96,982;0,919;0,31;0,551;0,756;0,166;0,2;0;0
16,390816;0,3361;2,264391488;815,521;0;0,7649847;61,36577268;37,31025379;0,05299894;0,04199916;0,10199796;0,21099578;0,14399712;0,00699986;0
16,892;0,4919;2,68216142;840,1931;0;0,7649847;61,36577268;37,31025379;0,05299894;0,04199916;0,10199796;0,21099578;0,14399712;0,00699986;0
13,668864;0,5845;2,428165147;826,4185;0;0,7649847;61,36577268;37,31025379;0,05299894;0,04199916;0,10199796;0,21099578;0,14399712;0,00699986;0
13,292768;0,3294;2,706678435;803,6808;0;0,7649847;61,36577268;37,31025379;0,05299894;0,04199916;0,10199796;0,21099578;0,14399712;0,00699986;0
12,026912;0,362;2,971462195;801,3324;0;0,7649847;61,36577268;37,31025379;0,05299894;0,04199916;0,10199796;0,21099578;0,14399712;0,00699986;0
12,884064;0,3175;2,576247916;812,9447;0;0,7649847;61,36577268;37,31025379;0,05299894;0,04199916;0,10199796;0,21099578;0,14399712;0,00699986;0
12,27392;0,5703;2,773364715;820,0958;0;0,7649847;61,36577268;37,31025379;0,05299894;0,04199916;0,10199796;0,21099578;0,14399712;0,00699986;0
13,427168;0,5588;2,564479749;823,6156;0;0,7649847;61,36577268;37,31025379;0,05299894;0,04199916;0,10199796;0,21099578;0,14399712;0,00699986;0
12,785376;0,5637;2,149651858;815,5692;0;0,7649847;61,36577268;37,31025379;0,05299894;0,04199916;0,10199796;0,21099578;0,14399712;0,00699986;0
16,542432;0,4646;2,983230362;834,1354;0;0,7649847;61,36577268;37,31025379;0,05299894;0,04199916;0,10199796;0,21099578;0,14399712;0,00699986;0
15,526176;0,5454;2,889085025;854,1155;0;0,7649847;61,36577268;37,31025379;0,05299894;0,04199916;0,10199796;0,21099578;0,14399712;0,00699986;0
17,607584;0,57;2,238893792;863,3694;0;0,7649847;61,36577268;37,31025379;0,05299894;0,04199916;0,10199796;0,21099578;0,14399712;0,00699986;0
17,824032;0,4018;2,543885457;862,6011;0;0,7649847;61,36577268;37,31025379;0,05299894;0,04199916;0,10199796;0,21099578;0,14399712;0,00699986;0
17,406368;0,4867;2,663528489;814,1841;0;0,7649847;61,36577268;37,31025379;0,05299894;0,04199916;0,10199796;0,21099578;0,14399712;0,00699986;0
13,893536;0,3738;2,789055605;828,6199;0;0,7649847;61,36577268;37,31025379;0,05299894;0,04199916;0,10199796;0,21099578;0,14399712;0,00699986;0
13,527328;0,4933;2,498774149;827,2164;0;0,7649847;61,36577268;37,31025379;0,05299894;0,04199916;0,10199796;0,21099578;0,14399712;0,00699986;0
12,10912;0,5657;2,139845052;861,7002;0;0,7649847;61,36577268;37,31025379;0,05299894;0,04199916;0,10199796;0,21099578;0,14399712;0,00699986;0
13,511776;0,4628;2,84691576;839,6364;0;0,7649847;61,36577268;37,31025379;0,05299894;0,04199916;0,10199796;0,21099578;0,14399712;0,00699986;0
14,028672;0,492;2,735118172;805,4296;0;0,7649847;61,36577268;37,31025379;0,05299894;0,04199916;0,10199796;0,21099578;0,14399712;0,00699986;0
15,75232;0,3281;2,587035403;822,1879;0;0,7649847;61,36577268;37,31025379;0,05299894;0,04199916;0,10199796;0,21099578;0,14399712;0,00699986;0
15,166368;0,4611;2,378150436;820,9054;0;0,7649847;61,36577268;37,31025379;0,05299894;0,04199916;0,10199796;0,21099578;0,14399712;0,00699986;0
12,1408;0,5848;2,844954398;803,562;0;0,7649847;61,36577268;37,31025379;0,05299894;0,04199916;0,10199796;0,21099578;0,14399712;0,00699986;0
15,517024;0,5968;2,447778758;850,0627;0;0,7649847;61,36577268;37,31025379;0,05299894;0,04199916;0,10199796;0,21099578;0,14399712;0,00699986;0
12,468224;0,4311;2,136903011;827,4506;0;0,7649847;61,36577268;37,31025379;0,05299894;0,04199916;0,10199796;0,21099578;0,14399712;0,00699986;0
15,828864;0,4973;2,86456801;812,2665;0;0,7649847;61,36577268;37,31025379;0,05299894;0,04199916;0,10199796;0,21099578;0,14399712;0,00699986;0
12,571296;0,4456;2,86456801;813,1298;0;0,7649847;61,36577268;37,31025379;0,05299894;0,04199916;0,10199796;0,21099578;0,14399712;0,00699986;0
17,627552;0,4319;2,123173482;833,9436;0;0,7649847;61,36577268;37,31025379;0,05299894;0,04199916;0,10199796;0,21099578;0,14399712;0,00699986;0
14,232672;0,5029;2,181033637;841,8202;0;0,7649847;61,36577268;37,31025379;0,05299894;0,04199916;0,10199796;0,21099578;0,14399712;0,00699986;0
14,988928;0,4748;2,385995881;843,6113;0;0,7649847;61,36577268;37,31025379;0,05299894;0,04199916;0,10199796;0,21099578;0,14399712;0,00699986;0
12,827648;0,4259;2,31832892;826,3167;0;0,7649847;61,36577268;37,31025379;0,05299894;0,04199916;0,10199796;0,21099578;0,14399712;0,00699986;0
14,063104;0,5764;2,540943415;818,717;0;0,7649847;61,36577268;37,31025379;0,05299894;0,04199916;0,10199796;0,21099578;0,14399712;0,00699986;0
12,72384;0,3762;2,568402471;849,2394;0;0,7649847;61,36577268;37,31025379;0,05299894;0,04199916;0,10199796;0,21099578;0,14399712;0,00699986;0
14,34768;0,3728;2,619397862;819,3226;0;0,7649847;61,36577268;37,31025379;0,05299894;0,04199916;0,10199796;0,21099578;0,14399712;0,00699986;0
16,429632;0,3819;2,640972835;809,0667;0;0,7649847;61,36577268;37,31025379;0,05299894;0,04199916;0,10199796;0,21099578;0,14399712;0,00699986;0
17,710688;0,5317;2,478179857;835,4585;0;0,7649847;61,36577268;37,31025379;0,05299894;0,04199916;0,10199796;0,21099578;0,14399712;0,00699986;0
17,49168;0,5029;2,971462195;812,9291;0;0,7649847;61,36577268;37,31025379;0,05299894;0,04199916;0,10199796;0,21099578;0,14399712;0,00699986;0
17,16448;0,5368;2,845935079;845,2332;0;0,7649847;61,36577268;37,31025379;0,05299894;0,04199916;0,10199796;0,21099578;0,14399712;0,00699986;0
15,14384;0,4332;2,89791115;829,0724;0;0,7649847;61,36577268;37,31025379;0,05299894;0,04199916;0,10199796;0,21099578;0,14399712;0,00699986;0
13,38944;0,4092;2,424242424;821,218;0;0,7649847;61,36577268;37,31025379;0,05299894;0,04199916;0,10199796;0,21099578;0,14399712;0,00699986;0
14,706208;0,3418;2,100617829;848,8962;0;0,7649847;61,36577268;37,31025379;0,05299894;0,04199916;0,10199796;0,21099578;0,14399712;0,00699986;0
17,00736;0,3661;2,763557909;832,5679;0;0,96499035;61,79838202;36,43263567;0,05699943;0,04499955;0,10799892;0,23499765;0,34499655;0,01399986;0
13,732416;0,5498;2,59978425;827,3218;0;0,96499035;61,79838202;36,43263567;0,05699943;0,04499955;0,10799892;0,23499765;0,34499655;0,01399986;0
12,603712;0,5176;2,890065706;821,3623;0;0,96499035;61,79838202;36,43263567;0,05699943;0,04499955;0,10799892;0,23499765;0,34499655;0,01399986;0
15,909408;0,346;2,319309601;848,9119;0;0,96499035;61,79838202;36,43263567;0,05699943;0,04499955;0,10799892;0,23499765;0,34499655;0,01399986;0
16,50288;0,3008;2,600764931;819,5017;0;0,96499035;61,79838202;36,43263567;0,05699943;0,04499955;0,10799892;0,23499765;0,34499655;0,01399986;0
12,704064;0,4397;2,713543199;841,6534;0;0,96499035;61,79838202;36,43263567;0,05699943;0,04499955;0,10799892;0,23499765;0,34499655;0,01399986;0
12,29024;0,3509;2,721388644;820,9176;0;0,96499035;61,79838202;36,43263567;0,05699943;0,04499955;0,10799892;0,23499765;0,34499655;0,01399986;0
16,764;0,3506;2,553692262;816,2465;0;0,96499035;61,79838202;36,43263567;0,05699943;0,04499955;0,10799892;0,23499765;0,34499655;0,01399986;0
16,086496;0,5103;2,325193684;824,9276;0;0,96499035;61,79838202;36,43263567;0,05699943;0,04499955;0,10799892;0,23499765;0,34499655;0,01399986;0
15,063456;0,3367;2,178091596;854,4155;0;0,96499035;61,79838202;36,43263567;0,05699943;0,04499955;0,10799892;0,23499765;0,34499655;0,01399986;0
13,569984;0,5752;2,813572619;841,4086;0;0,96499035;61,79838202;36,43263567;0,05699943;0,04499955;0,10799892;0,23499765;0,34499655;0,01399986;0
15,803776;0,3597;2,905756595;807,9893;0;0,96499035;61,79838202;36,43263567;0,05699943;0,04499955;0,10799892;0,23499765;0,34499655;0,01399986;0
14,751808;0,4797;2,660586447;831,9954;0;0,96499035;61,79838202;36,43263567;0,05699943;0,04499955;0,10799892;0,23499765;0,34499655;0,01399986;0
15,060896;0,5875;2,511522997;815,8998;0;0,96499035;61,79838202;36,43263567;0,05699943;0,04499955;0,10799892;0,23499765;0,34499655;0,01399986;0
16,497376;0,5168;2,620378543;850,8441;0;0,96499035;61,79838202;36,43263567;0,05699943;0,04499955;0,10799892;0,23499765;0,34499655;0,01399986;0
15,183936;0,4345;2,965578111;830,0604;0;0,96499035;61,79838202;36,43263567;0,05699943;0,04499955;0,10799892;0,23499765;0,34499655;0,01399986;0
16,801344;0,398;2,494851427;825,6232;0;0,96499035;61,79838202;36,43263567;0,05699943;0,04499955;0,10799892;0,23499765;0,34499655;0,01399986;0
16,943456;0,3395;2,529175248;836,6392;0;0,96499035;61,79838202;36,43263567;0,05699943;0,04499955;0,10799892;0,23499765;0,34499655;0,01399986;0
14,810208;0,4493;2,969500834;801,2579;0;0,96499035;61,79838202;36,43263567;0,05699943;0,04499955;0,10799892;0,23499765;0,34499655;0,01399986;0
15,4304;0,5805;2,824360106;849,5552;0;0,96499035;61,79838202;36,43263567;0,05699943;0,04499955;0,10799892;0,23499765;0,34499655;0,01399986;0
14,59616;0,4455;2,59880357;806,8235;0;0,96499035;61,79838202;36,43263567;0,05699943;0,04499955;0,10799892;0,23499765;0,34499655;0,01399986;0
17,703904;0,4281;2,952829264;809,1218;0;0,96499035;61,79838202;36,43263567;0,05699943;0,04499955;0,10799892;0,23499765;0,34499655;0,01399986;0
14,680192;0,5814;2,573305874;838,8207;0;0,96499035;61,79838202;36,43263567;0,05699943;0,04499955;0,10799892;0,23499765;0,34499655;0,01399986;0
16,190304;0,335;2,286947141;854,1598;0;0,96499035;61,79838202;36,43263567;0,05699943;0,04499955;0,10799892;0,23499765;0,34499655;0,01399986;0
13,305952;0,3811;2,131999608;818,3289;0;0,96499035;61,79838202;36,43263567;0,05699943;0,04499955;0,10799892;0,23499765;0,34499655;0,01399986;0
13,830912;0,5643;2,922428165;824,0295;0;0,96499035;61,79838202;36,43263567;0,05699943;0,04499955;0,10799892;0,23499765;0,34499655;0,01399986;0
17,462752;0,3442;2,643914877;841,3698;0;0,96499035;61,79838202;36,43263567;0,05699943;0,04499955;0,10799892;0,23499765;0,34499655;0,01399986;0
16,981888;0,4546;2,785132882;832,6482;0;0,96499035;61,79838202;36,43263567;0,05699943;0,04499955;0,10799892;0,23499765;0,34499655;0,01399986;0
13,658816;0,33;2,357556144;803,7483;0;0,96499035;61,79838202;36,43263567;0,05699943;0,04499955;0,10799892;0,23499765;0,34499655;0,01399986;0
14,060192;0,4224;2,812591939;813,2373;0;0,96499035;61,79838202;36,43263567;0,05699943;0,04499955;0,10799892;0,23499765;0,34499655;0,01399986;0
14,445984;0,3788;2,501716191;831,4941;0;0,96499035;61,79838202;36,43263567;0,05699943;0,04499955;0,10799892;0,23499765;0,34499655;0,01399986;0
17,944512;0,4028;2,988133765;849,2684;0;0,96499035;61,79838202;36,43263567;0,05699943;0,04499955;0,10799892;0,23499765;0,34499655;0,01399986;0
12,691424;0,371;2,258507404;832,7544;0;0,96499035;61,79838202;36,43263567;0,05699943;0,04499955;0,10799892;0,23499765;0,34499655;0,01399986;0
16,122208;0,4269;2,541924095;824,1011;0;0,96499035;61,79838202;36,43263567;0,05699943;0,04499955;0,10799892;0,23499765;0,34499655;0,01399986;0
17,602656;0,3236;2,390899284;831,6632;0;0,96499035;61,79838202;36,43263567;0,05699943;0,04499955;0,10799892;0,23499765;0,34499655;0,01399986;0
14,58864;0,3373;2,515445719;826,99;0;0,96499035;61,79838202;36,43263567;0,05699943;0,04499955;0,10799892;0,23499765;0,34499655;0,01399986;0
16,499584;0,4241;2,242816515;862,4171;0;0,96499035;61,79838202;36,43263567;0,05699943;0,04499955;0,10799892;0,23499765;0,34499655;0,01399986;0
13,49456;0,4407;2,585074041;823,7677;0;0,96499035;61,79838202;36,43263567;0,05699943;0,04499955;0,10799892;0,23499765;0,34499655;0,01399986;0
12,33856;0,5022;2,690006865;806,4952;0;0,96499035;61,79838202;36,43263567;0,05699943;0,04499955;0,10799892;0,23499765;0,34499655;0,01399986;0
16,545728;0,398;2,951848583;802,7858;0;0,96499035;61,79838202;36,43263567;0,05699943;0,04499955;0,10799892;0,23499765;0,34499655;0,01399986;0
16,986848;0,4382;2,462488967;822,1292;0;0,01199988;97,53102469;1,37598624;0,05299947;0,11499885;0,3899961;0,01499985;0,50799492;0;0
14,150464;0,5522;2,287927822;833,7721;0;0,01199988;97,53102469;1,37598624;0,05299947;0,11499885;0,3899961;0,01499985;0,50799492;0;0
12,243552;0,3104;2,226144945;816,9603;0;0,01199988;97,53102469;1,37598624;0,05299947;0,11499885;0,3899961;0,01499985;0,50799492;0;0
12,318432;0,5936;2,556634304;818,4998;0;0,01199988;97,53102469;1,37598624;0,05299947;0,11499885;0,3899961;0,01499985;0,50799492;0;0
16,616032;0,5783;2,924389526;840,2645;0;0,01199988;97,53102469;1,37598624;0,05299947;0,11499885;0,3899961;0,01499985;0,50799492;0;0
17,309504;0,3627;2,678238698;823,4056;0;0,01199988;97,53102469;1,37598624;0,05299947;0,11499885;0,3899961;0,01499985;0,50799492;0;0
17,840704;0,5043;2,888104344;818,4917;0;0,01199988;97,53102469;1,37598624;0,05299947;0,11499885;0,3899961;0,01499985;0,50799492;0;0
12,030752;0,3901;2,677258017;826,8447;0;0,01199988;97,53102469;1,37598624;0,05299947;0,11499885;0,3899961;0,01499985;0,50799492;0;0
17,15824;0,5129;2,700794351;826,6665;0;0,01199988;97,53102469;1,37598624;0,05299947;0,11499885;0,3899961;0,01499985;0,50799492;0;0
14,18688;0,3744;2,977346278;812,1221;0;0,01199988;97,53102469;1,37598624;0,05299947;0,11499885;0,3899961;0,01499985;0,50799492;0;0
17,336416;0,3871;2,535059331;832,5612;0;0,01199988;97,53102469;1,37598624;0,05299947;0,11499885;0,3899961;0,01499985;0,50799492;0;0
12,177056;0,3976;2,464450329;819,9187;0;0,01199988;97,53102469;1,37598624;0,05299947;0,11499885;0,3899961;0,01499985;0,50799492;0;0
14,443264;0,5022;2,741982936;810,6996;0;0,01199988;97,53102469;1,37598624;0,05299947;0,11499885;0,3899961;0,01499985;0,50799492;0;0
12,744352;0,3774;2,514465039;809,2712;0;0,01199988;97,53102469;1,37598624;0,05299947;0,11499885;0,3899961;0,01499985;0,50799492;0;0
17,371008;0,3973;2,312444837;845,5186;0;0,01199988;97,53102469;1,37598624;0,05299947;0,11499885;0,3899961;0,01499985;0,50799492;0;0
14,373664;0,4581;2,580170638;807,8973;0;0,01199988;97,53102469;1,37598624;0,05299947;0,11499885;0,3899961;0,01499985;0,50799492;0;0
17,109536;0,3845;2,391879965;820,8014;0;0,01199988;97,53102469;1,37598624;0,05299947;0,11499885;0,3899961;0,01499985;0,50799492;0;0
14,439776;0,5375;2,639992155;809,1709;0;0,01199988;97,53102469;1,37598624;0,05299947;0,11499885;0,3899961;0,01499985;0,50799492;0;0
13,768672;0,4955;2,264391488;833,6606;0;0,01199988;97,53102469;1,37598624;0,05299947;0,11499885;0,3899961;0,01499985;0,50799492;0;0
14,107072;0,4328;2,613513779;810,124;0;0,01199988;97,53102469;1,37598624;0,05299947;0,11499885;0,3899961;0,01499985;0,50799492;0;0
17,353792;0,3649;2,196724527;856,109;0;0,01199988;97,53102469;1,37598624;0,05299947;0,11499885;0,3899961;0,01499985;0,50799492;0;0
14,976832;0,3833;2,33401981;828,7327;0;0,01199988;97,53102469;1,37598624;0,05299947;0,11499885;0,3899961;0,01499985;0,50799492;0;0
16,287008;0,3525;2,344807296;820,1754;0;0,01199988;97,53102469;1,37598624;0,05299947;0,11499885;0,3899961;0,01499985;0,50799492;0;0
13,48576;0,3901;2,991075807;795,6239;0;0,01199988;97,53102469;1,37598624;0,05299947;0,11499885;0,3899961;0,01499985;0,50799492;0;0
15,681824;0,3018;2,222222222;845,6326;0;0,01199988;97,53102469;1,37598624;0,05299947;0,11499885;0,3899961;0,01499985;0,50799492;0;0
17,05552;0,4944;2,824360106;819,8177;0;0,01199988;97,53102469;1,37598624;0,05299947;0,11499885;0,3899961;0,01499985;0,50799492;0;0
13,36656;0,4366;2,531136609;803,6145;0;0,01199988;97,53102469;1,37598624;0,05299947;0,11499885;0,3899961;0,01499985;0,50799492;0;0
15,989088;0,4923;2,390899284;838,0103;0;0,01199988;97,53102469;1,37598624;0,05299947;0,11499885;0,3899961;0,01499985;0,50799492;0;0
15,657824;0,495;2,158477984;823,938;0;0,01199988;97,53102469;1,37598624;0,05299947;0,11499885;0,3899961;0,01499985;0,50799492;0;0
13,121376;0,5881;2,291850544;853,3772;0;0,01199988;97,53102469;1,37598624;0,05299947;0,11499885;0,3899961;0,01499985;0,50799492;0;0
14,88272;0,4009;2,933215652;812,4028;0;0,01199988;97,53102469;1,37598624;0,05299947;0,11499885;0,3899961;0,01499985;0,50799492;0;0
15,216704;0,5839;2,355594783;823,3947;0;0,01199988;97,53102469;1,37598624;0,05299947;0,11499885;0,3899961;0,01499985;0,50799492;0;0
12,65408;0,373;2,341865254;839,8204;0;0,01199988;97,53102469;1,37598624;0,05299947;0,11499885;0,3899961;0,01499985;0,50799492;0;0
16,117056;0,3076;2,291850544;834,3319;0;0,01199988;97,53102469;1,37598624;0,05299947;0,11499885;0,3899961;0,01499985;0,50799492;0;0
16,89328;0,4711;2,113366676;828,1841;0;0,01199988;97,53102469;1,37598624;0,05299947;0,11499885;0,3899961;0,01499985;0,50799492;0;0
13,64048;0,3784;2,902814553;805,7189;0;0,01199988;97,53102469;1,37598624;0,05299947;0,11499885;0,3899961;0,01499985;0,50799492;0;0
12,602624;0,4804;2,960674708;803,0309;0;0,01199988;97,53102469;1,37598624;0,05299947;0,11499885;0,3899961;0,01499985;0,50799492;0;0
12,230176;0,309;2,458566245;806,8086;0;0,01199988;97,53102469;1,37598624;0,05299947;0,11499885;0,3899961;0,01499985;0,50799492;0;0
14,390336;0,4327;2,590958125;810,0424;0;0,01199988;97,53102469;1,37598624;0,05299947;0,11499885;0,3899961;0,01499985;0,50799492;0;0
17,352896;0,5463;2,637050113;820,4412;0;0,01199988;97,53102469;1,37598624;0,05299947;0,11499885;0,3899961;0,01499985;0,50799492;0;0
14,743008;0,5656;2,370304992;851,9281;0;0,0899991;92,98807012;5,531944681;0,0799992;0,05199948;0,07199928;0,06099939;1,11298887;0,01199988;0
15,645728;0,349;2,422281063;838,5349;0;0,0899991;92,98807012;5,531944681;0,0799992;0,05199948;0,07199928;0,06099939;1,11298887;0,01199988;0
14,049184;0,4188;2,858683927;808,037;0;0,0899991;92,98807012;5,531944681;0,0799992;0,05199948;0,07199928;0,06099939;1,11298887;0,01199988;0
12,817056;0,5026;2,46641169;812,0891;0;0,0899991;92,98807012;5,531944681;0,0799992;0,05199948;0,07199928;0,06099939;1,11298887;0,01199988;0
12,373536;0,3682;2,603706973;841,0995;0;0,0899991;92,98807012;5,531944681;0,0799992;0,05199948;0,07199928;0,06099939;1,11298887;0,01199988;0
15,29344;0,3725;2,819456703;808,1593;0;0,0899991;92,98807012;5,531944681;0,0799992;0,05199948;0,07199928;0,06099939;1,11298887;0,01199988;0
16,979168;0,4974;2,895949789;834,7955;0;0,0899991;92,98807012;5,531944681;0,0799992;0,05199948;0,07199928;0,06099939;1,11298887;0,01199988;0
15,61808;0,3939;2,111405315;860,1934;0;0,0899991;92,98807012;5,531944681;0,0799992;0,05199948;0,07199928;0,06099939;1,11298887;0,01199988;0
17,601728;0,4065;2,287927822;819,4551;0;0,0899991;92,98807012;5,531944681;0,0799992;0,05199948;0,07199928;0,06099939;1,11298887;0,01199988;0
17,599904;0,3998;2,707659115;827,8885;0;0,0899991;92,98807012;5,531944681;0,0799992;0,05199948;0,07199928;0,06099939;1,11298887;0,01199988;0
13,472768;0,5589;2,478179857;811,5518;0;0,0899991;92,98807012;5,531944681;0,0799992;0,05199948;0,07199928;0,06099939;1,11298887;0,01199988;0
17,21152;0,3862;2,919486123;817,1718;0;0,0899991;92,98807012;5,531944681;0,0799992;0,05199948;0,07199928;0,06099939;1,11298887;0,01199988;0
14,093152;0,3651;2,1525939;859,3025;0;0,0899991;92,98807012;5,531944681;0,0799992;0,05199948;0,07199928;0,06099939;1,11298887;0,01199988;0
17,237888;0,4145;2,377169756;818,3557;0;0,0899991;92,98807012;5,531944681;0,0799992;0,05199948;0,07199928;0,06099939;1,11298887;0,01199988;0
13,756224;0,5039;2,192801804;836,1655;0;0,0899991;92,98807012;5,531944681;0,0799992;0,05199948;0,07199928;0,06099939;1,11298887;0,01199988;0
15,674304;0,5523;2,573305874;848,1376;0;0,0899991;92,98807012;5,531944681;0,0799992;0,05199948;0,07199928;0,06099939;1,11298887;0,01199988;0
17,822016;0,4821;2,443856036;848,9033;0;0,0899991;92,98807012;5,531944681;0,0799992;0,05199948;0,07199928;0,06099939;1,11298887;0,01199988;0
15,875744;0,5506;2,559576346;819,683;0;0,0899991;92,98807012;5,531944681;0,0799992;0,05199948;0,07199928;0,06099939;1,11298887;0,01199988;0
12,739392;0,4302;2,64881828;806,9596;0;0,0899991;92,98807012;5,531944681;0,0799992;0,05199948;0,07199928;0,06099939;1,11298887;0,01199988;0
16,454368;0,4595;2,410512896;823,0229;0;0,0899991;92,98807012;5,531944681;0,0799992;0,05199948;0,07199928;0,06099939;1,11298887;0,01199988;0
17,82128;0,537;2,137883691;864,6321;0;0,0899991;92,98807012;5,531944681;0,0799992;0,05199948;0,07199928;0,06099939;1,11298887;0,01199988;0
16,928448;0,3804;2,7488477;847,5267;0;0,0899991;92,98807012;5,531944681;0,0799992;0,05199948;0,07199928;0,06099939;1,11298887;0,01199988;0
14,765888;0,5207;2,791016966;827,1073;0;0,0899991;92,98807012;5,531944681;0,0799992;0,05199948;0,07199928;0,06099939;1,11298887;0,01199988;0
15,120576;0,5567;2,131018927;831,0985;0;0,0899991;92,98807012;5,531944681;0,0799992;0,05199948;0,07199928;0,06099939;1,11298887;0,01199988;0
12,932416;0,338;2,652741002;820,4213;0;0,0899991;92,98807012;5,531944681;0,0799992;0,05199948;0,07199928;0,06099939;1,11298887;0,01199988;0
14,306464;0,3014;2,20260861;813,0504;0;0,0899991;92,98807012;5,531944681;0,0799992;0,05199948;0,07199928;0,06099939;1,11298887;0,01199988;0
16,362624;0,3307;2,713543199;810,6514;0;0,0899991;92,98807012;5,531944681;0,0799992;0,05199948;0,07199928;0,06099939;1,11298887;0,01199988;0
16,113216;0,5624;2,608610376;835,764;0;0,0899991;92,98807012;5,531944681;0,0799992;0,05199948;0,07199928;0,06099939;1,11298887;0,01199988;0
12,555552;0,5094;2,557614985;842,1943;0;0,0899991;92,98807012;5,531944681;0,0799992;0,05199948;0,07199928;0,06099939;1,11298887;0,01199988;0
17,1672;0,5247;2,766499951;837,4381;0;0,0899991;92,98807012;5,531944681;0,0799992;0,05199948;0,07199928;0,06099939;1,11298887;0,01199988;0
12,990272;0,4754;2,867510052;837,4956;0;0,0899991;92,98807012;5,531944681;0,0799992;0,05199948;0,07199928;0,06099939;1,11298887;0,01199988;0
15,493408;0,5516;2,408551535;826,9072;0;0,0899991;92,98807012;5,531944681;0,0799992;0,05199948;0,07199928;0,06099939;1,11298887;0,01199988;0
13,399328;0,5793;2,192801804;829,9919;0;0,0899991;92,98807012;5,531944681;0,0799992;0,05199948;0,07199928;0,06099939;1,11298887;0,01199988;0
14,66336;0,3616;2,677258017;817,8721;0;0,0899991;92,98807012;5,531944681;0,0799992;0,05199948;0,07199928;0,06099939;1,11298887;0,01199988;0
17,793088;0,4177;2,380111798;826,1259;0;0,0899991;92,98807012;5,531944681;0,0799992;0,05199948;0,07199928;0,06099939;1,11298887;0,01199988;0
13,6936;0,544;2,394822006;819,3566;0;0,0899991;92,98807012;5,531944681;0,0799992;0,05199948;0,07199928;0,06099939;1,11298887;0,01199988;0
12,231072;0,367;2,873394136;841,2067;0;0,0899991;92,98807012;5,531944681;0,0799992;0,05199948;0,07199928;0,06099939;1,11298887;0,01199988;0
12,694176;0,5116;2,98028832;832,6663;0;0,0899991;92,98807012;5,531944681;0,0799992;0,05199948;0,07199928;0,06099939;1,11298887;0,01199988;0
14,348384;0,4552;2,762577229;826,8424;0;0,0899991;92,98807012;5,531944681;0,0799992;0,05199948;0,07199928;0,06099939;1,11298887;0,01199988;0
16,267232;0,3909;2,245758556;859,8019;0;0,0899991;92,98807012;5,531944681;0,0799992;0,05199948;0,07199928;0,06099939;1,11298887;0,01199988;0
12,626592;0,4705;2,509561636;822,7205;0;0,565;81,5;15,972;0,04;0,043;0,218;0,064;1,557;0,041;0
16,65488;0,5498;2,240855153;867,8175;0;0,565;81,5;15,972;0,04;0,043;0,218;0,064;1,557;0,041;0
17,418432;0,408;2,624301265;825,8981;0;0,565;81,5;15,972;0,04;0,043;0,218;0,064;1,557;0,041;0
16,63856;0,563;2,366382269;841,5719;0;0,565;81,5;15,972;0,04;0,043;0,218;0,064;1,557;0,041;0
13,720512;0,3539;2,912621359;795,4301;0;0,565;81,5;15,972;0,04;0,043;0,218;0,064;1,557;0,041;0
14,186528;0,3144;2,954790625;795,3087;0;0,565;81,5;15,972;0,04;0,043;0,218;0,064;1,557;0,041;0
13,697632;0,4064;2,2840051;837,955;0;0,565;81,5;15,972;0,04;0,043;0,218;0,064;1,557;0,041;0
14,853248;0,5378;2,199666569;838,1234;0;0,565;81,5;15,972;0,04;0,043;0,218;0,064;1,557;0,041;0
16,955712;0,3352;2,713543199;809,6521;0;0,565;81,5;15,972;0,04;0,043;0,218;0,064;1,557;0,041;0
17,926944;0,3941;2,663528489;809,7343;0;0,565;81,5;15,972;0,04;0,043;0,218;0,064;1,557;0,041;0
16,56496;0,4778;2,984211042;819,8257;0;0,565;81,5;15,972;0,04;0,043;0,218;0,064;1,557;0,041;0
12,328128;0,4872;2,138864372;812,193;0;0,565;81,5;15,972;0,04;0,043;0,218;0,064;1,557;0,041;0
14,833824;0,5735;2,870452094;836,4255;0;0,565;81,5;15,972;0,04;0,043;0,218;0,064;1,557;0,041;0
12,259104;0,5159;2,16828479;828,7148;0;0,565;81,5;15,972;0,04;0,043;0,218;0,064;1,557;0,041;0
12,832224;0,4349;2,502696872;842,3352;0;0,565;81,5;15,972;0,04;0,043;0,218;0,064;1,557;0,041;0
12,6008;0,5649;2,740021575;839,9426;0;0,565;81,5;15,972;0,04;0,043;0,218;0,064;1,557;0,041;0
15,665152;0,3567;2,282043738;822,3849;0;0,565;81,5;15,972;0,04;0,043;0,218;0,064;1,557;0,041;0
14,062944;0,3321;2,935177013;801,5654;0;0,565;81,5;15,972;0,04;0,043;0,218;0,064;1,557;0,041;0
17,495712;0,3626;2,465431009;843,8173;0;0,565;81,5;15,972;0,04;0,043;0,218;0,064;1,557;0,041;0
16,080448;0,494;2,138864372;841,5659;0;0,565;81,5;15,972;0,04;0,043;0,218;0,064;1,557;0,041;0
14,31856;0,3889;2,404628812;816,3149;0;0,565;81,5;15,972;0,04;0,043;0,218;0,064;1,557;0,041;0
13,463968;0,5083;2,716485241;812,8105;0;0,565;81,5;15,972;0,04;0,043;0,218;0,064;1,557;0,041;0
14,484096;0,506;2,157497303;834,0667;0;0,565;81,5;15,972;0,04;0,043;0,218;0,064;1,557;0,041;0
14,79664;0,3544;2,455624203;836,5417;0;0,565;81,5;15,972;0,04;0,043;0,218;0,064;1,557;0,041;0
16,971456;0,5777;2,856722565;851,4346;0;0,565;81,5;15,972;0,04;0,043;0,218;0,064;1,557;0,041;0
16,584;0,5106;2,858683927;833,192;0;0,565;81,5;15,972;0,04;0,043;0,218;0,064;1,557;0,041;0
17,411104;0,5573;2,238893792;864,0748;0;0,565;81,5;15,972;0,04;0,043;0,218;0,064;1,557;0,041;0
17,150912;0,4702;2,712562518;816,2727;0;0,565;81,5;15,972;0,04;0,043;0,218;0,064;1,557;0,041;0
17,859744;0,5221;2,439933314;820,1637;0;0,565;81,5;15,972;0,04;0,043;0,218;0,064;1,557;0,041;0
16,290848;0,5932;2,112385996;872,1946;0;0,565;81,5;15,972;0,04;0,043;0,218;0,064;1,557;0,041;0
16,322688;0,4441;2,1525939;855,0179;0;0,565;81,5;15,972;0,04;0,043;0,218;0,064;1,557;0,041;0
12,664704;0,3975;2,546827498;820,0426;0;0,565;81,5;15,972;0,04;0,043;0,218;0,064;1,557;0,041;0
12,028;0,5998;2,844954398;808,3666;0;0,565;81,5;15,972;0,04;0,043;0,218;0,064;1,557;0,041;0
16,948576;0,4858;2,15161322;830,4204;0;0,565;81,5;15,972;0,04;0,043;0,218;0,064;1,557;0,041;0
14,449472;0,5162;2,942041777;844,505;0;0,565;81,5;15,972;0,04;0,043;0,218;0,064;1,557;0,041;0
14,732032;0,3116;2,320290281;812,4604;0;0,565;81,5;15,972;0,04;0,043;0,218;0,064;1,557;0,041;0
14,079776;0,3548;2,468373051;838,653;0;0,565;81,5;15,972;0,04;0,043;0,218;0,064;1,557;0,041;0
17,1672;0,4814;2,281063058;832,941;0;0,565;81,5;15,972;0,04;0,043;0,218;0,064;1,557;0,041;0
16,955168;0,5333;2,857703246;854,2732;0;0,565;81,5;15,972;0,04;0,043;0,218;0,064;1,557;0,041;0
13,366752;0,595;2,333039129;844,8431;0;0,565;81,5;15,972;0,04;0,043;0,218;0,064;1,557;0,041;0
16,926784;0,4846;2,820437384;844,1917;0;0,66099339;80,26419736;17,26682733;0,04399956;0,04499955;0,22599774;0,07099929;1,38298617;0,03899961;0
16,552704;0,4233;2,249681279;844,2061;0;0,66099339;80,26419736;17,26682733;0,04399956;0,04499955;0,22599774;0,07099929;1,38298617;0,03899961;0
13,686624;0,4529;2,875355497;826,8628;0;0,66099339;80,26419736;17,26682733;0,04399956;0,04499955;0,22599774;0,07099929;1,38298617;0,03899961;0
17,954592;0,5239;2,938119055;828,0594;0;0,66099339;80,26419736;17,26682733;0,04399956;0,04499955;0,22599774;0,07099929;1,38298617;0,03899961;0
16,539328;0,328;2,343826616;823,3865;0;0,66099339;80,26419736;17,26682733;0,04399956;0,04499955;0,22599774;0,07099929;1,38298617;0,03899961;0
16,457472;0,4932;2,365401589;844,0278;0;0,66099339;80,26419736;17,26682733;0,04399956;0,04499955;0,22599774;0,07099929;1,38298617;0,03899961;0
15,925344;0,317;2,306560753;828,0883;0;0,66099339;80,26419736;17,26682733;0,04399956;0,04499955;0,22599774;0,07099929;1,38298617;0,03899961;0
16,001696;0,557;2,848877121;815,2126;0;0,66099339;80,26419736;17,26682733;0,04399956;0,04499955;0,22599774;0,07099929;1,38298617;0,03899961;0
12,696;0,4526;2,821418064;826,0305;0;0,66099339;80,26419736;17,26682733;0,04399956;0,04499955;0,22599774;0,07099929;1,38298617;0,03899961;0
14,729824;0,4981;2,703736393;831,615;0;0,66099339;80,26419736;17,26682733;0,04399956;0,04499955;0,22599774;0,07099929;1,38298617;0,03899961;0
15,135776;0,4404;2,508580955;856,4624;0;0,66099339;80,26419736;17,26682733;0,04399956;0,04499955;0,22599774;0,07099929;1,38298617;0,03899961;0
15,886176;0,4218;2,856722565;836,2487;0;0,66099339;80,26419736;17,26682733;0,04399956;0,04499955;0,22599774;0,07099929;1,38298617;0,03899961;0
15,735296;0,4421;2,289889183;823,6709;0;0,66099339;80,26419736;17,26682733;0,04399956;0,04499955;0,22599774;0,07099929;1,38298617;0,03899961;0
12,464192;0,3583;2,323232323;807,6648;0;0,66099339;80,26419736;17,26682733;0,04399956;0,04499955;0,22599774;0,07099929;1,38298617;0,03899961;0
13,715744;0,3977;2,49975483;811,9999;0;0,66099339;80,26419736;17,26682733;0,04399956;0,04499955;0,22599774;0,07099929;1,38298617;0,03899961;0
17,606304;0,5031;2,341865254;858,7498;0;0,66099339;80,26419736;17,26682733;0,04399956;0,04499955;0,22599774;0,07099929;1,38298617;0,03899961;0
17,302528;0,5839;2,352652741;859,3849;0;0,66099339;80,26419736;17,26682733;0,04399956;0,04499955;0,22599774;0,07099929;1,38298617;0,03899961;0
14,751072;0,5946;2,978326959;810,1353;0;0,66099339;80,26419736;17,26682733;0,04399956;0,04499955;0,22599774;0,07099929;1,38298617;0,03899961;0
13,747232;0,4111;2,673335295;806,7695;0;0,66099339;80,26419736;17,26682733;0,04399956;0,04499955;0,22599774;0,07099929;1,38298617;0,03899961;0
13,532096;0,5296;2,984211042;813,8447;0;0,66099339;80,26419736;17,26682733;0,04399956;0,04499955;0,22599774;0,07099929;1,38298617;0,03899961;0
15,102816;0,5568;2,893007747;840,5874;0;0,66099339;80,26419736;17,26682733;0,04399956;0,04499955;0,22599774;0,07099929;1,38298617;0,03899961;0
13,426976;0,4158;2,928312249;822,2955;0;0,66099339;80,26419736;17,26682733;0,04399956;0,04499955;0,22599774;0,07099929;1,38298617;0,03899961;0
17,745664;0,3376;2,204569972;833,2817;0;0,66099339;80,26419736;17,26682733;0,04399956;0,04499955;0,22599774;0,07099929;1,38298617;0,03899961;0
13,154528;0,3621;2,578209277;805,2347;0;0,66099339;80,26419736;17,26682733;0,04399956;0,04499955;0,22599774;0,07099929;1,38298617;0,03899961;0
13,649632;0,518;2,18495636;855,293;0;0,66099339;80,26419736;17,26682733;0,04399956;0,04499955;0,22599774;0,07099929;1,38298617;0,03899961;0
17,824768;0,3064;2,455624203;825,1791;0;0,66099339;80,26419736;17,26682733;0,04399956;0,04499955;0,22599774;0,07099929;1,38298617;0,03899961;0
17,409824;0,4568;2,769441993;834,7407;0;0,66099339;80,26419736;17,26682733;0,04399956;0,04499955;0,22599774;0,07099929;1,38298617;0,03899961;0
13,83568;0,4807;2,343826616;846,2107;0;0,66099339;80,26419736;17,26682733;0,04399956;0,04499955;0,22599774;0,07099929;1,38298617;0,03899961;0
13,014816;0,3912;2,406590174;849,1326;0;0,66099339;80,26419736;17,26682733;0,04399956;0,04499955;0,22599774;0,07099929;1,38298617;0,03899961;0
13,523104;0,4139;2,170246151;858,2574;0;0,66099339;80,26419736;17,26682733;0,04399956;0,04499955;0,22599774;0,07099929;1,38298617;0,03899961;0
12,371904;0,4582;2,352652741;816,2885;0;0,66099339;80,26419736;17,26682733;0,04399956;0,04499955;0,22599774;0,07099929;1,38298617;0,03899961;0
13,558272;0,3723;2,538982054;841,5891;0;0,66099339;80,26419736;17,26682733;0,04399956;0,04499955;0,22599774;0,07099929;1,38298617;0,03899961;0
15,578912;0,3537;2,552711582;815,6166;0;0,66099339;80,26419736;17,26682733;0,04399956;0,04499955;0,22599774;0,07099929;1,38298617;0,03899961;0
17,097088;0,4366;2,232029028;825,4777;0;0,66099339;80,26419736;17,26682733;0,04399956;0,04499955;0,22599774;0,07099929;1,38298617;0,03899961;0
16,948576;0,5287;2,562518388;825,9556;0;0,66099339;80,26419736;17,26682733;0,04399956;0,04499955;0,22599774;0,07099929;1,38298617;0,03899961;0
17,676992;0,5181;2,573305874;856,5092;0;0,66099339;80,26419736;17,26682733;0,04399956;0,04499955;0,22599774;0,07099929;1,38298617;0,03899961;0
14,781088;0,4239;2,148671178;838,8153;0;0,66099339;80,26419736;17,26682733;0,04399956;0,04499955;0,22599774;0,07099929;1,38298617;0,03899961;0
16,867264;0,4107;2,453662842;825,4514;0;0,66099339;80,26419736;17,26682733;0,04399956;0,04499955;0,22599774;0,07099929;1,38298617;0,03899961;0
12,888992;0,3403;2,441894675;830,2446;0;0,66099339;80,26419736;17,26682733;0,04399956;0,04499955;0,22599774;0,07099929;1,38298617;0,03899961;0
15,666624;0,4813;2,919486123;837,9386;0;0,66099339;80,26419736;17,26682733;0,04399956;0,04499955;0,22599774;0,07099929;1,38298617;0,03899961;0
13,869184;0,349;2,258507404;822,677;0,136;0,897;54,345;24,005;4,473;4,255;6,566;3,694;1,559;0,07;0
15,651232;0,5979;2,421300382;833,8376;0,136;0,897;54,345;24,005;4,473;4,255;6,566;3,694;1,559;0,07;0
16,126944;0,4373;2,181033637;822,7252;0,136;0,897;54,345;24,005;4,473;4,255;6,566;3,694;1,559;0,07;0
17,873824;0,5942;2,527213886;847,8734;0,136;0,897;54,345;24,005;4,473;4,255;6,566;3,694;1,559;0,07;0
14,649248;0,3926;2,902814553;820,5452;0,136;0,897;54,345;24,005;4,473;4,255;6,566;3,694;1,559;0,07;0
13,511776;0,4731;2,49975483;824,3528;0,136;0,897;54,345;24,005;4,473;4,255;6,566;3,694;1,559;0,07;0
17,529024;0,3241;2,33401981;829,7748;0,136;0,897;54,345;24,005;4,473;4,255;6,566;3,694;1,559;0,07;0
14,265824;0,3461;2,532117289;808,8491;0,136;0,897;54,345;24,005;4,473;4,255;6,566;3,694;1,559;0,07;0
12,236576;0,3217;2,269294891;805,7491;0,136;0,897;54,345;24,005;4,473;4,255;6,566;3,694;1,559;0,07;0
14,508448;0,4119;2,150632539;859,5323;0,136;0,897;54,345;24,005;4,473;4,255;6,566;3,694;1,559;0,07;0
13,645632;0,4524;2,122192802;831,9922;0,136;0,897;54,345;24,005;4,473;4,255;6,566;3,694;1,559;0,07;0
17,181664;0,3707;2,774345396;822,0658;0,136;0,897;54,345;24,005;4,473;4,255;6,566;3,694;1,559;0,07;0
13,804544;0,4946;2,221241542;861,0717;0,136;0,897;54,345;24,005;4,473;4,255;6,566;3,694;1,559;0,07;0
15,446336;0,3777;2,742963617;843,9359;0,136;0,897;54,345;24,005;4,473;4,255;6,566;3,694;1,559;0,07;0
13,460864;0,3092;2,258507404;841,1355;0,136;0,897;54,345;24,005;4,473;4,255;6,566;3,694;1,559;0,07;0
14,08032;0,5332;2,804746494;822,4778;0,136;0,897;54,345;24,005;4,473;4,255;6,566;3,694;1,559;0,07;0
15,3352;0,5485;2,116308718;833,4926;0,136;0,897;54,345;24,005;4,473;4,255;6,566;3,694;1,559;0,07;0
12,626976;0,4099;2,265372168;823,7052;0,136;0,897;54,345;24,005;4,473;4,255;6,566;3,694;1,559;0,07;0
15,14272;0,4034;2,347749338;851,932;0,136;0,897;54,345;24,005;4,473;4,255;6,566;3,694;1,559;0,07;0
16,293216;0,4185;2,901833873;841,035;0,136;0,897;54,345;24,005;4,473;4,255;6,566;3,694;1,559;0,07;0
14,369088;0,4866;2,5164264;817,9983;0,136;0,897;54,345;24,005;4,473;4,255;6,566;3,694;1,559;0,07;0
14,598176;0,5105;2,637050113;844,413;0,136;0,897;54,345;24,005;4,473;4,255;6,566;3,694;1,559;0,07;0
12,792128;0,3545;2,809649897;804,0309;0,136;0,897;54,345;24,005;4,473;4,255;6,566;3,694;1,559;0,07;0
17,772032;0,4182;2,380111798;832,7677;0,136;0,897;54,345;24,005;4,473;4,255;6,566;3,694;1,559;0,07;0
16,755936;0,5659;2,59978425;836,6031;0,136;0,897;54,345;24,005;4,473;4,255;6,566;3,694;1,559;0,07;0
12,903296;0,5325;2,624301265;829,1782;0,136;0,897;54,345;24,005;4,473;4,255;6,566;3,694;1,559;0,07;0
15,194176;0,5789;2,2840051;839,637;0,136;0,897;54,345;24,005;4,473;4,255;6,566;3,694;1,559;0,07;0
13,839168;0,4182;2,408551535;842,8838;0,136;0,897;54,345;24,005;4,473;4,255;6,566;3,694;1,559;0,07;0
13,40336;0,5846;2,972442875;811,4532;0,136;0,897;54,345;24,005;4,473;4,255;6,566;3,694;1,559;0,07;0
12,832064;0,3667;2,448759439;824,2598;0,136;0,897;54,345;24,005;4,473;4,255;6,566;3,694;1,559;0,07;0
16,566976;0,3784;2,246739237;846,5017;0,136;0,897;54,345;24,005;4,473;4,255;6,566;3,694;1,559;0,07;0
13,939136;0,5863;2,517407081;819,7408;0,136;0,897;54,345;24,005;4,473;4,255;6,566;3,694;1,559;0,07;0
17,028032;0,3695;2,182014318;822,6824;0,136;0,897;54,345;24,005;4,473;4,255;6,566;3,694;1,559;0,07;0
16,170528;0,4297;2,10257919;833,2202;0,136;0,897;54,345;24,005;4,473;4,255;6,566;3,694;1,559;0,07;0
15,312832;0,5269;2,623320584;822,3645;0,136;0,897;54,345;24,005;4,473;4,255;6,566;3,694;1,559;0,07;0
12,387104;0,3596;2,513484358;821,2601;0,136;0,897;54,345;24,005;4,473;4,255;6,566;3,694;1,559;0,07;0
14,904704;0,5638;2,233009709;846,9983;0,136;0,897;54,345;24,005;4,473;4,255;6,566;3,694;1,559;0,07;0
15,950432;0,3511;2,360498186;848,0714;0,136;0,897;54,345;24,005;4,473;4,255;6,566;3,694;1,559;0,07;0
14,76736;0,4586;2,79788173;810,5659;0,136;0,897;54,345;24,005;4,473;4,255;6,566;3,694;1,559;0,07;0
13,119168;0,432;2,590958125;851,8623;0,136;0,897;54,345;24,005;4,473;4,255;6,566;3,694;1,559;0,07;0
17,617472;0,4143;2,393841326;832,355;0,50199498;1,02798972;34,88065119;30,88469115;9,476905231;8,604913951;11,97888021;2,27897721;0,34499655;0,0199998;0
15,19968;0,3609;2,190840443;818,8524;0,50199498;1,02798972;34,88065119;30,88469115;9,476905231;8,604913951;11,97888021;2,27897721;0,34499655;0,0199998;0
17,949632;0,5548;2,626262626;859,9531;0,50199498;1,02798972;34,88065119;30,88469115;9,476905231;8,604913951;11,97888021;2,27897721;0,34499655;0,0199998;0
12,442592;0,5419;2,546827498;832,8896;0,50199498;1,02798972;34,88065119;30,88469115;9,476905231;8,604913951;11,97888021;2,27897721;0,34499655;0,0199998;0
17,80848;0,359;2,912621359;818,334;0,50199498;1,02798972;34,88065119;30,88469115;9,476905231;8,604913951;11,97888021;2,27897721;0,34499655;0,0199998;0
15,692608;0,5775;2,471315093;841,3424;0,50199498;1,02798972;34,88065119;30,88469115;9,476905231;8,604913951;11,97888021;2,27897721;0,34499655;0,0199998;0
16,312448;0,5321;2,551730901;868,6699;0,50199498;1,02798972;34,88065119;30,88469115;9,476905231;8,604913951;11,97888021;2,27897721;0,34499655;0,0199998;0
17,786112;0,5592;2,790036285;841,451;0,50199498;1,02798972;34,88065119;30,88469115;9,476905231;8,604913951;11,97888021;2,27897721;0,34499655;0,0199998;0
14,92832;0,4148;2,430126508;863,2736;0,50199498;1,02798972;34,88065119;30,88469115;9,476905231;8,604913951;11,97888021;2,27897721;0,34499655;0,0199998;0
12,699296;0,5947;2,495832107;821,6476;0,50199498;1,02798972;34,88065119;30,88469115;9,476905231;8,604913951;11,97888021;2,27897721;0,34499655;0,0199998;0
14,492512;0,5294;2,8145533;845,2505;0,50199498;1,02798972;34,88065119;30,88469115;9,476905231;8,604913951;11,97888021;2,27897721;0,34499655;0,0199998;0
12,448448;0,3735;2,657644405;823,7877;0,50199498;1,02798972;34,88065119;30,88469115;9,476905231;8,604913951;11,97888021;2,27897721;0,34499655;0,0199998;0
15,986688;0,3644;2,588996764;818,3146;0,50199498;1,02798972;34,88065119;30,88469115;9,476905231;8,604913951;11,97888021;2,27897721;0,34499655;0,0199998;0
13,736256;0,5695;2,794939688;844,1028;0,50199498;1,02798972;34,88065119;30,88469115;9,476905231;8,604913951;11,97888021;2,27897721;0,34499655;0,0199998;0
13,059488;0,3955;2,66548985;836,7404;0,50199498;1,02798972;34,88065119;30,88469115;9,476905231;8,604913951;11,97888021;2,27897721;0,34499655;0,0199998;0
16,351072;0,3811;2,322251643;846,4357;0,50199498;1,02798972;34,88065119;30,88469115;9,476905231;8,604913951;11,97888021;2,27897721;0,34499655;0,0199998;0
12,301408;0,5447;2,750809061;848,3054;0,50199498;1,02798972;34,88065119;30,88469115;9,476905231;8,604913951;11,97888021;2,27897721;0,34499655;0,0199998;0
15,315584;0,5094;2,540943415;842,3815;0,50199498;1,02798972;34,88065119;30,88469115;9,476905231;8,604913951;11,97888021;2,27897721;0,34499655;0,0199998;0
15,267424;0,4768;2,278121016;835,6349;0,50199498;1,02798972;34,88065119;30,88469115;9,476905231;8,604913951;11,97888021;2,27897721;0,34499655;0,0199998;0
14,78512;0,4726;2,908698637;833,8508;0,50199498;1,02798972;34,88065119;30,88469115;9,476905231;8,604913951;11,97888021;2,27897721;0,34499655;0,0199998;0
16,249824;0,5335;2,804746494;840,4268;0,50199498;1,02798972;34,88065119;30,88469115;9,476905231;8,604913951;11,97888021;2,27897721;0,34499655;0,0199998;0
15,695904;0,4599;2,362459547;826,0859;0,50199498;1,02798972;34,88065119;30,88469115;9,476905231;8,604913951;11,97888021;2,27897721;0,34499655;0,0199998;0
15,80304;0,3046;2,862606649;828,9045;0,50199498;1,02798972;34,88065119;30,88469115;9,476905231;8,604913951;11,97888021;2,27897721;0,34499655;0,0199998;0
13,163488;0,5205;2,106501912;846,3523;0,50199498;1,02798972;34,88065119;30,88469115;9,476905231;8,604913951;11,97888021;2,27897721;0,34499655;0,0199998;0
14,016224;0,5373;2,383053839;838,7467;0,50199498;1,02798972;34,88065119;30,88469115;9,476905231;8,604913951;11,97888021;2,27897721;0,34499655;0,0199998;0
15,63184;0,3922;2,661567128;831,6803;0,50199498;1,02798972;34,88065119;30,88469115;9,476905231;8,604913951;11,97888021;2,27897721;0,34499655;0,0199998;0
13,537216;0,5826;2,274198294;848,8956;0,50199498;1,02798972;34,88065119;30,88469115;9,476905231;8,604913951;11,97888021;2,27897721;0,34499655;0,0199998;0
13,770144;0,5664;2,379131117;822,6028;0,50199498;1,02798972;34,88065119;30,88469115;9,476905231;8,604913951;11,97888021;2,27897721;0,34499655;0,0199998;0
14,345088;0,3791;2,769441993;821,1237;0,50199498;1,02798972;34,88065119;30,88469115;9,476905231;8,604913951;11,97888021;2,27897721;0,34499655;0,0199998;0
13,123744;0,3907;2,819456703;815,6667;0,50199498;1,02798972;34,88065119;30,88469115;9,476905231;8,604913951;11,97888021;2,27897721;0,34499655;0,0199998;0
12,274496;0,3746;2,331077768;827,4506;0,50199498;1,02798972;34,88065119;30,88469115;9,476905231;8,604913951;11,97888021;2,27897721;0,34499655;0,0199998;0
16,510208;0,4091;2,981269001;847,368;0,50199498;1,02798972;34,88065119;30,88469115;9,476905231;8,604913951;11,97888021;2,27897721;0,34499655;0,0199998;0
13,288736;0,5852;2,517407081;822,4105;0,50199498;1,02798972;34,88065119;30,88469115;9,476905231;8,604913951;11,97888021;2,27897721;0,34499655;0,0199998;0
16,168896;0,5402;2,212415416;838,4503;0,50199498;1,02798972;34,88065119;30,88469115;9,476905231;8,604913951;11,97888021;2,27897721;0,34499655;0,0199998;0
15,502912;0,5916;2,622339904;841,8666;0,50199498;1,02798972;34,88065119;30,88469115;9,476905231;8,604913951;11,97888021;2,27897721;0,34499655;0,0199998;0
13,65936;0,3916;2,76551927;820,0652;0,50199498;1,02798972;34,88065119;30,88469115;9,476905231;8,604913951;11,97888021;2,27897721;0,34499655;0,0199998;0
12,958048;0,4734;2,958713347;813,6471;0,50199498;1,02798972;34,88065119;30,88469115;9,476905231;8,604913951;11,97888021;2,27897721;0,34499655;0,0199998;0
13,50976;0,5136;2,125134844;840,9836;0,50199498;1,02798972;34,88065119;30,88469115;9,476905231;8,604913951;11,97888021;2,27897721;0,34499655;0,0199998;0
15,14384;0,58;2,423261744;830,8477;0,50199498;1,02798972;34,88065119;30,88469115;9,476905231;8,604913951;11,97888021;2,27897721;0,34499655;0,0199998;0
14,615008;0,3886;2,998921251;805,9098;0,50199498;1,02798972;34,88065119;30,88469115;9,476905231;8,604913951;11,97888021;2,27897721;0,34499655;0,0199998;0
16,272704;0,4402;2,91360204;846,1215;0,47400474;1,00601006;33,04333043;31,16531165;10,21910219;8,719087191;12,22612226;2,80602806;0,32300323;0,01800018;0
17,385472;0,3594;2,262430127;844,0913;0,47400474;1,00601006;33,04333043;31,16531165;10,21910219;8,719087191;12,22612226;2,80602806;0,32300323;0,01800018;0
16,302752;0,4082;2,608610376;838,5692;0,47400474;1,00601006;33,04333043;31,16531165;10,21910219;8,719087191;12,22612226;2,80602806;0,32300323;0,01800018;0
16,645344;0,5943;2,975384917;843,6904;0,47400474;1,00601006;33,04333043;31,16531165;10,21910219;8,719087191;12,22612226;2,80602806;0,32300323;0,01800018;0
15,710944;0,3481;2,411493577;839,7078;0,47400474;1,00601006;33,04333043;31,16531165;10,21910219;8,719087191;12,22612226;2,80602806;0,32300323;0,01800018;0
16,28096;0,3894;2,658625086;854,213;0,47400474;1,00601006;33,04333043;31,16531165;10,21910219;8,719087191;12,22612226;2,80602806;0,32300323;0,01800018;0
14,017888;0,4548;2,160439345;826,5571;0,47400474;1,00601006;33,04333043;31,16531165;10,21910219;8,719087191;12,22612226;2,80602806;0,32300323;0,01800018;0
17,639648;0,5096;2,827302148;829,6205;0,47400474;1,00601006;33,04333043;31,16531165;10,21910219;8,719087191;12,22612226;2,80602806;0,32300323;0,01800018;0
12,05952;0,3136;2,793959008;807,64;0,47400474;1,00601006;33,04333043;31,16531165;10,21910219;8,719087191;12,22612226;2,80602806;0,32300323;0,01800018;0
17,677536;0,4656;2,894969109;830,307;0,47400474;1,00601006;33,04333043;31,16531165;10,21910219;8,719087191;12,22612226;2,80602806;0,32300323;0,01800018;0
12,011712;0,3959;2,786113563;808,1912;0,47400474;1,00601006;33,04333043;31,16531165;10,21910219;8,719087191;12,22612226;2,80602806;0,32300323;0,01800018;0
16,858496;0,3298;2,736098853;849,8013;0,47400474;1,00601006;33,04333043;31,16531165;10,21910219;8,719087191;12,22612226;2,80602806;0,32300323;0,01800018;0
15,163808;0,5942;2,33500049;854,5667;0,47400474;1,00601006;33,04333043;31,16531165;10,21910219;8,719087191;12,22612226;2,80602806;0,32300323;0,01800018;0
12,802208;0,4884;2,210454055;821,8794;0,47400474;1,00601006;33,04333043;31,16531165;10,21910219;8,719087191;12,22612226;2,80602806;0,32300323;0,01800018;0
17,440768;0,5925;2,726292047;852,8103;0,47400474;1,00601006;33,04333043;31,16531165;10,21910219;8,719087191;12,22612226;2,80602806;0,32300323;0,01800018;0
15,683264;0,5322;2,150632539;862,1742;0,47400474;1,00601006;33,04333043;31,16531165;10,21910219;8,719087191;12,22612226;2,80602806;0,32300323;0,01800018;0
14,677984;0,5761;2,647837599;833,0043;0,47400474;1,00601006;33,04333043;31,16531165;10,21910219;8,719087191;12,22612226;2,80602806;0,32300323;0,01800018;0
13,378464;0,5837;2,312444837;863,0376;0,47400474;1,00601006;33,04333043;31,16531165;10,21910219;8,719087191;12,22612226;2,80602806;0,32300323;0,01800018;0
17,644032;0,4779;2,272236932;853,5531;0,47400474;1,00601006;33,04333043;31,16531165;10,21910219;8,719087191;12,22612226;2,80602806;0,32300323;0,01800018;0
12,366592;0,5631;2,589977444;832,8307;0,47400474;1,00601006;33,04333043;31,16531165;10,21910219;8,719087191;12,22612226;2,80602806;0,32300323;0,01800018;0
16,814368;0,4619;2,50073551;841,2133;0,47400474;1,00601006;33,04333043;31,16531165;10,21910219;8,719087191;12,22612226;2,80602806;0,32300323;0,01800018;0
16,375808;0,3904;2,990095126;811,0101;0,47400474;1,00601006;33,04333043;31,16531165;10,21910219;8,719087191;12,22612226;2,80602806;0,32300323;0,01800018;0
16,894752;0,5455;2,972442875;860,839;0,47400474;1,00601006;33,04333043;31,16531165;10,21910219;8,719087191;12,22612226;2,80602806;0,32300323;0,01800018;0
14,782368;0,5259;2,36736295;830,7036;0,47400474;1,00601006;33,04333043;31,16531165;10,21910219;8,719087191;12,22612226;2,80602806;0,32300323;0,01800018;0
15,094208;0,5578;2,429145827;835,6879;0,47400474;1,00601006;33,04333043;31,16531165;10,21910219;8,719087191;12,22612226;2,80602806;0,32300323;0,01800018;0
16,759616;0,4481;2,229086986;856,2267;0,47400474;1,00601006;33,04333043;31,16531165;10,21910219;8,719087191;12,22612226;2,80602806;0,32300323;0,01800018;0
13,149568;0,4364;2,35069138;849,3013;0,47400474;1,00601006;33,04333043;31,16531165;10,21910219;8,719087191;12,22612226;2,80602806;0,32300323;0,01800018;0
17,175264;0,4683;2,994017848;828,9701;0,47400474;1,00601006;33,04333043;31,16531165;10,21910219;8,719087191;12,22612226;2,80602806;0,32300323;0,01800018;0
15,097504;0,5612;2,145729136;866,2855;0,47400474;1,00601006;33,04333043;31,16531165;10,21910219;8,719087191;12,22612226;2,80602806;0,32300323;0,01800018;0
14,24128;0,5843;2,620378543;858,6268;0,47400474;1,00601006;33,04333043;31,16531165;10,21910219;8,719087191;12,22612226;2,80602806;0,32300323;0,01800018;0
16,798976;0,3262;2,114347357;849,6387;0,47400474;1,00601006;33,04333043;31,16531165;10,21910219;8,719087191;12,22612226;2,80602806;0,32300323;0,01800018;0
12,911168;0,5698;2,994017848;824,5581;0,47400474;1,00601006;33,04333043;31,16531165;10,21910219;8,719087191;12,22612226;2,80602806;0,32300323;0,01800018;0
17,212448;0,3481;2,457585564;832,4128;0,47400474;1,00601006;33,04333043;31,16531165;10,21910219;8,719087191;12,22612226;2,80602806;0,32300323;0,01800018;0
14,028864;0,4024;2,476218496;838,6261;0,47400474;1,00601006;33,04333043;31,16531165;10,21910219;8,719087191;12,22612226;2,80602806;0,32300323;0,01800018;0
15,416864;0,5133;2,869471413;833,2332;0,47400474;1,00601006;33,04333043;31,16531165;10,21910219;8,719087191;12,22612226;2,80602806;0,32300323;0,01800018;0
13,2272;0,4291;2,519368442;826,4404;0,47400474;1,00601006;33,04333043;31,16531165;10,21910219;8,719087191;12,22612226;2,80602806;0,32300323;0,01800018;0
17,386016;0,461;2,673335295;830,8651;0,47400474;1,00601006;33,04333043;31,16531165;10,21910219;8,719087191;12,22612226;2,80602806;0,32300323;0,01800018;0
15,57616;0,3686;2,240855153;823,1013;0,47400474;1,00601006;33,04333043;31,16531165;10,21910219;8,719087191;12,22612226;2,80602806;0,32300323;0,01800018;0
16,510752;0,4058;2,43306855;843,2402;0,47400474;1,00601006;33,04333043;31,16531165;10,21910219;8,719087191;12,22612226;2,80602806;0,32300323;0,01800018;0
17,981504;0,4519;2,560557027;844,993;0,47400474;1,00601006;33,04333043;31,16531165;10,21910219;8,719087191;12,22612226;2,80602806;0,32300323;0,01800018;0
13,8736;0,4959;2,520349122;826,9966;0,00700007;0,91600916;75,50575506;22,14222142;0,05500055;0,25900259;0,03700037;0,04600046;1,03201032;0;0
13,332672;0,4998;2,801804452;835,4048;0,00700007;0,91600916;75,50575506;22,14222142;0,05500055;0,25900259;0,03700037;0,04600046;1,03201032;0;0
12,27136;0,5097;2,244777876;816,825;0,00700007;0,91600916;75,50575506;22,14222142;0,05500055;0,25900259;0,03700037;0,04600046;1,03201032;0;0
16,402912;0,5382;2,356575463;866,4531;0,00700007;0,91600916;75,50575506;22,14222142;0,05500055;0,25900259;0,03700037;0,04600046;1,03201032;0;0
13,989504;0,4899;2,252623321;819,5321;0,00700007;0,91600916;75,50575506;22,14222142;0,05500055;0,25900259;0,03700037;0,04600046;1,03201032;0;0
15,49504;0,551;2,906737276;822,1232;0,00700007;0,91600916;75,50575506;22,14222142;0,05500055;0,25900259;0,03700037;0,04600046;1,03201032;0;0
16,32416;0,5153;2,978326959;812,3601;0,00700007;0,91600916;75,50575506;22,14222142;0,05500055;0,25900259;0,03700037;0,04600046;1,03201032;0;0
17,841984;0,5699;2,213396097;827,9303;0,00700007;0,91600916;75,50575506;22,14222142;0,05500055;0,25900259;0,03700037;0,04600046;1,03201032;0;0
16,85664;0,5092;2,767480632;826,5775;0,00700007;0,91600916;75,50575506;22,14222142;0,05500055;0,25900259;0,03700037;0,04600046;1,03201032;0;0
14,754528;0,5027;2,868490733;820,9437;0,00700007;0,91600916;75,50575506;22,14222142;0,05500055;0,25900259;0,03700037;0,04600046;1,03201032;0;0
16,476704;0,3861;2,856722565;814,704;0,00700007;0,91600916;75,50575506;22,14222142;0,05500055;0,25900259;0,03700037;0,04600046;1,03201032;0;0
16,520096;0,5981;2,709620477;834,3801;0,00700007;0,91600916;75,50575506;22,14222142;0,05500055;0,25900259;0,03700037;0,04600046;1,03201032;0;0
14,155936;0,5358;2,116308718;845,6611;0,00700007;0,91600916;75,50575506;22,14222142;0,05500055;0,25900259;0,03700037;0,04600046;1,03201032;0;0
13,049952;0,4487;2,887123664;832,4829;0,00700007;0,91600916;75,50575506;22,14222142;0,05500055;0,25900259;0,03700037;0,04600046;1,03201032;0;0
17,47136;0,5449;2,261449446;841,4069;0,00700007;0,91600916;75,50575506;22,14222142;0,05500055;0,25900259;0,03700037;0,04600046;1,03201032;0;0
16,27968;0,4309;2,113366676;841,9418;0,00700007;0,91600916;75,50575506;22,14222142;0,05500055;0,25900259;0,03700037;0,04600046;1,03201032;0;0
14,87776;0,3556;2,816514661;825,2704;0,00700007;0,91600916;75,50575506;22,14222142;0,05500055;0,25900259;0,03700037;0,04600046;1,03201032;0;0
16,315392;0,4831;2,254584682;829,7224;0,00700007;0,91600916;75,50575506;22,14222142;0,05500055;0,25900259;0,03700037;0,04600046;1,03201032;0;0
17,733216;0,5624;2,949887222;852,3615;0,00700007;0,91600916;75,50575506;22,14222142;0,05500055;0,25900259;0,03700037;0,04600046;1,03201032;0;0
13,334144;0,4205;2,796901049;847,5728;0,00700007;0,91600916;75,50575506;22,14222142;0,05500055;0,25900259;0,03700037;0,04600046;1,03201032;0;0
16,070368;0,3458;2,965578111;827,0955;0,00700007;0,91600916;75,50575506;22,14222142;0,05500055;0,25900259;0,03700037;0,04600046;1,03201032;0;0
17,231104;0,5882;2,170246151;848,7603;0,00700007;0,91600916;75,50575506;22,14222142;0,05500055;0,25900259;0,03700037;0,04600046;1,03201032;0;0
16,121472;0,5441;2,761596548;836,8436;0,00700007;0,91600916;75,50575506;22,14222142;0,05500055;0,25900259;0,03700037;0,04600046;1,03201032;0;0
15,0184;0,4512;2,339903893;818,1747;0,00700007;0,91600916;75,50575506;22,14222142;0,05500055;0,25900259;0,03700037;0,04600046;1,03201032;0;0
15,590976;0,4622;2,650779641;827,8232;0,00700007;0,91600916;75,50575506;22,14222142;0,05500055;0,25900259;0,03700037;0,04600046;1,03201032;0;0
13,973568;0,522;2,253604001;827,209;0,00700007;0,91600916;75,50575506;22,14222142;0,05500055;0,25900259;0,03700037;0,04600046;1,03201032;0;0
12,678976;0,418;2,937138374;825,0519;0,00700007;0,91600916;75,50575506;22,14222142;0,05500055;0,25900259;0,03700037;0,04600046;1,03201032;0;0
16,53824;0,4264;2,654702363;824,8574;0,00700007;0,91600916;75,50575506;22,14222142;0,05500055;0,25900259;0,03700037;0,04600046;1,03201032;0;0
12,855136;0,4267;2,264391488;847,7914;0,00700007;0,91600916;75,50575506;22,14222142;0,05500055;0,25900259;0,03700037;0,04600046;1,03201032;0;0
16,9656;0,3055;2,456604884;820,3995;0,00700007;0,91600916;75,50575506;22,14222142;0,05500055;0,25900259;0,03700037;0,04600046;1,03201032;0;0
15,381888;0,422;2,823379425;815,3325;0,00700007;0,91600916;75,50575506;22,14222142;0,05500055;0,25900259;0,03700037;0,04600046;1,03201032;0;0
13,719968;0,4565;2,886142983;802,4895;0,00700007;0,91600916;75,50575506;22,14222142;0,05500055;0,25900259;0,03700037;0,04600046;1,03201032;0;0
15,58752;0,5151;2,617436501;814,7526;0,00700007;0,91600916;75,50575506;22,14222142;0,05500055;0,25900259;0,03700037;0,04600046;1,03201032;0;0
13,62528;0,4102;2,275178974;842,2125;0,00700007;0,91600916;75,50575506;22,14222142;0,05500055;0,25900259;0,03700037;0,04600046;1,03201032;0;0
16,889984;0,3914;2,694910268;831,0198;0,00700007;0,91600916;75,50575506;22,14222142;0,05500055;0,25900259;0,03700037;0,04600046;1,03201032;0;0
15,762208;0,4462;2,233009709;827,8995;0,00700007;0,91600916;75,50575506;22,14222142;0,05500055;0,25900259;0,03700037;0,04600046;1,03201032;0;0
16,570624;0,5443;2,345787977;851,9974;0,00700007;0,91600916;75,50575506;22,14222142;0,05500055;0,25900259;0,03700037;0,04600046;1,03201032;0;0
17,11776;0,4458;2,664509169;810,3456;0,00700007;0,91600916;75,50575506;22,14222142;0,05500055;0,25900259;0,03700037;0,04600046;1,03201032;0;0
13,296608;0,5467;2,956751986;806,8453;0,00700007;0,91600916;75,50575506;22,14222142;0,05500055;0,25900259;0,03700037;0,04600046;1,03201032;0;0
15,983584;0,5821;2,758654506;853,0839;0,00700007;0,91600916;75,50575506;22,14222142;0,05500055;0,25900259;0,03700037;0,04600046;1,03201032;0;0
12,395872;0,36;2,530155928;806,6676;0;0,64400644;79,86479865;17,48617486;0;0,02100021;0,02900029;0,0800008;1,80201802;0,07300073;0
13,103808;0,5476;2,545846818;809,5233;0;0,64400644;79,86479865;17,48617486;0;0,02100021;0,02900029;0,0800008;1,80201802;0,07300073;0
16,879168;0,4807;2,465431009;857,8704;0;0,64400644;79,86479865;17,48617486;0;0,02100021;0,02900029;0,0800008;1,80201802;0,07300073;0
16,574304;0,3199;2,30067667;824,2378;0;0,64400644;79,86479865;17,48617486;0;0,02100021;0,02900029;0,0800008;1,80201802;0,07300073;0
16,21392;0,3241;2,304599392;832,7467;0;0,64400644;79,86479865;17,48617486;0;0,02100021;0,02900029;0,0800008;1,80201802;0,07300073;0
14,490304;0,3639;2,525252525;825,0143;0;0,64400644;79,86479865;17,48617486;0;0,02100021;0,02900029;0,0800008;1,80201802;0,07300073;0
14,848096;0,5461;2,236932431;833,0736;0;0,64400644;79,86479865;17,48617486;0;0,02100021;0,02900029;0,0800008;1,80201802;0,07300073;0
17,34576;0,3724;2,684122781;820,3916;0;0,64400644;79,86479865;17,48617486;0;0,02100021;0,02900029;0,0800008;1,80201802;0,07300073;0
16,483104;0,3021;2,569383152;834,251;0;0,64400644;79,86479865;17,48617486;0;0,02100021;0,02900029;0,0800008;1,80201802;0,07300073;0
14,180288;0,4436;2,303618711;810,1726;0;0,64400644;79,86479865;17,48617486;0;0,02100021;0,02900029;0,0800008;1,80201802;0,07300073;0
12,097408;0,5433;2,859664607;837,8639;0;0,64400644;79,86479865;17,48617486;0;0,02100021;0,02900029;0,0800008;1,80201802;0,07300073;0
16,479808;0,4965;2,638030793;833,1335;0;0,64400644;79,86479865;17,48617486;0;0,02100021;0,02900029;0,0800008;1,80201802;0,07300073;0
13,72032;0,4508;2,504658233;820,3828;0;0,64400644;79,86479865;17,48617486;0;0,02100021;0,02900029;0,0800008;1,80201802;0,07300073;0
15,823008;0,3237;2,588996764;824,389;0;0,64400644;79,86479865;17,48617486;0;0,02100021;0,02900029;0,0800008;1,80201802;0,07300073;0
13,955072;0,5073;2,805727175;812,567;0;0,64400644;79,86479865;17,48617486;0;0,02100021;0,02900029;0,0800008;1,80201802;0,07300073;0
17,280384;0,5812;2,401686771;849,1047;0;0,64400644;79,86479865;17,48617486;0;0,02100021;0,02900029;0,0800008;1,80201802;0,07300073;0
15,252224;0,5057;2,381092478;850,5812;0;0,64400644;79,86479865;17,48617486;0;0,02100021;0,02900029;0,0800008;1,80201802;0,07300073;0
16,563296;0,5168;2,507600275;841,2463;0;0,64400644;79,86479865;17,48617486;0;0,02100021;0,02900029;0,0800008;1,80201802;0,07300073;0
14,932704;0,5959;2,148671178;838,0779;0;0,64400644;79,86479865;17,48617486;0;0,02100021;0,02900029;0,0800008;1,80201802;0,07300073;0
16,921664;0,5347;2,943022458;812,3234;0;0,64400644;79,86479865;17,48617486;0;0,02100021;0,02900029;0,0800008;1,80201802;0,07300073;0
17,962816;0,5685;2,773364715;817,6482;0;0,64400644;79,86479865;17,48617486;0;0,02100021;0,02900029;0,0800008;1,80201802;0,07300073;0
13,792672;0,5986;2,420319702;838,2466;0;0,64400644;79,86479865;17,48617486;0;0,02100021;0,02900029;0,0800008;1,80201802;0,07300073;0
17,4752;0,3766;2,669412572;829,0732;0;0,64400644;79,86479865;17,48617486;0;0,02100021;0,02900029;0,0800008;1,80201802;0,07300073;0
13,199392;0,4719;2,46739237;813,4189;0;0,64400644;79,86479865;17,48617486;0;0,02100021;0,02900029;0,0800008;1,80201802;0,07300073;0
15,04496;0,3946;2,874374816;837,2622;0;0,64400644;79,86479865;17,48617486;0;0,02100021;0,02900029;0,0800008;1,80201802;0,07300073;0
17,898752;0,5954;2,229086986;838,53;0;0,64400644;79,86479865;17,48617486;0;0,02100021;0,02900029;0,0800008;1,80201802;0,07300073;0
14,710944;0,5147;2,574286555;829,1334;0;0,64400644;79,86479865;17,48617486;0;0,02100021;0,02900029;0,0800008;1,80201802;0,07300073;0
17,280192;0,3024;2,830244189;820,1904;0;0,64400644;79,86479865;17,48617486;0;0,02100021;0,02900029;0,0800008;1,80201802;0,07300073;0
14,750496;0,4807;2,403648132;814,4779;0;0,64400644;79,86479865;17,48617486;0;0,02100021;0,02900029;0,0800008;1,80201802;0,07300073;0
17,014496;0,5715;2,397764048;855,1321;0;0,64400644;79,86479865;17,48617486;0;0,02100021;0,02900029;0,0800008;1,80201802;0,07300073;0
15,202432;0,56;2,900853192;855,1305;0;0,64400644;79,86479865;17,48617486;0;0,02100021;0,02900029;0,0800008;1,80201802;0,07300073;0
12,451744;0,5171;2,451701481;833,4006;0;0,64400644;79,86479865;17,48617486;0;0,02100021;0,02900029;0,0800008;1,80201802;0,07300073;0
17,140096;0,4521;2,625281946;841,0192;0;0,64400644;79,86479865;17,48617486;0;0,02100021;0,02900029;0,0800008;1,80201802;0,07300073;0
13,76976;0,5169;2,255565362;843,7656;0;0,64400644;79,86479865;17,48617486;0;0,02100021;0,02900029;0,0800008;1,80201802;0,07300073;0
13,695232;0,3352;2,239874473;827,5681;0;0,64400644;79,86479865;17,48617486;0;0,02100021;0,02900029;0,0800008;1,80201802;0,07300073;0
14,873184;0,5768;2,728253408;835,9988;0;0,64400644;79,86479865;17,48617486;0;0,02100021;0,02900029;0,0800008;1,80201802;0,07300073;0
14,831808;0,4503;2,855741885;850,5024;0;0,64400644;79,86479865;17,48617486;0;0,02100021;0,02900029;0,0800008;1,80201802;0,07300073;0
14,040416;0,5345;2,817495342;815,5083;0;0,64400644;79,86479865;17,48617486;0;0,02100021;0,02900029;0,0800008;1,80201802;0,07300073;0
15,868768;0,4226;2,238893792;861,696;0;0,64400644;79,86479865;17,48617486;0;0,02100021;0,02900029;0,0800008;1,80201802;0,07300073;0
14,324224;0,5988;2,742963617;809,3527;0;0,64400644;79,86479865;17,48617486;0;0,02100021;0,02900029;0,0800008;1,80201802;0,07300073;0
17,753728;0,4206;2,378150436;825,235;0;1,09698903;67,56432436;28,48471515;0,13599864;0,49399506;0,68799312;0,09499905;1,44098559;0;0
15,698112;0,428;2,390899284;841,215;0;1,09698903;67,56432436;28,48471515;0,13599864;0,49399506;0,68799312;0,09499905;1,44098559;0;0
15,086144;0,5523;2,31832892;817,6487;0;1,09698903;67,56432436;28,48471515;0,13599864;0,49399506;0,68799312;0,09499905;1,44098559;0;0
16,956096;0,3448;2,981269001;826,1064;0;1,09698903;67,56432436;28,48471515;0,13599864;0,49399506;0,68799312;0,09499905;1,44098559;0;0
17,891584;0,5995;2,353633422;857,7395;0;1,09698903;67,56432436;28,48471515;0,13599864;0,49399506;0,68799312;0,09499905;1,44098559;0;0
15,360448;0,4892;2,991075807;834,1667;0;1,09698903;67,56432436;28,48471515;0,13599864;0,49399506;0,68799312;0,09499905;1,44098559;0;0
17,143776;0,3891;2,485044621;844,5983;0;1,09698903;67,56432436;28,48471515;0,13599864;0,49399506;0,68799312;0,09499905;1,44098559;0;0
16,040704;0,3084;2,741982936;815,7412;0;1,09698903;67,56432436;28,48471515;0,13599864;0,49399506;0,68799312;0,09499905;1,44098559;0;0
14,039872;0,5021;2,337942532;813,2415;0;1,09698903;67,56432436;28,48471515;0,13599864;0,49399506;0,68799312;0,09499905;1,44098559;0;0
15,141632;0,4851;2,353633422;830,1129;0;1,09698903;67,56432436;28,48471515;0,13599864;0,49399506;0,68799312;0,09499905;1,44098559;0;0
17,022016;0,3203;2,544866137;851,0598;0;1,09698903;67,56432436;28,48471515;0,13599864;0,49399506;0,68799312;0,09499905;1,44098559;0;0
16,721696;0,4024;2,950867902;840,0067;0;1,09698903;67,56432436;28,48471515;0,13599864;0,49399506;0,68799312;0,09499905;1,44098559;0;0
12,551904;0,3099;2,188879082;821,3246;0;1,09698903;67,56432436;28,48471515;0,13599864;0,49399506;0,68799312;0,09499905;1,44098559;0;0
17,401792;0,4464;2,144748455;859,9568;0;1,09698903;67,56432436;28,48471515;0,13599864;0,49399506;0,68799312;0,09499905;1,44098559;0;0
17,634496;0,4433;2,211434736;835,3583;0;1,09698903;67,56432436;28,48471515;0,13599864;0,49399506;0,68799312;0,09499905;1,44098559;0;0
12,763008;0,4466;2,669412572;817,1536;0;1,09698903;67,56432436;28,48471515;0,13599864;0,49399506;0,68799312;0,09499905;1,44098559;0;0
16,089792;0,4579;2,180052957;830,9872;0;1,09698903;67,56432436;28,48471515;0,13599864;0,49399506;0,68799312;0,09499905;1,44098559;0;0
13,496576;0,5538;2,678238698;822,2137;0;1,09698903;67,56432436;28,48471515;0,13599864;0,49399506;0,68799312;0,09499905;1,44098559;0;0
12,578272;0,4528;2,122192802;816,8679;0;1,09698903;67,56432436;28,48471515;0,13599864;0,49399506;0,68799312;0,09499905;1,44098559;0;0
17,300512;0,355;2,811611258;845,1099;0;1,09698903;67,56432436;28,48471515;0,13599864;0,49399506;0,68799312;0,09499905;1,44098559;0;0
12,373376;0,3225;2,216338139;845,3967;0;1,09698903;67,56432436;28,48471515;0,13599864;0,49399506;0,68799312;0,09499905;1,44098559;0;0
14,528768;0,4264;2,121212121;849,9791;0;1,09698903;67,56432436;28,48471515;0,13599864;0,49399506;0,68799312;0,09499905;1,44098559;0;0
16,884864;0,4287;2,150632539;848,8918;0;1,09698903;67,56432436;28,48471515;0,13599864;0,49399506;0,68799312;0,09499905;1,44098559;0;0
15,590272;0,3235;2,656663725;849,424;0;1,09698903;67,56432436;28,48471515;0,13599864;0,49399506;0,68799312;0,09499905;1,44098559;0;0
16,932288;0,5087;2,842012357;824,1066;0;1,09698903;67,56432436;28,48471515;0,13599864;0,49399506;0,68799312;0,09499905;1,44098559;0;0
16,096576;0,5089;2,91458272;821,9915;0;1,09698903;67,56432436;28,48471515;0,13599864;0,49399506;0,68799312;0,09499905;1,44098559;0;0
13,76848;0,4229;2,41737766;828,8606;0;1,09698903;67,56432436;28,48471515;0,13599864;0,49399506;0,68799312;0,09499905;1,44098559;0;0
13,760256;0,4174;2,656663725;832,5065;0;1,09698903;67,56432436;28,48471515;0,13599864;0,49399506;0,68799312;0,09499905;1,44098559;0;0
13,85344;0,3378;2,657644405;815,0184;0;1,09698903;67,56432436;28,48471515;0,13599864;0,49399506;0,68799312;0,09499905;1,44098559;0;0
17,04416;0,459;2,878297538;808,0004;0;1,09698903;67,56432436;28,48471515;0,13599864;0,49399506;0,68799312;0,09499905;1,44098559;0;0
15,377312;0,3478;2,504658233;813,0436;0;1,09698903;67,56432436;28,48471515;0,13599864;0,49399506;0,68799312;0,09499905;1,44098559;0;0
15,559136;0,4587;2,753751103;853,4045;0;1,09698903;67,56432436;28,48471515;0,13599864;0,49399506;0,68799312;0,09499905;1,44098559;0;0
16,533632;0,4346;2,929292929;855,3;0;1,09698903;67,56432436;28,48471515;0,13599864;0,49399506;0,68799312;0,09499905;1,44098559;0;0
14,212352;0,5349;2,529175248;824,3167;0;1,09698903;67,56432436;28,48471515;0,13599864;0,49399506;0,68799312;0,09499905;1,44098559;0;0
15,543008;0,463;2,465431009;831,1863;0;1,09698903;67,56432436;28,48471515;0,13599864;0,49399506;0,68799312;0,09499905;1,44098559;0;0
17,106432;0,5139;2,491909385;842,2498;0;1,09698903;67,56432436;28,48471515;0,13599864;0,49399506;0,68799312;0,09499905;1,44098559;0;0
14,427136;0,5153;2,30165735;831,2197;0;1,09698903;67,56432436;28,48471515;0,13599864;0,49399506;0,68799312;0,09499905;1,44098559;0;0
15,187424;0,5831;2,489948024;817,6786;0;1,09698903;67,56432436;28,48471515;0,13599864;0,49399506;0,68799312;0,09499905;1,44098559;0;0
14,531136;0,3629;2,939099735;808,2296;0;1,09698903;67,56432436;28,48471515;0,13599864;0,49399506;0,68799312;0,09499905;1,44098559;0;0
13,643424;0,4811;2,926350888;836,8507;0;1,09698903;67,56432436;28,48471515;0,13599864;0,49399506;0,68799312;0,09499905;1,44098559;0;0
15,797536;0,4749;2,311464156;852,2932;0,03099938;0,07399852;93,4751305;5,820883582;0,05699886;0,05699886;0,08599828;0,05799884;0,34099318;0;0
15,052448;0,5255;2,703736393;837,8019;0,03099938;0,07399852;93,4751305;5,820883582;0,05699886;0,05699886;0,08599828;0,05799884;0,34099318;0;0
13,790272;0,3647;2,563499068;808,7509;0,03099938;0,07399852;93,4751305;5,820883582;0,05699886;0,05699886;0,08599828;0,05799884;0,34099318;0;0
12,281792;0,578;2,240855153;813,9124;0,03099938;0,07399852;93,4751305;5,820883582;0,05699886;0,05699886;0,08599828;0,05799884;0,34099318;0;0
12,466752;0,5743;2,999901932;798,4437;0,03099938;0,07399852;93,4751305;5,820883582;0,05699886;0,05699886;0,08599828;0,05799884;0,34099318;0;0
15,135968;0,5472;2,545846818;860,9448;0,03099938;0,07399852;93,4751305;5,820883582;0,05699886;0,05699886;0,08599828;0,05799884;0,34099318;0;0
16,7032;0,4954;2,586054722;818,1466;0,03099938;0,07399852;93,4751305;5,820883582;0,05699886;0,05699886;0,08599828;0,05799884;0,34099318;0;0
14,754912;0,3289;2,154555261;816,2528;0,03099938;0,07399852;93,4751305;5,820883582;0,05699886;0,05699886;0,08599828;0,05799884;0,34099318;0;0
16,565696;0,4285;2,124154163;833,4221;0,03099938;0,07399852;93,4751305;5,820883582;0,05699886;0,05699886;0,08599828;0,05799884;0,34099318;0;0
17,76304;0,3837;2,735118172;856,6426;0,03099938;0,07399852;93,4751305;5,820883582;0,05699886;0,05699886;0,08599828;0,05799884;0,34099318;0;0
17,335872;0,3794;2,478179857;849,5785;0,03099938;0,07399852;93,4751305;5,820883582;0,05699886;0,05699886;0,08599828;0,05799884;0,34099318;0;0
12,166816;0,5526;2,641953516;843,3428;0,03099938;0,07399852;93,4751305;5,820883582;0,05699886;0,05699886;0,08599828;0,05799884;0,34099318;0;0
13,28288;0,3933;2,471315093;844,6729;0,03099938;0,07399852;93,4751305;5,820883582;0,05699886;0,05699886;0,08599828;0,05799884;0,34099318;0;0
15,00448;0,409;2,7488477;851,1167;0,03099938;0,07399852;93,4751305;5,820883582;0,05699886;0,05699886;0,08599828;0,05799884;0,34099318;0;0
13,18784;0,3261;2,743944297;819,5502;0,03099938;0,07399852;93,4751305;5,820883582;0,05699886;0,05699886;0,08599828;0,05799884;0,34099318;0;0
15,742976;0,5497;2,936157693;810,8507;0,03099938;0,07399852;93,4751305;5,820883582;0,05699886;0,05699886;0,08599828;0,05799884;0,34099318;0;0
15,616448;0,5535;2,969500834;806,7626;0,03099938;0,07399852;93,4751305;5,820883582;0,05699886;0,05699886;0,08599828;0,05799884;0,34099318;0;0
13,42736;0,3222;2,735118172;793,917;0,03099938;0,07399852;93,4751305;5,820883582;0,05699886;0,05699886;0,08599828;0,05799884;0,34099318;0;0
17,94288;0,3174;2,337942532;814,2668;0,03099938;0,07399852;93,4751305;5,820883582;0,05699886;0,05699886;0,08599828;0,05799884;0,34099318;0;0
15,579456;0,3901;2,548788859;808,4529;0,03099938;0,07399852;93,4751305;5,820883582;0,05699886;0,05699886;0,08599828;0,05799884;0,34099318;0;0
17,12272;0,31;2,40070609;845,5142;0,03099938;0,07399852;93,4751305;5,820883582;0,05699886;0,05699886;0,08599828;0,05799884;0,34099318;0;0
16,84512;0,5357;2,722369324;833,0347;0,03099938;0,07399852;93,4751305;5,820883582;0,05699886;0,05699886;0,08599828;0,05799884;0,34099318;0;0
14,21728;0,4952;2,374227714;828,6461;0,03099938;0,07399852;93,4751305;5,820883582;0,05699886;0,05699886;0,08599828;0,05799884;0,34099318;0;0
17,393888;0,5005;2,281063058;845,7698;0,03099938;0,07399852;93,4751305;5,820883582;0,05699886;0,05699886;0,08599828;0,05799884;0,34099318;0;0
16,6664;0,3675;2,213396097;835,6287;0,03099938;0,07399852;93,4751305;5,820883582;0,05699886;0,05699886;0,08599828;0,05799884;0,34099318;0;0
15,066752;0,5626;2,733156811;809,8185;0,03099938;0,07399852;93,4751305;5,820883582;0,05699886;0,05699886;0,08599828;0,05799884;0,34099318;0;0
14,311968;0,4487;2,639992155;827,1267;0,03099938;0,07399852;93,4751305;5,820883582;0,05699886;0,05699886;0,08599828;0,05799884;0,34099318;0;0
13,274816;0,3521;2,532117289;799,2649;0,03099938;0,07399852;93,4751305;5,820883582;0,05699886;0,05699886;0,08599828;0,05799884;0,34099318;0;0
13,171168;0,5218;2,136903011;819,1957;0,03099938;0,07399852;93,4751305;5,820883582;0,05699886;0,05699886;0,08599828;0,05799884;0,34099318;0;0
14,647776;0,4039;2,899872512;817,856;0,03099938;0,07399852;93,4751305;5,820883582;0,05699886;0,05699886;0,08599828;0,05799884;0,34099318;0;0
12,960768;0,3023;2,606649014;799,532;0,03099938;0,07399852;93,4751305;5,820883582;0,05699886;0,05699886;0,08599828;0,05799884;0,34099318;0;0
12,431968;0,4478;2,517407081;813,453;0,03099938;0,07399852;93,4751305;5,820883582;0,05699886;0,05699886;0,08599828;0,05799884;0,34099318;0;0
12,369152;0,4475;2,990095126;840,7653;0,03099938;0,07399852;93,4751305;5,820883582;0,05699886;0,05699886;0,08599828;0,05799884;0,34099318;0;0
15,63952;0,4363;2,673335295;820,7512;0,03099938;0,07399852;93,4751305;5,820883582;0,05699886;0,05699886;0,08599828;0,05799884;0,34099318;0;0
12,081312;0,3026;2,444836717;824,8855;0,03099938;0,07399852;93,4751305;5,820883582;0,05699886;0,05699886;0,08599828;0,05799884;0,34099318;0;0
17,946176;0,4098;2,177110915;832,0624;0,03099938;0,07399852;93,4751305;5,820883582;0,05699886;0,05699886;0,08599828;0,05799884;0,34099318;0;0
15,551264;0,4853;2,295773267;820,3345;0,03099938;0,07399852;93,4751305;5,820883582;0,05699886;0,05699886;0,08599828;0,05799884;0,34099318;0;0
12,339488;0,3995;2,735118172;842,2096;0,03099938;0,07399852;93,4751305;5,820883582;0,05699886;0,05699886;0,08599828;0,05799884;0,34099318;0;0
15,525248;0,4064;2,23497107;812,0278;0,03099938;0,07399852;93,4751305;5,820883582;0,05699886;0,05699886;0,08599828;0,05799884;0,34099318;0;0
15,518848;0,3672;2,288908503;809,4452;0,03099938;0,07399852;93,4751305;5,820883582;0,05699886;0,05699886;0,08599828;0,05799884;0,34099318;0;0
14,316352;0,3296;2,495832107;832,983;0;0,92400924;71,13171132;22,6502265;1,02501025;0,82400824;1,16901169;1,2500125;0,9800098;0,04600046;0
12,041568;0,4838;2,414435618;847,4904;0;0,92400924;71,13171132;22,6502265;1,02501025;0,82400824;1,16901169;1,2500125;0,9800098;0,04600046;0
17,827136;0,4677;2,981269001;835,3601;0;0,92400924;71,13171132;22,6502265;1,02501025;0,82400824;1,16901169;1,2500125;0,9800098;0,04600046;0
16,223264;0,5436;2,784152202;812,5975;0;0,92400924;71,13171132;22,6502265;1,02501025;0,82400824;1,16901169;1,2500125;0,9800098;0,04600046;0
15,32256;0,4163;2,958713347;834,5342;0;0,92400924;71,13171132;22,6502265;1,02501025;0,82400824;1,16901169;1,2500125;0,9800098;0,04600046;0
17,785408;0,3177;2,494851427;816,48;0;0,92400924;71,13171132;22,6502265;1,02501025;0,82400824;1,16901169;1,2500125;0,9800098;0,04600046;0
16,955168;0,4258;2,220260861;866,5511;0;0,92400924;71,13171132;22,6502265;1,02501025;0,82400824;1,16901169;1,2500125;0,9800098;0,04600046;0
15,253504;0,544;2,854761204;833,3319;0;0,92400924;71,13171132;22,6502265;1,02501025;0,82400824;1,16901169;1,2500125;0,9800098;0,04600046;0
17,03648;0,3097;2,795920369;811,91;0;0,92400924;71,13171132;22,6502265;1,02501025;0,82400824;1,16901169;1,2500125;0,9800098;0,04600046;0
17,106592;0,3551;2,63214671;827,4326;0;0,92400924;71,13171132;22,6502265;1,02501025;0,82400824;1,16901169;1,2500125;0,9800098;0,04600046;0
15,061792;0,4921;2,239874473;827,4573;0;0,92400924;71,13171132;22,6502265;1,02501025;0,82400824;1,16901169;1,2500125;0,9800098;0,04600046;0
16,674464;0,4432;2,870452094;812,2052;0;0,92400924;71,13171132;22,6502265;1,02501025;0,82400824;1,16901169;1,2500125;0,9800098;0,04600046;0
16,483104;0,3904;2,772384035;837,3195;0;0,92400924;71,13171132;22,6502265;1,02501025;0,82400824;1,16901169;1,2500125;0,9800098;0,04600046;0
12,7872;0,5632;2,362459547;855,4806;0;0,92400924;71,13171132;22,6502265;1,02501025;0,82400824;1,16901169;1,2500125;0,9800098;0,04600046;0
13,232512;0,4381;2,987153084;842,1095;0;0,92400924;71,13171132;22,6502265;1,02501025;0,82400824;1,16901169;1,2500125;0,9800098;0,04600046;0
16,172544;0,3726;2,688045504;828,3445;0;0,92400924;71,13171132;22,6502265;1,02501025;0,82400824;1,16901169;1,2500125;0,9800098;0,04600046;0
15,996032;0,5428;2,719427283;843,8766;0;0,92400924;71,13171132;22,6502265;1,02501025;0,82400824;1,16901169;1,2500125;0,9800098;0,04600046;0
17,605408;0,3096;2,117289399;835,8534;0;0,92400924;71,13171132;22,6502265;1,02501025;0,82400824;1,16901169;1,2500125;0,9800098;0,04600046;0
12,236384;0,383;2,181033637;820,6797;0;0,92400924;71,13171132;22,6502265;1,02501025;0,82400824;1,16901169;1,2500125;0,9800098;0,04600046;0
13,80512;0,408;2,667451211;810,6503;0;0,92400924;71,13171132;22,6502265;1,02501025;0,82400824;1,16901169;1,2500125;0,9800098;0,04600046;0
17,967584;0,3423;2,548788859;835,5065;0;0,92400924;71,13171132;22,6502265;1,02501025;0,82400824;1,16901169;1,2500125;0,9800098;0,04600046;0
13,084928;0,3501;2,435029911;802,0416;0;0,92400924;71,13171132;22,6502265;1,02501025;0,82400824;1,16901169;1,2500125;0,9800098;0,04600046;0
13,27664;0,3806;2,626262626;818,6877;0;0,92400924;71,13171132;22,6502265;1,02501025;0,82400824;1,16901169;1,2500125;0,9800098;0,04600046;0
14,750336;0,4569;2,8802589;820,7449;0;0,92400924;71,13171132;22,6502265;1,02501025;0,82400824;1,16901169;1,2500125;0,9800098;0,04600046;0
13,59856;0,4433;2,362459547;810,6378;0;0,92400924;71,13171132;22,6502265;1,02501025;0,82400824;1,16901169;1,2500125;0,9800098;0,04600046;0
16,246528;0,3159;2,276159655;827,9121;0;0,92400924;71,13171132;22,6502265;1,02501025;0,82400824;1,16901169;1,2500125;0,9800098;0,04600046;0
12,739232;0,3074;2,427184466;817,0684;0;0,92400924;71,13171132;22,6502265;1,02501025;0,82400824;1,16901169;1,2500125;0,9800098;0,04600046;0
12,057664;0,4464;2,324213004;808,0292;0;0,92400924;71,13171132;22,6502265;1,02501025;0,82400824;1,16901169;1,2500125;0,9800098;0,04600046;0
13,648544;0,3661;2,56644111;833,3214;0;0,92400924;71,13171132;22,6502265;1,02501025;0,82400824;1,16901169;1,2500125;0,9800098;0,04600046;0
14,355904;0,4017;2,729234088;832,7235;0;0,92400924;71,13171132;22,6502265;1,02501025;0,82400824;1,16901169;1,2500125;0,9800098;0,04600046;0
14,944416;0,3497;2,296753947;811,5596;0;0,92400924;71,13171132;22,6502265;1,02501025;0,82400824;1,16901169;1,2500125;0,9800098;0,04600046;0
17,398304;0,5101;2,636069432;822,7069;0;0,92400924;71,13171132;22,6502265;1,02501025;0,82400824;1,16901169;1,2500125;0,9800098;0,04600046;0
13,185632;0,4849;2,183975679;860,3992;0;0,92400924;71,13171132;22,6502265;1,02501025;0,82400824;1,16901169;1,2500125;0,9800098;0,04600046;0
13,676;0,3523;2,631166029;806,5972;0;0,92400924;71,13171132;22,6502265;1,02501025;0,82400824;1,16901169;1,2500125;0,9800098;0,04600046;0
14,895904;0,5913;2,969500834;844,9088;0;0,92400924;71,13171132;22,6502265;1,02501025;0,82400824;1,16901169;1,2500125;0,9800098;0,04600046;0
13,813152;0,5764;2,803765813;836,2469;0;0,92400924;71,13171132;22,6502265;1,02501025;0,82400824;1,16901169;1,2500125;0,9800098;0,04600046;0
16,336448;0,4152;2,567421791;817,6216;0;0,92400924;71,13171132;22,6502265;1,02501025;0,82400824;1,16901169;1,2500125;0,9800098;0,04600046;0
16,21504;0,5509;2,273217613;839,3862;0;0,92400924;71,13171132;22,6502265;1,02501025;0,82400824;1,16901169;1,2500125;0,9800098;0,04600046;0
17,030624;0,3011;2,618417182;844,8708;0;0,92400924;71,13171132;22,6502265;1,02501025;0,82400824;1,16901169;1,2500125;0,9800098;0,04600046;0
16,465536;0,555;2,877316858;859,7885;0;0,92400924;71,13171132;22,6502265;1,02501025;0,82400824;1,16901169;1,2500125;0,9800098;0,04600046;0
13,036032;0,4009;2,111405315;853,8765;0;0,92499075;71,23128769;22,4697753;1,04198958;0,83699163;1,18898811;1,2699873;0,99699003;0,03899961;0
14,477312;0,4061;2,619397862;846,1635;0;0,92499075;71,23128769;22,4697753;1,04198958;0,83699163;1,18898811;1,2699873;0,99699003;0,03899961;0
17,969408;0,5203;2,362459547;838,8318;0;0,92499075;71,23128769;22,4697753;1,04198958;0,83699163;1,18898811;1,2699873;0,99699003;0,03899961;0
13,389088;0,5253;2,2840051;827,2047;0;0,92499075;71,23128769;22,4697753;1,04198958;0,83699163;1,18898811;1,2699873;0,99699003;0,03899961;0
15,778496;0,3025;2,662547808;846,9626;0;0,92499075;71,23128769;22,4697753;1,04198958;0,83699163;1,18898811;1,2699873;0,99699003;0,03899961;0
16,214112;0,3398;2,713543199;806,8541;0;0,92499075;71,23128769;22,4697753;1,04198958;0,83699163;1,18898811;1,2699873;0,99699003;0,03899961;0
13,266592;0,3501;2,78121016;827,7958;0;0,92499075;71,23128769;22,4697753;1,04198958;0,83699163;1,18898811;1,2699873;0,99699003;0,03899961;0
14,23872;0,3234;2,639992155;805,3706;0;0,92499075;71,23128769;22,4697753;1,04198958;0,83699163;1,18898811;1,2699873;0,99699003;0,03899961;0
12,365856;0,3839;2,436991272;807,6405;0;0,92499075;71,23128769;22,4697753;1,04198958;0,83699163;1,18898811;1,2699873;0,99699003;0,03899961;0
15,17168;0,4743;2,494851427;851,9358;0;0,92499075;71,23128769;22,4697753;1,04198958;0,83699163;1,18898811;1,2699873;0,99699003;0,03899961;0
16,16048;0,4393;2,227125625;825,52;0;0,92499075;71,23128769;22,4697753;1,04198958;0,83699163;1,18898811;1,2699873;0,99699003;0,03899961;0
15,040736;0,3298;2,461508287;839,6616;0;0,92499075;71,23128769;22,4697753;1,04198958;0,83699163;1,18898811;1,2699873;0,99699003;0,03899961;0
14,65968;0,3003;2,426203785;822,2451;0;0,92499075;71,23128769;22,4697753;1,04198958;0,83699163;1,18898811;1,2699873;0,99699003;0,03899961;0
15,842944;0,52;2,909679317;830,827;0;0,92499075;71,23128769;22,4697753;1,04198958;0,83699163;1,18898811;1,2699873;0,99699003;0,03899961;0
16,322528;0,4713;2,337942532;836,3573;0;0,92499075;71,23128769;22,4697753;1,04198958;0,83699163;1,18898811;1,2699873;0,99699003;0,03899961;0
16,942176;0,4569;2,678238698;837,0143;0;0,92499075;71,23128769;22,4697753;1,04198958;0,83699163;1,18898811;1,2699873;0,99699003;0,03899961;0
17,32944;0,4857;2,917524762;853,2648;0;0,92499075;71,23128769;22,4697753;1,04198958;0,83699163;1,18898811;1,2699873;0,99699003;0,03899961;0
16,217216;0,5629;2,426203785;859,0157;0;0,92499075;71,23128769;22,4697753;1,04198958;0,83699163;1,18898811;1,2699873;0,99699003;0,03899961;0
16,607616;0,5525;2,749828381;849,9868;0;0,92499075;71,23128769;22,4697753;1,04198958;0,83699163;1,18898811;1,2699873;0,99699003;0,03899961;0
14,961088;0,3361;2,245758556;840,7518;0;0,92499075;71,23128769;22,4697753;1,04198958;0,83699163;1,18898811;1,2699873;0,99699003;0,03899961;0
16,60304;0,5402;2,69883299;830,5892;0;0,92499075;71,23128769;22,4697753;1,04198958;0,83699163;1,18898811;1,2699873;0,99699003;0,03899961;0
14,52912;0,3523;2,540943415;812,7347;0;0,92499075;71,23128769;22,4697753;1,04198958;0,83699163;1,18898811;1,2699873;0,99699003;0,03899961;0
15,804672;0,4987;2,109443954;848,7435;0;0,92499075;71,23128769;22,4697753;1,04198958;0,83699163;1,18898811;1,2699873;0,99699003;0,03899961;0
16,73728;0,406;2,759635187;818,7939;0;0,92499075;71,23128769;22,4697753;1,04198958;0,83699163;1,18898811;1,2699873;0,99699003;0,03899961;0
17,01744;0,3177;2,777287437;841,6586;0;0,92499075;71,23128769;22,4697753;1,04198958;0,83699163;1,18898811;1,2699873;0,99699003;0,03899961;0
16,010144;0,3878;2,497793469;848,7253;0;0,92499075;71,23128769;22,4697753;1,04198958;0,83699163;1,18898811;1,2699873;0,99699003;0,03899961;0
15,38592;0,3236;2,683142101;824,1292;0;0,92499075;71,23128769;22,4697753;1,04198958;0,83699163;1,18898811;1,2699873;0,99699003;0,03899961;0
13,28048;0,5995;2,263410807;831,2809;0;0,92499075;71,23128769;22,4697753;1,04198958;0,83699163;1,18898811;1,2699873;0,99699003;0,03899961;0
14,168032;0,4132;2,886142983;848,9924;0;0,92499075;71,23128769;22,4697753;1,04198958;0,83699163;1,18898811;1,2699873;0,99699003;0,03899961;0
15,637312;0,3071;2,997940571;831,3445;0;0,92499075;71,23128769;22,4697753;1,04198958;0,83699163;1,18898811;1,2699873;0,99699003;0,03899961;0
14,257568;0,4255;2,378150436;829,2405;0;0,92499075;71,23128769;22,4697753;1,04198958;0,83699163;1,18898811;1,2699873;0,99699003;0,03899961;0
15,723008;0,531;2,56644111;835,2196;0;0,92499075;71,23128769;22,4697753;1,04198958;0,83699163;1,18898811;1,2699873;0,99699003;0,03899961;0
13,458848;0,5505;2,504658233;834,3165;0;0,92499075;71,23128769;22,4697753;1,04198958;0,83699163;1,18898811;1,2699873;0,99699003;0,03899961;0
16,883936;0,5737;2,710601157;818,1326;0;0,92499075;71,23128769;22,4697753;1,04198958;0,83699163;1,18898811;1,2699873;0,99699003;0,03899961;0
15,509152;0,5756;2,944983819;839,7277;0;0,92499075;71,23128769;22,4697753;1,04198958;0,83699163;1,18898811;1,2699873;0,99699003;0,03899961;0
14,066944;0,5848;2,154555261;829,6783;0;0,92499075;71,23128769;22,4697753;1,04198958;0,83699163;1,18898811;1,2699873;0,99699003;0,03899961;0
12,852576;0,3696;2,760615867;797,6343;0;0,92499075;71,23128769;22,4697753;1,04198958;0,83699163;1,18898811;1,2699873;0,99699003;0,03899961;0
14,46944;0,564;2,889085025;807,7229;0;0,92499075;71,23128769;22,4697753;1,04198958;0,83699163;1,18898811;1,2699873;0,99699003;0,03899961;0
15,163616;0,4046;2,89693047;806,7356;0;0,92499075;71,23128769;22,4697753;1,04198958;0,83699163;1,18898811;1,2699873;0,99699003;0,03899961;0
13,936224;0,3014;2,600764931;843,8292;0;0,92499075;71,23128769;22,4697753;1,04198958;0,83699163;1,18898811;1,2699873;0,99699003;0,03899961;0
15,620288;0,5142;2,953809944;833,7253;0;0,926;71,438;22,101;1,077;0,865;1,228;1,31;1,032;0,023;0
13,10928;0,5551;2,98028832;802,5676;0;0,926;71,438;22,101;1,077;0,865;1,228;1,31;1,032;0,023;0
14,927776;0,4909;2,118270079;826,6544;0;0,926;71,438;22,101;1,077;0,865;1,228;1,31;1,032;0,023;0
13,325728;0,3662;2,378150436;805,7208;0;0,926;71,438;22,101;1,077;0,865;1,228;1,31;1,032;0,023;0
13,091712;0,4192;2,459546926;824,5269;0;0,926;71,438;22,101;1,077;0,865;1,228;1,31;1,032;0,023;0
16,265568;0,4121;2,538001373;814,1917;0;0,926;71,438;22,101;1,077;0,865;1,228;1,31;1,032;0,023;0
16,941984;0,4479;2,88123958;823,1976;0;0,926;71,438;22,101;1,077;0,865;1,228;1,31;1,032;0,023;0
15,351104;0,3961;2,376189075;820,3062;0;0,926;71,438;22,101;1,077;0,865;1,228;1,31;1,032;0,023;0
15,405312;0,5983;2,644895558;819,8986;0;0,926;71,438;22,101;1,077;0,865;1,228;1,31;1,032;0,023;0
14,89536;0,3757;2,236932431;832,593;0;0,926;71,438;22,101;1,077;0,865;1,228;1,31;1,032;0,023;0
12,529728;0,3113;2,752770423;831,3275;0;0,926;71,438;22,101;1,077;0,865;1,228;1,31;1,032;0,023;0
16,99968;0,3274;2,406590174;842,2316;0;0,926;71,438;22,101;1,077;0,865;1,228;1,31;1,032;0,023;0
16,257888;0,4312;2,48406394;861,6068;0;0,926;71,438;22,101;1,077;0,865;1,228;1,31;1,032;0,023;0
12,202688;0,3497;2,183975679;824,1215;0;0,926;71,438;22,101;1,077;0,865;1,228;1,31;1,032;0,023;0
12,949248;0,4269;2,811611258;846,8855;0;0,926;71,438;22,101;1,077;0,865;1,228;1,31;1,032;0,023;0
15,8792;0,3033;2,223202903;845,197;0;0,926;71,438;22,101;1,077;0,865;1,228;1,31;1,032;0,023;0
17,6552;0,4514;2,265372168;821,92;0;0,926;71,438;22,101;1,077;0,865;1,228;1,31;1,032;0,023;0
12,387456;0,3886;2,929292929;825,3621;0;0,926;71,438;22,101;1,077;0,865;1,228;1,31;1,032;0,023;0
14,14112;0,4379;2,361478866;813,2395;0;0,926;71,438;22,101;1,077;0,865;1,228;1,31;1,032;0,023;0
16,969088;0,5612;2,528194567;843,1332;0;0,926;71,438;22,101;1,077;0,865;1,228;1,31;1,032;0,023;0
12,661216;0,4339;2,804746494;826,5338;0;0,926;71,438;22,101;1,077;0,865;1,228;1,31;1,032;0,023;0
15,395808;0,5847;2,882220261;811,9716;0;0,926;71,438;22,101;1,077;0,865;1,228;1,31;1,032;0,023;0
15,480384;0,3725;2,638030793;811,7679;0;0,926;71,438;22,101;1,077;0,865;1,228;1,31;1,032;0,023;0
15,3696;0,4206;2,387957242;852,3503;0;0,926;71,438;22,101;1,077;0,865;1,228;1,31;1,032;0,023;0
16,148736;0,4819;2,86358733;811,1364;0;0,926;71,438;22,101;1,077;0,865;1,228;1,31;1,032;0,023;0
17,669664;0,3562;2,920466804;804,3502;0;0,926;71,438;22,101;1,077;0,865;1,228;1,31;1,032;0,023;0
14,524928;0,5313;2,426203785;824,8875;0;0,926;71,438;22,101;1,077;0,865;1,228;1,31;1,032;0,023;0
15,051904;0,5701;2,94694518;817,1888;0;0,926;71,438;22,101;1,077;0,865;1,228;1,31;1,032;0,023;0
17,549376;0,3152;2,855741885;844,8983;0;0,926;71,438;22,101;1,077;0,865;1,228;1,31;1,032;0,023;0
12,897056;0,4342;2,903795234;821,2946;0;0,926;71,438;22,101;1,077;0,865;1,228;1,31;1,032;0,023;0
13,767008;0,4749;2,672354614;817,4087;0;0,926;71,438;22,101;1,077;0,865;1,228;1,31;1,032;0,023;0
17,608864;0,5551;2,133960969;835,2123;0;0,926;71,438;22,101;1,077;0,865;1,228;1,31;1,032;0,023;0
17,602656;0,3572;2,259488085;852,406;0;0,926;71,438;22,101;1,077;0,865;1,228;1,31;1,032;0,023;0
16,762528;0,3505;2,687064823;852,1547;0;0,926;71,438;22,101;1,077;0,865;1,228;1,31;1,032;0,023;0
15,381888;0,4114;2,993037168;824,5952;0;0,926;71,438;22,101;1,077;0,865;1,228;1,31;1,032;0,023;0
17,00368;0,4655;2,882220261;829,5068;0;0,926;71,438;22,101;1,077;0,865;1,228;1,31;1,032;0,023;0
17,107136;0,4225;2,435029911;829,4329;0;0,926;71,438;22,101;1,077;0,865;1,228;1,31;1,032;0,023;0
13,69616;0,4248;2,233009709;832,4932;0;0,926;71,438;22,101;1,077;0,865;1,228;1,31;1,032;0,023;0
15,978816;0,4837;2,692948907;825,2375;0;0,926;71,438;22,101;1,077;0,865;1,228;1,31;1,032;0,023;0
12,320992;0,5231;2,436991272;847,7976;0;0,926;71,438;22,101;1,077;0,865;1,228;1,31;1,032;0,023;0
17,670048;0,5044;2,233990389;842,5238;0;1,205;64,17;32,614;0,129;0,239;0,745;0,164;0,659;0,075;0
17,6248;0,4526;2,624301265;831,7311;0;1,205;64,17;32,614;0,129;0,239;0,745;0,164;0,659;0,075;0
13,35008;0,3573;2,672354614;834,2617;0;1,205;64,17;32,614;0,129;0,239;0,745;0,164;0,659;0,075;0
14,517056;0,3687;2,370304992;828,4719;0;1,205;64,17;32,614;0,129;0,239;0,745;0,164;0,659;0,075;0
16,45728;0,3623;2,610571737;807,001;0;1,205;64,17;32,614;0,129;0,239;0,745;0,164;0,659;0,075;0
12,720352;0,4924;2,573305874;821,8586;0;1,205;64,17;32,614;0,129;0,239;0,745;0,164;0,659;0,075;0
13,222272;0,3077;2,844954398;795,8799;0;1,205;64,17;32,614;0,129;0,239;0,745;0,164;0,659;0,075;0
17,168128;0,4504;2,390899284;818,9806;0;1,205;64,17;32,614;0,129;0,239;0,745;0,164;0,659;0,075;0
12,942656;0,3096;2,235951751;812,7242;0;1,205;64,17;32,614;0,129;0,239;0,745;0,164;0,659;0,075;0
14,152096;0,4532;2,140825733;856,7665;0;1,205;64,17;32,614;0,129;0,239;0,745;0,164;0,659;0,075;0
12,00512;0,5079;2,242816515;832,6807;0;1,205;64,17;32,614;0,129;0,239;0,745;0,164;0,659;0,075;0
15,2224;0,4102;2,261449446;844,3781;0;1,205;64,17;32,614;0,129;0,239;0,745;0,164;0,659;0,075;0
15,659648;0,5006;2,111405315;825,1641;0;1,205;64,17;32,614;0,129;0,239;0,745;0,164;0,659;0,075;0
14,83456;0,5822;2,842012357;816,0477;0;1,205;64,17;32,614;0,129;0,239;0,745;0,164;0,659;0,075;0
15,542272;0,3155;2,737079533;802,2001;0;1,205;64,17;32,614;0,129;0,239;0,745;0,164;0,659;0,075;0
17,74896;0,4721;2,804746494;824,6453;0;1,205;64,17;32,614;0,129;0,239;0,745;0,164;0,659;0,075;0
12,94944;0,5186;2,97930764;800,512;0;1,205;64,17;32,614;0,129;0,239;0,745;0,164;0,659;0,075;0
16,178592;0,4522;2,362459547;841,1575;0;1,205;64,17;32,614;0,129;0,239;0,745;0,164;0,659;0,075;0
15,860544;0,561;2,845935079;827,3342;0;1,205;64,17;32,614;0,129;0,239;0,745;0,164;0,659;0,075;0
12,687776;0,4296;2,423261744;838,375;0;1,205;64,17;32,614;0,129;0,239;0,745;0,164;0,659;0,075;0
15,712224;0,4628;2,736098853;809,917;0;1,205;64,17;32,614;0,129;0,239;0,745;0,164;0,659;0,075;0
16,840896;0,349;2,770422673;846,1233;0;1,205;64,17;32,614;0,129;0,239;0,745;0,164;0,659;0,075;0
15,920768;0,4346;2,346768657;834,9065;0;1,205;64,17;32,614;0,129;0,239;0,745;0,164;0,659;0,075;0
15,60016;0,4328;2,603706973;831,6459;0;1,205;64,17;32,614;0,129;0,239;0,745;0,164;0,659;0,075;0
16,156448;0,5364;2,843973718;823,1393;0;1,205;64,17;32,614;0,129;0,239;0,745;0,164;0,659;0,075;0
13,474592;0,559;2,530155928;829,8066;0;1,205;64,17;32,614;0,129;0,239;0,745;0,164;0,659;0,075;0
12,366784;0,3741;2,390899284;821,7704;0;1,205;64,17;32,614;0,129;0,239;0,745;0,164;0,659;0,075;0
16,418464;0,5762;2,636069432;842,9758;0;1,205;64,17;32,614;0,129;0,239;0,745;0,164;0,659;0,075;0
12,549504;0,3336;2,144748455;841,7445;0;1,205;64,17;32,614;0,129;0,239;0,745;0,164;0,659;0,075;0
13,478976;0,3567;2,909679317;839,9318;0;1,205;64,17;32,614;0,129;0,239;0,745;0,164;0,659;0,075;0
14,2768;0,4522;2,91360204;829,7397;0;1,205;64,17;32,614;0,129;0,239;0,745;0,164;0,659;0,075;0
16,196;0,4862;2,426203785;856,0895;0;1,205;64,17;32,614;0,129;0,239;0,745;0,164;0,659;0,075;0
15,967456;0,5275;2,373247033;847,1449;0;1,205;64,17;32,614;0,129;0,239;0,745;0,164;0,659;0,075;0
17,749152;0,5922;2,699813671;842,1075;0;1,205;64,17;32,614;0,129;0,239;0,745;0,164;0,659;0,075;0
13,911872;0,564;2,750809061;850,5637;0;1,205;64,17;32,614;0,129;0,239;0,745;0,164;0,659;0,075;0
15,857248;0,4086;2,600764931;833,8215;0;1,205;64,17;32,614;0,129;0,239;0,745;0,164;0,659;0,075;0
15,044576;0,3571;2,867510052;807,8302;0;1,205;64,17;32,614;0,129;0,239;0,745;0,164;0,659;0,075;0
15,426176;0,5788;2,822398745;812,4427;0;1,205;64,17;32,614;0,129;0,239;0,745;0,164;0,659;0,075;0
17,46752;0,3146;2,445817397;823,8447;0;1,205;64,17;32,614;0,129;0,239;0,745;0,164;0,659;0,075;0
16,94784;0,4958;2,828282828;834,6782;0;1,205;64,17;32,614;0,129;0,239;0,745;0,164;0,659;0,075;0
12,72384;0,5156;2,480141218;817,4968;0;1,40601406;64,64464645;31,800318;0,13800138;0,26100261;0,78500785;0,16400164;0,71800718;0,08300083;0
14,647776;0,3801;2,843973718;806,5532;0;1,40601406;64,64464645;31,800318;0,13800138;0,26100261;0,78500785;0,16400164;0,71800718;0,08300083;0
15,821888;0,4068;2,56644111;818,9355;0;1,40601406;64,64464645;31,800318;0,13800138;0,26100261;0,78500785;0,16400164;0,71800718;0,08300083;0
16,384416;0,3947;2,828282828;813,0829;0;1,40601406;64,64464645;31,800318;0,13800138;0,26100261;0,78500785;0,16400164;0,71800718;0,08300083;0
15,007232;0,3369;2,395802687;855,5232;0;1,40601406;64,64464645;31,800318;0,13800138;0,26100261;0,78500785;0,16400164;0,71800718;0,08300083;0
13,297152;0,398;2,889085025;803,5957;0;1,40601406;64,64464645;31,800318;0,13800138;0,26100261;0,78500785;0,16400164;0,71800718;0,08300083;0
15,287392;0,4279;2,91458272;813,6196;0;1,40601406;64,64464645;31,800318;0,13800138;0,26100261;0,78500785;0,16400164;0,71800718;0,08300083;0
13,204864;0,334;2,482102579;817,063;0;1,40601406;64,64464645;31,800318;0,13800138;0,26100261;0,78500785;0,16400164;0,71800718;0,08300083;0
13,704576;0,3839;2,639992155;805,5784;0;1,40601406;64,64464645;31,800318;0,13800138;0,26100261;0,78500785;0,16400164;0,71800718;0,08300083;0
17,754272;0,36;2,850838482;856,5604;0;1,40601406;64,64464645;31,800318;0,13800138;0,26100261;0,78500785;0,16400164;0,71800718;0,08300083;0
14,359744;0,538;2,641953516;820,2534;0;1,40601406;64,64464645;31,800318;0,13800138;0,26100261;0,78500785;0,16400164;0,71800718;0,08300083;0
15,318144;0,4118;2,84789644;813,0898;0;1,40601406;64,64464645;31,800318;0,13800138;0,26100261;0,78500785;0,16400164;0,71800718;0,08300083;0
17,185152;0,5357;2,190840443;835,0286;0;1,40601406;64,64464645;31,800318;0,13800138;0,26100261;0,78500785;0,16400164;0,71800718;0,08300083;0
13,644352;0,4066;2,505638913;834,7506;0;1,40601406;64,64464645;31,800318;0,13800138;0,26100261;0,78500785;0,16400164;0,71800718;0,08300083;0
16,468288;0,4571;2,159458664;865,9778;0;1,40601406;64,64464645;31,800318;0,13800138;0,26100261;0,78500785;0,16400164;0,71800718;0,08300083;0
16,254048;0,4829;2,673335295;826,7097;0;1,40601406;64,64464645;31,800318;0,13800138;0,26100261;0,78500785;0,16400164;0,71800718;0,08300083;0
15,125888;0,4751;2,694910268;807,9977;0;1,40601406;64,64464645;31,800318;0,13800138;0,26100261;0,78500785;0,16400164;0,71800718;0,08300083;0
14,589568;0,3788;2,523291164;840,0992;0;1,40601406;64,64464645;31,800318;0,13800138;0,26100261;0,78500785;0,16400164;0,71800718;0,08300083;0
12,726048;0,5525;2,349710699;820,2167;0;1,40601406;64,64464645;31,800318;0,13800138;0,26100261;0,78500785;0,16400164;0,71800718;0,08300083;0
13,913504;0,3467;2,105521232;853,1996;0;1,40601406;64,64464645;31,800318;0,13800138;0,26100261;0,78500785;0,16400164;0,71800718;0,08300083;0
15,26304;0,4759;2,276159655;833,87;0;1,40601406;64,64464645;31,800318;0,13800138;0,26100261;0,78500785;0,16400164;0,71800718;0,08300083;0
14,95744;0,306;2,78219084;800,7833;0;1,40601406;64,64464645;31,800318;0,13800138;0,26100261;0,78500785;0,16400164;0,71800718;0,08300083;0
12,679712;0,5268;2,883200941;817,7927;0;1,40601406;64,64464645;31,800318;0,13800138;0,26100261;0,78500785;0,16400164;0,71800718;0,08300083;0
17,3192;0,534;2,805727175;843,4301;0;1,40601406;64,64464645;31,800318;0,13800138;0,26100261;0,78500785;0,16400164;0,71800718;0,08300083;0
14,141312;0,3909;2,851819162;814,2795;0;1,40601406;64,64464645;31,800318;0,13800138;0,26100261;0,78500785;0,16400164;0,71800718;0,08300083;0
14,612064;0,5928;2,479160537;854,7528;0;1,40601406;64,64464645;31,800318;0,13800138;0,26100261;0,78500785;0,16400164;0,71800718;0,08300083;0
15,059232;0,5047;2,325193684;826,9406;0;1,40601406;64,64464645;31,800318;0,13800138;0,26100261;0,78500785;0,16400164;0,71800718;0,08300083;0
17,36368;0,3953;2,661567128;826,0022;0;1,40601406;64,64464645;31,800318;0,13800138;0,26100261;0,78500785;0,16400164;0,71800718;0,08300083;0
15,86384;0,439;2,142787094;834,0115;0;1,40601406;64,64464645;31,800318;0,13800138;0,26100261;0,78500785;0,16400164;0,71800718;0,08300083;0
13,663392;0,4072;2,945964499;802,5667;0;1,40601406;64,64464645;31,800318;0,13800138;0,26100261;0,78500785;0,16400164;0,71800718;0,08300083;0
14,528576;0,321;2,754731784;847,0621;0;1,40601406;64,64464645;31,800318;0,13800138;0,26100261;0,78500785;0,16400164;0,71800718;0,08300083;0
17,561824;0,3879;2,197705207;858,2314;0;1,40601406;64,64464645;31,800318;0,13800138;0,26100261;0,78500785;0,16400164;0,71800718;0,08300083;0
14,842432;0,4928;2,786113563;839,6714;0;1,40601406;64,64464645;31,800318;0,13800138;0,26100261;0,78500785;0,16400164;0,71800718;0,08300083;0
13,217856;0,5676;2,355594783;838,7614;0;1,40601406;64,64464645;31,800318;0,13800138;0,26100261;0,78500785;0,16400164;0,71800718;0,08300083;0
14,434816;0,3081;2,671373934;811,5894;0;1,40601406;64,64464645;31,800318;0,13800138;0,26100261;0,78500785;0,16400164;0,71800718;0,08300083;0
16,798784;0,4632;2,891046386;830,5096;0;1,40601406;64,64464645;31,800318;0,13800138;0,26100261;0,78500785;0,16400164;0,71800718;0,08300083;0
14,547616;0,5661;2,546827498;854,3689;0;1,40601406;64,64464645;31,800318;0,13800138;0,26100261;0,78500785;0,16400164;0,71800718;0,08300083;0
16,12752;0,4305;2,139845052;820,2185;0;1,40601406;64,64464645;31,800318;0,13800138;0,26100261;0,78500785;0,16400164;0,71800718;0,08300083;0
15,559136;0,5831;2,509561636;822,498;0;1,40601406;64,64464645;31,800318;0,13800138;0,26100261;0,78500785;0,16400164;0,71800718;0,08300083;0
16,081376;0,5547;2,78219084;838,72;0;1,40601406;64,64464645;31,800318;0,13800138;0,26100261;0,78500785;0,16400164;0,71800718;0,08300083;0
16,25808;0,4014;2,534078651;813,441;0,08;0,951;89,744;7,901;0,046;0,053;0,084;0,063;0,199;0,879;0
15,740608;0,4781;2,59978425;854,2668;0,08;0,951;89,744;7,901;0,046;0,053;0,084;0,063;0,199;0,879;0
16,866176;0,3358;2,954790625;803,4188;0,08;0,951;89,744;7,901;0,046;0,053;0,084;0,063;0,199;0,879;0
13,28672;0,4651;2,886142983;807,1241;0,08;0,951;89,744;7,901;0,046;0,053;0,084;0,063;0,199;0,879;0
13,811712;0,5575;2,809649897;817,329;0,08;0,951;89,744;7,901;0,046;0,053;0,084;0,063;0,199;0,879;0
14,651456;0,4055;2,121212121;817,3004;0,08;0,951;89,744;7,901;0,046;0,053;0,084;0,063;0,199;0,879;0
16,253664;0,4157;2,348730019;843,3727;0,08;0,951;89,744;7,901;0,046;0,053;0,084;0,063;0,199;0,879;0
15,914176;0,3541;2,808669216;807,9896;0,08;0,951;89,744;7,901;0,046;0,053;0,084;0,063;0,199;0,879;0
12,354304;0,4968;2,501716191;819,8373;0,08;0,951;89,744;7,901;0,046;0,053;0,084;0,063;0,199;0,879;0
13,450784;0,5086;2,680200059;831,1163;0,08;0,951;89,744;7,901;0,046;0,053;0,084;0,063;0,199;0,879;0
17,303616;0,5201;2,209473375;822,2163;0,08;0,951;89,744;7,901;0,046;0,053;0,084;0,063;0,199;0,879;0
17,833184;0,3254;2,654702363;835,9293;0,08;0,951;89,744;7,901;0,046;0,053;0,084;0,063;0,199;0,879;0
17,091232;0,5729;2,618417182;820,3746;0,08;0,951;89,744;7,901;0,046;0,053;0,084;0,063;0,199;0,879;0
17,475392;0,3713;2,763557909;808,6957;0,08;0,951;89,744;7,901;0,046;0,053;0,084;0,063;0,199;0,879;0
12,031296;0,581;2,838089634;848,4193;0,08;0,951;89,744;7,901;0,046;0,053;0,084;0,063;0,199;0,879;0
12,034432;0,3148;2,242816515;839,5122;0,08;0,951;89,744;7,901;0,046;0,053;0,084;0,063;0,199;0,879;0
16,035392;0,4183;2,559576346;821,9309;0,08;0,951;89,744;7,901;0,046;0,053;0,084;0,063;0,199;0,879;0
13,557536;0,553;2,876336177;810,7994;0,08;0,951;89,744;7,901;0,046;0,053;0,084;0,063;0,199;0,879;0
17,635808;0,3529;2,535059331;819,6918;0,08;0,951;89,744;7,901;0,046;0,053;0,084;0,063;0,199;0,879;0
15,380416;0,5774;2,118270079;836,8309;0,08;0,951;89,744;7,901;0,046;0,053;0,084;0,063;0,199;0,879;0
16,75888;0,3315;2,927331568;808,5221;0,08;0,951;89,744;7,901;0,046;0,053;0,084;0,063;0,199;0,879;0
12,776192;0,3763;2,956751986;830,8381;0,08;0,951;89,744;7,901;0,046;0,053;0,084;0,063;0,199;0,879;0
17,249248;0,5004;2,210454055;821,85;0,08;0,951;89,744;7,901;0,046;0,053;0,084;0,063;0,199;0,879;0
15,354048;0,3751;2,76453859;811,1062;0,08;0,951;89,744;7,901;0,046;0,053;0,084;0,063;0,199;0,879;0
17,142112;0,5648;2,942041777;824,8732;0,08;0,951;89,744;7,901;0,046;0,053;0,084;0,063;0,199;0,879;0
15,206464;0,5143;2,487005982;818,4888;0,08;0,951;89,744;7,901;0,046;0,053;0,084;0,063;0,199;0,879;0
14,687872;0,3853;2,795920369;801,0424;0,08;0,951;89,744;7,901;0,046;0,053;0,084;0,063;0,199;0,879;0
12,809152;0,5642;2,915563401;807,5203;0,08;0,951;89,744;7,901;0,046;0,053;0,084;0,063;0,199;0,879;0
12,12432;0,3117;2,353633422;821,788;0,08;0,951;89,744;7,901;0,046;0,053;0,084;0,063;0,199;0,879;0
16,669152;0,4782;2,406590174;842,2722;0,08;0,951;89,744;7,901;0,046;0,053;0,084;0,063;0,199;0,879;0
17,201632;0,3546;2,661567128;844,9664;0,08;0,951;89,744;7,901;0,046;0,053;0,084;0,063;0,199;0,879;0
16,721696;0,4827;2,370304992;829,9449;0,08;0,951;89,744;7,901;0,046;0,053;0,084;0,063;0,199;0,879;0
12,453568;0,5945;2,451701481;838,0685;0,08;0,951;89,744;7,901;0,046;0,053;0,084;0,063;0,199;0,879;0
15,48112;0,3049;2,524271845;818,0059;0,08;0,951;89,744;7,901;0,046;0,053;0,084;0,063;0,199;0,879;0
12,223392;0,4278;2,222222222;806,6052;0,08;0,951;89,744;7,901;0,046;0,053;0,084;0,063;0,199;0,879;0
14,937472;0,5381;2,101598509;823,3323;0,08;0,951;89,744;7,901;0,046;0,053;0,084;0,063;0,199;0,879;0
15,435904;0,5515;2,581151319;852,4694;0,08;0,951;89,744;7,901;0,046;0,053;0,084;0,063;0,199;0,879;0
13,205792;0,4443;2,531136609;804,6497;0,08;0,951;89,744;7,901;0,046;0,053;0,084;0,063;0,199;0,879;0
16,120544;0,4841;2,255565362;820,9117;0,08;0,951;89,744;7,901;0,046;0,053;0,084;0,063;0,199;0,879;0
16,924416;0,5946;2,572325194;831,3514;0,08;0,951;89,744;7,901;0,046;0,053;0,084;0,063;0,199;0,879;0
17,686144;0,3249;2,954790625;815,8005;0,04500045;0,42400424;86,48886489;11,46711467;0,06200062;0,06700067;0,10100101;0,08600086;0,17200172;1,08701087;0
15,40256;0,4468;2,115328038;820,0581;0,04500045;0,42400424;86,48886489;11,46711467;0,06200062;0,06700067;0,10100101;0,08600086;0,17200172;1,08701087;0
14,943136;0,4503;2,209473375;857,5154;0,04500045;0,42400424;86,48886489;11,46711467;0,06200062;0,06700067;0,10100101;0,08600086;0,17200172;1,08701087;0
12,520416;0,4607;2,945964499;814,2531;0,04500045;0,42400424;86,48886489;11,46711467;0,06200062;0,06700067;0,10100101;0,08600086;0,17200172;1,08701087;0
15,87792;0,348;2,961655389;812,3187;0,04500045;0,42400424;86,48886489;11,46711467;0,06200062;0,06700067;0,10100101;0,08600086;0,17200172;1,08701087;0
14,376608;0,351;2,868490733;832,3163;0,04500045;0,42400424;86,48886489;11,46711467;0,06200062;0,06700067;0,10100101;0,08600086;0,17200172;1,08701087;0
13,175392;0,4882;2,120231441;824,6012;0,04500045;0,42400424;86,48886489;11,46711467;0,06200062;0,06700067;0,10100101;0,08600086;0,17200172;1,08701087;0
14,685888;0,377;2,997940571;830,1711;0,04500045;0,42400424;86,48886489;11,46711467;0,06200062;0,06700067;0,10100101;0,08600086;0,17200172;1,08701087;0
13,49328;0,3329;2,183975679;813,6666;0,04500045;0,42400424;86,48886489;11,46711467;0,06200062;0,06700067;0,10100101;0,08600086;0,17200172;1,08701087;0
13,929248;0,5711;2,105521232;843,6167;0,04500045;0,42400424;86,48886489;11,46711467;0,06200062;0,06700067;0,10100101;0,08600086;0,17200172;1,08701087;0
16,484928;0,5821;2,720407963;814,4161;0,04500045;0,42400424;86,48886489;11,46711467;0,06200062;0,06700067;0,10100101;0,08600086;0,17200172;1,08701087;0
12,25104;0,3032;2,333039129;797,5;0,04500045;0,42400424;86,48886489;11,46711467;0,06200062;0,06700067;0,10100101;0,08600086;0,17200172;1,08701087;0
15,573056;0,3579;2,308522114;823,5503;0,04500045;0,42400424;86,48886489;11,46711467;0,06200062;0,06700067;0,10100101;0,08600086;0,17200172;1,08701087;0
12,108224;0,5843;2,870452094;800,3477;0,04500045;0,42400424;86,48886489;11,46711467;0,06200062;0,06700067;0,10100101;0,08600086;0,17200172;1,08701087;0
14,473088;0,4261;2,851819162;835,0543;0,04500045;0,42400424;86,48886489;11,46711467;0,06200062;0,06700067;0,10100101;0,08600086;0,17200172;1,08701087;0
12,668;0,4059;2,290869864;815,3746;0,04500045;0,42400424;86,48886489;11,46711467;0,06200062;0,06700067;0,10100101;0,08600086;0,17200172;1,08701087;0
17,466592;0,4549;2,738060214;849,8369;0,04500045;0,42400424;86,48886489;11,46711467;0,06200062;0,06700067;0,10100101;0,08600086;0,17200172;1,08701087;0
13,957088;0,3185;2,353633422;835,8024;0,04500045;0,42400424;86,48886489;11,46711467;0,06200062;0,06700067;0,10100101;0,08600086;0,17200172;1,08701087;0
17,424864;0,5118;2,280082377;839,3052;0,04500045;0,42400424;86,48886489;11,46711467;0,06200062;0,06700067;0,10100101;0,08600086;0,17200172;1,08701087;0
12,759552;0,3461;2,465431009;820,0358;0,04500045;0,42400424;86,48886489;11,46711467;0,06200062;0,06700067;0,10100101;0,08600086;0,17200172;1,08701087;0
17,58176;0,4972;2,504658233;856,847;0,04500045;0,42400424;86,48886489;11,46711467;0,06200062;0,06700067;0,10100101;0,08600086;0,17200172;1,08701087;0
14,265824;0,3395;2,803765813;795,7799;0,04500045;0,42400424;86,48886489;11,46711467;0,06200062;0,06700067;0,10100101;0,08600086;0,17200172;1,08701087;0
15,058144;0,5159;2,708639796;826,75;0,04500045;0,42400424;86,48886489;11,46711467;0,06200062;0,06700067;0,10100101;0,08600086;0,17200172;1,08701087;0
17,47008;0,3664;2,610571737;811,1969;0,04500045;0,42400424;86,48886489;11,46711467;0,06200062;0,06700067;0,10100101;0,08600086;0,17200172;1,08701087;0
12,134784;0,3865;2,181033637;825,9154;0,04500045;0,42400424;86,48886489;11,46711467;0,06200062;0,06700067;0,10100101;0,08600086;0,17200172;1,08701087;0
16,319968;0,5389;2,636069432;830,8285;0,04500045;0,42400424;86,48886489;11,46711467;0,06200062;0,06700067;0,10100101;0,08600086;0,17200172;1,08701087;0
13,275552;0,3875;2,48406394;812,8138;0,04500045;0,42400424;86,48886489;11,46711467;0,06200062;0,06700067;0,10100101;0,08600086;0,17200172;1,08701087;0
16,614208;0,579;2,757673826;824,8489;0,04500045;0,42400424;86,48886489;11,46711467;0,06200062;0,06700067;0,10100101;0,08600086;0,17200172;1,08701087;0
13,901056;0,5412;2,194763166;836,9073;0,04500045;0,42400424;86,48886489;11,46711467;0,06200062;0,06700067;0,10100101;0,08600086;0,17200172;1,08701087;0
14,651264;0,3212;2,850838482;811,0526;0,04500045;0,42400424;86,48886489;11,46711467;0,06200062;0,06700067;0,10100101;0,08600086;0,17200172;1,08701087;0
16,912672;0,5355;2,116308718;834,4961;0,04500045;0,42400424;86,48886489;11,46711467;0,06200062;0,06700067;0,10100101;0,08600086;0,17200172;1,08701087;0
15,628352;0,5528;2,429145827;830,1562;0,04500045;0,42400424;86,48886489;11,46711467;0,06200062;0,06700067;0,10100101;0,08600086;0,17200172;1,08701087;0
16,96432;0,5829;2,941061096;833,391;0,04500045;0,42400424;86,48886489;11,46711467;0,06200062;0,06700067;0,10100101;0,08600086;0,17200172;1,08701087;0
13,788256;0,5917;2,642934196;810,8842;0,04500045;0,42400424;86,48886489;11,46711467;0,06200062;0,06700067;0,10100101;0,08600086;0,17200172;1,08701087;0
12,48816;0,5165;2,588016083;810,2549;0,04500045;0,42400424;86,48886489;11,46711467;0,06200062;0,06700067;0,10100101;0,08600086;0,17200172;1,08701087;0
12,319712;0,4012;2,543885457;832,8647;0,04500045;0,42400424;86,48886489;11,46711467;0,06200062;0,06700067;0,10100101;0,08600086;0,17200172;1,08701087;0
15,466656;0,4246;2,192801804;815,2032;0,04500045;0,42400424;86,48886489;11,46711467;0,06200062;0,06700067;0,10100101;0,08600086;0,17200172;1,08701087;0
17,0048;0,3435;2,212415416;820,9912;0,04500045;0,42400424;86,48886489;11,46711467;0,06200062;0,06700067;0,10100101;0,08600086;0,17200172;1,08701087;0
16,955712;0,4219;2,767480632;845,4413;0,04500045;0,42400424;86,48886489;11,46711467;0,06200062;0,06700067;0,10100101;0,08600086;0,17200172;1,08701087;0
15,616992;0,3692;2,838089634;843,2878;0,04500045;0,42400424;86,48886489;11,46711467;0,06200062;0,06700067;0,10100101;0,08600086;0,17200172;1,08701087;0
16,358944;0,4583;2,415416299;846,7654;0,08899911;1,54298457;78,21821782;18,45481545;0,09799902;0,07799922;0,11399886;0,21299787;0,14299857;1,04898951;0
15,070944;0,4456;2,8802589;804,4114;0,08899911;1,54298457;78,21821782;18,45481545;0,09799902;0,07799922;0,11399886;0,21299787;0,14299857;1,04898951;0
12,450816;0,4656;2,2182995;834,239;0,08899911;1,54298457;78,21821782;18,45481545;0,09799902;0,07799922;0,11399886;0,21299787;0,14299857;1,04898951;0
16,319584;0,4213;2,871432774;833,8966;0,08899911;1,54298457;78,21821782;18,45481545;0,09799902;0,07799922;0,11399886;0,21299787;0,14299857;1,04898951;0
16,150592;0,5417;2,777287437;833,2791;0,08899911;1,54298457;78,21821782;18,45481545;0,09799902;0,07799922;0,11399886;0,21299787;0,14299857;1,04898951;0
17,003136;0,5298;2,699813671;836,1173;0,08899911;1,54298457;78,21821782;18,45481545;0,09799902;0,07799922;0,11399886;0,21299787;0,14299857;1,04898951;0
13,044096;0,5716;2,217318819;830,7745;0,08899911;1,54298457;78,21821782;18,45481545;0,09799902;0,07799922;0,11399886;0,21299787;0,14299857;1,04898951;0
17,84784;0,4288;2,143767775;836,8186;0,08899911;1,54298457;78,21821782;18,45481545;0,09799902;0,07799922;0,11399886;0,21299787;0,14299857;1,04898951;0
13,659712;0,4866;2,86358733;842,494;0,08899911;1,54298457;78,21821782;18,45481545;0,09799902;0,07799922;0,11399886;0,21299787;0,14299857;1,04898951;0
14,813696;0,3787;2,870452094;810,4563;0,08899911;1,54298457;78,21821782;18,45481545;0,09799902;0,07799922;0,11399886;0,21299787;0,14299857;1,04898951;0
17,489312;0,5611;2,263410807;870,1294;0,08899911;1,54298457;78,21821782;18,45481545;0,09799902;0,07799922;0,11399886;0,21299787;0,14299857;1,04898951;0
12,993568;0,3573;2,903795234;795,8496;0,08899911;1,54298457;78,21821782;18,45481545;0,09799902;0,07799922;0,11399886;0,21299787;0,14299857;1,04898951;0
16,763072;0,5459;2,789055605;823,5724;0,08899911;1,54298457;78,21821782;18,45481545;0,09799902;0,07799922;0,11399886;0,21299787;0,14299857;1,04898951;0
14,261248;0,4128;2,445817397;805,9998;0,08899911;1,54298457;78,21821782;18,45481545;0,09799902;0,07799922;0,11399886;0,21299787;0,14299857;1,04898951;0
15,97296;0,3403;2,890065706;812,4973;0,08899911;1,54298457;78,21821782;18,45481545;0,09799902;0,07799922;0,11399886;0,21299787;0,14299857;1,04898951;0
14,669952;0,4542;2,166323428;822,1736;0,08899911;1,54298457;78,21821782;18,45481545;0,09799902;0,07799922;0,11399886;0,21299787;0,14299857;1,04898951;0
13,145536;0,4011;2,411493577;818,2021;0,08899911;1,54298457;78,21821782;18,45481545;0,09799902;0,07799922;0,11399886;0,21299787;0,14299857;1,04898951;0
17,600448;0,3784;2,950867902;804,0762;0,08899911;1,54298457;78,21821782;18,45481545;0,09799902;0,07799922;0,11399886;0,21299787;0,14299857;1,04898951;0
14,86624;0,3882;2,179072276;816,6532;0,08899911;1,54298457;78,21821782;18,45481545;0,09799902;0,07799922;0,11399886;0,21299787;0,14299857;1,04898951;0
14,660224;0,5363;2,619397862;821,6162;0,08899911;1,54298457;78,21821782;18,45481545;0,09799902;0,07799922;0,11399886;0,21299787;0,14299857;1,04898951;0
13,051424;0,55;2,339903893;815,9298;0,08899911;1,54298457;78,21821782;18,45481545;0,09799902;0,07799922;0,11399886;0,21299787;0,14299857;1,04898951;0
12,331424;0,4348;2,193782485;813,6725;0,08899911;1,54298457;78,21821782;18,45481545;0,09799902;0,07799922;0,11399886;0,21299787;0,14299857;1,04898951;0
13,473504;0,4435;2,172207512;830,0011;0,08899911;1,54298457;78,21821782;18,45481545;0,09799902;0,07799922;0,11399886;0,21299787;0,14299857;1,04898951;0
14,369824;0,4774;2,842993037;833,2372;0,08899911;1,54298457;78,21821782;18,45481545;0,09799902;0,07799922;0,11399886;0,21299787;0,14299857;1,04898951;0
14,033088;0,3941;2,25164264;833,9275;0,08899911;1,54298457;78,21821782;18,45481545;0,09799902;0,07799922;0,11399886;0,21299787;0,14299857;1,04898951;0
13,951584;0,4418;2,476218496;823,65;0,08899911;1,54298457;78,21821782;18,45481545;0,09799902;0,07799922;0,11399886;0,21299787;0,14299857;1,04898951;0
16,782848;0,5921;2,685103462;819,6211;0,08899911;1,54298457;78,21821782;18,45481545;0,09799902;0,07799922;0,11399886;0,21299787;0,14299857;1,04898951;0
13,5744;0,3952;2,813572619;796,6119;0,08899911;1,54298457;78,21821782;18,45481545;0,09799902;0,07799922;0,11399886;0,21299787;0,14299857;1,04898951;0
13,70128;0,5263;2,803765813;833,9714;0,08899911;1,54298457;78,21821782;18,45481545;0,09799902;0,07799922;0,11399886;0,21299787;0,14299857;1,04898951;0
12,70352;0,4473;2,606649014;810,6272;0,08899911;1,54298457;78,21821782;18,45481545;0,09799902;0,07799922;0,11399886;0,21299787;0,14299857;1,04898951;0
12,215712;0,5555;2,31832892;833,9127;0,08899911;1,54298457;78,21821782;18,45481545;0,09799902;0,07799922;0,11399886;0,21299787;0,14299857;1,04898951;0
17,171616;0,5398;2,226144945;849,3363;0,08899911;1,54298457;78,21821782;18,45481545;0,09799902;0,07799922;0,11399886;0,21299787;0,14299857;1,04898951;0
16,475776;0,5178;2,141806414;845,7147;0,08899911;1,54298457;78,21821782;18,45481545;0,09799902;0,07799922;0,11399886;0,21299787;0,14299857;1,04898951;0
16,326368;0,5749;2,514465039;832,5273;0,08899911;1,54298457;78,21821782;18,45481545;0,09799902;0,07799922;0,11399886;0,21299787;0,14299857;1,04898951;0
12,377216;0,477;2,16926547;825,6085;0,08899911;1,54298457;78,21821782;18,45481545;0,09799902;0,07799922;0,11399886;0,21299787;0,14299857;1,04898951;0
17,929312;0,5801;2,397764048;866,4178;0,08899911;1,54298457;78,21821782;18,45481545;0,09799902;0,07799922;0,11399886;0,21299787;0,14299857;1,04898951;0
16,334784;0,3064;2,320290281;826,9182;0,08899911;1,54298457;78,21821782;18,45481545;0,09799902;0,07799922;0,11399886;0,21299787;0,14299857;1,04898951;0
14,804704;0,3111;2,460527606;823,7552;0,08899911;1,54298457;78,21821782;18,45481545;0,09799902;0,07799922;0,11399886;0,21299787;0,14299857;1,04898951;0
13,806208;0,5103;2,347749338;819,4591;0,08899911;1,54298457;78,21821782;18,45481545;0,09799902;0,07799922;0,11399886;0,21299787;0,14299857;1,04898951;0
15,237024;0,3921;2,784152202;804,3599;0,08899911;1,54298457;78,21821782;18,45481545;0,09799902;0,07799922;0,11399886;0,21299787;0,14299857;1,04898951;0
15,565184;0,3833;2,205550652;818,792;0;0,968;63,862;34,012;0,015;0,01;0,013;0,041;0,965;0,114;0
17,12016;0,4933;2,249681279;858,702;0;0,968;63,862;34,012;0,015;0,01;0,013;0,041;0,965;0,114;0
15,724832;0,4065;2,984211042;824,4178;0;0,968;63,862;34,012;0,015;0,01;0,013;0,041;0,965;0,114;0
15,85504;0,5462;2,895949789;819,8917;0;0,968;63,862;34,012;0,015;0,01;0,013;0,041;0,965;0,114;0
13,511936;0,4813;2,99695989;826,989;0;0,968;63,862;34,012;0,015;0,01;0,013;0,041;0,965;0,114;0
15,99952;0,4967;2,246739237;842,483;0;0,968;63,862;34,012;0,015;0,01;0,013;0,041;0,965;0,114;0
14,789344;0,3014;2,544866137;827,0366;0;0,968;63,862;34,012;0,015;0,01;0,013;0,041;0,965;0,114;0
16,66512;0,3946;2,401686771;821,1138;0;0,968;63,862;34,012;0,015;0,01;0,013;0,041;0,965;0,114;0
13,32976;0,3614;2,932234971;841,1389;0;0,968;63,862;34,012;0,015;0,01;0,013;0,041;0,965;0,114;0
12,666528;0,5221;2,58311268;852,9457;0;0,968;63,862;34,012;0,015;0,01;0,013;0,041;0,965;0,114;0
17,839232;0,3036;2,445817397;840,2473;0;0,968;63,862;34,012;0,015;0,01;0,013;0,041;0,965;0,114;0
17,419712;0,3586;2,150632539;841,4957;0;0,968;63,862;34,012;0,015;0,01;0,013;0,041;0,965;0,114;0
16,730688;0,3013;2,804746494;811,9764;0;0,968;63,862;34,012;0,015;0,01;0,013;0,041;0,965;0,114;0
17,59056;0,5835;2,374227714;835,6588;0;0,968;63,862;34,012;0,015;0,01;0,013;0,041;0,965;0,114;0
12,647296;0,3814;2,661567128;842,7292;0;0,968;63,862;34,012;0,015;0,01;0,013;0,041;0,965;0,114;0
15,49248;0,3166;2,477199176;839,9763;0;0,968;63,862;34,012;0,015;0,01;0,013;0,041;0,965;0,114;0
12,736096;0,3822;2,474257134;811,6825;0;0,968;63,862;34,012;0,015;0,01;0,013;0,041;0,965;0,114;0
15,236672;0,3955;2,530155928;817,5934;0;0,968;63,862;34,012;0,015;0,01;0,013;0,041;0,965;0,114;0
16,670784;0,5507;2,739040894;849,0132;0;0,968;63,862;34,012;0,015;0,01;0,013;0,041;0,965;0,114;0
12,628448;0,3913;2,419339021;822,3357;0;0,968;63,862;34,012;0,015;0,01;0,013;0,041;0,965;0,114;0
14,425664;0,3763;2,78121016;805,595;0;0,968;63,862;34,012;0,015;0,01;0,013;0,041;0,965;0,114;0
12,817056;0,4608;2,267333529;856,5537;0;0,968;63,862;34,012;0,015;0,01;0,013;0,041;0,965;0,114;0
17,79968;0,4623;2,812591939;858,0596;0;0,968;63,862;34,012;0,015;0,01;0,013;0,041;0,965;0,114;0
15,693344;0,5371;2,526233206;835,5577;0;0,968;63,862;34,012;0,015;0,01;0,013;0,041;0,965;0,114;0
17,687968;0,5349;2,953809944;830,363;0;0,968;63,862;34,012;0,015;0,01;0,013;0,041;0,965;0,114;0
17,039232;0,4574;2,822398745;838,7579;0;0,968;63,862;34,012;0,015;0,01;0,013;0,041;0,965;0,114;0
17,107712;0,4896;2,812591939;834,2704;0;0,968;63,862;34,012;0,015;0,01;0,013;0,041;0,965;0,114;0
13,424224;0,4279;2,274198294;812,0815;0;0,968;63,862;34,012;0,015;0,01;0,013;0,041;0,965;0,114;0
13,969728;0,5753;2,528194567;849,9199;0;0,968;63,862;34,012;0,015;0,01;0,013;0,041;0,965;0,114;0
16,85664;0,3268;2,164362067;854,8502;0;0,968;63,862;34,012;0,015;0,01;0,013;0,041;0,965;0,114;0
17,602848;0,4158;2,580170638;824,2125;0;0,968;63,862;34,012;0,015;0,01;0,013;0,041;0,965;0,114;0
13,179232;0,5443;2,878297538;830,6521;0;0,968;63,862;34,012;0,015;0,01;0,013;0,041;0,965;0,114;0
15,026656;0,4685;2,355594783;828,403;0;0,968;63,862;34,012;0,015;0,01;0,013;0,041;0,965;0,114;0
14,21968;0,4608;2,306560753;819,8455;0;0,968;63,862;34,012;0,015;0,01;0,013;0,041;0,965;0,114;0
12,975616;0,5215;2,88123958;826,29;0;0,968;63,862;34,012;0,015;0,01;0,013;0,041;0,965;0,114;0
17,687808;0,5614;2,904775914;837,4554;0;0,968;63,862;34,012;0,015;0,01;0,013;0,041;0,965;0,114;0
17,672768;0,3268;2,916544082;830,2546;0;0,968;63,862;34,012;0,015;0,01;0,013;0,041;0,965;0,114;0
12,824;0,3894;2,220260861;842,647;0;0,968;63,862;34,012;0,015;0,01;0,013;0,041;0,965;0,114;0
12,351392;0,5725;2,813572619;822,4669;0;0,968;63,862;34,012;0,015;0,01;0,013;0,041;0,965;0,114;0
13,799424;0,436;2,88123958;824,1084;0;0,968;63,862;34,012;0,015;0,01;0,013;0,041;0,965;0,114;0
16,530912;0,5912;2,63214671;855,5342;0,003;0,164;88,186;9,453;0,035;0,061;0,095;0,045;1,922;0,036;0
12,861888;0,4682;2,445817397;815,0897;0,003;0,164;88,186;9,453;0,035;0,061;0,095;0,045;1,922;0,036;0
17,038112;0,3068;2,624301265;812,3712;0,003;0,164;88,186;9,453;0,035;0,061;0,095;0,045;1,922;0,036;0
15,23632;0,5941;2,71452388;834,8285;0,003;0,164;88,186;9,453;0,035;0,061;0,095;0,045;1,922;0,036;0
16,782304;0,4187;2,478179857;846,2965;0,003;0,164;88,186;9,453;0,035;0,061;0,095;0,045;1,922;0,036;0
17,771648;0,5657;2,506619594;856,3722;0,003;0,164;88,186;9,453;0,035;0,061;0,095;0,045;1,922;0,036;0
15,277696;0,5227;2,923408846;837,9342;0,003;0,164;88,186;9,453;0,035;0,061;0,095;0,045;1,922;0,036;0
15,34032;0,3189;2,696871629;801,7952;0,003;0,164;88,186;9,453;0,035;0,061;0,095;0,045;1,922;0,036;0
16,917088;0,5704;2,498774149;829,5347;0,003;0,164;88,186;9,453;0,035;0,061;0,095;0,045;1,922;0,036;0
16,98704;0,5514;2,818476022;832,1771;0,003;0,164;88,186;9,453;0,035;0,061;0,095;0,045;1,922;0,036;0
12,995392;0,5656;2,989114445;819,0594;0,003;0,164;88,186;9,453;0,035;0,061;0,095;0,045;1,922;0,036;0
17,825504;0,3377;2,723350005;852,9664;0,003;0,164;88,186;9,453;0,035;0,061;0,095;0,045;1,922;0,036;0
15,48352;0,5982;2,8145533;814,6082;0,003;0,164;88,186;9,453;0,035;0,061;0,095;0,045;1,922;0,036;0
16,688736;0,4824;2,107482593;827,4326;0,003;0,164;88,186;9,453;0,035;0,061;0,095;0,045;1,922;0,036;0
16,550848;0,316;2,689026184;853,2656;0,003;0,164;88,186;9,453;0,035;0,061;0,095;0,045;1,922;0,036;0
13,52624;0,3097;2,401686771;800,1387;0,003;0,164;88,186;9,453;0,035;0,061;0,095;0,045;1,922;0,036;0
17,83904;0,5331;2,839070315;817,3156;0,003;0,164;88,186;9,453;0,035;0,061;0,095;0,045;1,922;0,036;0
16,553248;0,4916;2,918505443;846,8234;0,003;0,164;88,186;9,453;0,035;0,061;0,095;0,045;1,922;0,036;0
15,48608;0,3769;2,586054722;815,2273;0,003;0,164;88,186;9,453;0,035;0,061;0,095;0,045;1,922;0,036;0
17,148352;0,5133;2,966558792;840,8699;0,003;0,164;88,186;9,453;0,035;0,061;0,095;0,045;1,922;0,036;0
12,89888;0,472;2,289889183;820,0222;0,003;0,164;88,186;9,453;0,035;0,061;0,095;0,045;1,922;0,036;0
16,50288;0,3752;2,727272727;822,537;0,003;0,164;88,186;9,453;0,035;0,061;0,095;0,045;1,922;0,036;0
13,277568;0,4613;2,255565362;856,6189;0,003;0,164;88,186;9,453;0,035;0,061;0,095;0,045;1,922;0,036;0
14,018624;0,5339;2,890065706;834,8804;0,003;0,164;88,186;9,453;0,035;0,061;0,095;0,045;1,922;0,036;0
15,888;0,4656;2,20162793;829,415;0,003;0,164;88,186;9,453;0,035;0,061;0,095;0,045;1,922;0,036;0
17,456512;0,3796;2,154555261;836,5621;0,003;0,164;88,186;9,453;0,035;0,061;0,095;0,045;1,922;0,036;0
16,085376;0,4796;2,193782485;828,1266;0,003;0,164;88,186;9,453;0,035;0,061;0,095;0,045;1,922;0,036;0
14,835104;0,3512;2,494851427;820,3909;0,003;0,164;88,186;9,453;0,035;0,061;0,095;0,045;1,922;0,036;0
15,088704;0,406;2,336961852;860,0743;0,003;0,164;88,186;9,453;0,035;0,061;0,095;0,045;1,922;0,036;0
16,078784;0,4895;2,381092478;836,2849;0,003;0,164;88,186;9,453;0,035;0,061;0,095;0,045;1,922;0,036;0
15,50272;0,427;2,132980288;824,1177;0,003;0,164;88,186;9,453;0,035;0,061;0,095;0,045;1,922;0,036;0
14,416704;0,5268;2,269294891;849,2512;0,003;0,164;88,186;9,453;0,035;0,061;0,095;0,045;1,922;0,036;0
14,592672;0,5136;2,199666569;856,8998;0,003;0,164;88,186;9,453;0,035;0,061;0,095;0,045;1,922;0,036;0
17,530496;0,3152;2,553692262;806,3274;0,003;0,164;88,186;9,453;0,035;0,061;0,095;0,045;1,922;0,036;0
13,306848;0,5715;2,953809944;846,7258;0,003;0,164;88,186;9,453;0,035;0,061;0,095;0,045;1,922;0,036;0
16,453632;0,5914;2,976365598;842,135;0,003;0,164;88,186;9,453;0,035;0,061;0,095;0,045;1,922;0,036;0
17,050208;0,3255;2,950867902;808,2318;0,003;0,164;88,186;9,453;0,035;0,061;0,095;0,045;1,922;0,036;0
12,218624;0,4799;2,603706973;822,2345;0,003;0,164;88,186;9,453;0,035;0,061;0,095;0,045;1,922;0,036;0
16,208256;0,4408;2,295773267;821,4205;0,003;0,164;88,186;9,453;0,035;0,061;0,095;0,045;1,922;0,036;0
16,25696;0,4328;2,165342748;817,3007;0,003;0,164;88,186;9,453;0,035;0,061;0,095;0,045;1,922;0,036;0
12,41968;0,3822;2,113366676;818,499;0,621;0,471;84,47;12,042;0,087;0,145;0,231;0,088;1,788;0,057;0
12,546208;0,4077;2,455624203;803,2535;0,621;0,471;84,47;12,042;0,087;0,145;0,231;0,088;1,788;0,057;0
12,60096;0,5102;2,774345396;815,0863;0,621;0,471;84,47;12,042;0,087;0,145;0,231;0,088;1,788;0,057;0
13,509216;0,483;2,390899284;832,0121;0,621;0,471;84,47;12,042;0,087;0,145;0,231;0,088;1,788;0,057;0
14,718464;0,3154;2,693929587;805,3616;0,621;0,471;84,47;12,042;0,087;0,145;0,231;0,088;1,788;0,057;0
17,662336;0,3106;2,141806414;860,7087;0,621;0,471;84,47;12,042;0,087;0,145;0,231;0,088;1,788;0,057;0
15,313216;0,5898;2,186917721;864,5613;0,621;0,471;84,47;12,042;0,087;0,145;0,231;0,088;1,788;0,057;0
13,013696;0,4059;2,31734824;823,8555;0,621;0,471;84,47;12,042;0,087;0,145;0,231;0,088;1,788;0,057;0
14,772672;0,5357;2,487986663;819,1907;0,621;0,471;84,47;12,042;0,087;0,145;0,231;0,088;1,788;0,057;0
14,21216;0,476;2,816514661;839,4324;0,621;0,471;84,47;12,042;0,087;0,145;0,231;0,088;1,788;0,057;0
14,355904;0,3124;2,630185349;831,3146;0,621;0,471;84,47;12,042;0,087;0,145;0,231;0,088;1,788;0,057;0
13,444928;0,4846;2,237913112;820,639;0,621;0,471;84,47;12,042;0,087;0,145;0,231;0,088;1,788;0,057;0
16,966528;0,3198;2,294792586;840,127;0,621;0,471;84,47;12,042;0,087;0,145;0,231;0,088;1,788;0,057;0
13,086944;0,5548;2,362459547;822,3661;0,621;0,471;84,47;12,042;0,087;0,145;0,231;0,088;1,788;0,057;0
13,67456;0,5204;2,511522997;817,9528;0,621;0,471;84,47;12,042;0,087;0,145;0,231;0,088;1,788;0,057;0
14,098464;0,3092;2,382073159;830,0582;0,621;0,471;84,47;12,042;0,087;0,145;0,231;0,088;1,788;0,057;0
15,992928;0,398;2,43306855;836,6676;0,621;0,471;84,47;12,042;0,087;0,145;0,231;0,088;1,788;0,057;0
14,17408;0,3481;2,708639796;820,7374;0,621;0,471;84,47;12,042;0,087;0,145;0,231;0,088;1,788;0,057;0
13,897568;0,4541;2,960674708;830,9681;0,621;0,471;84,47;12,042;0,087;0,145;0,231;0,088;1,788;0,057;0
15,641152;0,4641;2,131018927;828,595;0,621;0,471;84,47;12,042;0,087;0,145;0,231;0,088;1,788;0,057;0
15,603616;0,4421;2,84691576;814,5774;0,621;0,471;84,47;12,042;0,087;0,145;0,231;0,088;1,788;0,057;0
13,107264;0,5954;2,742963617;839,6528;0,621;0,471;84,47;12,042;0,087;0,145;0,231;0,088;1,788;0,057;0
13,087136;0,3385;2,543885457;796,9028;0,621;0,471;84,47;12,042;0,087;0,145;0,231;0,088;1,788;0,057;0
14,860384;0,3155;2,829263509;803,3204;0,621;0,471;84,47;12,042;0,087;0,145;0,231;0,088;1,788;0,057;0
17,359296;0,4523;2,325193684;846,2281;0,621;0,471;84,47;12,042;0,087;0,145;0,231;0,088;1,788;0,057;0
14,015872;0,4615;2,920466804;849,4784;0,621;0,471;84,47;12,042;0,087;0,145;0,231;0,088;1,788;0,057;0
13,489056;0,3711;2,772384035;845,6995;0,621;0,471;84,47;12,042;0,087;0,145;0,231;0,088;1,788;0,057;0
17,41552;0,5989;2,498774149;839,9066;0,621;0,471;84,47;12,042;0,087;0,145;0,231;0,088;1,788;0,057;0
15,378048;0,3452;2,209473375;824,9817;0,621;0,471;84,47;12,042;0,087;0,145;0,231;0,088;1,788;0,057;0
12,275584;0,4245;2,680200059;817,1875;0,621;0,471;84,47;12,042;0,087;0,145;0,231;0,088;1,788;0,057;0
16,282592;0,3093;2,820437384;817,0532;0,621;0,471;84,47;12,042;0,087;0,145;0,231;0,088;1,788;0,057;0
14,58608;0,3067;2,247719918;807,3844;0,621;0,471;84,47;12,042;0,087;0,145;0,231;0,088;1,788;0,057;0
15,087808;0,4411;2,907717956;805,3075;0,621;0,471;84,47;12,042;0,087;0,145;0,231;0,088;1,788;0,057;0
13,258144;0,363;2,354614102;845,7983;0,621;0,471;84,47;12,042;0,087;0,145;0,231;0,088;1,788;0,057;0
16,330944;0,5581;2,33401981;849,5159;0,621;0,471;84,47;12,042;0,087;0,145;0,231;0,088;1,788;0,057;0
14,023392;0,4756;2,786113563;802,8887;0,621;0,471;84,47;12,042;0,087;0,145;0,231;0,088;1,788;0,057;0
15,974624;0,4514;2,207512013;823,0045;0,621;0,471;84,47;12,042;0,087;0,145;0,231;0,088;1,788;0,057;0
15,08176;0,3438;2,385015201;810,1035;0,621;0,471;84,47;12,042;0,087;0,145;0,231;0,088;1,788;0,057;0
14,930496;0,5573;2,444836717;813,8145;0,621;0,471;84,47;12,042;0,087;0,145;0,231;0,088;1,788;0,057;0
16,499776;0,4742;2,738060214;826,7499;0,621;0,471;84,47;12,042;0,087;0,145;0,231;0,088;1,788;0,057;0
12,332704;0,5663;2,588016083;820,5247;0,001;0,242;86,639;11,161;0,027;0,029;0,043;0,057;1,762;0,039;0
15,359904;0,509;2,530155928;832,5413;0,001;0,242;86,639;11,161;0,027;0,029;0,043;0,057;1,762;0,039;0
14,561344;0,4694;2,283024419;818,0658;0,001;0,242;86,639;11,161;0,027;0,029;0,043;0,057;1,762;0,039;0
16,658176;0,5904;2,353633422;825,8633;0,001;0,242;86,639;11,161;0,027;0,029;0,043;0,057;1,762;0,039;0
12,015552;0,4422;2,331077768;826,2572;0,001;0,242;86,639;11,161;0,027;0,029;0,043;0,057;1,762;0,039;0
17,952768;0,364;2,883200941;819,0223;0,001;0,242;86,639;11,161;0,027;0,029;0,043;0,057;1,762;0,039;0
13,637568;0,4666;2,688045504;822,965;0,001;0,242;86,639;11,161;0,027;0,029;0,043;0,057;1,762;0,039;0
15,762944;0,4188;2,719427283;854,05;0,001;0,242;86,639;11,161;0,027;0,029;0,043;0,057;1,762;0,039;0
13,185088;0,5892;2,838089634;805,3082;0,001;0,242;86,639;11,161;0,027;0,029;0,043;0,057;1,762;0,039;0
15,716608;0,4648;2,182014318;831,0579;0,001;0,242;86,639;11,161;0,027;0,029;0,043;0,057;1,762;0,039;0
13,256128;0,3186;2,722369324;800,9989;0,001;0,242;86,639;11,161;0,027;0,029;0,043;0,057;1,762;0,039;0
16,4496;0,5486;2,276159655;844,5117;0,001;0,242;86,639;11,161;0,027;0,029;0,043;0,057;1,762;0,039;0
17,061568;0,4587;2,436991272;827,2318;0,001;0,242;86,639;11,161;0,027;0,029;0,043;0,057;1,762;0,039;0
15,253504;0,5055;2,419339021;829,2922;0,001;0,242;86,639;11,161;0,027;0,029;0,043;0,057;1,762;0,039;0
17,948352;0,4804;2,48406394;862,9971;0,001;0,242;86,639;11,161;0,027;0,029;0,043;0,057;1,762;0,039;0
17,474656;0,3506;2,326174365;824,2736;0,001;0,242;86,639;11,161;0,027;0,029;0,043;0,057;1,762;0,039;0
16,67392;0,4306;2,79788173;807,0991;0,001;0,242;86,639;11,161;0,027;0,029;0,043;0,057;1,762;0,039;0
13,661728;0,4056;2,659605766;806,5621;0,001;0,242;86,639;11,161;0,027;0,029;0,043;0,057;1,762;0,039;0
12,42848;0,4789;2,319309601;827,3303;0,001;0,242;86,639;11,161;0,027;0,029;0,043;0,057;1,762;0,039;0
14,4656;0,565;2,646856919;822,2299;0,001;0,242;86,639;11,161;0,027;0,029;0,043;0,057;1,762;0,039;0
15,609664;0,5012;2,744924978;858,0541;0,001;0,242;86,639;11,161;0,027;0,029;0,043;0,057;1,762;0,039;0
17,28624;0,498;2,749828381;839,2128;0,001;0,242;86,639;11,161;0,027;0,029;0,043;0,057;1,762;0,039;0
16,344864;0,3014;2,933215652;830,6865;0,001;0,242;86,639;11,161;0,027;0,029;0,043;0,057;1,762;0,039;0
12,671456;0,489;2,506619594;831,4611;0,001;0,242;86,639;11,161;0,027;0,029;0,043;0,057;1,762;0,039;0
16,76528;0,4704;2,871432774;817,1719;0,001;0,242;86,639;11,161;0,027;0,029;0,043;0,057;1,762;0,039;0
12,466752;0,5158;2,530155928;851,8839;0,001;0,242;86,639;11,161;0,027;0,029;0,043;0,057;1,762;0,039;0
13,028896;0,5826;2,806707855;829,7527;0,001;0,242;86,639;11,161;0,027;0,029;0,043;0,057;1,762;0,039;0
15,712032;0,564;2,572325194;836,7284;0,001;0,242;86,639;11,161;0,027;0,029;0,043;0,057;1,762;0,039;0
17,095264;0,4295;2,944983819;837,2087;0,001;0,242;86,639;11,161;0,027;0,029;0,043;0,057;1,762;0,039;0
14,290528;0,3804;2,848877121;829,5265;0,001;0,242;86,639;11,161;0,027;0,029;0,043;0,057;1,762;0,039;0
16,246528;0,3919;2,802785133;816,9969;0,001;0,242;86,639;11,161;0,027;0,029;0,043;0,057;1,762;0,039;0
14,327904;0,4631;2,326174365;823,1722;0,001;0,242;86,639;11,161;0,027;0,029;0,043;0,057;1,762;0,039;0
14,36288;0,3482;2,928312249;814,6234;0,001;0,242;86,639;11,161;0,027;0,029;0,043;0,057;1,762;0,039;0
13,34;0,3889;2,974404237;793,4711;0,001;0,242;86,639;11,161;0,027;0,029;0,043;0,057;1,762;0,039;0
16,946016;0,4214;2,684122781;841,2234;0,001;0,242;86,639;11,161;0,027;0,029;0,043;0,057;1,762;0,039;0
17,131328;0,479;2,875355497;845,6295;0,001;0,242;86,639;11,161;0,027;0,029;0,043;0,057;1,762;0,039;0
13,890432;0,5627;2,187898401;847,6007;0,001;0,242;86,639;11,161;0,027;0,029;0,043;0,057;1,762;0,039;0
12,443872;0,5013;2,505638913;827,5615;0,001;0,242;86,639;11,161;0,027;0,029;0,043;0,057;1,762;0,039;0
14,010016;0,4731;2,124154163;858,1399;0,001;0,242;86,639;11,161;0,027;0,029;0,043;0,057;1,762;0,039;0
15,355328;0,511;2,56644111;811,8347;0,001;0,242;86,639;11,161;0,027;0,029;0,043;0,057;1,762;0,039;0
17,308576;0,4626;2,306560753;824,1125;0;0,334;87,856;9,997;0,026;0,021;0,03;0,053;1,634;0,049;0
15,427296;0,5282;2,388937923;860,4634;0;0,334;87,856;9,997;0,026;0,021;0,03;0,053;1,634;0,049;0
15,004864;0,5465;2,61645582;853,8027;0;0,334;87,856;9,997;0,026;0,021;0,03;0,053;1,634;0,049;0
13,604064;0,5529;2,494851427;847,4027;0;0,334;87,856;9,997;0,026;0,021;0,03;0,053;1,634;0,049;0
17,306016;0,4792;2,693929587;849,6451;0;0,334;87,856;9,997;0,026;0,021;0,03;0,053;1,634;0,049;0
15,861088;0,3183;2,325193684;826,4904;0;0,334;87,856;9,997;0,026;0,021;0,03;0,053;1,634;0,049;0
12,930016;0,426;2,193782485;818,5485;0;0,334;87,856;9,997;0,026;0,021;0,03;0,053;1,634;0,049;0
12,602816;0,5804;2,122192802;838,0051;0;0,334;87,856;9,997;0,026;0,021;0,03;0,053;1,634;0,049;0
16,380576;0,472;2,504658233;833,0541;0;0,334;87,856;9,997;0,026;0,021;0,03;0,053;1,634;0,049;0
15,812192;0,546;2,687064823;835,4706;0;0,334;87,856;9,997;0,026;0,021;0,03;0,053;1,634;0,049;0
16,969088;0,4685;2,734137491;854,7271;0;0,334;87,856;9,997;0,026;0,021;0,03;0,053;1,634;0,049;0
15,948064;0,4382;2,985191723;832,976;0;0,334;87,856;9,997;0,026;0,021;0,03;0,053;1,634;0,049;0
15,5888;0,517;2,545846818;837,4862;0;0,334;87,856;9,997;0,026;0,021;0,03;0,053;1,634;0,049;0
14,593952;0,4987;2,827302148;851,416;0;0,334;87,856;9,997;0,026;0,021;0,03;0,053;1,634;0,049;0
17,238624;0,5907;2,876336177;823,0416;0;0,334;87,856;9,997;0,026;0,021;0,03;0,053;1,634;0,049;0
12,85696;0,3282;2,506619594;807,4691;0;0,334;87,856;9,997;0,026;0,021;0,03;0,053;1,634;0,049;0
15,295456;0,4938;2,691968226;830,9224;0;0,334;87,856;9,997;0,026;0,021;0,03;0,053;1,634;0,049;0
15,515744;0,3643;2,99695989;804,2258;0;0,334;87,856;9,997;0,026;0,021;0,03;0,053;1,634;0,049;0
15,539168;0,4571;2,63214671;821,8062;0;0,334;87,856;9,997;0,026;0,021;0,03;0,053;1,634;0,049;0
14,918592;0,3965;2,214376777;847,4485;0;0,334;87,856;9,997;0,026;0,021;0,03;0,053;1,634;0,049;0
15,924256;0,5732;2,894969109;831,9546;0;0,334;87,856;9,997;0,026;0,021;0,03;0,053;1,634;0,049;0
14,632576;0,519;2,64979896;838,6017;0;0,334;87,856;9,997;0,026;0,021;0,03;0,053;1,634;0,049;0
14,104864;0,5669;2,59880357;819,53;0;0,334;87,856;9,997;0,026;0,021;0,03;0,053;1,634;0,049;0
14,84208;0,3209;2,446798078;828,251;0;0,334;87,856;9,997;0,026;0,021;0,03;0,053;1,634;0,049;0
12,706976;0,5049;2,399725409;811,6929;0;0,334;87,856;9,997;0,026;0,021;0,03;0,053;1,634;0,049;0
13,496384;0,5143;2,362459547;814,2999;0;0,334;87,856;9,997;0,026;0,021;0,03;0,053;1,634;0,049;0
16,35328;0,3418;2,272236932;840,0146;0;0,334;87,856;9,997;0,026;0,021;0,03;0,053;1,634;0,049;0
17,208608;0,3988;2,470334412;843,6254;0;0,334;87,856;9,997;0,026;0,021;0,03;0,053;1,634;0,049;0
14,434816;0,4046;2,555653624;843,754;0;0,334;87,856;9,997;0,026;0,021;0,03;0,053;1,634;0,049;0
13,90416;0,465;2,142787094;858,3173;0;0,334;87,856;9,997;0,026;0,021;0,03;0,053;1,634;0,049;0
15,63584;0,4135;2,857703246;827,399;0;0,334;87,856;9,997;0,026;0,021;0,03;0,053;1,634;0,049;0
15,219648;0,5343;2,386976562;826,4241;0;0,334;87,856;9,997;0,026;0,021;0,03;0,053;1,634;0,049;0
14,206656;0,3417;2,427184466;840,2549;0;0,334;87,856;9,997;0,026;0,021;0,03;0,053;1,634;0,049;0
12,650048;0,3365;2,442875355;801,8842;0;0,334;87,856;9,997;0,026;0,021;0,03;0,053;1,634;0,049;0
13,987296;0,4112;2,882220261;797,7886;0;0,334;87,856;9,997;0,026;0,021;0,03;0,053;1,634;0,049;0
15,448544;0,4257;2,35167206;826,7672;0;0,334;87,856;9,997;0,026;0,021;0,03;0,053;1,634;0,049;0
14,180672;0,527;2,508580955;825,8252;0;0,334;87,856;9,997;0,026;0,021;0,03;0,053;1,634;0,049;0
14,273504;0,4322;2,474257134;850,0979;0;0,334;87,856;9,997;0,026;0,021;0,03;0,053;1,634;0,049;0
16,876064;0,3489;2,811611258;814,1559;0;0,334;87,856;9,997;0,026;0,021;0,03;0,053;1,634;0,049;0
14,588832;0,3534;2,683142101;817,9794;0;0,334;87,856;9,997;0,026;0,021;0,03;0,053;1,634;0,049;0
14,323136;0,5999;2,136903011;867,9014;0;0,351;87,802;10,219;0,026;0,022;0,029;0,054;1,456;0,041;0
13,810432;0,381;2,114347357;815,8276;0;0,351;87,802;10,219;0,026;0,022;0,029;0,054;1,456;0,041;0
15,954272;0,5132;2,454643523;822,6899;0;0,351;87,802;10,219;0,026;0,022;0,029;0,054;1,456;0,041;0
12,205984;0,4669;2,176130234;809,7792;0;0,351;87,802;10,219;0,026;0,022;0,029;0,054;1,456;0,041;0
13,159104;0,4159;2,30165735;809,3722;0;0,351;87,802;10,219;0,026;0,022;0,029;0,054;1,456;0,041;0
15,542848;0,5251;2,927331568;816,5856;0;0,351;87,802;10,219;0,026;0,022;0,029;0,054;1,456;0,041;0
13,807488;0,4506;2,886142983;806,6913;0;0,351;87,802;10,219;0,026;0,022;0,029;0,054;1,456;0,041;0
17,486368;0,3727;2,712562518;822,0518;0;0,351;87,802;10,219;0,026;0,022;0,029;0,054;1,456;0,041;0
14,522528;0,5344;2,159458664;847,6224;0;0,351;87,802;10,219;0,026;0,022;0,029;0,054;1,456;0,041;0
15,74864;0,3071;2,867510052;820,4388;0;0,351;87,802;10,219;0,026;0,022;0,029;0,054;1,456;0,041;0
12,7048;0,3552;2,948906541;794,9315;0;0,351;87,802;10,219;0,026;0,022;0,029;0,054;1,456;0,041;0
13,986752;0,5216;2,176130234;819,145;0;0,351;87,802;10,219;0,026;0,022;0,029;0,054;1,456;0,041;0
16,305504;0,306;2,746886339;814,6697;0;0,351;87,802;10,219;0,026;0,022;0,029;0,054;1,456;0,041;0
15,45184;0,5578;2,700794351;812,1221;0;0,351;87,802;10,219;0,026;0,022;0,029;0,054;1,456;0,041;0
15,349472;0,3559;2,972442875;844,8552;0;0,351;87,802;10,219;0,026;0,022;0,029;0,054;1,456;0,041;0
14,385952;0,5962;2,664509169;841,24;0;0,351;87,802;10,219;0,026;0,022;0,029;0,054;1,456;0,041;0
17,20896;0,4598;2,589977444;814,2241;0;0,351;87,802;10,219;0,026;0,022;0,029;0,054;1,456;0,041;0
15,172576;0,3836;2,508580955;848,5391;0;0,351;87,802;10,219;0,026;0,022;0,029;0,054;1,456;0,041;0
13,627296;0,4042;2,186917721;815,782;0;0,351;87,802;10,219;0,026;0,022;0,029;0,054;1,456;0,041;0
13,23344;0,5984;2,49975483;823,0289;0;0,351;87,802;10,219;0,026;0,022;0,029;0,054;1,456;0,041;0
17,492224;0,5914;2,321270962;847,618;0;0,351;87,802;10,219;0,026;0,022;0,029;0,054;1,456;0,041;0
15,6776;0,3538;2,707659115;812,7605;0;0,351;87,802;10,219;0,026;0,022;0,029;0,054;1,456;0,041;0
13,358688;0,4613;2,428165147;845,9062;0;0,351;87,802;10,219;0,026;0,022;0,029;0,054;1,456;0,041;0
17,699872;0,4371;2,643914877;823,8975;0;0,351;87,802;10,219;0,026;0,022;0,029;0,054;1,456;0,041;0
13,723456;0,5498;2,989114445;827,504;0;0,351;87,802;10,219;0,026;0,022;0,029;0,054;1,456;0,041;0
12,728768;0,5884;2,359517505;857,1429;0;0,351;87,802;10,219;0,026;0,022;0,029;0,054;1,456;0,041;0
17,047456;0,3861;2,859664607;835,0273;0;0,351;87,802;10,219;0,026;0,022;0,029;0,054;1,456;0,041;0
12,326496;0,4153;2,309502795;840,9667;0;0,351;87,802;10,219;0,026;0,022;0,029;0,054;1,456;0,041;0
17,529408;0,3256;2,569383152;850,5637;0;0,351;87,802;10,219;0,026;0,022;0,029;0,054;1,456;0,041;0
15,835072;0,3457;2,8802589;823,3868;0;0,351;87,802;10,219;0,026;0,022;0,029;0,054;1,456;0,041;0
12,63008;0,4224;2,776306757;801,5757;0;0,351;87,802;10,219;0,026;0,022;0,029;0,054;1,456;0,041;0
13,776544;0,518;2,673335295;821,0355;0;0,351;87,802;10,219;0,026;0,022;0,029;0,054;1,456;0,041;0
14,345088;0,5377;2,383053839;813,0269;0;0,351;87,802;10,219;0,026;0,022;0,029;0,054;1,456;0,041;0
13,000704;0,3092;2,757673826;833,1731;0;0,351;87,802;10,219;0,026;0,022;0,029;0,054;1,456;0,041;0
16,228032;0,4865;2,622339904;842,7052;0;0,351;87,802;10,219;0,026;0,022;0,029;0,054;1,456;0,041;0
17,583776;0,5995;2,486025302;858,2527;0;0,351;87,802;10,219;0,026;0,022;0,029;0,054;1,456;0,041;0
12,164448;0,5215;2,700794351;803,681;0;0,351;87,802;10,219;0,026;0,022;0,029;0,054;1,456;0,041;0
13,476416;0,3757;2,162400706;836,2373;0;0,351;87,802;10,219;0,026;0,022;0,029;0,054;1,456;0,041;0
12,895232;0,3546;2,302638031;838,3113;0;0,351;87,802;10,219;0,026;0,022;0,029;0,054;1,456;0,041;0
16,903168;0,571;2,688045504;831,0985;0;0,351;87,802;10,219;0,026;0,022;0,029;0,054;1,456;0,041;0
12,289856;0,3159;2,86358733;802,9083;0;0,20400204;90,23490235;8,135081351;0,01700017;0,0200002;0,02700027;0,04500045;1,29501295;0,02200022;0
12,509056;0,4427;2,157497303;810,0439;0;0,20400204;90,23490235;8,135081351;0,01700017;0,0200002;0,02700027;0,04500045;1,29501295;0,02200022;0
17,370112;0,4503;2,195743846;823,5941;0;0,20400204;90,23490235;8,135081351;0,01700017;0,0200002;0,02700027;0,04500045;1,29501295;0,02200022;0
15,260672;0,5878;2,922428165;807,7585;0;0,20400204;90,23490235;8,135081351;0,01700017;0,0200002;0,02700027;0,04500045;1,29501295;0,02200022;0
16,082656;0,5512;2,288908503;861,7734;0;0,20400204;90,23490235;8,135081351;0,01700017;0,0200002;0,02700027;0,04500045;1,29501295;0,02200022;0
16,091616;0,5955;2,115328038;848,1777;0;0,20400204;90,23490235;8,135081351;0,01700017;0,0200002;0,02700027;0,04500045;1,29501295;0,02200022;0
14,823936;0,5323;2,363440228;833,6842;0;0,20400204;90,23490235;8,135081351;0,01700017;0,0200002;0,02700027;0,04500045;1,29501295;0,02200022;0
15,30352;0,3373;2,541924095;807,2646;0;0,20400204;90,23490235;8,135081351;0,01700017;0,0200002;0,02700027;0,04500045;1,29501295;0,02200022;0
13,712096;0,5364;2,387957242;854,4908;0;0,20400204;90,23490235;8,135081351;0,01700017;0,0200002;0,02700027;0,04500045;1,29501295;0,02200022;0
17,712704;0,3952;2,527213886;819,4835;0;0,20400204;90,23490235;8,135081351;0,01700017;0,0200002;0,02700027;0,04500045;1,29501295;0,02200022;0
15,611872;0,4818;2,666470531;827,0822;0;0,20400204;90,23490235;8,135081351;0,01700017;0,0200002;0,02700027;0,04500045;1,29501295;0,02200022;0
13,549856;0,4262;2,529175248;808,0664;0;0,20400204;90,23490235;8,135081351;0,01700017;0,0200002;0,02700027;0,04500045;1,29501295;0,02200022;0
14,906528;0,5466;2,175149554;850,0864;0;0,20400204;90,23490235;8,135081351;0,01700017;0,0200002;0,02700027;0,04500045;1,29501295;0,02200022;0
17,107712;0,5658;2,41639698;848,5504;0;0,20400204;90,23490235;8,135081351;0,01700017;0,0200002;0,02700027;0,04500045;1,29501295;0,02200022;0
14,022656;0,4897;2,876336177;839,6421;0;0,20400204;90,23490235;8,135081351;0,01700017;0,0200002;0,02700027;0,04500045;1,29501295;0,02200022;0
13,139136;0,4679;2,902814553;816,8871;0;0,20400204;90,23490235;8,135081351;0,01700017;0,0200002;0,02700027;0,04500045;1,29501295;0,02200022;0
13,70256;0,5105;2,88123958;813,9979;0;0,20400204;90,23490235;8,135081351;0,01700017;0,0200002;0,02700027;0,04500045;1,29501295;0,02200022;0
15,007232;0,4822;2,15161322;827,7979;0;0,20400204;90,23490235;8,135081351;0,01700017;0,0200002;0,02700027;0,04500045;1,29501295;0,02200022;0
13,028704;0,3446;2,787094243;802,1056;0;0,20400204;90,23490235;8,135081351;0,01700017;0,0200002;0,02700027;0,04500045;1,29501295;0,02200022;0
12,58192;0,4702;2,833186231;816,256;0;0,20400204;90,23490235;8,135081351;0,01700017;0,0200002;0,02700027;0,04500045;1,29501295;0,02200022;0
13,195904;0,4984;2,66548985;844,4945;0;0,20400204;90,23490235;8,135081351;0,01700017;0,0200002;0,02700027;0,04500045;1,29501295;0,02200022;0
13,889152;0,4571;2,657644405;824,7845;0;0,20400204;90,23490235;8,135081351;0,01700017;0,0200002;0,02700027;0,04500045;1,29501295;0,02200022;0
13,035872;0,52;2,327155046;810,861;0;0,20400204;90,23490235;8,135081351;0,01700017;0,0200002;0,02700027;0,04500045;1,29501295;0,02200022;0
12,5096;0,4227;2,554672943;842,084;0;0,20400204;90,23490235;8,135081351;0,01700017;0,0200002;0,02700027;0,04500045;1,29501295;0,02200022;0
14,290368;0,3089;2,131018927;819,5649;0;0,20400204;90,23490235;8,135081351;0,01700017;0,0200002;0,02700027;0,04500045;1,29501295;0,02200022;0
12,7264;0,4288;2,830244189;819,8459;0;0,20400204;90,23490235;8,135081351;0,01700017;0,0200002;0,02700027;0,04500045;1,29501295;0,02200022;0
12,63392;0,5618;2,574286555;829,8132;0;0,20400204;90,23490235;8,135081351;0,01700017;0,0200002;0,02700027;0,04500045;1,29501295;0,02200022;0
16,424864;0,4845;2,576247916;830,439;0;0,20400204;90,23490235;8,135081351;0,01700017;0,0200002;0,02700027;0,04500045;1,29501295;0,02200022;0
16,448672;0,5571;2,63214671;824,4872;0;0,20400204;90,23490235;8,135081351;0,01700017;0,0200002;0,02700027;0,04500045;1,29501295;0,02200022;0
13,738624;0,4489;2,346768657;810,4723;0;0,20400204;90,23490235;8,135081351;0,01700017;0,0200002;0,02700027;0,04500045;1,29501295;0,02200022;0
15,345984;0,4759;2,265372168;822,2963;0;0,20400204;90,23490235;8,135081351;0,01700017;0,0200002;0,02700027;0,04500045;1,29501295;0,02200022;0
13,451168;0,5714;2,89693047;842,2509;0;0,20400204;90,23490235;8,135081351;0,01700017;0,0200002;0,02700027;0,04500045;1,29501295;0,02200022;0
12,441664;0,4616;2,791997646;808,4429;0;0,20400204;90,23490235;8,135081351;0,01700017;0,0200002;0,02700027;0,04500045;1,29501295;0,02200022;0
17,141408;0,5694;2,680200059;838,6566;0;0,20400204;90,23490235;8,135081351;0,01700017;0,0200002;0,02700027;0,04500045;1,29501295;0,02200022;0
12,378496;0,3157;2,412474257;816,6573;0;0,20400204;90,23490235;8,135081351;0,01700017;0,0200002;0,02700027;0,04500045;1,29501295;0,02200022;0
15,083584;0,5435;2,215357458;855,3181;0;0,20400204;90,23490235;8,135081351;0,01700017;0,0200002;0,02700027;0,04500045;1,29501295;0,02200022;0
13,099584;0,4324;2,211434736;843,1691;0;0,20400204;90,23490235;8,135081351;0,01700017;0,0200002;0,02700027;0,04500045;1,29501295;0,02200022;0
15,895872;0,4303;2,708639796;821,8331;0;0,20400204;90,23490235;8,135081351;0,01700017;0,0200002;0,02700027;0,04500045;1,29501295;0,02200022;0
13,372064;0,3696;2,809649897;803,38;0;0,20400204;90,23490235;8,135081351;0,01700017;0,0200002;0,02700027;0,04500045;1,29501295;0,02200022;0
13,938048;0,3927;2,543885457;811,3918;0;0,20400204;90,23490235;8,135081351;0,01700017;0,0200002;0,02700027;0,04500045;1,29501295;0,02200022;0
12,060416;0,4581;2,48406394;817,6564;0;0;89,7;5;1,1;1,1;1,5;1,6;0;0;0
14,460096;0,3475;2,432087869;807,8596;0;0;89,7;5;1,1;1,1;1,5;1,6;0;0;0
17,150368;0,4482;2,150632539;852,8738;0;0;89,7;5;1,1;1,1;1,5;1,6;0;0;0
14,501472;0,4305;2,122192802;834,9454;0;0;89,7;5;1,1;1,1;1,5;1,6;0;0;0
16,521376;0,5935;2,806707855;860,7239;0;0;89,7;5;1,1;1,1;1,5;1,6;0;0;0
17,538016;0,5997;2,181033637;829,3318;0;0;89,7;5;1,1;1,1;1,5;1,6;0;0;0
12,470976;0,3724;2,639011474;828,4259;0;0;89,7;5;1,1;1,1;1,5;1,6;0;0;0
15,881952;0,5751;2,727272727;822,5551;0;0;89,7;5;1,1;1,1;1,5;1,6;0;0;0
17,987904;0,5471;2,792978327;841,73;0;0;89,7;5;1,1;1,1;1,5;1,6;0;0;0
12,82912;0,4164;2,733156811;806,0029;0;0;89,7;5;1,1;1,1;1,5;1,6;0;0;0
14,77504;0,4603;2,902814553;840,2014;0;0;89,7;5;1,1;1,1;1,5;1,6;0;0;0
12,558496;0,5387;2,587035403;847,9043;0;0;89,7;5;1,1;1,1;1,5;1,6;0;0;0
17,024192;0,4688;2,586054722;817,0846;0;0;89,7;5;1,1;1,1;1,5;1,6;0;0;0
13,779648;0,565;2,720407963;837,1647;0;0;89,7;5;1,1;1,1;1,5;1,6;0;0;0
12,937344;0,5152;2,602726292;810,2725;0;0;89,7;5;1,1;1,1;1,5;1,6;0;0;0
13,131616;0,3159;2,792978327;803,6676;0;0;89,7;5;1,1;1,1;1,5;1,6;0;0;0
12,00256;0,5369;2,970481514;827,6692;0;0;89,7;5;1,1;1,1;1,5;1,6;0;0;0
12,331616;0,5385;2,345787977;821,1918;0;0;89,7;5;1,1;1,1;1,5;1,6;0;0;0
12,015936;0,3126;2,54976954;795,3657;0;0;89,7;5;1,1;1,1;1,5;1,6;0;0;0
17,072896;0,3703;2,912621359;821,7795;0;0;89,7;5;1,1;1,1;1,5;1,6;0;0;0
17,855328;0,5462;2,785132882;830,2577;0;0;89,7;5;1,1;1,1;1,5;1,6;0;0;0
15,673216;0,5431;2,595861528;827,8752;0;0;89,7;5;1,1;1,1;1,5;1,6;0;0;0
16,003168;0,3882;2,113366676;844,0751;0;0;89,7;5;1,1;1,1;1,5;1,6;0;0;0
15,474336;0,3224;2,902814553;800,3738;0;0;89,7;5;1,1;1,1;1,5;1,6;0;0;0
12,82144;0,395;2,634108071;804,7159;0;0;89,7;5;1,1;1,1;1,5;1,6;0;0;0
16,988864;0,4856;2,64979896;817,1577;0;0;89,7;5;1,1;1,1;1,5;1,6;0;0;0
16,57392;0,425;2,938119055;826,4806;0;0;89,7;5;1,1;1,1;1,5;1,6;0;0;0
15,799744;0,337;2,320290281;813,8064;0;0;89,7;5;1,1;1,1;1,5;1,6;0;0;0
17,2;0,573;2,302638031;856,6843;0;0;89,7;5;1,1;1,1;1,5;1,6;0;0;0
14,208512;0,4608;2,693929587;819,7738;0;0;89,7;5;1,1;1,1;1,5;1,6;0;0;0
17,83776;0,3411;2,749828381;816,996;0;0;89,7;5;1,1;1,1;1,5;1,6;0;0;0
12,633568;0,4109;2,23497107;829,3889;0;0;89,7;5;1,1;1,1;1,5;1,6;0;0;0
16,097856;0,5483;2,66548985;824,8556;0;0;89,7;5;1,1;1,1;1,5;1,6;0;0;0
16,75888;0,339;2,236932431;830,6584;0;0;89,7;5;1,1;1,1;1,5;1,6;0;0;0
13,086752;0,4768;2,677258017;809,0325;0;0;89,7;5;1,1;1,1;1,5;1,6;0;0;0
12,431776;0,5599;2,643914877;804,9052;0;0;89,7;5;1,1;1,1;1,5;1,6;0;0;0
14,180672;0,4557;2,203589291;856,9073;0;0;89,7;5;1,1;1,1;1,5;1,6;0;0;0
16,31264;0,5539;2,917524762;822,3313;0;0;89,7;5;1,1;1,1;1,5;1,6;0;0;0
15,547776;0,5827;2,856722565;845,5414;0;0;89,7;5;1,1;1,1;1,5;1,6;0;0;0
16,271424;0,4071;2,581151319;812,38;0;0;89,7;5;1,1;1,1;1,5;1,6;0;0;0
12,422816;0,3832;2,513484358;807,813;0;0;74,9;20;1,1;1;1,4;1,6;0;0;0
17,538208;0,4894;2,31832892;845,1031;0;0;74,9;20;1,1;1;1,4;1,6;0;0;0
17,1304;0,3066;2,546827498;831,9672;0;0;74,9;20;1,1;1;1,4;1,6;0;0;0
14,6;0,5695;2,934196332;824,4442;0;0;74,9;20;1,1;1;1,4;1,6;0;0;0
14,85744;0,5603;2,120231441;830,9747;0;0;74,9;20;1,1;1;1,4;1,6;0;0;0
14,850304;0,4677;2,182014318;817,4482;0;0;74,9;20;1,1;1;1,4;1,6;0;0;0
13,177952;0,5814;2,943022458;833,0084;0;0;74,9;20;1,1;1;1,4;1,6;0;0;0
17,986816;0,4461;2,951848583;814,465;0;0;74,9;20;1,1;1;1,4;1,6;0;0;0
17,325984;0,3452;2,892027067;840,8602;0;0;74,9;20;1,1;1;1,4;1,6;0;0;0
17,159872;0,4365;2,21928018;821,8661;0;0;74,9;20;1,1;1;1,4;1,6;0;0;0
15,217984;0,5124;2,789055605;818,4376;0;0;74,9;20;1,1;1;1,4;1,6;0;0;0
15,871712;0,5054;2,159458664;829,8881;0;0;74,9;20;1,1;1;1,4;1,6;0;0;0
14,228096;0,5123;2,948906541;808,4592;0;0;74,9;20;1,1;1;1,4;1,6;0;0;0
12,62368;0,4568;2,922428165;821,595;0;0;74,9;20;1,1;1;1,4;1,6;0;0;0
15,71056;0,5649;2,986172404;822,2351;0;0;74,9;20;1,1;1;1,4;1,6;0;0;0
13,316192;0,3725;2,271256252;830,2961;0;0;74,9;20;1,1;1;1,4;1,6;0;0;0
17,272864;0,4395;2,180052957;848,8062;0;0;74,9;20;1,1;1;1,4;1,6;0;0;0
17,3952;0,5899;2,98028832;837,1558;0;0;74,9;20;1,1;1;1,4;1,6;0;0;0
12,8;0,3516;2,210454055;819,9537;0;0;74,9;20;1,1;1;1,4;1,6;0;0;0
13,752384;0,517;2,800823772;816,6908;0;0;74,9;20;1,1;1;1,4;1,6;0;0;0
14,22736;0,3963;2,35167206;830,031;0;0;74,9;20;1,1;1;1,4;1,6;0;0;0
16,373056;0,4853;2,986172404;827,8156;0;0;74,9;20;1,1;1;1,4;1,6;0;0;0
17,06448;0,3203;2,425223105;854,3191;0;0;74,9;20;1,1;1;1,4;1,6;0;0;0
13,733888;0,3402;2,978326959;815,4633;0;0;74,9;20;1,1;1;1,4;1,6;0;0;0
17,667648;0,5305;2,722369324;825,8335;0;0;74,9;20;1,1;1;1,4;1,6;0;0;0
17,952576;0,4682;2,856722565;821,0555;0;0;74,9;20;1,1;1;1,4;1,6;0;0;0
16,264832;0,441;2,687064823;809,8578;0;0;74,9;20;1,1;1;1,4;1,6;0;0;0
15,68512;0,4628;2,756693145;857,8959;0;0;74,9;20;1,1;1;1,4;1,6;0;0;0
17,728096;0,4565;2,856722565;822,8107;0;0;74,9;20;1,1;1;1,4;1,6;0;0;0
12,774912;0,5267;2,838089634;820,0957;0;0;74,9;20;1,1;1;1,4;1,6;0;0;0
12,096512;0,394;2,867510052;799,3945;0;0;74,9;20;1,1;1;1,4;1,6;0;0;0
16,651584;0,5124;2,929292929;825,3557;0;0;74,9;20;1,1;1;1,4;1,6;0;0;0
12,851456;0,342;2,73119545;833,6074;0;0;74,9;20;1,1;1;1,4;1,6;0;0;0
16,477984;0,4996;2,722369324;827,7025;0;0;74,9;20;1,1;1;1,4;1,6;0;0;0
14,938208;0,3568;2,858683927;838,92;0;0;74,9;20;1,1;1;1,4;1,6;0;0;0
15,05008;0,5108;2,539962734;839,7457;0;0;74,9;20;1,1;1;1,4;1,6;0;0;0
16,540064;0,4963;2,856722565;813,1788;0;0;74,9;20;1,1;1;1,4;1,6;0;0;0
16,444832;0,5637;2,857703246;829,1844;0;0;74,9;20;1,1;1;1,4;1,6;0;0;0
14,601824;0,5919;2,687064823;855,6808;0;0;74,9;20;1,1;1;1,4;1,6;0;0;0
17,418432;0,4617;2,595861528;855,8088;0;0;74,9;20;1,1;1;1,4;1,6;0;0;0
16,10352;0,3572;2,582132;818,9984;0;0;79,9;10;2,2;2;2,7;3,2;0;0;0
14,554944;0,5214;2,464450329;842,134;0;0;79,9;10;2,2;2;2,7;3,2;0;0;0
17,08336;0,4344;2,629204668;831,3883;0;0;79,9;10;2,2;2;2,7;3,2;0;0;0
15,165088;0,5382;2,580170638;823,5942;0;0;79,9;10;2,2;2;2,7;3,2;0;0;0
15,411008;0,4787;2,912621359;813,3606;0;0;79,9;10;2,2;2;2,7;3,2;0;0;0
15,934336;0,5884;2,440913994;848,0876;0;0;79,9;10;2,2;2;2,7;3,2;0;0;0
15,311744;0,5793;2,421300382;837,8243;0;0;79,9;10;2,2;2;2,7;3,2;0;0;0
15,320544;0,3701;2,364420908;850,9353;0;0;79,9;10;2,2;2;2,7;3,2;0;0;0
17,639808;0,3186;2,117289399;838,3375;0;0;79,9;10;2,2;2;2,7;3,2;0;0;0
17,704448;0,3807;2,785132882;808,429;0;0;79,9;10;2,2;2;2,7;3,2;0;0;0
13,900512;0,5689;2,270275571;827,9497;0;0;79,9;10;2,2;2;2,7;3,2;0;0;0
17,285856;0,4317;2,322251643;861,892;0;0;79,9;10;2,2;2;2,7;3,2;0;0;0
14,02576;0,5259;2,147690497;856,1897;0;0;79,9;10;2,2;2;2,7;3,2;0;0;0
15,73328;0,3024;2,69883299;834,9144;0;0;79,9;10;2,2;2;2,7;3,2;0;0;0
17,896192;0,4806;2,972442875;819,8611;0;0;79,9;10;2,2;2;2,7;3,2;0;0;0
13,582624;0,4291;2,538001373;831,2738;0;0;79,9;10;2,2;2;2,7;3,2;0;0;0
14,61392;0,4282;2,444836717;810,7743;0;0;79,9;10;2,2;2;2,7;3,2;0;0;0
17,384928;0,5335;2,504658233;837,101;0;0;79,9;10;2,2;2;2,7;3,2;0;0;0
15,528352;0,5143;2,419339021;831,1125;0;0;79,9;10;2,2;2;2,7;3,2;0;0;0
14,604768;0,3876;2,925370207;844,2351;0;0;79,9;10;2,2;2;2,7;3,2;0;0;0
13,007296;0,3194;2,752770423;843,9572;0;0;79,9;10;2,2;2;2,7;3,2;0;0;0
12,269184;0,3167;2,858683927;807,8889;0;0;79,9;10;2,2;2;2,7;3,2;0;0;0
14,96144;0,5799;2,911640679;814,1913;0;0;79,9;10;2,2;2;2,7;3,2;0;0;0
13,366176;0,5394;2,435029911;841,8676;0;0;79,9;10;2,2;2;2,7;3,2;0;0;0
17,1176;0,4472;2,335981171;822,8627;0;0;79,9;10;2,2;2;2,7;3,2;0;0;0
14,992416;0,5455;2,158477984;845,7592;0;0;79,9;10;2,2;2;2,7;3,2;0;0;0
15,0424;0,4845;2,276159655;845,8043;0;0;79,9;10;2,2;2;2,7;3,2;0;0;0
16,252576;0,3111;2,767480632;852,4404;0;0;79,9;10;2,2;2;2,7;3,2;0;0;0
13,915328;0,3003;2,785132882;804,677;0;0;79,9;10;2,2;2;2,7;3,2;0;0;0
17,906784;0,3514;2,961655389;853,4161;0;0;79,9;10;2,2;2;2,7;3,2;0;0;0
12,052192;0,4204;2,973423556;842,7573;0;0;79,9;10;2,2;2;2,7;3,2;0;0;0
13,770144;0,311;2,187898401;852,5729;0;0;79,9;10;2,2;2;2,7;3,2;0;0;0
12,179264;0,5963;2,73217613;804,7;0;0;79,9;10;2,2;2;2,7;3,2;0;0;0
15,860544;0,5916;2,194763166;831,3633;0;0;79,9;10;2,2;2;2,7;3,2;0;0;0
12,455776;0,5523;2,311464156;853,7825;0;0;79,9;10;2,2;2;2,7;3,2;0;0;0
17,297024;0,4171;2,838089634;809,3832;0;0;79,9;10;2,2;2;2,7;3,2;0;0;0
13,24752;0,469;2,464450329;817,9513;0;0;79,9;10;2,2;2;2,7;3,2;0;0;0
12,94816;0,4363;2,965578111;818,9542;0;0;79,9;10;2,2;2;2,7;3,2;0;0;0
15,65088;0,3049;2,458566245;816,9202;0;0;79,9;10;2,2;2;2,7;3,2;0;0;0
17,83136;0,5637;2,74786702;829,1029;0;0;79,9;10;2,2;2;2,7;3,2;0;0;0
17,765792;0,3557;2,235951751;834,1627;0;0;69,9;20;2,2;2;2,7;3,2;0;0;0
17,260224;0,5563;2,98028832;821,1281;0;0;69,9;20;2,2;2;2,7;3,2;0;0;0
14,7192;0,3503;2,456604884;822,605;0;0;69,9;20;2,2;2;2,7;3,2;0;0;0
16,743296;0,3297;2,246739237;823,7303;0;0;69,9;20;2,2;2;2,7;3,2;0;0;0
14,438848;0,3851;2,380111798;820,4573;0;0;69,9;20;2,2;2;2,7;3,2;0;0;0
17,633216;0,3104;2,745905659;806,4293;0;0;69,9;20;2,2;2;2,7;3,2;0;0;0
15,176416;0,3955;2,832205551;824,7888;0;0;69,9;20;2,2;2;2,7;3,2;0;0;0
14,523648;0,326;2,279101697;817,4374;0;0;69,9;20;2,2;2;2,7;3,2;0;0;0
16,78048;0,5646;2,519368442;828,2528;0;0;69,9;20;2,2;2;2,7;3,2;0;0;0
14,39968;0,3332;2,99597921;795,9248;0;0;69,9;20;2,2;2;2,7;3,2;0;0;0
17,72112;0,5701;2,110424635;852,8817;0;0;69,9;20;2,2;2;2,7;3,2;0;0;0
17,53472;0,5827;2,71452388;828,5013;0;0;69,9;20;2,2;2;2,7;3,2;0;0;0
15,862176;0,3678;2,58311268;824,259;0;0;69,9;20;2,2;2;2,7;3,2;0;0;0
14,138912;0,3222;2,991075807;801,9729;0;0;69,9;20;2,2;2;2,7;3,2;0;0;0
12,985696;0,4136;2,327155046;844,7732;0;0;69,9;20;2,2;2;2,7;3,2;0;0;0
14,758944;0,4365;2,461508287;826,8167;0;0;69,9;20;2,2;2;2,7;3,2;0;0;0
17,064672;0,422;2,916544082;845,2456;0;0;69,9;20;2,2;2;2,7;3,2;0;0;0
12,425376;0,4255;2,439933314;809,3813;0;0;69,9;20;2,2;2;2,7;3,2;0;0;0
12,28656;0,563;2,840050995;817,5559;0;0;69,9;20;2,2;2;2,7;3,2;0;0;0
14,551104;0,5188;2,280082377;851,0049;0;0;69,9;20;2,2;2;2,7;3,2;0;0;0
16,827168;0,5957;2,593900167;838,405;0;0;69,9;20;2,2;2;2,7;3,2;0;0;0
12,580096;0,5293;2,505638913;824,5023;0;0;69,9;20;2,2;2;2,7;3,2;0;0;0
12,373376;0,5401;2,240855153;814,9872;0;0;69,9;20;2,2;2;2,7;3,2;0;0;0
15,386272;0,5427;2,192801804;853,459;0;0;69,9;20;2,2;2;2,7;3,2;0;0;0
15,39744;0,486;2,230067667;834,6035;0;0;69,9;20;2,2;2;2,7;3,2;0;0;0
14,420544;0,4455;2,324213004;832,834;0;0;69,9;20;2,2;2;2,7;3,2;0;0;0
14,179392;0,4394;2,973423556;828,7717;0;0;69,9;20;2,2;2;2,7;3,2;0;0;0
12,610688;0,3905;2,498774149;843,6718;0;0;69,9;20;2,2;2;2,7;3,2;0;0;0
17,58176;0,5065;2,294792586;827,2607;0;0;69,9;20;2,2;2;2,7;3,2;0;0;0
15,00944;0,399;2,710601157;811,9028;0;0;69,9;20;2,2;2;2,7;3,2;0;0;0
17,57152;0,5152;2,436991272;869,5765;0;0;69,9;20;2,2;2;2,7;3,2;0;0;0
17,192128;0,3015;2,985191723;815,6648;0;0;69,9;20;2,2;2;2,7;3,2;0;0;0
15,494848;0,5742;2,325193684;824,5439;0;0;69,9;20;2,2;2;2,7;3,2;0;0;0
15,40624;0,3153;2,677258017;812,3138;0;0;69,9;20;2,2;2;2,7;3,2;0;0;0
16,100032;0,4693;2,106501912;822,8513;0;0;69,9;20;2,2;2;2,7;3,2;0;0;0
14,468896;0,4594;2,139845052;861,087;0;0;69,9;20;2,2;2;2,7;3,2;0;0;0
13,310528;0,5975;2,837108954;837,5249;0;0;69,9;20;2,2;2;2,7;3,2;0;0;0
15,416128;0,3078;2,241835834;819,1259;0;0;69,9;20;2,2;2;2,7;3,2;0;0;0
15,749184;0,5384;2,242816515;822,1957;0;0;69,9;20;2,2;2;2,7;3,2;0;0;0
12,900736;0,5795;2,664509169;852,0778;0;0;69,9;20;2,2;2;2,7;3,2;0;0;0
16,01088;0,3634;2,737079533;831,911;0;0;49,9;40;2,2;2;2,7;3,2;0;0;0
14,340704;0,5659;2,542904776;854,1161;0;0;49,9;40;2,2;2;2,7;3,2;0;0;0
17,686528;0,4818;2,902814553;847,0626;0;0;49,9;40;2,2;2;2,7;3,2;0;0;0
14,818272;0,3966;2,587035403;826,7461;0;0;49,9;40;2,2;2;2,7;3,2;0;0;0
12,136224;0,3253;2,13592233;824,371;0;0;49,9;40;2,2;2;2,7;3,2;0;0;0
17,727712;0,3417;2,35167206;846,2153;0;0;49,9;40;2,2;2;2,7;3,2;0;0;0
13,013344;0,3687;2,253604001;825,0359;0;0;49,9;40;2,2;2;2,7;3,2;0;0;0
17,173792;0,4523;2,575267235;816,9568;0;0;49,9;40;2,2;2;2,7;3,2;0;0;0
16,536576;0,59;2,461508287;846,8551;0;0;49,9;40;2,2;2;2,7;3,2;0;0;0
14,120416;0,538;2,68216142;810,249;0;0;49,9;40;2,2;2;2,7;3,2;0;0;0
13,514688;0,4658;2,987153084;805,7172;0;0;49,9;40;2,2;2;2,7;3,2;0;0;0
12,289504;0,4825;2,443856036;830,053;0;0;49,9;40;2,2;2;2,7;3,2;0;0;0
17,119424;0,5059;2,971462195;829,3926;0;0;49,9;40;2,2;2;2,7;3,2;0;0;0
17,808832;0,5958;2,406590174;871,5868;0;0;49,9;40;2,2;2;2,7;3,2;0;0;0
16,408768;0,5246;2,529175248;833,1135;0;0;49,9;40;2,2;2;2,7;3,2;0;0;0
12,609952;0,505;2,175149554;849,795;0;0;49,9;40;2,2;2;2,7;3,2;0;0;0
17,601184;0,3497;2,664509169;826,3531;0;0;49,9;40;2,2;2;2,7;3,2;0;0;0
15,578528;0,4816;2,867510052;834,0973;0;0;49,9;40;2,2;2;2,7;3,2;0;0;0
17,097824;0,5691;2,153574581;830,701;0;0;49,9;40;2,2;2;2,7;3,2;0;0;0
15,450368;0,407;2,925370207;816,3969;0;0;49,9;40;2,2;2;2,7;3,2;0;0;0
14,256832;0,3146;2,191821124;822,2734;0;0;49,9;40;2,2;2;2,7;3,2;0;0;0
15,461728;0,575;2,589977444;837,296;0;0;49,9;40;2,2;2;2,7;3,2;0;0;0
15,91728;0,4835;2,595861528;840,679;0;0;49,9;40;2,2;2;2,7;3,2;0;0;0
15,746624;0,4323;2,639992155;834,142;0;0;49,9;40;2,2;2;2,7;3,2;0;0;0
14,670496;0,3975;2,174168873;822,5603;0;0;49,9;40;2,2;2;2,7;3,2;0;0;0
17,486176;0,356;2,791997646;811,7993;0;0;49,9;40;2,2;2;2,7;3,2;0;0;0
12,886272;0,4993;2,361478866;818,7308;0;0;49,9;40;2,2;2;2,7;3,2;0;0;0
12,806048;0,4692;2,464450329;816,5629;0;0;49,9;40;2,2;2;2,7;3,2;0;0;0
14,484256;0,5864;2,408551535;848,0776;0;0;49,9;40;2,2;2;2,7;3,2;0;0;0
14,426048;0,3931;2,100617829;832,3833;0;0;49,9;40;2,2;2;2,7;3,2;0;0;0
14,45808;0,4828;2,343826616;851,2429;0;0;49,9;40;2,2;2;2,7;3,2;0;0;0
17,057536;0,5378;2,358536825;823,9054;0;0;49,9;40;2,2;2;2,7;3,2;0;0;0
16,148928;0,4479;2,886142983;853,7399;0;0;49,9;40;2,2;2;2,7;3,2;0;0;0
16,551776;0,43;2,961655389;806,2272;0;0;49,9;40;2,2;2;2,7;3,2;0;0;0
16,268672;0,4229;2,333039129;822,2606;0;0;49,9;40;2,2;2;2,7;3,2;0;0;0
14,799776;0,3777;2,108463274;818,4326;0;0;49,9;40;2,2;2;2,7;3,2;0;0;0
17,673888;0,5151;2,999901932;853,8459;0;0;49,9;40;2,2;2;2,7;3,2;0;0;0
16,379456;0,4736;2,752770423;855,1936;0;0;49,9;40;2,2;2;2,7;3,2;0;0;0
15,888192;0,3187;2,93027361;809,9542;0;0;49,9;40;2,2;2;2,7;3,2;0;0;0
16,95408;0,535;2,337942532;869,2134;0;0;49,9;40;2,2;2;2,7;3,2;0;0;0
13,377184;0,3746;2,560557027;811,8511;0;0;75,07575076;5,005050051;4,30404304;4,00404004;5,305053051;6,306063061;0;0;0
13,421312;0,3816;2,89791115;799,8861;0;0;75,07575076;5,005050051;4,30404304;4,00404004;5,305053051;6,306063061;0;0;0
13,570368;0,3664;2,958713347;801,5807;0;0;75,07575076;5,005050051;4,30404304;4,00404004;5,305053051;6,306063061;0;0;0
17,811776;0,4505;2,821418064;852,7345;0;0;75,07575076;5,005050051;4,30404304;4,00404004;5,305053051;6,306063061;0;0;0
12,635584;0,3543;2,808669216;841,5642;0;0;75,07575076;5,005050051;4,30404304;4,00404004;5,305053051;6,306063061;0;0;0
14,936192;0,3494;2,676277336;816,3787;0;0;75,07575076;5,005050051;4,30404304;4,00404004;5,305053051;6,306063061;0;0;0
13,002176;0,5472;2,277140335;823,6359;0;0;75,07575076;5,005050051;4,30404304;4,00404004;5,305053051;6,306063061;0;0;0
13,785504;0,4465;2,597822889;829,0991;0;0;75,07575076;5,005050051;4,30404304;4,00404004;5,305053051;6,306063061;0;0;0
16,634368;0,5109;2,925370207;839,8248;0;0;75,07575076;5,005050051;4,30404304;4,00404004;5,305053051;6,306063061;0;0;0
12,678432;0,4983;2,939099735;818,5519;0;0;75,07575076;5,005050051;4,30404304;4,00404004;5,305053051;6,306063061;0;0;0
16,054624;0,515;2,792978327;821,3135;0;0;75,07575076;5,005050051;4,30404304;4,00404004;5,305053051;6,306063061;0;0;0
16,159744;0,4148;2,78219084;850,818;0;0;75,07575076;5,005050051;4,30404304;4,00404004;5,305053051;6,306063061;0;0;0
13,117152;0,517;2,844954398;836,8124;0;0;75,07575076;5,005050051;4,30404304;4,00404004;5,305053051;6,306063061;0;0;0
13,648736;0,4625;2,617436501;828,2402;0;0;75,07575076;5,005050051;4,30404304;4,00404004;5,305053051;6,306063061;0;0;0
17,531968;0,3834;2,274198294;844,0665;0;0;75,07575076;5,005050051;4,30404304;4,00404004;5,305053051;6,306063061;0;0;0
15,838752;0,3042;2,177110915;825,7496;0;0;75,07575076;5,005050051;4,30404304;4,00404004;5,305053051;6,306063061;0;0;0
13,136768;0,4492;2,471315093;827,2112;0;0;75,07575076;5,005050051;4,30404304;4,00404004;5,305053051;6,306063061;0;0;0
16,844032;0,477;2,437971953;845,4878;0;0;75,07575076;5,005050051;4,30404304;4,00404004;5,305053051;6,306063061;0;0;0
17,922176;0,3137;2,558595665;821,6007;0;0;75,07575076;5,005050051;4,30404304;4,00404004;5,305053051;6,306063061;0;0;0
14,099008;0,3075;2,785132882;832,8726;0;0;75,07575076;5,005050051;4,30404304;4,00404004;5,305053051;6,306063061;0;0;0
15,803936;0,3752;2,683142101;809,2678;0;0;75,07575076;5,005050051;4,30404304;4,00404004;5,305053051;6,306063061;0;0;0
14,006912;0,3646;2,335981171;830,5447;0;0;75,07575076;5,005050051;4,30404304;4,00404004;5,305053051;6,306063061;0;0;0
12,146848;0,402;2,473276454;809,2153;0;0;75,07575076;5,005050051;4,30404304;4,00404004;5,305053051;6,306063061;0;0;0
17,337696;0,4495;2,726292047;815,2756;0;0;75,07575076;5,005050051;4,30404304;4,00404004;5,305053051;6,306063061;0;0;0
15,038176;0,5415;2,755712464;846,9247;0;0;75,07575076;5,005050051;4,30404304;4,00404004;5,305053051;6,306063061;0;0;0
14,376416;0,3239;2,464450329;814,9658;0;0;75,07575076;5,005050051;4,30404304;4,00404004;5,305053051;6,306063061;0;0;0
14,311232;0,5669;2,440913994;862,0842;0;0;75,07575076;5,005050051;4,30404304;4,00404004;5,305053051;6,306063061;0;0;0
13,822688;0,4745;2,641953516;824,0946;0;0;75,07575076;5,005050051;4,30404304;4,00404004;5,305053051;6,306063061;0;0;0
12,317888;0,3607;2,264391488;812,8342;0;0;75,07575076;5,005050051;4,30404304;4,00404004;5,305053051;6,306063061;0;0;0
15,437728;0,5165;2,409532215;847,783;0;0;75,07575076;5,005050051;4,30404304;4,00404004;5,305053051;6,306063061;0;0;0
16,453984;0,4369;2,794939688;827,0371;0;0;75,07575076;5,005050051;4,30404304;4,00404004;5,305053051;6,306063061;0;0;0
16,443744;0,3333;2,214376777;840,5822;0;0;75,07575076;5,005050051;4,30404304;4,00404004;5,305053051;6,306063061;0;0;0
17,430144;0,3992;2,10257919;836,5846;0;0;75,07575076;5,005050051;4,30404304;4,00404004;5,305053051;6,306063061;0;0;0
15,671936;0,3545;2,20260861;826,0833;0;0;75,07575076;5,005050051;4,30404304;4,00404004;5,305053051;6,306063061;0;0;0
13,297344;0,4381;2,992056487;821,6011;0;0;75,07575076;5,005050051;4,30404304;4,00404004;5,305053051;6,306063061;0;0;0
15,461152;0,3712;2,977346278;802,1541;0;0;75,07575076;5,005050051;4,30404304;4,00404004;5,305053051;6,306063061;0;0;0
13,21952;0,4645;2,793959008;823,5974;0;0;75,07575076;5,005050051;4,30404304;4,00404004;5,305053051;6,306063061;0;0;0
15,30624;0,4884;2,430126508;840,7222;0;0;75,07575076;5,005050051;4,30404304;4,00404004;5,305053051;6,306063061;0;0;0
14,997344;0,4814;2,623320584;841,1041;0;0;75,07575076;5,005050051;4,30404304;4,00404004;5,305053051;6,306063061;0;0;0
15,256448;0,3155;2,126115524;830,4315;0;0;75,07575076;5,005050051;4,30404304;4,00404004;5,305053051;6,306063061;0;0;0
16,341024;0,3929;2,800823772;848,1266;0;0;60,2;19,9;4,3;4;5,3;6,3;0;0;0
17,063936;0,594;2,551730901;823,7744;0;0;60,2;19,9;4,3;4;5,3;6,3;0;0;0
17,893792;0,4504;2,430126508;835,7583;0;0;60,2;19,9;4,3;4;5,3;6,3;0;0;0
17,08224;0,3626;2,53309797;858,6219;0;0;60,2;19,9;4,3;4;5,3;6,3;0;0;0
12,00624;0,5368;2,243797195;813,4471;0;0;60,2;19,9;4,3;4;5,3;6,3;0;0;0
14,9144;0,4602;2,806707855;813,7616;0;0;60,2;19,9;4,3;4;5,3;6,3;0;0;0
17,259488;0,3883;2,610571737;815,2207;0;0;60,2;19,9;4,3;4;5,3;6,3;0;0;0
13,812064;0,4658;2,959694028;806,1566;0;0;60,2;19,9;4,3;4;5,3;6,3;0;0;0
14,737312;0,4526;2,105521232;846,3691;0;0;60,2;19,9;4,3;4;5,3;6,3;0;0;0
12,823264;0,4766;2,529175248;847,955;0;0;60,2;19,9;4,3;4;5,3;6,3;0;0;0
14,0512;0,3861;2,938119055;814,5114;0;0;60,2;19,9;4,3;4;5,3;6,3;0;0;0
14,691008;0,5228;2,666470531;857,8835;0;0;60,2;19,9;4,3;4;5,3;6,3;0;0;0
15,113248;0,5875;2,550750221;831,5239;0;0;60,2;19,9;4,3;4;5,3;6,3;0;0;0
13,502048;0,3208;2,961655389;813,9178;0;0;60,2;19,9;4,3;4;5,3;6,3;0;0;0
15,659488;0,4696;2,871432774;820,6538;0;0;60,2;19,9;4,3;4;5,3;6,3;0;0;0
16,085024;0,563;2,430126508;836,2888;0;0;60,2;19,9;4,3;4;5,3;6,3;0;0;0
16,522848;0,3678;2,13494165;867,9677;0;0;60,2;19,9;4,3;4;5,3;6,3;0;0;0
13,158528;0,346;2,865548691;828,6285;0;0;60,2;19,9;4,3;4;5,3;6,3;0;0;0
12,657728;0,4871;2,56546043;817,9805;0;0;60,2;19,9;4,3;4;5,3;6,3;0;0;0
14,230848;0,3353;2,851819162;800,1973;0;0;60,2;19,9;4,3;4;5,3;6,3;0;0;0
17,913024;0,4857;2,418358341;831,8119;0;0;60,2;19,9;4,3;4;5,3;6,3;0;0;0
14,246592;0,5686;2,23497107;825,7489;0;0;60,2;19,9;4,3;4;5,3;6,3;0;0;0
15,554176;0,5968;2,988133765;819,176;0;0;60,2;19,9;4,3;4;5,3;6,3;0;0;0
17,986816;0,3954;2,669412572;835,014;0;0;60,2;19,9;4,3;4;5,3;6,3;0;0;0
14,539008;0,3873;2,676277336;835,6465;0;0;60,2;19,9;4,3;4;5,3;6,3;0;0;0
14,21584;0,5554;2,408551535;846,6621;0;0;60,2;19,9;4,3;4;5,3;6,3;0;0;0
13,539232;0,5544;2,427184466;841,589;0;0;60,2;19,9;4,3;4;5,3;6,3;0;0;0
13,581728;0,4932;2,475237815;830,447;0;0;60,2;19,9;4,3;4;5,3;6,3;0;0;0
16,715296;0,5598;2,71550456;819,2146;0;0;60,2;19,9;4,3;4;5,3;6,3;0;0;0
12,262592;0,5114;2,582132;837,2694;0;0;60,2;19,9;4,3;4;5,3;6,3;0;0;0
17,238272;0,5007;2,907717956;815,8488;0;0;60,2;19,9;4,3;4;5,3;6,3;0;0;0
13,366176;0,3606;2,123173482;857,5372;0;0;60,2;19,9;4,3;4;5,3;6,3;0;0;0
14,56448;0,3192;2,981269001;825,0714;0;0;60,2;19,9;4,3;4;5,3;6,3;0;0;0
16,078784;0,5672;2,620378543;824,1953;0;0;60,2;19,9;4,3;4;5,3;6,3;0;0;0
17,458912;0,5487;2,20260861;861,9915;0;0;60,2;19,9;4,3;4;5,3;6,3;0;0;0
14,561728;0,4987;2,641953516;856,6422;0;0;60,2;19,9;4,3;4;5,3;6,3;0;0;0
14,767904;0,3977;2,875355497;835,9459;0;0;60,2;19,9;4,3;4;5,3;6,3;0;0;0
12,60224;0,3664;2,272236932;819,092;0;0;60,2;19,9;4,3;4;5,3;6,3;0;0;0
15,943488;0,3716;2,944983819;808,4939;0;0;60,2;19,9;4,3;4;5,3;6,3;0;0;0
12,010432;0,5656;2,752770423;815,4329;0;0;60,2;19,9;4,3;4;5,3;6,3;0;0;0
17,315712;0,4312;2,666470531;828,8936;0;0;40;40,1;4,3;4;5,3;6,3;0;0;0
16,76784;0,4533;2,180052957;853,351;0;0;40;40,1;4,3;4;5,3;6,3;0;0;0
14,11712;0,5898;2,839070315;844,1906;0;0;40;40,1;4,3;4;5,3;6,3;0;0;0
16,92624;0,4635;2,572325194;823,094;0;0;40;40,1;4,3;4;5,3;6,3;0;0;0
16,256064;0,3467;2,69883299;823,2844;0;0;40;40,1;4,3;4;5,3;6,3;0;0;0
12,255424;0,3601;2,192801804;817,0725;0;0;40;40,1;4,3;4;5,3;6,3;0;0;0
13,83936;0,5589;2,876336177;824,2804;0;0;40;40,1;4,3;4;5,3;6,3;0;0;0
15,64336;0,5268;2,836128273;836,4757;0;0;40;40,1;4,3;4;5,3;6,3;0;0;0
12,44624;0,5501;2,613513779;813,2655;0;0;40;40,1;4,3;4;5,3;6,3;0;0;0
12,241888;0,5949;2,380111798;826,1907;0;0;40;40,1;4,3;4;5,3;6,3;0;0;0
12,152352;0,3569;2,94694518;811,318;0;0;40;40,1;4,3;4;5,3;6,3;0;0;0
12,367872;0,5088;2,30165735;823,489;0;0;40;40,1;4,3;4;5,3;6,3;0;0;0
14,30208;0,3134;2,35167206;836,1963;0;0;40;40,1;4,3;4;5,3;6,3;0;0;0
12,1496;0,4285;2,244777876;812,5413;0;0;40;40,1;4,3;4;5,3;6,3;0;0;0
14,032704;0,3718;2,84789644;828,9237;0;0;40;40,1;4,3;4;5,3;6,3;0;0;0
17,92656;0,3699;2,366382269;824,0028;0;0;40;40,1;4,3;4;5,3;6,3;0;0;0
14,547808;0,3622;2,271256252;812,4677;0;0;40;40,1;4,3;4;5,3;6,3;0;0;0
14,39712;0,4825;2,63214671;819,3475;0;0;40;40,1;4,3;4;5,3;6,3;0;0;0
15,14016;0,5888;2,402667451;845,1902;0;0;40;40,1;4,3;4;5,3;6,3;0;0;0
14,517216;0,4648;2,679219378;845,3945;0;0;40;40,1;4,3;4;5,3;6,3;0;0;0
14,966208;0,3637;2,362459547;814,1124;0;0;40;40,1;4,3;4;5,3;6,3;0;0;0
17,14928;0,5167;2,245758556;850,989;0;0;40;40,1;4,3;4;5,3;6,3;0;0;0
14,568128;0,4785;2,469353731;831,1483;0;0;40;40,1;4,3;4;5,3;6,3;0;0;0
16,459136;0,5301;2,1525939;844,0486;0;0;40;40,1;4,3;4;5,3;6,3;0;0;0
15,148768;0,3133;2,354614102;848,7075;0;0;40;40,1;4,3;4;5,3;6,3;0;0;0
15,06656;0,5163;2,259488085;863,4254;0;0;40;40,1;4,3;4;5,3;6,3;0;0;0
15,59392;0,3835;2,35167206;836,5417;0;0;40;40,1;4,3;4;5,3;6,3;0;0;0
16,942176;0,4715;2,674315975;828,614;0;0;40;40,1;4,3;4;5,3;6,3;0;0;0
13,245696;0,423;2,73119545;836,8282;0;0;40;40,1;4,3;4;5,3;6,3;0;0;0
12,056224;0,5796;2,829263509;808,064;0;0;40;40,1;4,3;4;5,3;6,3;0;0;0
14,42768;0,5067;2,61547514;816,1282;0;0;40;40,1;4,3;4;5,3;6,3;0;0;0
12,777664;0,5519;2,919486123;819,4392;0;0;40;40,1;4,3;4;5,3;6,3;0;0;0
12,715776;0,4084;2,142787094;825,2982;0;0;40;40,1;4,3;4;5,3;6,3;0;0;0
16,021472;0,5055;2,303618711;827,1643;0;0;40;40,1;4,3;4;5,3;6,3;0;0;0
12,963904;0,4983;2,49975483;832,9309;0;0;40;40,1;4,3;4;5,3;6,3;0;0;0
17,148;0,3781;2,966558792;850,6396;0;0;40;40,1;4,3;4;5,3;6,3;0;0;0
17,076192;0,5762;2,918505443;858,2194;0;0;40;40,1;4,3;4;5,3;6,3;0;0;0
15,611136;0,581;2,742963617;850,9243;0;0;40;40,1;4,3;4;5,3;6,3;0;0;0
13,530432;0,5435;2,728253408;837,6761;0;0;40;40,1;4,3;4;5,3;6,3;0;0;0
12,35632;0,5892;2,606649014;813,4805;0;0;40;40,1;4,3;4;5,3;6,3;0;0;0
12,652416;0,5119;2,179072276;816,6703;0;0;65;5;6,5;6;8;9,5;0;0;0
16,970368;0,5688;2,822398745;819,3489;0;0;65;5;6,5;6;8;9,5;0;0;0
13,638464;0,35;2,922428165;825,6808;0;0;65;5;6,5;6;8;9,5;0;0;0
16,5776;0,3431;2,355594783;845,891;0;0;65;5;6,5;6;8;9,5;0;0;0
17,329632;0,4672;2,751789742;824,1371;0;0;65;5;6,5;6;8;9,5;0;0;0
14,490496;0,4945;2,451701481;836,0311;0;0;65;5;6,5;6;8;9,5;0;0;0
12,733344;0,5353;2,614494459;815,1569;0;0;65;5;6,5;6;8;9,5;0;0;0
12,607008;0,5051;2,669412572;847,2002;0;0;65;5;6,5;6;8;9,5;0;0;0
15,300224;0,3475;2,476218496;850,4352;0;0;65;5;6,5;6;8;9,5;0;0;0
15,559136;0,5344;2,885162303;847,3571;0;0;65;5;6,5;6;8;9,5;0;0;0
12,943584;0,4147;2,258507404;835,2035;0;0;65;5;6,5;6;8;9,5;0;0;0
14,61136;0,5345;2,254584682;834,6453;0;0;65;5;6,5;6;8;9,5;0;0;0
17,81616;0,4996;2,425223105;837,8781;0;0;65;5;6,5;6;8;9,5;0;0;0
17,309504;0,3028;2,33500049;824,6642;0;0;65;5;6,5;6;8;9,5;0;0;0
13,831296;0,5881;2,445817397;823,2568;0;0;65;5;6,5;6;8;9,5;0;0;0
14,878496;0,4725;2,680200059;830,1792;0;0;65;5;6,5;6;8;9,5;0;0;0
15,937792;0,3986;2,510542316;816,576;0;0;65;5;6,5;6;8;9,5;0;0;0
13,371136;0,5397;2,382073159;823,0707;0;0;65;5;6,5;6;8;9,5;0;0;0
13,14224;0,4281;2,214376777;860,7098;0;0;65;5;6,5;6;8;9,5;0;0;0
14,567232;0,5296;2,191821124;847,0145;0;0;65;5;6,5;6;8;9,5;0;0;0
17,28368;0,3362;2,498774149;845,2715;0;0;65;5;6,5;6;8;9,5;0;0;0
12,62;0,5982;2,690006865;819,6462;0;0;65;5;6,5;6;8;9,5;0;0;0
13,555712;0,367;2,761596548;805,7999;0;0;65;5;6,5;6;8;9,5;0;0;0
12,457408;0,3732;2,125134844;850,719;0;0;65;5;6,5;6;8;9,5;0;0;0
16,781408;0,4077;2,123173482;835,4259;0;0;65;5;6,5;6;8;9,5;0;0;0
15,927904;0,4316;2,915563401;812,0229;0;0;65;5;6,5;6;8;9,5;0;0;0
17,435104;0,5849;2,159458664;835,0476;0;0;65;5;6,5;6;8;9,5;0;0;0
17,700416;0,515;2,513484358;847,911;0;0;65;5;6,5;6;8;9,5;0;0;0
15,417024;0,3994;2,99695989;822,4705;0;0;65;5;6,5;6;8;9,5;0;0;0
16,91232;0,482;2,825340787;816,4872;0;0;65;5;6,5;6;8;9,5;0;0;0
15,576512;0,5966;2,66548985;830,8394;0;0;65;5;6,5;6;8;9,5;0;0;0
14,567936;0,3986;2,206531333;825,8796;0;0;65;5;6,5;6;8;9,5;0;0;0
14,985088;0,5766;2,422281063;829,1033;0;0;65;5;6,5;6;8;9,5;0;0;0
14,687328;0,3664;2,404628812;837,4202;0;0;65;5;6,5;6;8;9,5;0;0;0
17,960256;0,3395;2,73217613;814,2186;0;0;65;5;6,5;6;8;9,5;0;0;0
17,20384;0,3869;2,578209277;846,2759;0;0;65;5;6,5;6;8;9,5;0;0;0
12,838656;0,3706;2,508580955;825,1484;0;0;65;5;6,5;6;8;9,5;0;0;0
14,613184;0,5652;2,869471413;828,2042;0;0;65;5;6,5;6;8;9,5;0;0;0
12,500064;0,3609;2,525252525;835,9806;0;0;65;5;6,5;6;8;9,5;0;0;0
16,371968;0,4496;2,242816515;829,5828;0;0;65;5;6,5;6;8;9,5;0;0;0
14,639904;0,3666;2,181033637;819,1979;0;0;49,9;20,1;6,5;6;8;9,5;0;0;0
17,045824;0,5095;2,2840051;839,5765;0;0;49,9;20,1;6,5;6;8;9,5;0;0;0
13,793376;0,5055;2,233009709;858,0083;0;0;49,9;20,1;6,5;6;8;9,5;0;0;0
16,207904;0,3507;2,563499068;836,6638;0;0;49,9;20,1;6,5;6;8;9,5;0;0;0
17,108992;0,3909;2,691968226;840,6312;0;0;49,9;20,1;6,5;6;8;9,5;0;0;0
12,087328;0,5682;2,86456801;827,9011;0;0;49,9;20,1;6,5;6;8;9,5;0;0;0
15,871136;0,4032;2,178091596;830,9377;0;0;49,9;20,1;6,5;6;8;9,5;0;0;0
16,96816;0,4362;2,36834363;838,5627;0;0;49,9;20,1;6,5;6;8;9,5;0;0;0
14,77488;0,5986;2,337942532;825,6134;0;0;49,9;20,1;6,5;6;8;9,5;0;0;0
16,336608;0,436;2,103559871;825,4189;0;0;49,9;20,1;6,5;6;8;9,5;0;0;0
16,948032;0,556;2,93027361;822,9172;0;0;49,9;20,1;6,5;6;8;9,5;0;0;0
15,780512;0,3212;2,560557027;817,5153;0;0;49,9;20,1;6,5;6;8;9,5;0;0;0
12,72512;0,4607;2,867510052;815,4634;0;0;49,9;20,1;6,5;6;8;9,5;0;0;0
13,637376;0,5206;2,769441993;848,146;0;0;49,9;20,1;6,5;6;8;9,5;0;0;0
14,171712;0,4261;2,722369324;822,6284;0;0;49,9;20,1;6,5;6;8;9,5;0;0;0
13,393472;0,5779;2,63214671;819,8531;0;0;49,9;20,1;6,5;6;8;9,5;0;0;0
15,356256;0,4524;2,397764048;817,6083;0;0;49,9;20,1;6,5;6;8;9,5;0;0;0
15,83088;0,3302;2,229086986;835,6925;0;0;49,9;20,1;6,5;6;8;9,5;0;0;0
16,374336;0,4232;2,958713347;823,9427;0;0;49,9;20,1;6,5;6;8;9,5;0;0;0
14,92704;0,5227;2,576247916;850,4471;0;0;49,9;20,1;6,5;6;8;9,5;0;0;0
15,122592;0,4397;2,723350005;853,1692;0;0;49,9;20,1;6,5;6;8;9,5;0;0;0
15,502912;0,4613;2,455624203;861,5322;0;0;49,9;20,1;6,5;6;8;9,5;0;0;0
14,821184;0,5919;2,926350888;833,6461;0;0;49,9;20,1;6,5;6;8;9,5;0;0;0
12,621856;0,5037;2,998921251;827,7096;0;0;49,9;20,1;6,5;6;8;9,5;0;0;0
17,287712;0,4676;2,231048348;847,9634;0;0;49,9;20,1;6,5;6;8;9,5;0;0;0
16,736896;0,3859;2,942041777;818,9103;0;0;49,9;20,1;6,5;6;8;9,5;0;0;0
13,960928;0,4991;2,614494459;851,981;0;0;49,9;20,1;6,5;6;8;9,5;0;0;0
16,59024;0,5886;2,534078651;858,3795;0;0;49,9;20,1;6,5;6;8;9,5;0;0;0
16,673536;0,3471;2,312444837;830,9862;0;0;49,9;20,1;6,5;6;8;9,5;0;0;0
17,861216;0,439;2,613513779;850,1245;0;0;49,9;20,1;6,5;6;8;9,5;0;0;0
14,176288;0,3219;2,821418064;835,1034;0;0;49,9;20,1;6,5;6;8;9,5;0;0;0
13,564864;0,4517;2,4507208;833,5261;0;0;49,9;20,1;6,5;6;8;9,5;0;0;0
16,410784;0,4429;2,973423556;821,4976;0;0;49,9;20,1;6,5;6;8;9,5;0;0;0
12,200704;0,5062;2,639992155;849,141;0;0;49,9;20,1;6,5;6;8;9,5;0;0;0
12,533216;0,4347;2,56546043;828,6904;0;0;49,9;20,1;6,5;6;8;9,5;0;0;0
15,650496;0,4619;2,271256252;823,885;0;0;49,9;20,1;6,5;6;8;9,5;0;0;0
16,688384;0,3612;2,951848583;832,5061;0;0;49,9;20,1;6,5;6;8;9,5;0;0;0
12,826752;0,5112;2,948906541;824,7371;0;0;49,9;20,1;6,5;6;8;9,5;0;0;0
15,531648;0,397;2,803765813;812,3638;0;0;49,9;20,1;6,5;6;8;9,5;0;0;0
13,071936;0,3696;2,582132;842,5955;0;0;49,9;20,1;6,5;6;8;9,5;0;0;0
15,504;0,3366;2,526233206;827,0272;0;0;34,9;34,9;6,6;6;8;9,6;0;0;0
17,306208;0,3034;2,335981171;824,2041;0;0;34,9;34,9;6,6;6;8;9,6;0;0;0
15,854656;0,3406;2,940080416;817,7118;0;0;34,9;34,9;6,6;6;8;9,6;0;0;0
16,925856;0,3949;2,443856036;842,551;0;0;34,9;34,9;6,6;6;8;9,6;0;0;0
15,414304;0,52;2,727272727;827,5598;0;0;34,9;34,9;6,6;6;8;9,6;0;0;0
14,452224;0,4453;2,181033637;857,4996;0;0;34,9;34,9;6,6;6;8;9,6;0;0;0
17,119232;0,5574;2,737079533;828,2472;0;0;34,9;34,9;6,6;6;8;9,6;0;0;0
17,929696;0,5145;2,205550652;859,5491;0;0;34,9;34,9;6,6;6;8;9,6;0;0;0
12,283808;0,5661;2,755712464;809,1484;0;0;34,9;34,9;6,6;6;8;9,6;0;0;0
15,073888;0,5996;2,957732666;828,7692;0;0;34,9;34,9;6,6;6;8;9,6;0;0;0
16,62576;0,4866;2,43404923;857,3402;0;0;34,9;34,9;6,6;6;8;9,6;0;0;0
17,171616;0,3494;2,719427283;849,9287;0;0;34,9;34,9;6,6;6;8;9,6;0;0;0
14,036576;0,4207;2,788074924;844,9015;0;0;34,9;34,9;6,6;6;8;9,6;0;0;0
16,727008;0,3176;2,546827498;828,3175;0;0;34,9;34,9;6,6;6;8;9,6;0;0;0
12,108224;0,4026;2,851819162;818,3098;0;0;34,9;34,9;6,6;6;8;9,6;0;0;0
14,861664;0,5527;2,749828381;841,0122;0;0;34,9;34,9;6,6;6;8;9,6;0;0;0
17,404352;0,5084;2,294792586;857,7185;0;0;34,9;34,9;6,6;6;8;9,6;0;0;0
16,462592;0,4259;2,64881828;854,4548;0;0;34,9;34,9;6,6;6;8;9,6;0;0;0
14,484448;0,4021;2,809649897;816,7789;0;0;34,9;34,9;6,6;6;8;9,6;0;0;0
17,080608;0,5965;2,685103462;836,7875;0;0;34,9;34,9;6,6;6;8;9,6;0;0;0
14,677824;0,42;2,849857801;822,2943;0;0;34,9;34,9;6,6;6;8;9,6;0;0;0
17,578464;0,5142;2,596842208;837,5452;0;0;34,9;34,9;6,6;6;8;9,6;0;0;0
12,605728;0,5918;2,840050995;823,0096;0;0;34,9;34,9;6,6;6;8;9,6;0;0;0
12,52992;0,4599;2,856722565;818,2174;0;0;34,9;34,9;6,6;6;8;9,6;0;0;0
12,45632;0,5999;2,842993037;819,5613;0;0;34,9;34,9;6,6;6;8;9,6;0;0;0
12,368064;0,3229;2,16926547;820,5809;0;0;34,9;34,9;6,6;6;8;9,6;0;0;0
16,007008;0,3757;2,594880847;812,6685;0;0;34,9;34,9;6,6;6;8;9,6;0;0;0
15,283008;0,5164;2,741982936;818,9479;0;0;34,9;34,9;6,6;6;8;9,6;0;0;0
14,398016;0,4338;2,994017848;805,4636;0;0;34,9;34,9;6,6;6;8;9,6;0;0;0
12,871232;0,5304;2,600764931;815,6538;0;0;34,9;34,9;6,6;6;8;9,6;0;0;0
13,656224;0,443;2,762577229;842,395;0;0;34,9;34,9;6,6;6;8;9,6;0;0;0
17,533792;0,5213;2,885162303;822,1521;0;0;34,9;34,9;6,6;6;8;9,6;0;0;0
15,96912;0,5361;2,86358733;817,4928;0;0;34,9;34,9;6,6;6;8;9,6;0;0;0
15,623936;0,5406;2,194763166;864,4094;0;0;34,9;34,9;6,6;6;8;9,6;0;0;0
16,706144;0,5554;2,480141218;858,6483;0;0;34,9;34,9;6,6;6;8;9,6;0;0;0
14,346944;0,3992;2,305580073;823,0411;0;0;34,9;34,9;6,6;6;8;9,6;0;0;0
17,194688;0,5374;2,766499951;832,9957;0;0;34,9;34,9;6,6;6;8;9,6;0;0;0
14,407904;0,4707;2,740021575;817,0336;0;0;34,9;34,9;6,6;6;8;9,6;0;0;0
17,24192;0,3342;2,144748455;847,4518;0;0;34,9;34,9;6,6;6;8;9,6;0;0;0
16,409312;0,4314;2,209473375;824,3408;0;0;34,9;34,9;6,6;6;8;9,6;0;0;0
17,408544;0,4721;2,985191723;817,7843;0;0;50;20;8,5;8,5;11,5;1,5;0;0;0
13,001056;0,4383;2,41639698;837,0342;0;0;50;20;8,5;8,5;11,5;1,5;0;0;0
13,032576;0,3486;2,626262626;820,8754;0;0;50;20;8,5;8,5;11,5;1,5;0;0;0
14,777984;0,5439;2,507600275;827,5907;0;0;50;20;8,5;8,5;11,5;1,5;0;0;0
16,002816;0,3657;2,97930764;807,5544;0;0;50;20;8,5;8,5;11,5;1,5;0;0;0
13,927808;0,4492;2,212415416;838,1588;0;0;50;20;8,5;8,5;11,5;1,5;0;0;0
14,281568;0,5024;2,679219378;831,4636;0;0;50;20;8,5;8,5;11,5;1,5;0;0;0
17,6312;0,4941;2,821418064;849,3188;0;0;50;20;8,5;8,5;11,5;1,5;0;0;0
13,178496;0,4225;2,403648132;825,8837;0;0;50;20;8,5;8,5;11,5;1,5;0;0;0
13,20816;0,5848;2,438952633;828,767;0;0;50;20;8,5;8,5;11,5;1,5;0;0;0
14,374752;0,522;2,655683044;834,6467;0;0;50;20;8,5;8,5;11,5;1,5;0;0;0
15,018592;0,3591;2,597822889;850,5261;0;0;50;20;8,5;8,5;11,5;1,5;0;0;0
16,695136;0,3128;2,112385996;833,5308;0;0;50;20;8,5;8,5;11,5;1,5;0;0;0
13,108544;0,5894;2,834166912;824,7643;0;0;50;20;8,5;8,5;11,5;1,5;0;0;0
14,632416;0,4439;2,821418064;840,7485;0;0;50;20;8,5;8,5;11,5;1,5;0;0;0
15,610592;0,4226;2,125134844;831,3909;0;0;50;20;8,5;8,5;11,5;1,5;0;0;0
12,620576;0,5609;2,479160537;842,5516;0;0;50;20;8,5;8,5;11,5;1,5;0;0;0
16,891264;0,3581;2,686084142;839,4023;0;0;50;20;8,5;8,5;11,5;1,5;0;0;0
13,058208;0,5019;2,559576346;819,99;0;0;50;20;8,5;8,5;11,5;1,5;0;0;0
17,449216;0,4628;2,639011474;826,8392;0;0;50;20;8,5;8,5;11,5;1,5;0;0;0
14,0816;0,3321;2,606649014;821,481;0;0;50;20;8,5;8,5;11,5;1,5;0;0;0
17,564736;0,424;2,735118172;824,0439;0;0;50;20;8,5;8,5;11,5;1,5;0;0;0
17,089216;0,4148;2,293811905;845,9795;0;0;50;20;8,5;8,5;11,5;1,5;0;0;0
14,696864;0,5396;2,841031676;838,7323;0;0;50;20;8,5;8,5;11,5;1,5;0;0;0
14,013504;0,3205;2,238893792;828,7943;0;0;50;20;8,5;8,5;11,5;1,5;0;0;0
16,63344;0,3458;2,593900167;851,2842;0;0;50;20;8,5;8,5;11,5;1,5;0;0;0
14,346016;0,4738;2,691968226;837,5111;0;0;50;20;8,5;8,5;11,5;1,5;0;0;0
16,387904;0,5823;2,609591056;841,983;0;0;50;20;8,5;8,5;11,5;1,5;0;0;0
15,909984;0,5365;2,773364715;822,6766;0;0;50;20;8,5;8,5;11,5;1,5;0;0;0
12,848352;0,3952;2,658625086;838,1547;0;0;50;20;8,5;8,5;11,5;1,5;0;0;0
15,383328;0,5301;2,984211042;812,6362;0;0;50;20;8,5;8,5;11,5;1,5;0;0;0
17,176736;0,5771;2,208492694;847,7616;0;0;50;20;8,5;8,5;11,5;1,5;0;0;0
16,573376;0,494;2,875355497;815,2711;0;0;50;20;8,5;8,5;11,5;1,5;0;0;0
14,95616;0,5447;2,418358341;830,467;0;0;50;20;8,5;8,5;11,5;1,5;0;0;0
12,438912;0,4824;2,874374816;828,1559;0;0;50;20;8,5;8,5;11,5;1,5;0;0;0
16,089792;0,4543;2,404628812;835,6547;0;0;50;20;8,5;8,5;11,5;1,5;0;0;0
12,864832;0,5983;2,186917721;828,0306;0;0;50;20;8,5;8,5;11,5;1,5;0;0;0
12,449536;0,3546;2,36834363;811,4591;0;0;50;20;8,5;8,5;11,5;1,5;0;0;0
16,184832;0,4645;2,647837599;842,4613;0;0;50;20;8,5;8,5;11,5;1,5;0;0;0
17,274144;0,5764;2,778268118;835,2419;0;0;50;20;8,5;8,5;11,5;1,5;0;0;0
17,858816;0,4719;2,97930764;820,6902;0,8;1;55;0;5;0;15;15;6;1;1,2
17,372832;0,514;2,161420025;859,3109;0,8;1;55;0;5;0;15;15;6;1;1,2
14,864576;0,4552;2,657644405;825,0936;0,8;1;55;0;5;0;15;15;6;1;1,2
13,533376;0,507;2,186917721;833,5588;0,8;1;55;0;5;0;15;15;6;1;1,2
14,739712;0,3812;2,754731784;829,864;0,8;1;55;0;5;0;15;15;6;1;1,2
16,642048;0,4315;2,728253408;847,2734;0,8;1;55;0;5;0;15;15;6;1;1,2
14,670848;0,42;2,208492694;857,9016;0,8;1;55;0;5;0;15;15;6;1;1,2
13,032576;0,5292;2,582132;838,873;0,8;1;55;0;5;0;15;15;6;1;1,2
17,426304;0,3919;2,316367559;864,9808;0,8;1;55;0;5;0;15;15;6;1;1,2
12,163712;0,4607;2,292831225;837,267;0,8;1;55;0;5;0;15;15;6;1;1,2
17,879712;0,5889;2,943022458;860,6056;0,8;1;55;0;5;0;15;15;6;1;1,2
17,0176;0,4454;2,882220261;824,1284;0,8;1;55;0;5;0;15;15;6;1;1,2
17,283136;0,5337;2,890065706;821,4106;0,8;1;55;0;5;0;15;15;6;1;1,2
16,247456;0,3395;2,454643523;834,9194;0,8;1;55;0;5;0;15;15;6;1;1,2
17,29136;0,4762;2,624301265;858,7714;0,8;1;55;0;5;0;15;15;6;1;1,2
16,07696;0,5515;2,361478866;831,9458;0,8;1;55;0;5;0;15;15;6;1;1,2
17,733952;0,5274;2,177110915;861,176;0,8;1;55;0;5;0;15;15;6;1;1,2
15,948064;0,5941;2,221241542;840,9807;0,8;1;55;0;5;0;15;15;6;1;1,2
12,139904;0,431;2,298715308;823,5352;0,8;1;55;0;5;0;15;15;6;1;1,2
17,92016;0,3755;2,710601157;823,3003;0,8;1;55;0;5;0;15;15;6;1;1,2
17,010656;0,5725;2,574286555;870,9213;0,8;1;55;0;5;0;15;15;6;1;1,2
15,817504;0,3261;2,61645582;812,2999;0,8;1;55;0;5;0;15;15;6;1;1,2
14,843168;0,3252;2,810630578;826,712;0,8;1;55;0;5;0;15;15;6;1;1,2
12,128;0,3646;2,744924978;843,3906;0,8;1;55;0;5;0;15;15;6;1;1,2
14,904128;0,3347;2,278121016;847,7617;0,8;1;55;0;5;0;15;15;6;1;1,2
14,652736;0,4002;2,298715308;852,1091;0,8;1;55;0;5;0;15;15;6;1;1,2
15,75248;0,3404;2,217318819;820,7356;0,8;1;55;0;5;0;15;15;6;1;1,2
12,90256;0,573;2,116308718;869,1752;0,8;1;55;0;5;0;15;15;6;1;1,2
13,5136;0,3337;2,605668334;842,9258;0,8;1;55;0;5;0;15;15;6;1;1,2
12,247936;0,3318;2,171226831;811,389;0,8;1;55;0;5;0;15;15;6;1;1,2
13,902528;0,5557;2,194763166;832,0392;0,8;1;55;0;5;0;15;15;6;1;1,2
17,816896;0,5492;2,332058449;866,7665;0,8;1;55;0;5;0;15;15;6;1;1,2
17,997248;0,3301;2,700794351;815,6635;0,8;1;55;0;5;0;15;15;6;1;1,2
16,14272;0,5743;2,792978327;838,027;0,8;1;55;0;5;0;15;15;6;1;1,2
17,76176;0,5353;2,758654506;824,8339;0,8;1;55;0;5;0;15;15;6;1;1,2
14,564288;0,4233;2,358536825;836,7524;0,8;1;55;0;5;0;15;15;6;1;1,2
13,32096;0,4133;2,348730019;817,5159;0,8;1;55;0;5;0;15;15;6;1;1,2
12,37264;0,3067;2,694910268;817,7533;0,8;1;55;0;5;0;15;15;6;1;1,2
15,982304;0,4158;2,370304992;848,826;0,8;1;55;0;5;0;15;15;6;1;1,2
17,710688;0,4949;2,340884574;831,7391;0,8;1;55;0;5;0;15;15;6;1;1,2
13,010208;0,5888;2,990095126;819,9161;0,5;1,5;55;0;15;8;5;5;6;4;0
14,220032;0,321;2,987153084;799,009;0,5;1,5;55;0;15;8;5;5;6;4;0
14,149728;0,4936;2,54976954;820,7329;0,5;1,5;55;0;15;8;5;5;6;4;0
15,44176;0,5206;2,810630578;826,103;0,5;1,5;55;0;15;8;5;5;6;4;0
17,898912;0,3661;2,432087869;867,1986;0,5;1,5;55;0;15;8;5;5;6;4;0
14,962752;0,51;2,977346278;842,755;0,5;1,5;55;0;15;8;5;5;6;4;0
17,533248;0,5128;2,593900167;855,9224;0,5;1,5;55;0;15;8;5;5;6;4;0
12,314944;0,5011;2,10257919;826,2662;0,5;1,5;55;0;15;8;5;5;6;4;0
16,878816;0,4456;2,160439345;830,8175;0,5;1,5;55;0;15;8;5;5;6;4;0
12,624576;0,3544;2,97930764;805,048;0,5;1,5;55;0;15;8;5;5;6;4;0
13,83568;0,4523;2,381092478;815,1998;0,5;1,5;55;0;15;8;5;5;6;4;0
12,0088;0,569;2,763557909;848,1322;0,5;1,5;55;0;15;8;5;5;6;4;0
17,651168;0,5066;2,951848583;825,343;0,5;1,5;55;0;15;8;5;5;6;4;0
16,726272;0,3105;2,626262626;820,8495;0,5;1,5;55;0;15;8;5;5;6;4;0
15,943488;0,4136;2,490928705;858,3518;0,5;1,5;55;0;15;8;5;5;6;4;0
12,072864;0,5762;2,666470531;852,9301;0,5;1,5;55;0;15;8;5;5;6;4;0
17,4752;0,5945;2,287927822;862,1423;0,5;1,5;55;0;15;8;5;5;6;4;0
13,033472;0,4978;2,784152202;824,9873;0,5;1,5;55;0;15;8;5;5;6;4;0
14,676544;0,5079;2,509561636;860,3322;0,5;1,5;55;0;15;8;5;5;6;4;0
16,67776;0,5816;2,322251643;834,3275;0,5;1,5;55;0;15;8;5;5;6;4;0
15,919136;0,4086;2,567421791;842,8228;0,5;1,5;55;0;15;8;5;5;6;4;0
12,309088;0,5863;2,96361675;806,2155;0,5;1,5;55;0;15;8;5;5;6;4;0
15,538816;0,4442;2,949887222;822,5082;0,5;1,5;55;0;15;8;5;5;6;4;0
13,364736;0,4383;2,294792586;823,0898;0,5;1,5;55;0;15;8;5;5;6;4;0
15,609472;0,3891;2,217318819;831,5811;0,5;1,5;55;0;15;8;5;5;6;4;0
15,061632;0,5841;2,332058449;828,8789;0,5;1,5;55;0;15;8;5;5;6;4;0
15,46704;0,3162;2,657644405;811,8036;0,5;1,5;55;0;15;8;5;5;6;4;0
15,796992;0,5812;2,408551535;835,5393;0,5;1,5;55;0;15;8;5;5;6;4;0
16,981728;0,4053;2,106501912;861,2446;0,5;1,5;55;0;15;8;5;5;6;4;0
12,29536;0,4249;2,526233206;851,1312;0,5;1,5;55;0;15;8;5;5;6;4;0
15,582208;0,4902;2,527213886;827,8208;0,5;1,5;55;0;15;8;5;5;6;4;0
16,508192;0,4146;2,766499951;832,103;0,5;1,5;55;0;15;8;5;5;6;4;0
13,02928;0,5423;2,957732666;838,2294;0,5;1,5;55;0;15;8;5;5;6;4;0
16,261184;0,4555;2,36736295;865,679;0,5;1,5;55;0;15;8;5;5;6;4;0
15,93872;0,5924;2,91360204;840,4987;0,5;1,5;55;0;15;8;5;5;6;4;0
17,653568;0,5996;2,959694028;853,4014;0,5;1,5;55;0;15;8;5;5;6;4;0
14,05504;0,3892;2,760615867;846,8357;0,5;1,5;55;0;15;8;5;5;6;4;0
13,2056;0,4232;2,468373051;832,264;0,5;1,5;55;0;15;8;5;5;6;4;0
16,27472;0,5965;2,843973718;834,6132;0,5;1,5;55;0;15;8;5;5;6;4;0
13,758784;0,5418;2,178091596;834,0212;0,5;1,5;55;0;15;8;5;5;6;4;0
12,41968;0,4263;2,283024419;838,4113;0,75;1,75;55;0;15;0;10;10;6;0;1,5
12,12176;0,5634;2,651760322;810,4491;0,75;1,75;55;0;15;0;10;10;6;0;1,5
16,76144;0,4111;2,83122487;813,9674;0,75;1,75;55;0;15;0;10;10;6;0;1,5
16,471392;0,3784;2,927331568;819,7909;0,75;1,75;55;0;15;0;10;10;6;0;1,5
13,29296;0,4124;2,487005982;856,944;0,75;1,75;55;0;15;0;10;10;6;0;1,5
15,498688;0,5872;2,958713347;837,673;0,75;1,75;55;0;15;0;10;10;6;0;1,5
12,754048;0,3673;2,28498578;826,2543;0,75;1,75;55;0;15;0;10;10;6;0;1,5
13,309248;0,566;2,137883691;844,0229;0,75;1,75;55;0;15;0;10;10;6;0;1,5
17,403232;0,4726;2,835147592;838,0874;0,75;1,75;55;0;15;0;10;10;6;0;1,5
14,070976;0,4688;2,862606649;832,4631;0,75;1,75;55;0;15;0;10;10;6;0;1,5
13,5416;0,5062;2,329116407;817,8173;0,75;1,75;55;0;15;0;10;10;6;0;1,5
16,412064;0,5682;2,97930764;816,8202;0,75;1,75;55;0;15;0;10;10;6;0;1,5
15,786912;0,386;2,309502795;859,3911;0,75;1,75;55;0;15;0;10;10;6;0;1,5
17,57024;0,3328;2,282043738;865,0793;0,75;1,75;55;0;15;0;10;10;6;0;1,5
13,096288;0,4663;2,304599392;849,9808;0,75;1,75;55;0;15;0;10;10;6;0;1,5
15,290144;0,5427;2,372266353;837,0743;0,75;1,75;55;0;15;0;10;10;6;0;1,5
14,539744;0,3724;2,21928018;840,6309;0,75;1,75;55;0;15;0;10;10;6;0;1,5
13,47312;0,342;2,591938806;820,406;0,75;1,75;55;0;15;0;10;10;6;0;1,5
14,823936;0,5712;2,592919486;848,5179;0,75;1,75;55;0;15;0;10;10;6;0;1,5
13,574944;0,3291;2,800823772;801,5891;0,75;1,75;55;0;15;0;10;10;6;0;1,5
17,565664;0,3807;2,716485241;824,65;0,75;1,75;55;0;15;0;10;10;6;0;1,5
15,7536;0,5847;2,237913112;866,9795;0,75;1,75;55;0;15;0;10;10;6;0;1,5
14,314336;0,5166;2,919486123;835,9727;0,75;1,75;55;0;15;0;10;10;6;0;1,5
17,76928;0,5366;2,524271845;835,1617;0,75;1,75;55;0;15;0;10;10;6;0;1,5
15,327136;0,5759;2,907717956;855,6379;0,75;1,75;55;0;15;0;10;10;6;0;1,5
17,630848;0,3626;2,246739237;833,9531;0,75;1,75;55;0;15;0;10;10;6;0;1,5
12,090464;0,4586;2,473276454;820,7633;0,75;1,75;55;0;15;0;10;10;6;0;1,5
13,996448;0,3308;2,891046386;803,05;0,75;1,75;55;0;15;0;10;10;6;0;1,5
15,595392;0,3267;2,763557909;827,1635;0,75;1,75;55;0;15;0;10;10;6;0;1,5
16,32032;0,4775;2,741982936;860,1371;0,75;1,75;55;0;15;0;10;10;6;0;1,5
14,3592;0,3005;2,713543199;801,4285;0,75;1,75;55;0;15;0;10;10;6;0;1,5
16,751744;0,322;2,150632539;862,6482;0,75;1,75;55;0;15;0;10;10;6;0;1,5
14,200256;0,4929;2,336961852;823,6663;0,75;1,75;55;0;15;0;10;10;6;0;1,5
13,783488;0,4196;2,1525939;833,9818;0,75;1,75;55;0;15;0;10;10;6;0;1,5
15,760736;0,4806;2,986172404;840,8135;0,75;1,75;55;0;15;0;10;10;6;0;1,5
15,65088;0,352;2,76453859;808,2321;0,75;1,75;55;0;15;0;10;10;6;0;1,5
13,780032;0,3132;2,769441993;839,9873;0,75;1,75;55;0;15;0;10;10;6;0;1,5
17,478496;0,3547;2,727272727;856,2039;0,75;1,75;55;0;15;0;10;10;6;0;1,5
12,118656;0,3598;2,435029911;822,7423;0,75;1,75;55;0;15;0;10;10;6;0;1,5
12,180736;0,5824;2,523291164;824,1267;0,75;1,75;55;0;15;0;10;10;6;0;1,5
12,531584;0,5925;2,809649897;854,9132;0;2;55;0;5;8;5;15;6;4;0
17,1088;0,4116;2,547808179;826,8055;0;2;55;0;5;8;5;15;6;4;0
13,191136;0,5087;2,813572619;825,8296;0;2;55;0;5;8;5;15;6;4;0
14,449664;0,4811;2,751789742;854,9198;0;2;55;0;5;8;5;15;6;4;0
16,960832;0,5893;2,521329803;832,8022;0;2;55;0;5;8;5;15;6;4;0
15,374368;0,5696;2,840050995;859,4862;0;2;55;0;5;8;5;15;6;4;0
13,418752;0,4956;2,298715308;850,5074;0;2;55;0;5;8;5;15;6;4;0
13,936576;0,5107;2,131018927;855,1177;0;2;55;0;5;8;5;15;6;4;0
12,631552;0,3033;2,495832107;828,3157;0;2;55;0;5;8;5;15;6;4;0
16,721152;0,5462;2,687064823;838,9617;0;2;55;0;5;8;5;15;6;4;0
16,676672;0,5737;2,802785133;822,5634;0;2;55;0;5;8;5;15;6;4;0
16,241952;0,5156;2,199666569;836,5566;0;2;55;0;5;8;5;15;6;4;0
12,91664;0,3629;2,16926547;821,834;0;2;55;0;5;8;5;15;6;4;0
16,091264;0,5845;2,741982936;831,5691;0;2;55;0;5;8;5;15;6;4;0
13,022496;0,3685;2,886142983;803,8691;0;2;55;0;5;8;5;15;6;4;0
17,837216;0,5094;2,978326959;856,5502;0;2;55;0;5;8;5;15;6;4;0
17,747488;0,413;2,629204668;834,1473;0;2;55;0;5;8;5;15;6;4;0
17,672768;0,4407;2,640972835;824,788;0;2;55;0;5;8;5;15;6;4;0
15,448896;0,5657;2,36736295;849,918;0;2;55;0;5;8;5;15;6;4;0
12,814464;0,5626;2,170246151;852,1451;0;2;55;0;5;8;5;15;6;4;0
14,363776;0,5018;2,231048348;847,3864;0;2;55;0;5;8;5;15;6;4;0
17,650272;0,4714;2,91360204;849,4452;0;2;55;0;5;8;5;15;6;4;0
12,630624;0,3983;2,440913994;833,8168;0;2;55;0;5;8;5;15;6;4;0
17,637792;0,3901;2,485044621;835,2679;0;2;55;0;5;8;5;15;6;4;0
14,064224;0,3689;2,108463274;823,3146;0;2;55;0;5;8;5;15;6;4;0
16,953696;0,3215;2,395802687;838,1245;0;2;55;0;5;8;5;15;6;4;0
17,677536;0,5344;2,18593704;840,3665;0;2;55;0;5;8;5;15;6;4;0
17,891424;0,4384;2,741002256;831,3857;0;2;55;0;5;8;5;15;6;4;0
16,956096;0,5327;2,689026184;845,4839;0;2;55;0;5;8;5;15;6;4;0
16,009568;0,3114;2,84691576;812,615;0;2;55;0;5;8;5;15;6;4;0
14,88144;0,5644;2,277140335;832,3079;0;2;55;0;5;8;5;15;6;4;0
17,031168;0,5738;2,486025302;850,3385;0;2;55;0;5;8;5;15;6;4;0
12,704608;0,3776;2,900853192;821,6577;0;2;55;0;5;8;5;15;6;4;0
15,490816;0,4246;2,753751103;821,7867;0;2;55;0;5;8;5;15;6;4;0
14,469056;0,3888;2,402667451;838,0559;0;2;55;0;5;8;5;15;6;4;0
13,134016;0,5689;2,104540551;838,2681;0;2;55;0;5;8;5;15;6;4;0
17,284576;0,442;2,991075807;822,5302;0;2;55;0;5;8;5;15;6;4;0
17,06576;0,4952;2,851819162;857,3694;0;2;55;0;5;8;5;15;6;4;0
17,350336;0,4054;2,271256252;841,4144;0;2;55;0;5;8;5;15;6;4;0
17,648064;0,591;2,932234971;857,5162;0;2;55;0;5;8;5;15;6;4;0
13,728576;0,5052;2,836128273;815,2251;0,2;2;55;0;5;4;15;10;6;2;0,8
12,149056;0,3953;2,631166029;809,9408;0,2;2;55;0;5;4;15;10;6;2;0,8
15,868416;0,4971;2,627243307;830,3859;0,2;2;55;0;5;4;15;10;6;2;0,8
14,141856;0,4891;2,869471413;824,4315;0,2;2;55;0;5;4;15;10;6;2;0,8
12,878368;0,3754;2,951848583;817,3623;0,2;2;55;0;5;4;15;10;6;2;0,8
12,65168;0,5227;2,254584682;826,2916;0,2;2;55;0;5;4;15;10;6;2;0,8
12,550624;0,5193;2,664509169;851,3398;0,2;2;55;0;5;4;15;10;6;2;0,8
13,055808;0,5815;2,791016966;843,5518;0,2;2;55;0;5;4;15;10;6;2;0,8
12,133856;0,377;2,811611258;802,906;0,2;2;55;0;5;4;15;10;6;2;0,8
15,73088;0,4882;2,662547808;831,7706;0,2;2;55;0;5;4;15;10;6;2;0,8
14,85744;0,4872;2,836128273;840,2935;0,2;2;55;0;5;4;15;10;6;2;0,8
16,451424;0,3435;2,161420025;828,2323;0,2;2;55;0;5;4;15;10;6;2;0,8
14,203744;0,338;2,750809061;848,0817;0,2;2;55;0;5;4;15;10;6;2;0,8
16,538944;0,5033;2,994998529;817,8422;0,2;2;55;0;5;4;15;10;6;2;0,8
17,933152;0,4635;2,267333529;855,0664;0,2;2;55;0;5;4;15;10;6;2;0,8
12,760288;0,3945;2,744924978;816,6978;0,2;2;55;0;5;4;15;10;6;2;0,8
15,855392;0,3777;2,288908503;839,0444;0,2;2;55;0;5;4;15;10;6;2;0,8
14,975552;0,3674;2,495832107;824,5989;0,2;2;55;0;5;4;15;10;6;2;0,8
17,355456;0,4459;2,469353731;858,8442;0,2;2;55;0;5;4;15;10;6;2;0,8
13,53648;0,586;2,419339021;861,6782;0,2;2;55;0;5;4;15;10;6;2;0,8
14,664448;0,4941;2,933215652;810,0372;0,2;2;55;0;5;4;15;10;6;2;0,8
16,43568;0,5557;2,430126508;843,6854;0,2;2;55;0;5;4;15;10;6;2;0,8
15,885792;0,5547;2,952829264;851,7299;0,2;2;55;0;5;4;15;10;6;2;0,8
12,20416;0,4886;2,490928705;857,2502;0,2;2;55;0;5;4;15;10;6;2;0,8
15,765664;0,4514;2,89693047;819,3737;0,2;2;55;0;5;4;15;10;6;2;0,8
14,56064;0,3063;2,594880847;836,2063;0,2;2;55;0;5;4;15;10;6;2;0,8
12,219008;0,32;2,23497107;831,5532;0,2;2;55;0;5;4;15;10;6;2;0,8
14,80912;0,4799;2,399725409;862,8174;0,2;2;55;0;5;4;15;10;6;2;0,8
14,601824;0,5676;2,608610376;858,6167;0,2;2;55;0;5;4;15;10;6;2;0,8
15,987968;0,508;2,332058449;857,1984;0,2;2;55;0;5;4;15;10;6;2;0,8
13,73424;0,3692;2,460527606;814,0887;0,2;2;55;0;5;4;15;10;6;2;0,8
16,768032;0,4318;2,541924095;820,3683;0,2;2;55;0;5;4;15;10;6;2;0,8
15,674848;0,4017;2,128076885;856,5669;0,2;2;55;0;5;4;15;10;6;2;0,8
17,10112;0,5877;2,439933314;847,517;0,2;2;55;0;5;4;15;10;6;2;0,8
13,243328;0,515;2,305580073;849,6832;0,2;2;55;0;5;4;15;10;6;2;0,8
15,618464;0,4979;2,574286555;863,1196;0,2;2;55;0;5;4;15;10;6;2;0,8
15,29472;0,4416;2,155535942;848,3436;0,2;2;55;0;5;4;15;10;6;2;0,8
16,779392;0,4977;2,588016083;843,5509;0,2;2;55;0;5;4;15;10;6;2;0,8
13,742112;0,5424;2,495832107;822,5153;0,2;2;55;0;5;4;15;10;6;2;0,8
17,76928;0,4013;2,429145827;836,1571;0,2;2;55;0;5;4;15;10;6;2;0,8
14,330464;0,4914;2,342845935;842,5646;1;2;54,6;0;10;8;0;15;6;3;0,4
17,148704;0,3037;2,326174365;816,502;1;2;54,6;0;10;8;0;15;6;3;0,4
17,159872;0,3964;2,31734824;849,2997;1;2;54,6;0;10;8;0;15;6;3;0,4
15,250784;0,5218;2,428165147;861,1305;1;2;54,6;0;10;8;0;15;6;3;0,4
12,959328;0,4587;2,313425517;815,021;1;2;54,6;0;10;8;0;15;6;3;0,4
12,330528;0,3717;2,101598509;847,0869;1;2;54,6;0;10;8;0;15;6;3;0,4
13,109664;0,3693;2,430126508;815,4222;1;2;54,6;0;10;8;0;15;6;3;0,4
16,463712;0,5838;2,494851427;831,5568;1;2;54,6;0;10;8;0;15;6;3;0,4
17,417536;0,5427;2,66548985;862,6095;1;2;54,6;0;10;8;0;15;6;3;0,4
13,193152;0,3559;2,465431009;835,2654;1;2;54,6;0;10;8;0;15;6;3;0,4
15,63824;0,3886;2,276159655;844,1771;1;2;54,6;0;10;8;0;15;6;3;0,4
16,930272;0,4432;2,265372168;825,8064;1;2;54,6;0;10;8;0;15;6;3;0,4
16,749536;0,5209;2,391879965;847,2994;1;2;54,6;0;10;8;0;15;6;3;0,4
12,100352;0,5861;2,391879965;840,2081;1;2;54,6;0;10;8;0;15;6;3;0,4
15,975328;0,5041;2,898891831;832,689;1;2;54,6;0;10;8;0;15;6;3;0,4
12,043776;0,5754;2,101598509;851,7699;1;2;54,6;0;10;8;0;15;6;3;0,4
13,558656;0,5373;2,587035403;833,4738;1;2;54,6;0;10;8;0;15;6;3;0,4
13,662272;0,4552;2,984211042;821,0563;1;2;54,6;0;10;8;0;15;6;3;0,4
13,285088;0,4756;2,550750221;837,5437;1;2;54,6;0;10;8;0;15;6;3;0,4
15,818784;0,4627;2,303618711;863,181;1;2;54,6;0;10;8;0;15;6;3;0,4
12,756416;0,3894;2,96361675;825,3617;1;2;54,6;0;10;8;0;15;6;3;0,4
17,484896;0,4066;2,193782485;846,0354;1;2;54,6;0;10;8;0;15;6;3;0,4
15,414656;0,5604;2,205550652;867,7581;1;2;54,6;0;10;8;0;15;6;3;0,4
13,64032;0,5816;2,324213004;854,6095;1;2;54,6;0;10;8;0;15;6;3;0,4
16,31392;0,3161;2,862606649;814,8453;1;2;54,6;0;10;8;0;15;6;3;0,4
12,92032;0,3218;2,125134844;825,0283;1;2;54,6;0;10;8;0;15;6;3;0,4
15,645024;0,5008;2,975384917;831,3716;1;2;54,6;0;10;8;0;15;6;3;0,4
17,015232;0,4905;2,677258017;828,8;1;2;54,6;0;10;8;0;15;6;3;0,4
12,009152;0,5849;2,267333529;831,766;1;2;54,6;0;10;8;0;15;6;3;0,4
15,817312;0,3081;2,856722565;813,8016;1;2;54,6;0;10;8;0;15;6;3;0,4
17,44096;0,3114;2,617436501;814,5092;1;2;54,6;0;10;8;0;15;6;3;0,4
16,321056;0,5172;2,353633422;832,5955;1;2;54,6;0;10;8;0;15;6;3;0,4
16,1808;0,4796;2,813572619;840,028;1;2;54,6;0;10;8;0;15;6;3;0,4
15,269984;0,5855;2,545846818;861,811;1;2;54,6;0;10;8;0;15;6;3;0,4
17,20016;0,4668;2,851819162;852,1838;1;2;54,6;0;10;8;0;15;6;3;0,4
17,55632;0,4461;2,535059331;829,8102;1;2;54,6;0;10;8;0;15;6;3;0,4
14,474016;0,5875;2,507600275;847,097;1;2;54,6;0;10;8;0;15;6;3;0,4
16,368832;0,475;2,94694518;853,3276;1;2;54,6;0;10;8;0;15;6;3;0,4
17,004608;0,5893;2,26831421;849,7572;1;2;54,6;0;10;8;0;15;6;3;0,4
13,090976;0,3063;2,199666569;818,8218;1;2;54,6;0;10;8;0;15;6;3;0,4
16,594272;0,5874;2,129057566;874,8597;0;0;70;0;15;0;10;5;0;0;0
16,950592;0,3853;2,320290281;842,7562;0;0;70;0;15;0;10;5;0;0;0
13,369664;0,5358;2,744924978;853,5319;0;0;70;0;15;0;10;5;0;0;0
12,416032;0,5584;2,741982936;815,2385;0;0;70;0;15;0;10;5;0;0;0
15,054656;0,3366;2,653721683;812,2892;0;0;70;0;15;0;10;5;0;0;0
14,34768;0,501;2,746886339;836,2966;0;0;70;0;15;0;10;5;0;0;0
15,994208;0,586;2,356575463;842,9921;0;0;70;0;15;0;10;5;0;0;0
12,893568;0,4825;2,68216142;824,9467;0;0;70;0;15;0;10;5;0;0;0
15,927168;0,3587;2,660586447;816,2947;0;0;70;0;15;0;10;5;0;0;0
12,13936;0,3696;2,137883691;827,8906;0;0;70;0;15;0;10;5;0;0;0
12,510528;0,4292;2,688045504;850,7174;0;0;70;0;15;0;10;5;0;0;0
12,506304;0,4656;2,279101697;845,8578;0;0;70;0;15;0;10;5;0;0;0
15,592288;0,531;2,943022458;825,553;0;0;70;0;15;0;10;5;0;0;0
14,900288;0,5892;2,451701481;827,0032;0;0;70;0;15;0;10;5;0;0;0
17,235136;0,5525;2,646856919;822,5133;0;0;70;0;15;0;10;5;0;0;0
16,608896;0,3889;2,741982936;834,895;0;0;70;0;15;0;10;5;0;0;0
13,489248;0,5719;2,127096205;833,8101;0;0;70;0;15;0;10;5;0;0;0
16,951328;0,5961;2,602726292;857,9935;0;0;70;0;15;0;10;5;0;0;0
17,917408;0,3279;2,177110915;860,0474;0;0;70;0;15;0;10;5;0;0;0
14,67616;0,4154;2,742963617;850,6017;0;0;70;0;15;0;10;5;0;0;0
12,86592;0,5288;2,177110915;836,7523;0;0;70;0;15;0;10;5;0;0;0
15,10976;0,3521;2,175149554;827,5684;0;0;70;0;15;0;10;5;0;0;0
12,49056;0,5995;2,370304992;857,0638;0;0;70;0;15;0;10;5;0;0;0
17,054784;0,5776;2,131018927;860,3457;0;0;70;0;15;0;10;5;0;0;0
15,528544;0,365;2,212415416;859,8937;0;0;70;0;15;0;10;5;0;0;0
15,438656;0,5321;2,436010591;822,1282;0;0;70;0;15;0;10;5;0;0;0
15,821888;0,5719;2,876336177;826,8671;0;0;70;0;15;0;10;5;0;0;0
13,711904;0,3648;2,944983819;832,7568;0;0;70;0;15;0;10;5;0;0;0
16,591872;0,4477;2,221241542;846,2777;0;0;70;0;15;0;10;5;0;0;0
15,997312;0,3116;2,845935079;813,1305;0;0;70;0;15;0;10;5;0;0;0
12,46144;0,3969;2,921447485;829,1139;0;0;70;0;15;0;10;5;0;0;0
16,986656;0,4105;2,321270962;826,3894;0;0;70;0;15;0;10;5;0;0;0
17,229664;0,5352;2,267333529;841,4878;0;0;70;0;15;0;10;5;0;0;0
13,59088;0,5541;2,973423556;807,8246;0;0;70;0;15;0;10;5;0;0;0
17,393728;0,4611;2,314406198;861,6716;0;0;70;0;15;0;10;5;0;0;0
14,338144;0,5801;2,513484358;859,7445;0;0;70;0;15;0;10;5;0;0;0
13,42368;0,5645;2,608610376;829,9913;0;0;70;0;15;0;10;5;0;0;0
16,521184;0,3988;2,607629695;830,1655;0;0;70;0;15;0;10;5;0;0;0
16,785792;0,3738;2,463469648;862,9622;0;0;70;0;15;0;10;5;0;0;0
17,09744;0,4584;2,89693047;836,0588;0;0;70;0;15;0;10;5;0;0;0
14,714976;0,539;2,906737276;808,9779;0,2;0;70;0;5;4;0;15;3;2;0,8
15,335552;0,448;2,767480632;841,5128;0,2;0;70;0;5;4;0;15;3;2;0,8
16,739456;0,3542;2,886142983;835,0192;0,2;0;70;0;5;4;0;15;3;2;0,8
13,216032;0,4371;2,790036285;804,222;0,2;0;70;0;5;4;0;15;3;2;0,8
14,953024;0,4157;2,337942532;842,0593;0,2;0;70;0;5;4;0;15;3;2;0,8
13,577696;0,5544;2,21928018;840,8102;0,2;0;70;0;5;4;0;15;3;2;0,8
14,039296;0,5189;2,222222222;844,9287;0,2;0;70;0;5;4;0;15;3;2;0,8
16,01728;0,402;2,459546926;857,2427;0,2;0;70;0;5;4;0;15;3;2;0,8
17,045248;0,5926;2,411493577;849,4166;0,2;0;70;0;5;4;0;15;3;2;0,8
16,537312;0,309;2,985191723;829,1155;0,2;0;70;0;5;4;0;15;3;2;0,8
14,903776;0,4696;2,849857801;853,2341;0,2;0;70;0;5;4;0;15;3;2;0,8
16,945088;0,521;2,33500049;833,0646;0,2;0;70;0;5;4;0;15;3;2;0,8
15,708352;0,5967;2,573305874;844,7727;0,2;0;70;0;5;4;0;15;3;2;0,8
14,000128;0,4283;2,357556144;837,2731;0,2;0;70;0;5;4;0;15;3;2;0,8
17,735232;0,3804;2,891046386;845,3011;0,2;0;70;0;5;4;0;15;3;2;0,8
16,314272;0,5311;2,225164264;835,4303;0,2;0;70;0;5;4;0;15;3;2;0,8
16,2176;0,4712;2,128076885;827,5245;0,2;0;70;0;5;4;0;15;3;2;0,8
16,998368;0,5419;2,909679317;829,3558;0,2;0;70;0;5;4;0;15;3;2;0,8
13,868832;0,5851;2,63214671;826,7922;0,2;0;70;0;5;4;0;15;3;2;0,8
12,061344;0,5262;2,323232323;853,0641;0,2;0;70;0;5;4;0;15;3;2;0,8
17,156224;0,3628;2,143767775;838,0616;0,2;0;70;0;5;4;0;15;3;2;0,8
16,559648;0,58;2,711581838;863,4987;0,2;0;70;0;5;4;0;15;3;2;0,8
12,323936;0,5654;2,829263509;809,4425;0,2;0;70;0;5;4;0;15;3;2;0,8
12,493664;0,5447;2,426203785;820,5043;0,2;0;70;0;5;4;0;15;3;2;0,8
17,16704;0,4095;2,869471413;858,2345;0,2;0;70;0;5;4;0;15;3;2;0,8
14,458272;0,3607;2,639992155;842,9235;0,2;0;70;0;5;4;0;15;3;2;0,8
16,553792;0,3377;2,124154163;843,4515;0,2;0;70;0;5;4;0;15;3;2;0,8
13,039712;0,4567;2,943022458;821,4006;0,2;0;70;0;5;4;0;15;3;2;0,8
15,70048;0,3282;2,944983819;804,7708;0,2;0;70;0;5;4;0;15;3;2;0,8
17,964672;0,378;2,889085025;810,1199;0,2;0;70;0;5;4;0;15;3;2;0,8
13,19408;0,341;2,558595665;805,2094;0,2;0;70;0;5;4;0;15;3;2;0,8
14,998624;0,4516;2,310483476;836,3226;0,2;0;70;0;5;4;0;15;3;2;0,8
13,766112;0,5018;2,214376777;836,5776;0,2;0;70;0;5;4;0;15;3;2;0,8
16,594816;0,4888;2,188879082;831,4409;0,2;0;70;0;5;4;0;15;3;2;0,8
14,815328;0,424;2,48308326;815,2087;0,2;0;70;0;5;4;0;15;3;2;0,8
14,291264;0,3257;2,501716191;809,1504;0,2;0;70;0;5;4;0;15;3;2;0,8
14,682208;0,3669;2,737079533;814,2626;0,2;0;70;0;5;4;0;15;3;2;0,8
12,860992;0,4006;2,412474257;836,1053;0,2;0;70;0;5;4;0;15;3;2;0,8
12,671104;0,3331;2,971462195;793,8772;0,2;0;70;0;5;4;0;15;3;2;0,8
14,209248;0,5696;2,841031676;815,7003;0,2;0;70;0;5;4;0;15;3;2;0,8
12,825088;0,4015;2,603706973;845,1115;0,5;0;70;0;10;12;5;0;1,5;1;0
17,022176;0,459;2,387957242;821,8165;0,5;0;70;0;10;12;5;0;1,5;1;0
13,448416;0,4996;2,531136609;811,8392;0,5;0;70;0;10;12;5;0;1,5;1;0
14,16528;0,4557;2,819456703;843,204;0,5;0;70;0;10;12;5;0;1,5;1;0
12,380128;0,5121;2,346768657;831,5959;0,5;0;70;0;10;12;5;0;1,5;1;0
17,83264;0,3351;2,517407081;821,5651;0,5;0;70;0;10;12;5;0;1,5;1;0
16,018176;0,4273;2,621359223;814,9884;0,5;0;70;0;10;12;5;0;1,5;1;0
16,443552;0,326;2,198685888;834,1902;0,5;0;70;0;10;12;5;0;1,5;1;0
16,091616;0,5214;2,349710699;867,1664;0,5;0;70;0;10;12;5;0;1,5;1;0
13,292768;0,4134;2,182014318;858,2035;0,5;0;70;0;10;12;5;0;1,5;1;0
12,184576;0,3798;2,356575463;812,1771;0,5;0;70;0;10;12;5;0;1,5;1;0
14,948448;0,579;2,933215652;815,5509;0,5;0;70;0;10;12;5;0;1,5;1;0
14,011104;0,3561;2,965578111;799,7468;0,5;0;70;0;10;12;5;0;1,5;1;0
17,399936;0,4786;2,559576346;855,4468;0,5;0;70;0;10;12;5;0;1,5;1;0
17,436192;0,3685;2,229086986;859,6519;0,5;0;70;0;10;12;5;0;1,5;1;0
13,956544;0,3576;2,976365598;799,7467;0,5;0;70;0;10;12;5;0;1,5;1;0
14,25024;0,5339;2,825340787;822,9124;0,5;0;70;0;10;12;5;0;1,5;1;0
12,896512;0,5036;2,233009709;819,5142;0,5;0;70;0;10;12;5;0;1,5;1;0
17,693824;0,3393;2,413454938;834,6079;0,5;0;70;0;10;12;5;0;1,5;1;0
16,864896;0,4367;2,695890948;839,2124;0,5;0;70;0;10;12;5;0;1,5;1;0
13,728384;0,5511;2,551730901;854,0701;0,5;0;70;0;10;12;5;0;1,5;1;0
12,0216;0,537;2,705697754;816,0911;0,5;0;70;0;10;12;5;0;1,5;1;0
12,062816;0,361;2,882220261;800,8406;0,5;0;70;0;10;12;5;0;1,5;1;0
14,941504;0,4104;2,28498578;847,6522;0,5;0;70;0;10;12;5;0;1,5;1;0
16,924032;0,5704;2,172207512;850,9332;0,5;0;70;0;10;12;5;0;1,5;1;0
15,26048;0,5905;2,216338139;859,6973;0,5;0;70;0;10;12;5;0;1,5;1;0
13,582272;0,512;2,620378543;824,6455;0,5;0;70;0;10;12;5;0;1,5;1;0
12,075808;0,3797;2,776306757;816,3274;0,5;0;70;0;10;12;5;0;1,5;1;0
12,62368;0,4082;2,129057566;857,9464;0,5;0;70;0;10;12;5;0;1,5;1;0
12,09392;0,5262;2,142787094;837,6536;0,5;0;70;0;10;12;5;0;1,5;1;0
13,974304;0,4684;2,43306855;828,4301;0,5;0;70;0;10;12;5;0;1,5;1;0
13,528608;0,5398;2,551730901;847,3013;0,5;0;70;0;10;12;5;0;1,5;1;0
16,6728;0,3221;2,494851427;847,6792;0,5;0;70;0;10;12;5;0;1,5;1;0
17,749696;0,5444;2,624301265;848,6986;0,5;0;70;0;10;12;5;0;1,5;1;0
14,39472;0,5911;2,362459547;827,49;0,5;0;70;0;10;12;5;0;1,5;1;0
14,68112;0,468;2,857703246;809,1755;0,5;0;70;0;10;12;5;0;1,5;1;0
12,725472;0,5983;2,18495636;855,0331;0,5;0;70;0;10;12;5;0;1,5;1;0
13,950304;0,471;2,669412572;852,6399;0,5;0;70;0;10;12;5;0;1,5;1;0
14,183424;0,3137;2,69785231;832,5909;0,5;0;70;0;10;12;5;0;1,5;1;0
13,785888;0,5108;2,5164264;836,8862;0,5;0;70;0;10;12;5;0;1,5;1;0
12,994112;0,5393;2,666470531;812,2704;0,2;0,5;70;0;15;4;0;5;4,5;0;0,8
15,665888;0,5449;2,966558792;832,5837;0,2;0,5;70;0;15;4;0;5;4,5;0;0,8
17,61344;0,4295;2,289889183;868,6241;0,2;0,5;70;0;15;4;0;5;4,5;0;0,8
12,716704;0,4713;2,538982054;837,5566;0,2;0,5;70;0;15;4;0;5;4,5;0;0,8
17,000384;0,4512;2,674315975;858,1052;0,2;0,5;70;0;15;4;0;5;4,5;0;0,8
17,86176;0,4058;2,401686771;857,9675;0,2;0,5;70;0;15;4;0;5;4,5;0;0,8
16,641312;0,5794;2,261449446;831,309;0,2;0,5;70;0;15;4;0;5;4,5;0;0,8
17,71856;0,3974;2,637050113;856,9514;0,2;0,5;70;0;15;4;0;5;4,5;0;0,8
12,3232;0,3316;2,823379425;801,4181;0,2;0,5;70;0;15;4;0;5;4,5;0;0,8
14,249152;0,4812;2,666470531;837,1624;0,2;0,5;70;0;15;4;0;5;4,5;0;0,8
15,657472;0,3392;2,520349122;831,2339;0,2;0,5;70;0;15;4;0;5;4,5;0;0,8
16,157184;0,4684;2,235951751;842,1763;0,2;0,5;70;0;15;4;0;5;4,5;0;0,8
17,351776;0,3565;2,118270079;836,3031;0,2;0,5;70;0;15;4;0;5;4,5;0;0,8
16,03632;0,3743;2,971462195;810,7046;0,2;0,5;70;0;15;4;0;5;4,5;0;0,8
14,235616;0,3072;2,772384035;810,447;0,2;0,5;70;0;15;4;0;5;4,5;0;0,8
13,269504;0,5833;2,386976562;844,184;0,2;0,5;70;0;15;4;0;5;4,5;0;0,8
16,03264;0,4683;2,569383152;848,5767;0,2;0,5;70;0;15;4;0;5;4,5;0;0,8
16,676832;0,5515;2,861625968;832,7952;0,2;0,5;70;0;15;4;0;5;4,5;0;0,8
13,883648;0,4917;2,635088752;837,9242;0,2;0,5;70;0;15;4;0;5;4,5;0;0,8
14,913856;0,5475;2,279101697;843,4943;0,2;0,5;70;0;15;4;0;5;4,5;0;0,8
12,62128;0,563;2,10257919;828,8251;0,2;0,5;70;0;15;4;0;5;4,5;0;0,8
16,62064;0,4297;2,326174365;821,2152;0,2;0,5;70;0;15;4;0;5;4,5;0;0,8
12,79232;0,4983;2,645876238;848,5729;0,2;0,5;70;0;15;4;0;5;4,5;0;0,8
16,319232;0,5613;2,953809944;823,3468;0,2;0,5;70;0;15;4;0;5;4,5;0;0,8
14,432096;0,3778;2,772384035;806,3679;0,2;0,5;70;0;15;4;0;5;4,5;0;0,8
12,06336;0,3637;2,808669216;821,4368;0,2;0,5;70;0;15;4;0;5;4,5;0;0,8
12,586688;0,3177;2,580170638;828,6254;0,2;0,5;70;0;15;4;0;5;4,5;0;0,8
14,836032;0,5064;2,91458272;818,2188;0,2;0,5;70;0;15;4;0;5;4,5;0;0,8
14,587712;0,5788;2,777287437;822,0259;0,2;0,5;70;0;15;4;0;5;4,5;0;0,8
13,697632;0,3343;2,827302148;831,4795;0,2;0,5;70;0;15;4;0;5;4,5;0;0,8
13,074688;0,5132;2,461508287;816,1681;0,2;0,5;70;0;15;4;0;5;4,5;0;0,8
16,68544;0,4339;2,742963617;819,4714;0,2;0,5;70;0;15;4;0;5;4,5;0;0,8
16,769504;0,5481;2,867510052;826,4043;0,2;0,5;70;0;15;4;0;5;4,5;0;0,8
17,46128;0,435;2,578209277;825,9688;0,2;0,5;70;0;15;4;0;5;4,5;0;0,8
12,998496;0,3076;2,671373934;838,4828;0,2;0,5;70;0;15;4;0;5;4,5;0;0,8
13,71008;0,4518;2,504658233;822,3007;0,2;0,5;70;0;15;4;0;5;4,5;0;0,8
17,967392;0,3715;2,860645288;850,978;0,2;0,5;70;0;15;4;0;5;4,5;0;0,8
17,2888;0,4601;2,253604001;824,688;0,2;0,5;70;0;15;4;0;5;4,5;0;0,8
16,783424;0,4717;2,265372168;827,6448;0,2;0,5;70;0;15;4;0;5;4,5;0;0,8
14,123552;0,3126;2,772384035;811,3252;0,2;0,5;70;0;15;4;0;5;4,5;0;0,8
15,229728;0,4262;2,652741002;821,9331;0,25;0,5;70;0;0;8;0;15;1,5;4;0,75
17,860288;0,3919;2,154555261;845,7166;0,25;0,5;70;0;0;8;0;15;1,5;4;0,75
17,288608;0,5109;2,685103462;823,0052;0,25;0,5;70;0;0;8;0;15;1,5;4;0,75
13,260352;0,5004;2,927331568;837,4817;0,25;0,5;70;0;0;8;0;15;1,5;4;0,75
12,413824;0,368;2,33401981;821,0304;0,25;0,5;70;0;0;8;0;15;1,5;4;0,75
17,35216;0,5883;2,799843091;850,0621;0,25;0,5;70;0;0;8;0;15;1,5;4;0,75
14,556416;0,3532;2,468373051;842,2543;0,25;0,5;70;0;0;8;0;15;1,5;4;0,75
12,326496;0,3187;2,179072276;842,5862;0,25;0,5;70;0;0;8;0;15;1,5;4;0,75
14,935456;0,5189;2,295773267;861,2777;0,25;0,5;70;0;0;8;0;15;1,5;4;0,75
14,187264;0,4703;2,340884574;821,3326;0,25;0,5;70;0;0;8;0;15;1,5;4;0,75
16,563488;0,5365;2,766499951;826,0499;0,25;0,5;70;0;0;8;0;15;1,5;4;0,75
13,14848;0,4778;2,374227714;850,1587;0,25;0,5;70;0;0;8;0;15;1,5;4;0,75
12,518752;0,5547;2,446798078;813,7336;0,25;0,5;70;0;0;8;0;15;1,5;4;0,75
13,784064;0,5095;2,975384917;809,49;0,25;0,5;70;0;0;8;0;15;1,5;4;0,75
15,969472;0,5963;2,949887222;845,4354;0,25;0,5;70;0;0;8;0;15;1,5;4;0,75
12,924512;0,5824;2,712562518;812,0731;0,25;0,5;70;0;0;8;0;15;1,5;4;0,75
15,946784;0,5922;2,326174365;840,8903;0,25;0,5;70;0;0;8;0;15;1,5;4;0,75
17,307488;0,3155;2,954790625;851,2477;0,25;0,5;70;0;0;8;0;15;1,5;4;0,75
14,867872;0,4528;2,525252525;850,8026;0,25;0,5;70;0;0;8;0;15;1,5;4;0,75
16,973664;0,5191;2,555653624;823,8368;0,25;0,5;70;0;0;8;0;15;1,5;4;0,75
15,81072;0,4771;2,113366676;844,3616;0,25;0,5;70;0;0;8;0;15;1,5;4;0,75
16,41792;0,3235;2,104540551;847,9713;0,25;0,5;70;0;0;8;0;15;1,5;4;0,75
13,535936;0,599;2,149651858;838,2755;0,25;0,5;70;0;0;8;0;15;1,5;4;0,75
15,485696;0,3437;2,440913994;841,2351;0,25;0,5;70;0;0;8;0;15;1,5;4;0,75
13,260896;0,5713;2,741002256;818,7513;0,25;0,5;70;0;0;8;0;15;1,5;4;0,75
12,022528;0,4821;2,829263509;800,4526;0,25;0,5;70;0;0;8;0;15;1,5;4;0,75
17,184064;0,4876;2,838089634;820,412;0,25;0,5;70;0;0;8;0;15;1,5;4;0,75
14,272224;0,4689;2,394822006;827,7949;0,25;0,5;70;0;0;8;0;15;1,5;4;0,75
14,756192;0,4404;2,411493577;837,6809;0,25;0,5;70;0;0;8;0;15;1,5;4;0,75
15,02464;0,44;2,129057566;829,0753;0,25;0,5;70;0;0;8;0;15;1,5;4;0,75
12,706272;0,5187;2,479160537;814,4131;0,25;0,5;70;0;0;8;0;15;1,5;4;0,75
17,515488;0,3517;2,945964499;844,4258;0,25;0,5;70;0;0;8;0;15;1,5;4;0,75
14,813504;0,5411;2,10257919;837,4218;0,25;0,5;70;0;0;8;0;15;1,5;4;0,75
17,073088;0,3342;2,512503678;843,3987;0,25;0,5;70;0;0;8;0;15;1,5;4;0,75
17,43088;0,4277;2,245758556;835,8248;0,25;0,5;70;0;0;8;0;15;1,5;4;0,75
16,518464;0,4811;2,53309797;852,6532;0,25;0,5;70;0;0;8;0;15;1,5;4;0,75
14,758752;0,309;2,987153084;824,1899;0,25;0,5;70;0;0;8;0;15;1,5;4;0,75
15,312832;0,3774;2,205550652;853,8323;0,25;0,5;70;0;0;8;0;15;1,5;4;0,75
13,868832;0,3723;2,209473375;843,9443;0,25;0,5;70;0;0;8;0;15;1,5;4;0,75
14,456064;0,4651;2,125134844;843,2198;0,25;0,5;70;0;0;8;0;15;1,5;4;0,75
17,476672;0,4457;2,940080416;836,2079;0,5;0,5;70;0;5;4;10;0;4,5;4;1,5
13,135456;0,4452;2,468373051;851,8845;0,5;0,5;70;0;5;4;10;0;4,5;4;1,5
16,465344;0,5199;2,353633422;834,9866;0,5;0,5;70;0;5;4;10;0;4,5;4;1,5
15,124064;0,4188;2,625281946;842,9797;0,5;0,5;70;0;5;4;10;0;4,5;4;1,5
16,159904;0,4067;2,951848583;852,5972;0,5;0,5;70;0;5;4;10;0;4,5;4;1,5
14,92848;0,564;2,304599392;855,1949;0,5;0,5;70;0;5;4;10;0;4,5;4;1,5
12,349024;0,3357;2,683142101;802,1766;0,5;0,5;70;0;5;4;10;0;4,5;4;1,5
17,688704;0,5516;2,291850544;851,2216;0,5;0,5;70;0;5;4;10;0;4,5;4;1,5
13,060384;0,3885;2,744924978;823,7645;0,5;0,5;70;0;5;4;10;0;4,5;4;1,5
14,825024;0,498;2,177110915;838,5654;0,5;0,5;70;0;5;4;10;0;4,5;4;1,5
16,082272;0,5698;2,436991272;853,6415;0,5;0,5;70;0;5;4;10;0;4,5;4;1,5
17,438048;0,4548;2,243797195;869,3929;0,5;0,5;70;0;5;4;10;0;4,5;4;1,5
14,238336;0,3166;2,681180739;815,8163;0,5;0,5;70;0;5;4;10;0;4,5;4;1,5
15,455136;0,5371;2,316367559;851,2922;0,5;0,5;70;0;5;4;10;0;4,5;4;1,5
16,410592;0,4447;2,903795234;850,1794;0,5;0,5;70;0;5;4;10;0;4,5;4;1,5
12,530656;0,4888;2,976365598;825,6974;0,5;0,5;70;0;5;4;10;0;4,5;4;1,5
12,312384;0,3325;2,977346278;819,084;0,5;0,5;70;0;5;4;10;0;4,5;4;1,5
16,693856;0,4845;2,835147592;841,7311;0,5;0,5;70;0;5;4;10;0;4,5;4;1,5
13,013152;0,5427;2,131018927;821,333;0,5;0,5;70;0;5;4;10;0;4,5;4;1,5
16,746976;0,471;2,673335295;825,7288;0,5;0,5;70;0;5;4;10;0;4,5;4;1,5
17,210432;0,3814;2,916544082;845,9581;0,5;0,5;70;0;5;4;10;0;4,5;4;1,5
16,413536;0,4438;2,942041777;830,5201;0,5;0,5;70;0;5;4;10;0;4,5;4;1,5
17,253632;0,594;2,241835834;838,3771;0,5;0,5;70;0;5;4;10;0;4,5;4;1,5
12,237504;0,4631;2,721388644;837,5813;0,5;0,5;70;0;5;4;10;0;4,5;4;1,5
14,918048;0,3998;2,762577229;807,7183;0,5;0,5;70;0;5;4;10;0;4,5;4;1,5
17,23168;0,4065;2,852799843;814,8159;0,5;0,5;70;0;5;4;10;0;4,5;4;1,5
16,928064;0,5632;2,341865254;843,6929;0,5;0,5;70;0;5;4;10;0;4,5;4;1,5
16,275104;0,3588;2,418358341;815,6393;0,5;0,5;70;0;5;4;10;0;4,5;4;1,5
16,230048;0,5029;2,967539472;846,2207;0,5;0,5;70;0;5;4;10;0;4,5;4;1,5
15,262304;0,4401;2,101598509;838,6045;0,5;0,5;70;0;5;4;10;0;4,5;4;1,5
13,016448;0,5379;2,23497107;832,6733;0,5;0,5;70;0;5;4;10;0;4,5;4;1,5
16,002272;0,3709;2,690006865;827,1488;0,5;0,5;70;0;5;4;10;0;4,5;4;1,5
15,499424;0,5721;2,489948024;844,9966;0,5;0,5;70;0;5;4;10;0;4,5;4;1,5
12,865568;0,5748;2,356575463;837,8206;0,5;0,5;70;0;5;4;10;0;4,5;4;1,5
14,433184;0,3153;2,537020692;807,2144;0,5;0,5;70;0;5;4;10;0;4,5;4;1,5
17,183872;0,319;2,596842208;843,3544;0,5;0,5;70;0;5;4;10;0;4,5;4;1,5
15,388288;0,4425;2,505638913;839,8616;0,5;0,5;70;0;5;4;10;0;4,5;4;1,5
13,397504;0,3917;2,129057566;859,3772;0,5;0,5;70;0;5;4;10;0;4,5;4;1,5
14,77504;0,4901;2,985191723;818,0494;0,5;0,5;70;0;5;4;10;0;4,5;4;1,5
14,95504;0,4173;2,155535942;831,1331;0,5;0,5;70;0;5;4;10;0;4,5;4;1,5
15,6168;0,3903;2,917524762;811,6744;0;1;70;0;5;0;15;0;6;3;0
15,960512;0,4097;2,288908503;824,1692;0;1;70;0;5;0;15;0;6;3;0
17,07328;0,5422;2,552711582;845,6143;0;1;70;0;5;0;15;0;6;3;0
12,572416;0,5617;2,442875355;820,125;0;1;70;0;5;0;15;0;6;3;0
13,714112;0,4208;2,470334412;827,3478;0;1;70;0;5;0;15;0;6;3;0
16,152768;0,4735;2,575267235;845,3884;0;1;70;0;5;0;15;0;6;3;0
16,542432;0,5237;2,260468765;848,002;0;1;70;0;5;0;15;0;6;3;0
16,163936;0,5174;2,111405315;838,9607;0;1;70;0;5;0;15;0;6;3;0
17,767808;0,4549;2,464450329;828,5001;0;1;70;0;5;0;15;0;6;3;0
12,818496;0,5408;2,609591056;820,821;0;1;70;0;5;0;15;0;6;3;0
13,330304;0,3467;2,588996764;831,2144;0;1;70;0;5;0;15;0;6;3;0
17,477952;0,4065;2,903795234;829,1406;0;1;70;0;5;0;15;0;6;3;0
17,173984;0,5178;2,366382269;831,5697;0;1;70;0;5;0;15;0;6;3;0
14,798848;0,57;2,906737276;847,271;0;1;70;0;5;0;15;0;6;3;0
13,26896;0,5709;2,692948907;842,2429;0;1;70;0;5;0;15;0;6;3;0
12,634112;0,5953;2,564479749;840,4943;0;1;70;0;5;0;15;0;6;3;0
13,387264;0,3256;2,620378543;801,4932;0;1;70;0;5;0;15;0;6;3;0
17,679936;0,4073;2,289889183;847,934;0;1;70;0;5;0;15;0;6;3;0
16,623936;0,4908;2,312444837;849,3835;0;1;70;0;5;0;15;0;6;3;0
14,87376;0,3821;2,147690497;816,2787;0;1;70;0;5;0;15;0;6;3;0
14,671392;0,3731;2,96361675;821,501;0;1;70;0;5;0;15;0;6;3;0
16,544256;0,5748;2,502696872;843,9302;0;1;70;0;5;0;15;0;6;3;0
12,843424;0,4236;2,783171521;802,3563;0;1;70;0;5;0;15;0;6;3;0
13,308512;0,5845;2,537020692;856,6768;0;1;70;0;5;0;15;0;6;3;0
12,848;0,3215;2,537020692;827,0209;0;1;70;0;5;0;15;0;6;3;0
12,720896;0,3575;2,920466804;800,4325;0;1;70;0;5;0;15;0;6;3;0
17,310592;0,3961;2,653721683;841,7946;0;1;70;0;5;0;15;0;6;3;0
15,671936;0,4269;2,752770423;820,2568;0;1;70;0;5;0;15;0;6;3;0
14,047744;0,3854;2,69785231;846,2579;0;1;70;0;5;0;15;0;6;3;0
14,534976;0,391;2,462488967;831,3929;0;1;70;0;5;0;15;0;6;3;0
12,091008;0,3329;2,295773267;819,932;0;1;70;0;5;0;15;0;6;3;0
13,067552;0,428;2,767480632;835,6132;0;1;70;0;5;0;15;0;6;3;0
15,459872;0,321;2,63312739;805,301;0;1;70;0;5;0;15;0;6;3;0
14,057248;0,4491;2,405609493;814,2389;0;1;70;0;5;0;15;0;6;3;0
12,684832;0,5433;2,212415416;842,962;0;1;70;0;5;0;15;0;6;3;0
16,721344;0,4885;2,716485241;829,9618;0;1;70;0;5;0;15;0;6;3;0
12,081856;0,513;2,170246151;834,3109;0;1;70;0;5;0;15;0;6;3;0
17,854784;0,5311;2,89693047;843,1061;0;1;70;0;5;0;15;0;6;3;0
14,775232;0,4093;2,259488085;853,7585;0;1;70;0;5;0;15;0;6;3;0
16,729216;0,3782;2,111405315;833,8035;0;1;70;0;5;0;15;0;6;3;0
15,470496;0,3621;2,792978327;829,8175;0,25;1;70;0;10;4;0;10;1,5;2;1,25
17,740896;0,4494;2,166323428;861,7113;0,25;1;70;0;10;4;0;10;1,5;2;1,25
12,978912;0,3727;2,64979896;811,8696;0,25;1;70;0;10;4;0;10;1,5;2;1,25
12,8088;0,5238;2,650779641;824,9601;0,25;1;70;0;10;4;0;10;1,5;2;1,25
12,490176;0,5732;2,348730019;832,0564;0,25;1;70;0;10;4;0;10;1,5;2;1,25
15,524352;0,317;2,936157693;800,3623;0,25;1;70;0;10;4;0;10;1,5;2;1,25
13,596544;0,3228;2,271256252;843,0719;0,25;1;70;0;10;4;0;10;1,5;2;1,25
15,048608;0,3966;2,937138374;802,8008;0,25;1;70;0;10;4;0;10;1,5;2;1,25
14,064928;0,342;2,366382269;808,9174;0,25;1;70;0;10;4;0;10;1,5;2;1,25
17,761216;0,435;2,638030793;827,3065;0,25;1;70;0;10;4;0;10;1,5;2;1,25
17,36224;0,3839;2,395802687;821,6578;0,25;1;70;0;10;4;0;10;1,5;2;1,25
14,6584;0,4994;2,182994999;821,7722;0,25;1;70;0;10;4;0;10;1,5;2;1,25
13,926496;0,5432;2,76453859;831,3969;0,25;1;70;0;10;4;0;10;1,5;2;1,25
12,502272;0,5799;2,523291164;814,577;0,25;1;70;0;10;4;0;10;1,5;2;1,25
14,19312;0,5027;2,293811905;846,7948;0,25;1;70;0;10;4;0;10;1,5;2;1,25
14,718848;0,4544;2,130038247;831,1937;0,25;1;70;0;10;4;0;10;1,5;2;1,25
13,365824;0,3173;2,868490733;808,6088;0,25;1;70;0;10;4;0;10;1,5;2;1,25
12,0456;0,4916;2,374227714;831,0614;0,25;1;70;0;10;4;0;10;1,5;2;1,25
13,941152;0,3358;2,944983819;809,646;0,25;1;70;0;10;4;0;10;1,5;2;1,25
12,93168;0,3908;2,656663725;838,6559;0,25;1;70;0;10;4;0;10;1,5;2;1,25
15,982112;0,5591;2,41737766;834,3904;0,25;1;70;0;10;4;0;10;1,5;2;1,25
17,684864;0,3604;2,41737766;838,6984;0,25;1;70;0;10;4;0;10;1,5;2;1,25
17,141024;0,3374;2,652741002;841,2281;0,25;1;70;0;10;4;0;10;1,5;2;1,25
14,370016;0,5321;2,792978327;820,2062;0,25;1;70;0;10;4;0;10;1,5;2;1,25
16,433312;0,5041;2,581151319;843,0317;0,25;1;70;0;10;4;0;10;1,5;2;1,25
14,459168;0,4146;2,539962734;809,1155;0,25;1;70;0;10;4;0;10;1,5;2;1,25
15,760928;0,4467;2,555653624;816,8766;0,25;1;70;0;10;4;0;10;1,5;2;1,25
14,227904;0,4834;2,630185349;855,2661;0,25;1;70;0;10;4;0;10;1,5;2;1,25
13,185632;0,3167;2,470334412;809,723;0,25;1;70;0;10;4;0;10;1,5;2;1,25
13,904896;0,5084;2,394822006;832,7511;0,25;1;70;0;10;4;0;10;1,5;2;1,25
17,952928;0,5752;2,240855153;864,4353;0,25;1;70;0;10;4;0;10;1,5;2;1,25
16,570464;0,3194;2,539962734;811,5236;0,25;1;70;0;10;4;0;10;1,5;2;1,25
15,264512;0,3775;2,849857801;827,519;0,25;1;70;0;10;4;0;10;1,5;2;1,25
12,803872;0,3087;2,420319702;806,7327;0,25;1;70;0;10;4;0;10;1,5;2;1,25
12,802752;0,4944;2,554672943;812,1191;0,25;1;70;0;10;4;0;10;1,5;2;1,25
17,083712;0,4715;2,378150436;848,0814;0,25;1;70;0;10;4;0;10;1,5;2;1,25
13,003456;0,571;2,652741002;822,2197;0,25;1;70;0;10;4;0;10;1,5;2;1,25
17,93408;0,3833;2,145729136;827,0782;0,25;1;70;0;10;4;0;10;1,5;2;1,25
13,079616;0,3233;2,117289399;834,4596;0,25;1;70;0;10;4;0;10;1,5;2;1,25
15,824992;0,4155;2,504658233;817,2524;0,25;1;70;0;10;4;0;10;1,5;2;1,25
14,794816;0,4725;2,688045504;843,6555;0,5;1;70;0;5;0;5;15;1,5;2;0
16,819488;0,5879;2,112385996;832,4875;0,5;1;70;0;5;0;5;15;1,5;2;0
13,98656;0,4159;2,833186231;805,2557;0,5;1;70;0;5;0;5;15;1,5;2;0
17,972896;0,3591;2,991075807;834,147;0,5;1;70;0;5;0;5;15;1,5;2;0
17,839584;0,4364;2,159458664;849,0896;0,5;1;70;0;5;0;5;15;1,5;2;0
14,480416;0,5539;2,177110915;822,4673;0,5;1;70;0;5;0;5;15;1,5;2;0
17,909728;0,3486;2,804746494;841,1449;0,5;1;70;0;5;0;5;15;1,5;2;0
16,576864;0,5291;2,835147592;821,845;0,5;1;70;0;5;0;5;15;1,5;2;0
14,896832;0,5831;2,374227714;839,6962;0,5;1;70;0;5;0;5;15;1,5;2;0
16,18336;0,4757;2,531136609;852,6542;0,5;1;70;0;5;0;5;15;1,5;2;0
17,169056;0,3078;2,746886339;818,1753;0,5;1;70;0;5;0;5;15;1,5;2;0
17,307296;0,4593;2,773364715;849,6541;0,5;1;70;0;5;0;5;15;1,5;2;0
13,034944;0,3868;2,352652741;840,0466;0,5;1;70;0;5;0;5;15;1,5;2;0
16,190304;0,3982;2,909679317;805,7715;0,5;1;70;0;5;0;5;15;1,5;2;0
12,76832;0,3772;2,494851427;817,936;0,5;1;70;0;5;0;5;15;1,5;2;0
15,20608;0,378;2,693929587;820,1594;0,5;1;70;0;5;0;5;15;1,5;2;0
16,380576;0,3628;2,54976954;853,9022;0,5;1;70;0;5;0;5;15;1,5;2;0
16,510016;0,4047;2,706678435;810,7054;0,5;1;70;0;5;0;5;15;1,5;2;0
15,144736;0,4258;2,920466804;808,2872;0,5;1;70;0;5;0;5;15;1,5;2;0
13,435968;0,495;2,647837599;818,1282;0,5;1;70;0;5;0;5;15;1,5;2;0
14,8688;0,4553;2,258507404;827,7413;0,5;1;70;0;5;0;5;15;1,5;2;0
15,646848;0,5037;2,883200941;817,082;0,5;1;70;0;5;0;5;15;1,5;2;0
14,918976;0,5947;2,441894675;847,6561;0,5;1;70;0;5;0;5;15;1,5;2;0
12,030944;0,5896;2,960674708;850,0754;0,5;1;70;0;5;0;5;15;1,5;2;0
14,993504;0,5245;2,426203785;854,0375;0,5;1;70;0;5;0;5;15;1,5;2;0
15,35184;0,5172;2,48406394;827,4435;0,5;1;70;0;5;0;5;15;1,5;2;0
13,64544;0,5851;2,540943415;825,0027;0,5;1;70;0;5;0;5;15;1,5;2;0
14,64576;0,4979;2,54976954;834,0914;0,5;1;70;0;5;0;5;15;1,5;2;0
16,55728;0,5345;2,167304109;844,1187;0,5;1;70;0;5;0;5;15;1,5;2;0
15,371456;0,5673;2,349710699;823,6611;0,5;1;70;0;5;0;5;15;1,5;2;0
12,562336;0,4458;2,46739237;822,6176;0,5;1;70;0;5;0;5;15;1,5;2;0
17,306752;0,3005;2,631166029;828,7001;0,5;1;70;0;5;0;5;15;1,5;2;0
13,420768;0,4405;2,476218496;857,2743;0,5;1;70;0;5;0;5;15;1,5;2;0
14,198624;0,3647;2,525252525;841,3405;0,5;1;70;0;5;0;5;15;1,5;2;0
13,340928;0,4604;2,960674708;829,2483;0,5;1;70;0;5;0;5;15;1,5;2;0
15,160672;0,5096;2,33401981;831,1755;0,5;1;70;0;5;0;5;15;1,5;2;0
12,253792;0,3763;2,738060214;810,5024;0,5;1;70;0;5;0;5;15;1,5;2;0
15,822272;0,5952;2,378150436;831,005;0,5;1;70;0;5;0;5;15;1,5;2;0
12,836448;0,4349;2,756693145;811,8557;0,5;1;70;0;5;0;5;15;1,5;2;0
15,226048;0,4569;2,413454938;815,6958;0,5;1;70;0;5;0;5;15;1,5;2;0
15,284832;0,5422;2,641953516;848,2463;1;1;69,6;0;5;4;10;0;6;3;0,4
12,477376;0,4081;2,506619594;841,7075;1;1;69,6;0;5;4;10;0;6;3;0,4
15,837824;0,4855;2,30165735;854,7279;1;1;69,6;0;5;4;10;0;6;3;0,4
13,14224;0,5808;2,666470531;839,6212;1;1;69,6;0;5;4;10;0;6;3;0,4
15,050272;0,4921;2,293811905;855,0979;1;1;69,6;0;5;4;10;0;6;3;0,4
15,395424;0,303;2,153574581;842,3082;1;1;69,6;0;5;4;10;0;6;3;0,4
17,817248;0,3257;2,96361675;832,525;1;1;69,6;0;5;4;10;0;6;3;0,4
17,919616;0,5141;2,936157693;834,6189;1;1;69,6;0;5;4;10;0;6;3;0,4
13,145728;0,5208;2,329116407;831,1276;1;1;69,6;0;5;4;10;0;6;3;0,4
13,553344;0,5177;2,919486123;805,801;1;1;69,6;0;5;4;10;0;6;3;0,4
17,68064;0,3539;2,646856919;854,6025;1;1;69,6;0;5;4;10;0;6;3;0,4
16,689664;0,4716;2,332058449;863,9042;1;1;69,6;0;5;4;10;0;6;3;0,4
14,9752;0,3524;2,224183583;829,7191;1;1;69,6;0;5;4;10;0;6;3;0,4
16,424512;0,3156;2,575267235;838,0626;1;1;69,6;0;5;4;10;0;6;3;0,4
12,51728;0,3411;2,203589291;836,0221;1;1;69,6;0;5;4;10;0;6;3;0,4
17,455072;0,5371;2,939099735;834,3214;1;1;69,6;0;5;4;10;0;6;3;0,4
12,501184;0,5266;2,209473375;816,7892;1;1;69,6;0;5;4;10;0;6;3;0,4
12,728224;0,5732;2,373247033;820,8472;1;1;69,6;0;5;4;10;0;6;3;0,4
16,351072;0,5183;2,84789644;816,7776;1;1;69,6;0;5;4;10;0;6;3;0,4
13,83936;0,5515;2,730214769;832,1245;1;1;69,6;0;5;4;10;0;6;3;0,4
14,994976;0,4873;2,482102579;839,5044;1;1;69,6;0;5;4;10;0;6;3;0,4
13,18032;0,3675;2,660586447;835,5138;1;1;69,6;0;5;4;10;0;6;3;0,4
12,888096;0,5636;2,662547808;825,171;1;1;69,6;0;5;4;10;0;6;3;0,4
15,837824;0,6;2,8802589;844,4828;1;1;69,6;0;5;4;10;0;6;3;0,4
13,78624;0,5694;2,419339021;827,3507;1;1;69,6;0;5;4;10;0;6;3;0,4
15,242176;0,4636;2,991075807;827,199;1;1;69,6;0;5;4;10;0;6;3;0,4
16,269056;0,3906;2,120231441;828,1803;1;1;69,6;0;5;4;10;0;6;3;0,4
14,56576;0,5995;2,476218496;838,4197;1;1;69,6;0;5;4;10;0;6;3;0,4
13,013344;0,3864;2,488967343;826,406;1;1;69,6;0;5;4;10;0;6;3;0,4
15,87152;0,5023;2,239874473;853,481;1;1;69,6;0;5;4;10;0;6;3;0,4
17,81744;0,335;2,387957242;838,3322;1;1;69,6;0;5;4;10;0;6;3;0,4
13,010592;0,4863;2,232029028;819,7037;1;1;69,6;0;5;4;10;0;6;3;0,4
12,373184;0,5181;2,562518388;844,9519;1;1;69,6;0;5;4;10;0;6;3;0,4
12,272096;0,3874;2,313425517;827,6301;1;1;69,6;0;5;4;10;0;6;3;0,4
16,791104;0,4425;2,745905659;858,4871;1;1;69,6;0;5;4;10;0;6;3;0,4
14,780352;0,4036;2,799843091;851,5106;1;1;69,6;0;5;4;10;0;6;3;0,4
13,871584;0,5983;2,93027361;817,0623;1;1;69,6;0;5;4;10;0;6;3;0,4
14,643936;0,4732;2,860645288;835,1858;1;1;69,6;0;5;4;10;0;6;3;0,4
15,130848;0,3563;2,495832107;836,3624;1;1;69,6;0;5;4;10;0;6;3;0,4
12,854016;0,589;2,182994999;822,7723;1;1;69,6;0;5;4;10;0;6;3;0,4
16,57264;0,4015;2,607629695;811,5735;0;1,5;70;0;0;0;5;15;4,5;4;0
16,933024;0,5522;2,292831225;871,0669;0;1,5;70;0;0;0;5;15;4,5;4;0
12,21168;0,4046;2,873394136;823,0132;0;1,5;70;0;0;0;5;15;4,5;4;0
14,332288;0,3617;2,147690497;821,2633;0;1,5;70;0;0;0;5;15;4,5;4;0
17,348864;0,3312;2,156516623;829,9316;0;1,5;70;0;0;0;5;15;4,5;4;0
15,58128;0,3425;2,385995881;859,7449;0;1,5;70;0;0;0;5;15;4,5;4;0
17,59184;0,5881;2,664509169;823,0417;0;1,5;70;0;0;0;5;15;4,5;4;0
17,18608;0,4105;2,938119055;812,0604;0;1,5;70;0;0;0;5;15;4,5;4;0
17,631584;0,4072;2,889085025;851,755;0;1,5;70;0;0;0;5;15;4,5;4;0
16,27712;0,5753;2,101598509;858,2571;0;1,5;70;0;0;0;5;15;4,5;4;0
15,763104;0,4673;2,8145533;834,8594;0;1,5;70;0;0;0;5;15;4,5;4;0
17,008096;0,5807;2,48308326;827,8641;0;1,5;70;0;0;0;5;15;4,5;4;0
12,160768;0,4528;2,486025302;820,5092;0;1,5;70;0;0;0;5;15;4,5;4;0
16,70448;0,4823;2,193782485;832,4958;0;1,5;70;0;0;0;5;15;4,5;4;0
14,900832;0,5503;2,941061096;842,3846;0;1,5;70;0;0;0;5;15;4,5;4;0
13,761696;0,3624;2,815533981;801,5934;0;1,5;70;0;0;0;5;15;4,5;4;0
13,735168;0,5826;2,306560753;835,2617;0;1,5;70;0;0;0;5;15;4,5;4;0
13,293856;0,3832;2,625281946;809,1646;0;1,5;70;0;0;0;5;15;4,5;4;0
17,61456;0,3801;2,348730019;853,5194;0;1,5;70;0;0;0;5;15;4,5;4;0
12,531744;0,577;2,981269001;827,7534;0;1,5;70;0;0;0;5;15;4,5;4;0
17,96192;0,4899;2,100617829;865,9891;0;1,5;70;0;0;0;5;15;4,5;4;0
13,971936;0,3736;2,678238698;821,2118;0;1,5;70;0;0;0;5;15;4,5;4;0
15,696288;0,5222;2,838089634;843,9347;0;1,5;70;0;0;0;5;15;4,5;4;0
12,274112;0,5657;2,752770423;808,9663;0;1,5;70;0;0;0;5;15;4,5;4;0
16,006272;0,5343;2,824360106;827,9912;0;1,5;70;0;0;0;5;15;4,5;4;0
14,910912;0,5119;2,865548691;855,3922;0;1,5;70;0;0;0;5;15;4,5;4;0
14,87264;0,352;2,520349122;855,6351;0;1,5;70;0;0;0;5;15;4,5;4;0
12,56544;0,4763;2,738060214;802,3218;0;1,5;70;0;0;0;5;15;4,5;4;0
13,342752;0,4289;2,248700598;836,993;0;1,5;70;0;0;0;5;15;4,5;4;0
13,279776;0,4071;2,347749338;850,4454;0;1,5;70;0;0;0;5;15;4,5;4;0
17,553568;0,3424;2,231048348;844,5337;0;1,5;70;0;0;0;5;15;4,5;4;0
14,353536;0,551;2,69883299;834,942;0;1,5;70;0;0;0;5;15;4,5;4;0
12,50448;0,3282;2,275178974;810,7817;0;1,5;70;0;0;0;5;15;4,5;4;0
13,9928;0,3065;2,639992155;836,2068;0;1,5;70;0;0;0;5;15;4,5;4;0
17,582496;0,4513;2,939099735;836,8605;0;1,5;70;0;0;0;5;15;4,5;4;0
14,707648;0,4138;2,559576346;840,2551;0;1,5;70;0;0;0;5;15;4,5;4;0
13,832928;0,4153;2,744924978;831,7587;0;1,5;70;0;0;0;5;15;4,5;4;0
12,461248;0,3828;2,329116407;852,3232;0;1,5;70;0;0;0;5;15;4,5;4;0
12,986048;0,309;2,263410807;847,1825;0;1,5;70;0;0;0;5;15;4,5;4;0
13,567968;0,4581;2,521329803;817,9833;0;1,5;70;0;0;0;5;15;4,5;4;0
16,228032;0,4897;2,454643523;822,9762;1;1,5;70;0;5;0;10;5;4,5;3;0
13,341824;0,3218;2,582132;847,6256;1;1,5;70;0;5;0;10;5;4,5;3;0
12,725312;0,3057;2,680200059;802,4548;1;1,5;70;0;5;0;10;5;4,5;3;0
14,495424;0,534;2,272236932;851,4497;1;1,5;70;0;5;0;10;5;4,5;3;0
17,898368;0,4544;2,867510052;840,1632;1;1,5;70;0;5;0;10;5;4,5;3;0
13,287648;0,41;2,762577229;818,3488;1;1,5;70;0;5;0;10;5;4,5;3;0
13,444384;0,5793;2,642934196;840,9819;1;1,5;70;0;5;0;10;5;4,5;3;0
13,422592;0,4361;2,902814553;804,6808;1;1,5;70;0;5;0;10;5;4,5;3;0
17,11136;0,5036;2,826321467;821,3901;1;1,5;70;0;5;0;10;5;4,5;3;0
13,697792;0,5219;2,339903893;847,5464;1;1,5;70;0;5;0;10;5;4,5;3;0
12,221024;0,3023;2,986172404;818,5914;1;1,5;70;0;5;0;10;5;4,5;3;0
17,40288;0,3907;2,515445719;820,4583;1;1,5;70;0;5;0;10;5;4,5;3;0
12,942656;0,4105;2,262430127;857,8175;1;1,5;70;0;5;0;10;5;4,5;3;0
15,467392;0,3075;2,804746494;818,0829;1;1,5;70;0;5;0;10;5;4,5;3;0
13,316736;0,5701;2,544866137;816,4569;1;1,5;70;0;5;0;10;5;4,5;3;0
15,360448;0,3436;2,639992155;817,6534;1;1,5;70;0;5;0;10;5;4,5;3;0
12,027104;0,314;2,316367559;808,901;1;1,5;70;0;5;0;10;5;4,5;3;0
13,737728;0,5801;2,378150436;864,7036;1;1,5;70;0;5;0;10;5;4,5;3;0
16,926432;0,3876;2,762577229;813,2189;1;1,5;70;0;5;0;10;5;4,5;3;0
14,841152;0,4473;2,944003138;815,0739;1;1,5;70;0;5;0;10;5;4,5;3;0
17,307648;0,3073;2,741002256;844,1516;1;1,5;70;0;5;0;10;5;4,5;3;0
16,646432;0,5033;2,427184466;830,7819;1;1,5;70;0;5;0;10;5;4,5;3;0
13,928704;0,4575;2,408551535;849,2374;1;1,5;70;0;5;0;10;5;4,5;3;0
12,761568;0,3486;2,247719918;825,2419;1;1,5;70;0;5;0;10;5;4,5;3;0
16,785792;0,3244;2,919486123;842,5663;1;1,5;70;0;5;0;10;5;4,5;3;0
16,076608;0,4791;2,176130234;843,386;1;1,5;70;0;5;0;10;5;4,5;3;0
16,636;0,3674;2,182994999;819,792;1;1,5;70;0;5;0;10;5;4,5;3;0
14,159808;0,5763;2,231048348;860,656;1;1,5;70;0;5;0;10;5;4,5;3;0
14,27168;0,3282;2,878297538;806,4611;1;1,5;70;0;5;0;10;5;4,5;3;0
12,407968;0,535;2,418358341;834,3027;1;1,5;70;0;5;0;10;5;4,5;3;0
17,543872;0,5772;2,137883691;849,2095;1;1,5;70;0;5;0;10;5;4,5;3;0
14,944416;0,3284;2,153574581;829,2957;1;1,5;70;0;5;0;10;5;4,5;3;0
12,1344;0,4976;2,494851427;822,7882;1;1,5;70;0;5;0;10;5;4,5;3;0
15,266528;0,5113;2,93027361;841,1492;1;1,5;70;0;5;0;10;5;4,5;3;0
14,081408;0,5069;2,685103462;855,4968;1;1,5;70;0;5;0;10;5;4,5;3;0
14,645408;0,3598;2,562518388;846,6844;1;1,5;70;0;5;0;10;5;4,5;3;0
12,051264;0,5155;2,5164264;807,1271;1;1,5;70;0;5;0;10;5;4,5;3;0
14,273696;0,5493;2,582132;824,2046;1;1,5;70;0;5;0;10;5;4,5;3;0
15,362272;0,5239;2,905756595;826,071;1;1,5;70;0;5;0;10;5;4,5;3;0
17,163904;0,4697;2,703736393;823,3975;1;1,5;70;0;5;0;10;5;4,5;3;0
15,758368;0,3559;2,867510052;808,7222;0,25;2;70;0;0;8;0;15;3;1;0,75
15,797344;0,3781;2,150632539;823,0854;0,25;2;70;0;0;8;0;15;3;1;0,75
12,932576;0,3307;2,471315093;804,9258;0,25;2;70;0;0;8;0;15;3;1;0,75
13,522016;0,5891;2,439933314;834,374;0,25;2;70;0;0;8;0;15;3;1;0,75
13,80016;0,4714;2,76453859;829,2192;0,25;2;70;0;0;8;0;15;3;1;0,75
13,701472;0,4025;2,635088752;824,8857;0,25;2;70;0;0;8;0;15;3;1;0,75
17,522624;0,352;2,64881828;843,4032;0,25;2;70;0;0;8;0;15;3;1;0,75
12,612864;0,3684;2,358536825;814,063;0,25;2;70;0;0;8;0;15;3;1;0,75
16,280224;0,4809;2,627243307;861,925;0,25;2;70;0;0;8;0;15;3;1;0,75
14,096256;0,3904;2,66548985;825,6605;0,25;2;70;0;0;8;0;15;3;1;0,75
17,796192;0,4227;2,813572619;831,7283;0,25;2;70;0;0;8;0;15;3;1;0,75
17,951296;0,565;2,983230362;827,4467;0,25;2;70;0;0;8;0;15;3;1;0,75
17,609792;0,557;2,393841326;841,6692;0,25;2;70;0;0;8;0;15;3;1;0,75
12,08752;0,5602;2,214376777;849,8315;0,25;2;70;0;0;8;0;15;3;1;0,75
17,100384;0,5751;2,36736295;839,4791;0,25;2;70;0;0;8;0;15;3;1;0,75
16,422144;0,5302;2,192801804;833,1066;0,25;2;70;0;0;8;0;15;3;1;0,75
15,259744;0,4136;2,531136609;832,9935;0,25;2;70;0;0;8;0;15;3;1;0,75
16,527968;0,5685;2,71550456;821,1089;0,25;2;70;0;0;8;0;15;3;1;0,75
16,216512;0,3263;2,644895558;806,5601;0,25;2;70;0;0;8;0;15;3;1;0,75
15,03232;0,4976;2,526233206;817,6377;0,25;2;70;0;0;8;0;15;3;1;0,75
16,508928;0,3931;2,344807296;842,3192;0,25;2;70;0;0;8;0;15;3;1;0,75
14,765536;0,5974;2,669412572;855,0326;0,25;2;70;0;0;8;0;15;3;1;0,75
14,108704;0,3662;2,530155928;806,9413;0,25;2;70;0;0;8;0;15;3;1;0,75
17,659232;0,5698;2,299695989;829,2355;0,25;2;70;0;0;8;0;15;3;1;0,75
15,194752;0,4543;2,799843091;827,3606;0,25;2;70;0;0;8;0;15;3;1;0,75
15,394688;0,3421;2,259488085;816,9451;0,25;2;70;0;0;8;0;15;3;1;0,75
14,675424;0,3443;2,166323428;816,2247;0,25;2;70;0;0;8;0;15;3;1;0,75
13,801632;0,3065;2,916544082;839,0409;0,25;2;70;0;0;8;0;15;3;1;0,75
16,46352;0,3597;2,122192802;822,4873;0,25;2;70;0;0;8;0;15;3;1;0,75
13,006016;0,3984;2,564479749;834,6316;0,25;2;70;0;0;8;0;15;3;1;0,75
15,498336;0,5577;2,170246151;829,5914;0,25;2;70;0;0;8;0;15;3;1;0,75
15,329504;0,4114;2,684122781;851,998;0,25;2;70;0;0;8;0;15;3;1;0,75
13,52;0,4629;2,220260861;817,3661;0,25;2;70;0;0;8;0;15;3;1;0,75
12,936256;0,3502;2,971462195;805,3521;0,25;2;70;0;0;8;0;15;3;1;0,75
14,592864;0,3386;2,843973718;806,4865;0,25;2;70;0;0;8;0;15;3;1;0,75
15,233568;0,5205;2,321270962;825,6191;0,25;2;70;0;0;8;0;15;3;1;0,75
12,37776;0,3962;2,494851427;820,0581;0,25;2;70;0;0;8;0;15;3;1;0,75
14,01808;0,457;2,183975679;846,402;0,25;2;70;0;0;8;0;15;3;1;0,75
17,157696;0,3414;2,487986663;860,7058;0,25;2;70;0;0;8;0;15;3;1;0,75
12,375744;0,5886;2,372266353;827,5039;0,25;2;70;0;0;8;0;15;3;1;0,75
14,608608;0,4583;2,646856919;821,548;0,8;2;70;0;5;0;15;0;3;3;1,2
15,330048;0,3412;2,840050995;830,8878;0,8;2;70;0;5;0;15;0;3;3;1,2
12,325216;0,3307;2,910659998;808,8053;0,8;2;70;0;5;0;15;0;3;3;1,2
12,23952;0,4778;2,419339021;826,8579;0,8;2;70;0;5;0;15;0;3;3;1,2
12,093024;0,3015;2,798862411;800,4033;0,8;2;70;0;5;0;15;0;3;3;1,2
16,947296;0,3762;2,622339904;828,2833;0,8;2;70;0;5;0;15;0;3;3;1,2
15,912;0,5685;2,345787977;843,9816;0,8;2;70;0;5;0;15;0;3;3;1,2
15,678688;0,4443;2,999901932;814,8955;0,8;2;70;0;5;0;15;0;3;3;1,2
17,770208;0,3192;2,69785231;813,6328;0,8;2;70;0;5;0;15;0;3;3;1,2
14,690624;0,373;2,470334412;823,6503;0,8;2;70;0;5;0;15;0;3;3;1,2
17,167392;0,5016;2,762577229;848,0197;0,8;2;70;0;5;0;15;0;3;3;1,2
13,668704;0,4262;2,108463274;852,2095;0,8;2;70;0;5;0;15;0;3;3;1,2
12,38784;0,3336;2,735118172;822,244;0,8;2;70;0;5;0;15;0;3;3;1,2
12,877088;0,3685;2,193782485;839,5765;0,8;2;70;0;5;0;15;0;3;3;1,2
15,524704;0,4494;2,776306757;838,9249;0,8;2;70;0;5;0;15;0;3;3;1,2
12,056032;0,5308;2,521329803;828,2152;0,8;2;70;0;5;0;15;0;3;3;1,2
17,252544;0,3833;2,256546043;823,0376;0,8;2;70;0;5;0;15;0;3;3;1,2
13,070112;0,5127;2,383053839;813,3853;0,8;2;70;0;5;0;15;0;3;3;1,2
15,350944;0,5913;2,263410807;861,1956;0,8;2;70;0;5;0;15;0;3;3;1,2
14,307936;0,3225;2,900853192;811,0012;0,8;2;70;0;5;0;15;0;3;3;1,2
16,978784;0,3103;2,372266353;843,8623;0,8;2;70;0;5;0;15;0;3;3;1,2
14,828896;0,3559;2,726292047;836,8113;0,8;2;70;0;5;0;15;0;3;3;1,2
14,69648;0,5541;2,474257134;819,2804;0,8;2;70;0;5;0;15;0;3;3;1,2
16,263008;0,5099;2,408551535;844,7974;0,8;2;70;0;5;0;15;0;3;3;1,2
14,240352;0,5479;2,473276454;841,6299;0,8;2;70;0;5;0;15;0;3;3;1,2
16,458752;0,5367;2,115328038;836,896;0,8;2;70;0;5;0;15;0;3;3;1,2
12,045408;0,4995;2,542904776;813,1907;0,8;2;70;0;5;0;15;0;3;3;1,2
12,88096;0,4333;2,622339904;827,6772;0,8;2;70;0;5;0;15;0;3;3;1,2
12,519296;0,5083;2,141806414;825,4913;0,8;2;70;0;5;0;15;0;3;3;1,2
15,760928;0,5694;2,363440228;870,549;0,8;2;70;0;5;0;15;0;3;3;1,2
13,065344;0,4118;2,30165735;852,5479;0,8;2;70;0;5;0;15;0;3;3;1,2
16,992704;0,3526;2,244777876;822,9882;0,8;2;70;0;5;0;15;0;3;3;1,2
16,85648;0,5697;2,164362067;830,1528;0,8;2;70;0;5;0;15;0;3;3;1,2
16,783232;0,5311;2,916544082;824,4232;0,8;2;70;0;5;0;15;0;3;3;1,2
13,35776;0,5852;2,393841326;819,5503;0,8;2;70;0;5;0;15;0;3;3;1,2
12,049632;0,4342;2,61645582;812,9585;0,8;2;70;0;5;0;15;0;3;3;1,2
16,601216;0,464;2,842012357;852,924;0,8;2;70;0;5;0;15;0;3;3;1,2
12,568928;0,3497;2,76551927;799,9409;0,8;2;70;0;5;0;15;0;3;3;1,2
17,207488;0,3112;2,585074041;828,512;0,8;2;70;0;5;0;15;0;3;3;1,2
12,875264;0,3393;2,431107188;803,4402;0,8;2;70;0;5;0;15;0;3;3;1,2
16,161024;0,3646;2,309502795;817,7053;0,7;0,5;85;0;0;4;0;5;0;4;0,8
15,908512;0,5911;2,356575463;836,2628;0,7;0,5;85;0;0;4;0;5;0;4;0,8
14,33264;0,4666;2,776306757;824,7014;0,7;0,5;85;0;0;4;0;5;0;4;0,8
12,413088;0,3104;2,343826616;820,1001;0,7;0,5;85;0;0;4;0;5;0;4;0,8
17,7528;0,4732;2,938119055;856,0199;0,7;0,5;85;0;0;4;0;5;0;4;0,8
12,086976;0,5468;2,806707855;804,8092;0,7;0,5;85;0;0;4;0;5;0;4;0,8
16,635456;0,4003;2,217318819;847,1144;0,7;0,5;85;0;0;4;0;5;0;4;0,8
12,478656;0,4598;2,385015201;819,7225;0,7;0,5;85;0;0;4;0;5;0;4;0,8
16,151488;0,3079;2,455624203;844,5457;0,7;0,5;85;0;0;4;0;5;0;4;0,8
13,63664;0,5214;2,41639698;822,4384;0,7;0,5;85;0;0;4;0;5;0;4;0,8
16,95168;0,5214;2,316367559;835,5043;0,7;0,5;85;0;0;4;0;5;0;4;0,8
12,507936;0,3564;2,976365598;817,0398;0,7;0,5;85;0;0;4;0;5;0;4;0,8
17,440608;0,3907;2,157497303;841,0729;0,7;0,5;85;0;0;4;0;5;0;4;0,8
13,085664;0,5201;2,179072276;824,3218;0,7;0,5;85;0;0;4;0;5;0;4;0,8
13,80016;0,3865;2,257526724;819,9659;0,7;0,5;85;0;0;4;0;5;0;4;0,8
16,308416;0,4135;2,338923213;848,9387;0,7;0,5;85;0;0;4;0;5;0;4;0,8
15,762752;0,3345;2,515445719;829,1023;0,7;0,5;85;0;0;4;0;5;0;4;0,8
13,707872;0,4361;2,296753947;851,0919;0,7;0,5;85;0;0;4;0;5;0;4;0,8
12,134208;0,3869;2,705697754;805,8578;0,7;0,5;85;0;0;4;0;5;0;4;0,8
14,808192;0,5761;2,906737276;816,46;0,7;0,5;85;0;0;4;0;5;0;4;0,8
12,06848;0,5311;2,395802687;836,5919;0,7;0,5;85;0;0;4;0;5;0;4;0,8
12,273568;0,5382;2,288908503;818,0713;0,7;0,5;85;0;0;4;0;5;0;4;0,8
12,08992;0,4366;2,329116407;839,3641;0,7;0,5;85;0;0;4;0;5;0;4;0,8
16,8072;0,5087;2,439933314;865,8907;0,7;0,5;85;0;0;4;0;5;0;4;0,8
14,86752;0,5385;2,767480632;840,3835;0,7;0,5;85;0;0;4;0;5;0;4;0,8
17,799136;0,4584;2,909679317;821,818;0,7;0,5;85;0;0;4;0;5;0;4;0,8
15,737472;0,4594;2,40070609;837,9257;0,7;0,5;85;0;0;4;0;5;0;4;0,8
13,725632;0,3827;2,238893792;815,0463;0,7;0,5;85;0;0;4;0;5;0;4;0,8
16,977888;0,4682;2,315386878;822,1726;0,7;0,5;85;0;0;4;0;5;0;4;0,8
16,296896;0,5793;2,657644405;846,7557;0,7;0,5;85;0;0;4;0;5;0;4;0,8
15,830496;0,5767;2,421300382;834,3958;0,7;0,5;85;0;0;4;0;5;0;4;0,8
16,355488;0,4636;2,751789742;856,0189;0,7;0,5;85;0;0;4;0;5;0;4;0,8
14,275872;0,5732;2,954790625;820,8699;0,7;0,5;85;0;0;4;0;5;0;4;0,8
13,52512;0,4213;2,386976562;811,5594;0,7;0,5;85;0;0;4;0;5;0;4;0,8
14,555872;0,3947;2,924389526;818,6604;0,7;0,5;85;0;0;4;0;5;0;4;0,8
13,609184;0,3988;2,793959008;828,3361;0,7;0,5;85;0;0;4;0;5;0;4;0,8
12,446976;0,5351;2,741002256;809,6622;0,7;0,5;85;0;0;4;0;5;0;4;0,8
17,738688;0,3308;2,723350005;855,4949;0,7;0,5;85;0;0;4;0;5;0;4;0,8
12,284544;0,3923;2,891046386;803,016;0,7;0,5;85;0;0;4;0;5;0;4;0,8
15,270912;0,3053;2,354614102;807,9655;0,7;0,5;85;0;0;4;0;5;0;4;0,8
15,735456;0,5517;2,285966461;837,302;0,25;1,5;85;0;0;4;5;0;3;0;1,25
16,43824;0,4669;2,373247033;819,1383;0,25;1,5;85;0;0;4;5;0;3;0;1,25
14,32112;0,3081;2,564479749;849,8181;0,25;1,5;85;0;0;4;5;0;3;0;1,25
16,745696;0,3565;2,710601157;814,6392;0,25;1,5;85;0;0;4;5;0;3;0;1,25
15,692992;0,3244;2,165342748;823,2479;0,25;1,5;85;0;0;4;5;0;3;0;1,25
13,120288;0,3895;2,739040894;808,6519;0,25;1,5;85;0;0;4;5;0;3;0;1,25
13,653504;0,5284;2,658625086;814,8563;0,25;1,5;85;0;0;4;5;0;3;0;1,25
17,809184;0,3706;2,941061096;846,9979;0,25;1,5;85;0;0;4;5;0;3;0;1,25
15,93104;0,4461;2,13592233;841,6045;0,25;1,5;85;0;0;4;5;0;3;0;1,25
16,027904;0,4467;2,629204668;816,0359;0,25;1,5;85;0;0;4;5;0;3;0;1,25
15,70304;0,4742;2,673335295;839,3616;0,25;1,5;85;0;0;4;5;0;3;0;1,25
17,358944;0,5972;2,739040894;837,7771;0,25;1,5;85;0;0;4;5;0;3;0;1,25
14,868992;0,4881;2,145729136;836,1318;0,25;1,5;85;0;0;4;5;0;3;0;1,25
14,900128;0,4618;2,874374816;820,0112;0,25;1,5;85;0;0;4;5;0;3;0;1,25
15,074976;0,5891;2,808669216;848,0076;0,25;1,5;85;0;0;4;5;0;3;0;1,25
14,163104;0,4056;2,523291164;817,0299;0,25;1,5;85;0;0;4;5;0;3;0;1,25
12,485248;0,3881;2,446798078;808,7322;0,25;1,5;85;0;0;4;5;0;3;0;1,25
17,721856;0,5216;2,833186231;846,2705;0,25;1,5;85;0;0;4;5;0;3;0;1,25
14,308128;0,4268;2,273217613;820,5072;0,25;1,5;85;0;0;4;5;0;3;0;1,25
13,610816;0,5716;2,64979896;832,4735;0,25;1,5;85;0;0;4;5;0;3;0;1,25
17,06688;0,3374;2,805727175;826,2001;0,25;1,5;85;0;0;4;5;0;3;0;1,25
15,474176;0,5632;2,313425517;831,2225;0,25;1,5;85;0;0;4;5;0;3;0;1,25
12,624768;0,3383;2,99597921;811,8396;0,25;1,5;85;0;0;4;5;0;3;0;1,25
16,462976;0,4656;2,626262626;832,5807;0,25;1,5;85;0;0;4;5;0;3;0;1,25
15,958688;0,3686;2,622339904;828,9752;0,25;1,5;85;0;0;4;5;0;3;0;1,25
12,884256;0,562;2,576247916;825,1094;0,25;1,5;85;0;0;4;5;0;3;0;1,25
12,680992;0,4595;2,545846818;846,2781;0,25;1,5;85;0;0;4;5;0;3;0;1,25
13,600384;0,3398;2,125134844;840,6871;0,25;1,5;85;0;0;4;5;0;3;0;1,25
12,314752;0,543;2,834166912;806,8348;0,25;1,5;85;0;0;4;5;0;3;0;1,25
17,176;0,4187;2,855741885;816,6976;0,25;1,5;85;0;0;4;5;0;3;0;1,25
15,316128;0,5988;2,337942532;842,9022;0,25;1,5;85;0;0;4;5;0;3;0;1,25
16,776448;0,3156;2,892027067;850,514;0,25;1,5;85;0;0;4;5;0;3;0;1,25
13,847968;0,538;2,436010591;840,0599;0,25;1,5;85;0;0;4;5;0;3;0;1,25
14,81808;0,4474;2,267333529;819,7906;0,25;1,5;85;0;0;4;5;0;3;0;1,25
14,303552;0,4247;2,344807296;841,4288;0,25;1,5;85;0;0;4;5;0;3;0;1,25
17,364608;0,5714;2,564479749;841,885;0,25;1,5;85;0;0;4;5;0;3;0;1,25
15,579648;0,4349;2,18593704;843,9594;0,25;1,5;85;0;0;4;5;0;3;0;1,25
14,276256;0,3626;2,618417182;832,1334;0,25;1,5;85;0;0;4;5;0;3;0;1,25
15,099872;0,5531;2,116308718;862,9048;0,25;1,5;85;0;0;4;5;0;3;0;1,25
17,109344;0,3297;2,878297538;815,0417;0,25;1,5;85;0;0;4;5;0;3;0;1,25
12,588896;0,3061;2,923408846;801,2908;0,5;1,5;85;0;5;0;5;0;0;3;0
16,762528;0,367;2,229086986;816,9692;0,5;1,5;85;0;5;0;5;0;0;3;0
17,59552;0,3348;2,684122781;832,8002;0,5;1,5;85;0;5;0;5;0;0;3;0
16,876992;0,4451;2,584093361;858,7673;0,5;1,5;85;0;5;0;5;0;0;3;0
12,764672;0,4027;2,98028832;804,2716;0,5;1,5;85;0;5;0;5;0;0;3;0
16,984096;0,4387;2,333039129;837,9032;0,5;1,5;85;0;5;0;5;0;0;3;0
16,863968;0,443;2,181033637;827,6887;0,5;1,5;85;0;5;0;5;0;0;3;0
17,40416;0,5915;2,956751986;840,8059;0,5;1,5;85;0;5;0;5;0;0;3;0
13,553888;0,442;2,790036285;805,1722;0,5;1,5;85;0;5;0;5;0;0;3;0
15,894944;0,5191;2,700794351;831,9835;0,5;1,5;85;0;5;0;5;0;0;3;0
15,91328;0,361;2,247719918;820,205;0,5;1,5;85;0;5;0;5;0;0;3;0
14,049184;0,3494;2,513484358;802,4498;0,5;1,5;85;0;5;0;5;0;0;3;0
14,711872;0,395;2,303618711;810,6398;0,5;1,5;85;0;5;0;5;0;0;3;0
15,444864;0,4001;2,645876238;843,0096;0,5;1,5;85;0;5;0;5;0;0;3;0
14,434272;0,3695;2,74786702;804,0718;0,5;1,5;85;0;5;0;5;0;0;3;0
15,541536;0,5939;2,517407081;825,0492;0,5;1,5;85;0;5;0;5;0;0;3;0
13,052704;0,3741;2,901833873;807,2516;0,5;1,5;85;0;5;0;5;0;0;3;0
13,32992;0,5115;2,939099735;814,6879;0,5;1,5;85;0;5;0;5;0;0;3;0
15,551616;0,5343;2,78121016;853,4503;0,5;1,5;85;0;5;0;5;0;0;3;0
14,730912;0,3818;2,59880357;809,5325;0,5;1,5;85;0;5;0;5;0;0;3;0
15,199488;0,5202;2,107482593;839,5502;0,5;1,5;85;0;5;0;5;0;0;3;0
15,742432;0,3091;2,319309601;853,484;0,5;1,5;85;0;5;0;5;0;0;3;0
14,573824;0,5933;2,594880847;851,6019;0,5;1,5;85;0;5;0;5;0;0;3;0
13,339104;0,4392;2,663528489;825,5643;0,5;1,5;85;0;5;0;5;0;0;3;0
14,333216;0,5904;2,694910268;818,2792;0,5;1,5;85;0;5;0;5;0;0;3;0
14,120256;0,5615;2,112385996;842,4066;0,5;1,5;85;0;5;0;5;0;0;3;0
17,74256;0,4448;2,79788173;856,661;0,5;1,5;85;0;5;0;5;0;0;3;0
16,70832;0,3493;2,103559871;821,3143;0,5;1,5;85;0;5;0;5;0;0;3;0
14,944064;0,4456;2,907717956;815,6779;0,5;1,5;85;0;5;0;5;0;0;3;0
15,897696;0,5378;2,733156811;831,4324;0,5;1,5;85;0;5;0;5;0;0;3;0
12,983136;0,3342;2,670393253;818,7491;0,5;1,5;85;0;5;0;5;0;0;3;0
16,552512;0,5392;2,614494459;840,109;0,5;1,5;85;0;5;0;5;0;0;3;0
15,580384;0,538;2,868490733;831,4576;0,5;1,5;85;0;5;0;5;0;0;3;0
15,255168;0,5954;2,907717956;827,6909;0,5;1,5;85;0;5;0;5;0;0;3;0
12,655168;0,4421;2,977346278;804,8855;0,5;1,5;85;0;5;0;5;0;0;3;0
15,705792;0,3683;2,904775914;846,0327;0,5;1,5;85;0;5;0;5;0;0;3;0
15,599424;0,5983;2,889085025;849,7552;0,5;1,5;85;0;5;0;5;0;0;3;0
17,869248;0,5673;2,480141218;841,2454;0,5;1,5;85;0;5;0;5;0;0;3;0
12,300864;0,4715;2,48406394;809,4065;0,5;1,5;85;0;5;0;5;0;0;3;0
16,87424;0,4149;2,406590174;830,8032;0,5;1,5;85;0;5;0;5;0;0;3;0
15,916736;0,4236;2,687064823;813,4104;1;2;85;0;9,6;0;0;0;0;2;0,4
17,662176;0,5493;2,527213886;842,6609;1;2;85;0;9,6;0;0;0;0;2;0,4
15,396704;0,4353;2,564479749;837,082;1;2;85;0;9,6;0;0;0;0;2;0,4
17,384736;0,5646;2,293811905;858,462;1;2;85;0;9,6;0;0;0;0;2;0,4
13,756768;0,3646;2,397764048;807,7012;1;2;85;0;9,6;0;0;0;0;2;0,4
15,552736;0,4882;2,770422673;814,0106;1;2;85;0;9,6;0;0;0;0;2;0,4
16,102432;0,5438;2,8145533;819,691;1;2;85;0;9,6;0;0;0;0;2;0,4
15,935072;0,4968;2,890065706;824,9441;1;2;85;0;9,6;0;0;0;0;2;0,4
15,4024;0,3132;2,683142101;817,9298;1;2;85;0;9,6;0;0;0;0;2;0,4
14,20576;0,3685;2,588016083;838,9459;1;2;85;0;9,6;0;0;0;0;2;0,4
12,01152;0,4925;2,967539472;826,2622;1;2;85;0;9,6;0;0;0;0;2;0,4
13,344224;0,4732;2,882220261;811,7881;1;2;85;0;9,6;0;0;0;0;2;0,4
12,944864;0,4901;2,147690497;858,0123;1;2;85;0;9,6;0;0;0;0;2;0,4
12,78208;0,4005;2,928312249;840,5305;1;2;85;0;9,6;0;0;0;0;2;0,4
16,901152;0,5492;2,103559871;835,266;1;2;85;0;9,6;0;0;0;0;2;0,4
13,302464;0,3246;2,131999608;820,3175;1;2;85;0;9,6;0;0;0;0;2;0,4
15,034688;0,4321;2,851819162;832,9677;1;2;85;0;9,6;0;0;0;0;2;0,4
13,68848;0,3075;2,822398745;803,6378;1;2;85;0;9,6;0;0;0;0;2;0,4
13,481536;0,5416;2,362459547;843,1084;1;2;85;0;9,6;0;0;0;0;2;0,4
17,121056;0,5388;2,691968226;827,1327;1;2;85;0;9,6;0;0;0;0;2;0,4
17,630496;0,3799;2,320290281;817,8881;1;2;85;0;9,6;0;0;0;0;2;0,4
17,32816;0,4135;2,195743846;844,3367;1;2;85;0;9,6;0;0;0;0;2;0,4
14,147328;0,3451;2,759635187;815,6158;1;2;85;0;9,6;0;0;0;0;2;0,4
12,482144;0,3476;2,614494459;802,1356;1;2;85;0;9,6;0;0;0;0;2;0,4
16,749184;0,5652;2,657644405;864,6915;1;2;85;0;9,6;0;0;0;0;2;0,4
16,849888;0,3305;2,8802589;817,068;1;2;85;0;9,6;0;0;0;0;2;0,4
13,726176;0,3697;2,892027067;833,1982;1;2;85;0;9,6;0;0;0;0;2;0,4
16,189408;0,3151;2,365401589;853,5356;1;2;85;0;9,6;0;0;0;0;2;0,4
15,216704;0,4984;2,559576346;850,124;1;2;85;0;9,6;0;0;0;0;2;0,4
16,899328;0,346;2,429145827;821,5476;1;2;85;0;9,6;0;0;0;0;2;0,4
14,229568;0,5481;2,157497303;855,9252;1;2;85;0;9,6;0;0;0;0;2;0,4
14,91696;0,4244;2,235951751;817,3827;1;2;85;0;9,6;0;0;0;0;2;0,4
17,417888;0,3564;2,827302148;807,6455;1;2;85;0;9,6;0;0;0;0;2;0,4
16,367392;0,4108;2,325193684;857,3074;1;2;85;0;9,6;0;0;0;0;2;0,4
13,602208;0,5231;2,561537707;848,4539;1;2;85;0;9,6;0;0;0;0;2;0,4
13,960576;0,5655;2,456604884;831,8365;1;2;85;0;9,6;0;0;0;0;2;0,4
12,045216;0,5695;2,876336177;822,1854;1;2;85;0;9,6;0;0;0;0;2;0,4
15,141632;0,3261;2,699813671;811,3982;1;2;85;0;9,6;0;0;0;0;2;0,4
12,473152;0,4346;2,536040012;807,8976;1;2;85;0;9,6;0;0;0;0;2;0,4
13,987136;0,4228;2,408551535;836,9961;1;2;85;0;9,6;0;0;0;0;2;0,4
14,85104;0,5093;2,653721683;829,885;0;0;100;0;0;0;0;0;0;0;0
14,855424;0,5312;2,437971953;843,464;0;0;100;0;0;0;0;0;0;0;0
14,904512;0,5077;2,444836717;833,0222;0;0;100;0;0;0;0;0;0;0;0
17,784128;0,5625;2,537020692;850,4247;0;0;100;0;0;0;0;0;0;0;0
15,395072;0,4762;2,746886339;811,8491;0;0;100;0;0;0;0;0;0;0;0
13,638464;0,4912;2,895949789;807,9797;0;0;100;0;0;0;0;0;0;0;0
17,141952;0,34;2,900853192;802,0371;0;0;100;0;0;0;0;0;0;0;0
13,0104;0,5202;2,662547808;837,6006;0;0;100;0;0;0;0;0;0;0;0
13,796128;0,3868;2,696871629;843,5748;0;0;100;0;0;0;0;0;0;0;0
12,866496;0,3839;2,612533098;803,8151;0;0;100;0;0;0;0;0;0;0;0
14,364512;0,5888;2,178091596;830,6836;0;0;100;0;0;0;0;0;0;0;0
14,946272;0,4882;2,994017848;827,3746;0;0;100;0;0;0;0;0;0;0;0
15,482048;0,5612;2,912621359;824,509;0;0;100;0;0;0;0;0;0;0;0
17,9112;0,3882;2,821418064;807,3955;0;0;100;0;0;0;0;0;0;0;0
13,435776;0,4591;2,623320584;835,1779;0;0;100;0;0;0;0;0;0;0;0
13,242592;0,3033;2,441894675;814,7676;0;0;100;0;0;0;0;0;0;0;0
13,938592;0,4111;2,982249681;803,7631;0;0;100;0;0;0;0;0;0;0;0
14,8904;0,5705;2,161420025;854,4392;0;0;100;0;0;0;0;0;0;0;0
15,65216;0,5909;2,667451211;831,0636;0;0;100;0;0;0;0;0;0;0;0
14,671392;0,534;2,330097087;827,8445;0;0;100;0;0;0;0;0;0;0;0
15,460448;0,4264;2,68216142;805,0179;0;0;100;0;0;0;0;0;0;0;0
13,418016;0,4733;2,193782485;850,2992;0;0;100;0;0;0;0;0;0;0;0
17,493504;0,5464;2,338923213;838,7679;0;0;100;0;0;0;0;0;0;0;0
13,87616;0,5682;2,907717956;807,54;0;0;100;0;0;0;0;0;0;0;0
15,90064;0,5638;2,998921251;825,7816;0;0;100;0;0;0;0;0;0;0;0
17,354176;0,5018;2,110424635;837,5125;0;0;100;0;0;0;0;0;0;0;0
17,373952;0,4979;2,480141218;815,5209;0;0;100;0;0;0;0;0;0;0;0
12,121024;0,3006;2,563499068;812,7161;0;0;100;0;0;0;0;0;0;0;0
13,42112;0,4331;2,629204668;804,4746;0;0;100;0;0;0;0;0;0;0;0
13,554976;0,3121;2,448759439;805,1532;0;0;100;0;0;0;0;0;0;0;0
16,390464;0,5153;2,15161322;824,7384;0;0;100;0;0;0;0;0;0;0;0
12,041568;0,3203;2,436010591;809,4437;0;0;100;0;0;0;0;0;0;0;0
15,242336;0,3859;2,603706973;819,3613;0;0;100;0;0;0;0;0;0;0;0
14,622688;0,4982;2,502696872;812,7832;0;0;100;0;0;0;0;0;0;0;0
13,074304;0,4533;2,35167206;830,8718;0;0;100;0;0;0;0;0;0;0;0
12,39424;0,5981;2,927331568;842,3213;0;0;100;0;0;0;0;0;0;0;0
14,393248;0,502;2,791016966;848,2275;0;0;100;0;0;0;0;0;0;0;0
17,655744;0,3796;2,236932431;850,6482;0;0;100;0;0;0;0;0;0;0;0
16,139968;0,439;2,527213886;822,7966;0;0;100;0;0;0;0;0;0;0;0
14,806912;0,3744;2,917524762;806,4983;0;0;100;0;0;0;0;0;0;0;0
14,461376;0,4777;2,917524762;825,2612;0,1;0,2;60;10;15;0;0;10;1,5;2;1,2
16,998208;0,5892;2,396783368;835,7733;0,1;0,2;60;10;15;0;0;10;1,5;2;1,2
15,235392;0,4596;2,48308326;815,1818;0,1;0,2;60;10;15;0;0;10;1,5;2;1,2
12,527712;0,4461;2,572325194;823,8617;0,1;0,2;60;10;15;0;0;10;1,5;2;1,2
12,342976;0,4131;2,674315975;811,46;0,1;0,2;60;10;15;0;0;10;1,5;2;1,2
16,99088;0,5602;2,822398745;843,7142;0,1;0,2;60;10;15;0;0;10;1,5;2;1,2
17,692544;0,5498;2,49975483;850,3038;0,1;0,2;60;10;15;0;0;10;1,5;2;1,2
15,177152;0,3547;2,560557027;853,7283;0,1;0,2;60;10;15;0;0;10;1,5;2;1,2
16,992896;0,3991;2,729234088;814,3845;0,1;0,2;60;10;15;0;0;10;1,5;2;1,2
14,720288;0,514;2,564479749;838,5618;0,1;0,2;60;10;15;0;0;10;1,5;2;1,2
13,27664;0,3791;2,540943415;822,3265;0,1;0,2;60;10;15;0;0;10;1,5;2;1,2
13,495648;0,3735;2,363440228;842,4116;0,1;0,2;60;10;15;0;0;10;1,5;2;1,2
14,174272;0,4058;2,146709817;816,0564;0,1;0,2;60;10;15;0;0;10;1,5;2;1,2
12,769248;0,4476;2,689026184;808,2188;0,1;0,2;60;10;15;0;0;10;1,5;2;1,2
16,936672;0,3396;2,369324311;825,1703;0,1;0,2;60;10;15;0;0;10;1,5;2;1,2
16,095648;0,4949;2,187898401;867,4585;0,1;0,2;60;10;15;0;0;10;1,5;2;1,2
15,209216;0,4692;2,991075807;812,9233;0,1;0,2;60;10;15;0;0;10;1,5;2;1,2
13,966432;0,3209;2,795920369;800,6927;0,1;0,2;60;10;15;0;0;10;1,5;2;1,2
15,554912;0,5332;2,556634304;824,8721;0,1;0,2;60;10;15;0;0;10;1,5;2;1,2
14,2096;0,3184;2,180052957;823,8466;0,1;0,2;60;10;15;0;0;10;1,5;2;1,2
15,728128;0,579;2,345787977;838,8707;0,1;0,2;60;10;15;0;0;10;1,5;2;1,2
16,136832;0,5448;2,932234971;847,9293;0,1;0,2;60;10;15;0;0;10;1,5;2;1,2
16,697728;0,3594;2,799843091;817,543;0,1;0,2;60;10;15;0;0;10;1,5;2;1,2
12,442208;0,4377;2,537020692;805,3826;0,1;0,2;60;10;15;0;0;10;1,5;2;1,2
14,420352;0,5663;2,321270962;848,0105;0,1;0,2;60;10;15;0;0;10;1,5;2;1,2
12,851296;0,3678;2,796901049;837,4879;0,1;0,2;60;10;15;0;0;10;1,5;2;1,2
13,364544;0,5026;2,928312249;807,8452;0,1;0,2;60;10;15;0;0;10;1,5;2;1,2
17,518784;0,5285;2,719427283;825,0045;0,1;0,2;60;10;15;0;0;10;1,5;2;1,2
13,783488;0,5908;2,971462195;846,3292;0,1;0,2;60;10;15;0;0;10;1,5;2;1,2
12,176896;0,4643;2,76453859;821,3346;0,1;0,2;60;10;15;0;0;10;1,5;2;1,2
14,738976;0,4198;2,121212121;835,0476;0,1;0,2;60;10;15;0;0;10;1,5;2;1,2
15,035264;0,4357;2,462488967;822,6931;0,1;0,2;60;10;15;0;0;10;1,5;2;1,2
14,874112;0,4285;2,404628812;821,6095;0,1;0,2;60;10;15;0;0;10;1,5;2;1,2
13,426976;0,4218;2,187898401;832,6812;0,1;0,2;60;10;15;0;0;10;1,5;2;1,2
16,93776;0,3277;2,617436501;851,1281;0,1;0,2;60;10;15;0;0;10;1,5;2;1,2
12,20928;0,3609;2,792978327;810,3256;0,1;0,2;60;10;15;0;0;10;1,5;2;1,2
12,056768;0,5588;2,292831225;823,6862;0,1;0,2;60;10;15;0;0;10;1,5;2;1,2
13,910752;0,4281;2,215357458;832,7605;0,1;0,2;60;10;15;0;0;10;1,5;2;1,2
15,76128;0,4906;2,629204668;828,7565;0,1;0,2;60;10;15;0;0;10;1,5;2;1,2
14,629856;0,4503;2,535059331;813,6404;0,1;0,2;60;10;15;0;0;10;1,5;2;1,2
17,755552;0,5528;2,589977444;827,3105;0,2;2;72,5;12,5;0;0;5;0;3;4;0,8
15,683456;0,5594;2,303618711;856,4786;0,2;2;72,5;12,5;0;0;5;0;3;4;0,8
13,443648;0,5079;2,753751103;805,7223;0,2;2;72,5;12,5;0;0;5;0;3;4;0,8
15,005952;0,3819;2,928312249;823,3502;0,2;2;72,5;12,5;0;0;5;0;3;4;0,8
15,201888;0,46;2,540943415;832,4957;0,2;2;72,5;12,5;0;0;5;0;3;4;0,8
14,296768;0,3673;2,128076885;815,3958;0,2;2;72,5;12,5;0;0;5;0;3;4;0,8
13,402432;0,4012;2,487005982;822,4102;0,2;2;72,5;12,5;0;0;5;0;3;4;0,8
17,91888;0,4528;2,338923213;820,1722;0,2;2;72,5;12,5;0;0;5;0;3;4;0,8
13,186912;0,396;2,593900167;841,142;0,2;2;72,5;12,5;0;0;5;0;3;4;0,8
17,548096;0,5665;2,596842208;858,295;0,2;2;72,5;12,5;0;0;5;0;3;4;0,8
14,98928;0,5023;2,131999608;853,989;0,2;2;72,5;12,5;0;0;5;0;3;4;0,8
16,57008;0,5673;2,669412572;833,1635;0,2;2;72,5;12,5;0;0;5;0;3;4;0,8
16,809952;0,4305;2,713543199;818,6162;0,2;2;72,5;12,5;0;0;5;0;3;4;0,8
16,230784;0,5225;2,362459547;822,1598;0,2;2;72,5;12,5;0;0;5;0;3;4;0,8
14,23872;0,4402;2,919486123;842,7753;0,2;2;72,5;12,5;0;0;5;0;3;4;0,8
17,532896;0,4236;2,275178974;819,3071;0,2;2;72,5;12,5;0;0;5;0;3;4;0,8
16,228768;0,4741;2,495832107;818,4808;0,2;2;72,5;12,5;0;0;5;0;3;4;0,8
14,884928;0,5385;2,435029911;814,8468;0,2;2;72,5;12,5;0;0;5;0;3;4;0,8
16,619328;0,5292;2,612533098;824,0887;0,2;2;72,5;12,5;0;0;5;0;3;4;0,8
17,500832;0,3021;2,375208395;813,8926;0,2;2;72,5;12,5;0;0;5;0;3;4;0,8
17,409824;0,4662;2,176130234;852,1165;0,2;2;72,5;12,5;0;0;5;0;3;4;0,8
14,546336;0,5437;2,692948907;826,5403;0,2;2;72,5;12,5;0;0;5;0;3;4;0,8
13,782784;0,4557;2,821418064;822,2068;0,2;2;72,5;12,5;0;0;5;0;3;4;0,8
16,039424;0,3524;2,661567128;814,4955;0,2;2;72,5;12,5;0;0;5;0;3;4;0,8
12,878016;0,5624;2,744924978;838,0132;0,2;2;72,5;12,5;0;0;5;0;3;4;0,8
13,496928;0,5801;2,900853192;842,5736;0,2;2;72,5;12,5;0;0;5;0;3;4;0,8
14,315264;0,3663;2,819456703;806,0474;0,2;2;72,5;12,5;0;0;5;0;3;4;0,8
16,334784;0,481;2,31832892;853,0006;0,2;2;72,5;12,5;0;0;5;0;3;4;0,8
12,467488;0,422;2,458566245;806,7883;0,2;2;72,5;12,5;0;0;5;0;3;4;0,8
14,014784;0,3903;2,812591939;816,9303;0,2;2;72,5;12,5;0;0;5;0;3;4;0,8
14,485536;0,4549;2,349710699;817,0339;0,2;2;72,5;12,5;0;0;5;0;3;4;0,8
13,944096;0,5386;2,829263509;815,2782;0,2;2;72,5;12,5;0;0;5;0;3;4;0,8
14,07024;0,5956;2,35167206;828,833;0,2;2;72,5;12,5;0;0;5;0;3;4;0,8
17,123808;0,5051;2,292831225;833,2621;0,2;2;72,5;12,5;0;0;5;0;3;4;0,8
16,996928;0,5506;2,644895558;827,0204;0,2;2;72,5;12,5;0;0;5;0;3;4;0,8
15,546144;0,5078;2,690987545;818,4347;0,2;2;72,5;12,5;0;0;5;0;3;4;0,8
16,387328;0,3124;2,753751103;816,5007;0,2;2;72,5;12,5;0;0;5;0;3;4;0,8
17,344288;0,3309;2,325193684;842,375;0,2;2;72,5;12,5;0;0;5;0;3;4;0,8
13,735168;0,3048;2,93027361;800,515;0,2;2;72,5;12,5;0;0;5;0;3;4;0,8
15,689856;0,3905;2,926350888;835,4952;0,2;2;72,5;12,5;0;0;5;0;3;4;0,8
13,677856;0,3678;2,494851427;813,884;0,8;0,4;40;15;10;8;0;15;6;4;0,8
15,442304;0,4371;2,425223105;845,1951;0,8;0,4;40;15;10;8;0;15;6;4;0,8
16,520832;0,5787;2,344807296;867,9858;0,8;0,4;40;15;10;8;0;15;6;4;0,8
15,546304;0,3957;2,696871629;818,9657;0,8;0,4;40;15;10;8;0;15;6;4;0,8
14,510272;0,3111;2,623320584;812,8948;0,8;0,4;40;15;10;8;0;15;6;4;0,8
13,180512;0,3437;2,554672943;803,8431;0,8;0,4;40;15;10;8;0;15;6;4;0,8
15,857408;0,3313;2,750809061;810,08;0,8;0,4;40;15;10;8;0;15;6;4;0,8
17,657024;0,5263;2,116308718;865,792;0,8;0,4;40;15;10;8;0;15;6;4;0,8
12,51088;0,4326;2,917524762;813,0717;0,8;0,4;40;15;10;8;0;15;6;4;0,8
14,06752;0,5088;2,329116407;832,7092;0,8;0,4;40;15;10;8;0;15;6;4;0,8
17,681952;0,4064;2,543885457;825,7703;0,8;0,4;40;15;10;8;0;15;6;4;0,8
14,684576;0,4674;2,358536825;820,2716;0,8;0,4;40;15;10;8;0;15;6;4;0,8
17,115392;0,4515;2,894969109;820,1117;0,8;0,4;40;15;10;8;0;15;6;4;0,8
12,10768;0,4162;2,937138374;814,475;0,8;0,4;40;15;10;8;0;15;6;4;0,8
14,115104;0,4202;2,167304109;849,9734;0,8;0,4;40;15;10;8;0;15;6;4;0,8
14,163104;0,3732;2,178091596;842,8691;0,8;0,4;40;15;10;8;0;15;6;4;0,8
12,31696;0,3029;2,829263509;828,5012;0,8;0,4;40;15;10;8;0;15;6;4;0,8
16,551776;0,5625;2,7488477;826,5795;0,8;0,4;40;15;10;8;0;15;6;4;0,8
14,211616;0,4489;2,428165147;819,947;0,8;0,4;40;15;10;8;0;15;6;4;0,8
15,247648;0,4548;2,513484358;819,7162;0,8;0,4;40;15;10;8;0;15;6;4;0,8
17,418816;0,3259;2,959694028;823,9685;0,8;0,4;40;15;10;8;0;15;6;4;0,8
16,646432;0,5451;2,828282828;837,839;0,8;0,4;40;15;10;8;0;15;6;4;0,8
14,709504;0,3162;2,801804452;806,001;0,8;0,4;40;15;10;8;0;15;6;4;0,8
15,464096;0,5678;2,106501912;830,9127;0,8;0,4;40;15;10;8;0;15;6;4;0,8
15,781248;0,5508;2,704717074;823,8533;0,8;0,4;40;15;10;8;0;15;6;4;0,8
12,384544;0,4496;2,545846818;811,6182;0,8;0,4;40;15;10;8;0;15;6;4;0,8
12,779872;0,3807;2,451701481;824,5101;0,8;0,4;40;15;10;8;0;15;6;4;0,8
17,459648;0,3995;2,113366676;831,0658;0,8;0,4;40;15;10;8;0;15;6;4;0,8
15,574144;0,5864;2,574286555;827,8766;0,8;0,4;40;15;10;8;0;15;6;4;0,8
15,25536;0,4368;2,394822006;856,2695;0,8;0,4;40;15;10;8;0;15;6;4;0,8
12,778208;0,5236;2,138864372;850,8015;0,8;0,4;40;15;10;8;0;15;6;4;0,8
17,752448;0,5564;2,612533098;852,1984;0,8;0,4;40;15;10;8;0;15;6;4;0,8
14,525824;0,4079;2,48406394;850,4304;0,8;0,4;40;15;10;8;0;15;6;4;0,8
12,993376;0,331;2,297734628;828,0819;0,8;0,4;40;15;10;8;0;15;6;4;0,8
14,993312;0,3359;2,534078651;839,2566;0,8;0,4;40;15;10;8;0;15;6;4;0,8
13,481728;0,352;2,725311366;807,9233;0,8;0,4;40;15;10;8;0;15;6;4;0,8
12,672928;0,5443;2,763557909;813,2903;0,8;0,4;40;15;10;8;0;15;6;4;0,8
12,330144;0,4068;2,622339904;819,8528;0,8;0,4;40;15;10;8;0;15;6;4;0,8
16,397408;0,5061;2,532117289;825,3409;0,8;0,4;40;15;10;8;0;15;6;4;0,8
15,158496;0,3942;2,522310483;851,4336;0,8;0,4;40;15;10;8;0;15;6;4;0,8
13,111104;0,4654;2,474257134;816,6388;0,1;1,6;40;15;15;0;5;15;4,5;3;0,8
15,742784;0,3771;2,494851427;815,4902;0,1;1,6;40;15;15;0;5;15;4,5;3;0,8
17,39648;0,3078;2,960674708;811,6724;0,1;1,6;40;15;15;0;5;15;4,5;3;0,8
17,413856;0,3726;2,235951751;841,6444;0,1;1,6;40;15;15;0;5;15;4,5;3;0,8
16,744224;0,5701;2,216338139;875,1073;0,1;1,6;40;15;15;0;5;15;4,5;3;0,8
16,204608;0,4802;2,610571737;837,5255;0,1;1,6;40;15;15;0;5;15;4,5;3;0,8
16,579776;0,4868;2,198685888;839,8313;0,1;1,6;40;15;15;0;5;15;4,5;3;0,8
17,750432;0,4462;2,376189075;824,0208;0,1;1,6;40;15;15;0;5;15;4,5;3;0,8
17,034816;0,5735;2,445817397;829,1226;0,1;1,6;40;15;15;0;5;15;4,5;3;0,8
15,935072;0,4675;2,647837599;835,1484;0,1;1,6;40;15;15;0;5;15;4,5;3;0,8
17,471008;0,449;2,582132;863,0149;0,1;1,6;40;15;15;0;5;15;4,5;3;0,8
17,291904;0,5308;2,942041777;849,1702;0,1;1,6;40;15;15;0;5;15;4,5;3;0,8
12,753856;0,5941;2,686084142;814,7939;0,1;1,6;40;15;15;0;5;15;4,5;3;0,8
15,149696;0,3911;2,276159655;841,7439;0,1;1,6;40;15;15;0;5;15;4,5;3;0,8
17,276544;0,5479;2,422281063;844,9482;0,1;1,6;40;15;15;0;5;15;4,5;3;0,8
15,53312;0,4866;2,63214671;847,7449;0,1;1,6;40;15;15;0;5;15;4,5;3;0,8
14,731648;0,4419;2,537020692;825,5138;0,1;1,6;40;15;15;0;5;15;4,5;3;0,8
12,809888;0,4912;2,178091596;822,4952;0,1;1,6;40;15;15;0;5;15;4,5;3;0,8
13,63664;0,4717;2,414435618;849,224;0,1;1,6;40;15;15;0;5;15;4,5;3;0,8
17,090304;0,3055;2,559576346;845,083;0,1;1,6;40;15;15;0;5;15;4,5;3;0,8
16,606144;0,4056;2,692948907;837,5927;0,1;1,6;40;15;15;0;5;15;4,5;3;0,8
13,373888;0,4835;2,35069138;836,8314;0,1;1,6;40;15;15;0;5;15;4,5;3;0,8
17,375424;0,3312;2,15161322;830,6741;0,1;1,6;40;15;15;0;5;15;4,5;3;0,8
14,450016;0,5988;2,763557909;823,9705;0,1;1,6;40;15;15;0;5;15;4,5;3;0,8
13,574208;0,5398;2,35069138;840,9951;0,1;1,6;40;15;15;0;5;15;4,5;3;0,8
15,544832;0,3467;2,226144945;829,4497;0,1;1,6;40;15;15;0;5;15;4,5;3;0,8
17,250336;0,5473;2,939099735;836,3973;0,1;1,6;40;15;15;0;5;15;4,5;3;0,8
12,720544;0,3848;2,320290281;837,4424;0,1;1,6;40;15;15;0;5;15;4,5;3;0,8
15,141824;0,5533;2,923408846;836,1035;0,1;1,6;40;15;15;0;5;15;4,5;3;0,8
13,02304;0,5103;2,580170638;827,0454;0,1;1,6;40;15;15;0;5;15;4,5;3;0,8
16,702464;0,538;2,501716191;829,598;0,1;1,6;40;15;15;0;5;15;4,5;3;0,8
12,381056;0,5759;2,157497303;845,3022;0,1;1,6;40;15;15;0;5;15;4,5;3;0,8
15,872992;0,5958;2,754731784;826,0494;0,1;1,6;40;15;15;0;5;15;4,5;3;0,8
13,254304;0,5418;2,945964499;848,6172;0,1;1,6;40;15;15;0;5;15;4,5;3;0,8
16,606336;0,4067;2,303618711;835,5809;0,1;1,6;40;15;15;0;5;15;4,5;3;0,8
16,031936;0,5665;2,468373051;869,8961;0,1;1,6;40;15;15;0;5;15;4,5;3;0,8
14,140192;0,5456;2,629204668;845,777;0,1;1,6;40;15;15;0;5;15;4,5;3;0,8
14,180864;0,5341;2,628223987;838,1556;0,1;1,6;40;15;15;0;5;15;4,5;3;0,8
16,020576;0,5288;2,253604001;846,8883;0,1;1,6;40;15;15;0;5;15;4,5;3;0,8
17,144512;0,5201;2,819456703;841,8345;0,1;1,6;40;15;15;0;5;15;4,5;3;0,8
12,874912;0,4975;2,2840051;823,4244;0,75;2;40;15;10;8;0;15;6;2;1,25
16,99088;0,3935;2,609591056;849,8308;0,75;2;40;15;10;8;0;15;6;2;1,25
12,936608;0,54;2,621359223;841,9307;0,75;2;40;15;10;8;0;15;6;2;1,25
12,811008;0,3575;2,267333529;818,6768;0,75;2;40;15;10;8;0;15;6;2;1,25
14,31728;0,3499;2,326174365;834,4862;0,75;2;40;15;10;8;0;15;6;2;1,25
14,868256;0,3267;2,972442875;831,2129;0,75;2;40;15;10;8;0;15;6;2;1,25
17,030432;0,4234;2,35167206;841,0317;0,75;2;40;15;10;8;0;15;6;2;1,25
16,495392;0,5433;2,16926547;875,1332;0,75;2;40;15;10;8;0;15;6;2;1,25
14,765536;0,5924;2,538982054;844,4711;0,75;2;40;15;10;8;0;15;6;2;1,25
17,74384;0,4286;2,101598509;840,4602;0,75;2;40;15;10;8;0;15;6;2;1,25
14,410848;0,3969;2,771403354;824,3896;0,75;2;40;15;10;8;0;15;6;2;1,25
16,781952;0,4742;2,694910268;841,8616;0,75;2;40;15;10;8;0;15;6;2;1,25
17,327072;0,3932;2,89791115;826,9912;0,75;2;40;15;10;8;0;15;6;2;1,25
17,043808;0,5694;2,206531333;862,4279;0,75;2;40;15;10;8;0;15;6;2;1,25
16,370496;0,501;2,308522114;868,0762;0,75;2;40;15;10;8;0;15;6;2;1,25
14,126464;0,4663;2,942041777;841,9978;0,75;2;40;15;10;8;0;15;6;2;1,25
14,6672;0,487;2,783171521;815,5334;0,75;2;40;15;10;8;0;15;6;2;1,25
16,44064;0,5827;2,225164264;833,7429;0,75;2;40;15;10;8;0;15;6;2;1,25
12,135488;0,4863;2,89791115;816,8579;0,75;2;40;15;10;8;0;15;6;2;1,25
15,606176;0,4424;2,843973718;820,9363;0,75;2;40;15;10;8;0;15;6;2;1,25
13,760416;0,3618;2,892027067;813,5732;0,75;2;40;15;10;8;0;15;6;2;1,25
14,603104;0,4527;2,441894675;857,1467;0,75;2;40;15;10;8;0;15;6;2;1,25
17,616192;0,3005;2,900853192;823,1674;0,75;2;40;15;10;8;0;15;6;2;1,25
17,668768;0,4197;2,386976562;846,2378;0,75;2;40;15;10;8;0;15;6;2;1,25
12,639776;0,5472;2,64979896;816,0343;0,75;2;40;15;10;8;0;15;6;2;1,25
17,946176;0,5013;2,796901049;863,1365;0,75;2;40;15;10;8;0;15;6;2;1,25
16,155712;0,5765;2,610571737;825,3774;0,75;2;40;15;10;8;0;15;6;2;1,25
12,882976;0,3972;2,622339904;840,8447;0,75;2;40;15;10;8;0;15;6;2;1,25
13,146816;0,4014;2,123173482;824,5947;0,75;2;40;15;10;8;0;15;6;2;1,25
17,38016;0,3765;2,101598509;851,0442;0,75;2;40;15;10;8;0;15;6;2;1,25
13,280864;0,4197;2,571344513;827,3152;0,75;2;40;15;10;8;0;15;6;2;1,25
14,689344;0,5433;2,173188193;827,2075;0,75;2;40;15;10;8;0;15;6;2;1,25
15,68144;0,3986;2,133960969;822,5625;0,75;2;40;15;10;8;0;15;6;2;1,25
13,0624;0,4391;2,64979896;806,8154;0,75;2;40;15;10;8;0;15;6;2;1,25
13,452608;0,5953;2,785132882;846,752;0,75;2;40;15;10;8;0;15;6;2;1,25
16,14912;0,4831;2,755712464;818,1783;0,75;2;40;15;10;8;0;15;6;2;1,25
13,95216;0,5169;2,569383152;846,4929;0,75;2;40;15;10;8;0;15;6;2;1,25
15,145856;0,4504;2,228106306;854,9949;0,75;2;40;15;10;8;0;15;6;2;1,25
14,815136;0,4161;2,829263509;820,5087;0,75;2;40;15;10;8;0;15;6;2;1,25
14,694112;0,3863;2,982249681;805,3066;0,75;2;40;15;10;8;0;15;6;2;1,25
13,72656;0,4257;2,497793469;839,443;0,5;0;55;15;0;12;10;0;4,5;3;0
14,529312;0,3599;2,333039129;839,3838;0,5;0;55;15;0;12;10;0;4,5;3;0
15,94624;0,3298;2,862606649;834,105;0,5;0;55;15;0;12;10;0;4,5;3;0
12,878208;0,5541;2,983230362;809,9825;0,5;0;55;15;0;12;10;0;4,5;3;0
15,580384;0,5729;2,977346278;825,1473;0,5;0;55;15;0;12;10;0;4,5;3;0
13,608256;0,4929;2,877316858;821,092;0,5;0;55;15;0;12;10;0;4,5;3;0
16,607264;0,3065;2,84691576;805,1041;0,5;0;55;15;0;12;10;0;4,5;3;0
13,12576;0,4072;2,711581838;849,6848;0,5;0;55;15;0;12;10;0;4,5;3;0
15,648128;0,5728;2,671373934;822,4332;0,5;0;55;15;0;12;10;0;4,5;3;0
15,024256;0,5374;2,309502795;850,4062;0,5;0;55;15;0;12;10;0;4,5;3;0
12,492928;0,3263;2,650779641;826,3911;0,5;0;55;15;0;12;10;0;4,5;3;0
12,482304;0,4733;2,960674708;815,292;0,5;0;55;15;0;12;10;0;4,5;3;0
12,37264;0,5932;2,457585564;819,2188;0,5;0;55;15;0;12;10;0;4,5;3;0
16,41408;0,3322;2,221241542;852,5955;0,5;0;55;15;0;12;10;0;4,5;3;0
13,982528;0,5669;2,166323428;829,2291;0,5;0;55;15;0;12;10;0;4,5;3;0
15,364864;0,4741;2,775326076;819,6135;0,5;0;55;15;0;12;10;0;4,5;3;0
13,255968;0,3432;2,845935079;831,8396;0,5;0;55;15;0;12;10;0;4,5;3;0
17,161728;0,3542;2,960674708;809,5963;0,5;0;55;15;0;12;10;0;4,5;3;0
16,887968;0,3908;2,321270962;833,854;0,5;0;55;15;0;12;10;0;4,5;3;0
16,310816;0,4134;2,260468765;842,3405;0,5;0;55;15;0;12;10;0;4,5;3;0
17,608128;0,4608;2,285966461;832,2019;0,5;0;55;15;0;12;10;0;4,5;3;0
13,146272;0,4058;2,84789644;826,0061;0,5;0;55;15;0;12;10;0;4,5;3;0
15,2048;0,333;2,490928705;827,131;0,5;0;55;15;0;12;10;0;4,5;3;0
12,72896;0,4641;2,701775032;834,5809;0,5;0;55;15;0;12;10;0;4,5;3;0
17,297952;0,6;2,68216142;827,616;0,5;0;55;15;0;12;10;0;4,5;3;0
15,493952;0,4025;2,78219084;809,5023;0,5;0;55;15;0;12;10;0;4,5;3;0
13,862432;0,4885;2,412474257;826,0092;0,5;0;55;15;0;12;10;0;4,5;3;0
17,649696;0,5563;2,16828479;854,1124;0,5;0;55;15;0;12;10;0;4,5;3;0
15,50272;0,5185;2,305580073;833,0247;0,5;0;55;15;0;12;10;0;4,5;3;0
15,326016;0,5604;2,759635187;848,356;0,5;0;55;15;0;12;10;0;4,5;3;0
17,474304;0,3996;2,292831225;830,6207;0,5;0;55;15;0;12;10;0;4,5;3;0
12,473536;0,5641;2,835147592;826,2863;0,5;0;55;15;0;12;10;0;4,5;3;0
15,458592;0,5652;2,204569972;836,496;0,5;0;55;15;0;12;10;0;4,5;3;0
14,510816;0,3838;2,884181622;806,9537;0,5;0;55;15;0;12;10;0;4,5;3;0
13,0864;0,4438;2,927331568;828,9332;0,5;0;55;15;0;12;10;0;4,5;3;0
13,723072;0,4936;2,988133765;834,8413;0,5;0;55;15;0;12;10;0;4,5;3;0
15,210304;0,368;2,722369324;807,3556;0,5;0;55;15;0;12;10;0;4,5;3;0
14,411744;0,3525;2,576247916;822,8312;0,5;0;55;15;0;12;10;0;4,5;3;0
12,92912;0,521;2,207512013;842,0872;0,5;0;55;15;0;12;10;0;4,5;3;0
13,791552;0,3701;2,538001373;808,1368;0,5;0;55;15;0;12;10;0;4,5;3;0
14,361024;0,5206;2,703736393;821,2826;1;0;55;14,6;10;12;0;0;3;4;0,4
16,639488;0,3092;2,492890066;815,8976;1;0;55;14,6;10;12;0;0;3;4;0,4
13,166432;0,5409;2,436010591;832,1661;1;0;55;14,6;10;12;0;0;3;4;0,4
17,69328;0,4259;2,235951751;841,254;1;0;55;14,6;10;12;0;0;3;4;0,4
14,822304;0,3707;2,310483476;836,9875;1;0;55;14,6;10;12;0;0;3;4;0,4
17,79968;0,5474;2,833186231;822,4398;1;0;55;14,6;10;12;0;0;3;4;0,4
12,64528;0,3108;2,337942532;823,124;1;0;55;14,6;10;12;0;0;3;4;0,4
13,813344;0,3875;2,884181622;843,6423;1;0;55;14,6;10;12;0;0;3;4;0,4
15,564992;0,3072;2,23497107;844,8766;1;0;55;14,6;10;12;0;0;3;4;0,4
16,244896;0,4988;2,552711582;827,543;1;0;55;14,6;10;12;0;0;3;4;0,4
13,647072;0,323;2,574286555;824,134;1;0;55;14,6;10;12;0;0;3;4;0,4
16,65872;0,5633;2,74786702;843,7687;1;0;55;14,6;10;12;0;0;3;4;0,4
13,367648;0,4474;2,908698637;811,9252;1;0;55;14,6;10;12;0;0;3;4;0,4
12,822912;0,4203;2,179072276;829,6598;1;0;55;14,6;10;12;0;0;3;4;0,4
16,636;0,4421;2,25164264;845,8428;1;0;55;14,6;10;12;0;0;3;4;0,4
13,606784;0,5311;2,167304109;823,2947;1;0;55;14,6;10;12;0;0;3;4;0,4
15,568096;0,5252;2,820437384;822,3232;1;0;55;14,6;10;12;0;0;3;4;0,4
17,629024;0,3823;2,120231441;861,7362;1;0;55;14,6;10;12;0;0;3;4;0,4
15,010176;0,3928;2,640972835;826,2583;1;0;55;14,6;10;12;0;0;3;4;0,4
13,656224;0,5254;2,771403354;820,3948;1;0;55;14,6;10;12;0;0;3;4;0,4
16,812352;0,378;2,222222222;860,9404;1;0;55;14,6;10;12;0;0;3;4;0,4
14,752896;0,4554;2,780229479;832,1234;1;0;55;14,6;10;12;0;0;3;4;0,4
13,851424;0,5472;2,78219084;823,7424;1;0;55;14,6;10;12;0;0;3;4;0,4
12,177056;0,4252;2,192801804;844,4417;1;0;55;14,6;10;12;0;0;3;4;0,4
17,805536;0,4344;2,346768657;825,7467;1;0;55;14,6;10;12;0;0;3;4;0,4
17,031712;0,5987;2,869471413;840,2365;1;0;55;14,6;10;12;0;0;3;4;0,4
12,675328;0,3124;2,303618711;827,1213;1;0;55;14,6;10;12;0;0;3;4;0,4
15,660192;0,5411;2,273217613;862,8931;1;0;55;14,6;10;12;0;0;3;4;0,4
14,060352;0,4019;2,820437384;808,2383;1;0;55;14,6;10;12;0;0;3;4;0,4
12,797632;0,5466;2,2182995;852,4211;1;0;55;14,6;10;12;0;0;3;4;0,4
12,180352;0,418;2,429145827;808,1356;1;0;55;14,6;10;12;0;0;3;4;0,4
12,467488;0,3033;2,884181622;812,9098;1;0;55;14,6;10;12;0;0;3;4;0,4
14,64944;0,354;2,668431892;816,0184;1;0;55;14,6;10;12;0;0;3;4;0,4
14,630208;0,5965;2,790036285;827,2598;1;0;55;14,6;10;12;0;0;3;4;0,4
14,99936;0,4034;2,492890066;813,7449;1;0;55;14,6;10;12;0;0;3;4;0,4
15,582016;0,5486;2,933215652;858,9855;1;0;55;14,6;10;12;0;0;3;4;0,4
12,953088;0,3181;2,238893792;824,528;1;0;55;14,6;10;12;0;0;3;4;0,4
12,103648;0,5968;2,490928705;840,1941;1;0;55;14,6;10;12;0;0;3;4;0,4
14,448192;0,3055;2,755712464;830,1398;1;0;55;14,6;10;12;0;0;3;4;0,4
15,35808;0,4083;2,280082377;821,2767;1;0;55;14,6;10;12;0;0;3;4;0,4
17,410368;0,4625;2,403648132;853,7662;0;0,5;55;15;0;4;5;15;1,5;4;0
14,5392;0,4335;2,486025302;829,1228;0;0,5;55;15;0;4;5;15;1,5;4;0
13,27664;0,5464;2,708639796;841,8644;0;0,5;55;15;0;4;5;15;1,5;4;0
16,27088;0,4955;2,74786702;832,0544;0;0,5;55;15;0;4;5;15;1,5;4;0
16,269248;0,3845;2,879278219;812,3724;0;0,5;55;15;0;4;5;15;1,5;4;0
15,754144;0,5185;2,809649897;817,3597;0;0,5;55;15;0;4;5;15;1,5;4;0
12,418048;0,3204;2,993037168;795,0593;0;0,5;55;15;0;4;5;15;1,5;4;0
13,666688;0,3927;2,834166912;823,9993;0;0,5;55;15;0;4;5;15;1,5;4;0
14,335776;0,4976;2,335981171;821,2511;0;0,5;55;15;0;4;5;15;1,5;4;0
12,811168;0,4768;2,478179857;824,4384;0;0,5;55;15;0;4;5;15;1,5;4;0
17,739424;0,4818;2,810630578;833,5417;0;0,5;55;15;0;4;5;15;1,5;4;0
12,513088;0,3389;2,328135726;831,4858;0;0,5;55;15;0;4;5;15;1,5;4;0
15,725024;0,4189;2,109443954;828,8511;0;0,5;55;15;0;4;5;15;1,5;4;0
12,769984;0,5337;2,303618711;822,9473;0;0,5;55;15;0;4;5;15;1,5;4;0
16,790912;0,4324;2,737079533;857,34;0;0,5;55;15;0;4;5;15;1,5;4;0
16,148928;0,5179;2,41737766;831,7993;0;0,5;55;15;0;4;5;15;1,5;4;0
12,610496;0,3567;2,71452388;831,2913;0;0,5;55;15;0;4;5;15;1,5;4;0
15,435712;0,503;2,303618711;821,5634;0;0,5;55;15;0;4;5;15;1,5;4;0
15,556736;0,4091;2,131018927;845,4934;0;0,5;55;15;0;4;5;15;1,5;4;0
15,033408;0,3451;2,203589291;815,2345;0;0,5;55;15;0;4;5;15;1,5;4;0
15,974432;0,3981;2,160439345;836,3274;0;0,5;55;15;0;4;5;15;1,5;4;0
14,109792;0,5736;2,716485241;830,8418;0;0,5;55;15;0;4;5;15;1,5;4;0
15,204448;0,4709;2,849857801;826,4435;0;0,5;55;15;0;4;5;15;1,5;4;0
17,497536;0,4553;2,414435618;864,5377;0;0,5;55;15;0;4;5;15;1,5;4;0
14,357376;0,3964;2,356575463;855,8807;0;0,5;55;15;0;4;5;15;1,5;4;0
14,339968;0,5979;2,313425517;832,1188;0;0,5;55;15;0;4;5;15;1,5;4;0
12,83552;0,3872;2,161420025;831,8562;0;0,5;55;15;0;4;5;15;1,5;4;0
14,492864;0,4899;2,815533981;819,1704;0;0,5;55;15;0;4;5;15;1,5;4;0
16,608736;0,4585;2,93125429;826,9613;0;0,5;55;15;0;4;5;15;1,5;4;0
16,669888;0,5787;2,108463274;852,9099;0;0,5;55;15;0;4;5;15;1,5;4;0
14,23488;0,4246;2,756693145;851,0604;0;0,5;55;15;0;4;5;15;1,5;4;0
16,342656;0,4851;2,325193684;832,6797;0;0,5;55;15;0;4;5;15;1,5;4;0
16,636192;0,5326;2,241835834;846,4521;0;0,5;55;15;0;4;5;15;1,5;4;0
17,38896;0,5569;2,774345396;845,1929;0;0,5;55;15;0;4;5;15;1,5;4;0
16,6208;0,3346;2,962636069;811,7991;0;0,5;55;15;0;4;5;15;1,5;4;0
17,490944;0,4585;2,724330685;837,1359;0;0,5;55;15;0;4;5;15;1,5;4;0
12,156384;0,5957;2,887123664;827,6882;0;0,5;55;15;0;4;5;15;1,5;4;0
15,283168;0,499;2,953809944;829,6984;0;0,5;55;15;0;4;5;15;1,5;4;0
15,395072;0,4413;2,252623321;827,209;0;0,5;55;15;0;4;5;15;1,5;4;0
15,252416;0,5972;2,468373051;849,4414;0;0,5;55;15;0;4;5;15;1,5;4;0
17,4448;0,5408;2,818476022;832,3915;0,8;0,5;55;15;0;4;0;15;4,5;4;1,2
12,384544;0,4846;2,971462195;828,9602;0,8;0,5;55;15;0;4;0;15;4,5;4;1,2
16,893824;0,3288;2,261449446;836,2654;0,8;0,5;55;15;0;4;0;15;4,5;4;1,2
16,563872;0,5452;2,203589291;831,1189;0,8;0,5;55;15;0;4;0;15;4,5;4;1,2
16,08448;0,3647;2,655683044;809,1437;0,8;0,5;55;15;0;4;0;15;4,5;4;1,2
14,721024;0,5938;2,244777876;848,03;0,8;0,5;55;15;0;4;0;15;4,5;4;1,2
15,135776;0,5286;2,395802687;823,1584;0,8;0,5;55;15;0;4;0;15;4,5;4;1,2
14,732192;0,4908;2,175149554;841,314;0,8;0,5;55;15;0;4;0;15;4,5;4;1,2
15,717888;0,3556;2,196724527;818,3086;0,8;0,5;55;15;0;4;0;15;4,5;4;1,2
15,066912;0,495;2,100617829;837,5587;0,8;0,5;55;15;0;4;0;15;4,5;4;1,2
16,574304;0,3071;2,647837599;808,9;0,8;0,5;55;15;0;4;0;15;4,5;4;1,2
14,186176;0,4541;2,342845935;839,1926;0,8;0,5;55;15;0;4;0;15;4,5;4;1,2
12,795968;0,3801;2,332058449;832,9219;0,8;0,5;55;15;0;4;0;15;4,5;4;1,2
17,692;0,532;2,285966461;841,7799;0,8;0,5;55;15;0;4;0;15;4,5;4;1,2
16,845312;0,5533;2,808669216;819,9077;0,8;0,5;55;15;0;4;0;15;4,5;4;1,2
13,224832;0,4745;2,492890066;834,1323;0,8;0,5;55;15;0;4;0;15;4,5;4;1,2
17,328352;0,3712;2,455624203;852,2705;0,8;0,5;55;15;0;4;0;15;4,5;4;1,2
15,112896;0,4117;2,878297538;850,4777;0,8;0,5;55;15;0;4;0;15;4,5;4;1,2
13,518912;0,3659;2,579189958;810,6432;0,8;0,5;55;15;0;4;0;15;4,5;4;1,2
16,769312;0,4983;2,348730019;821,9495;0,8;0,5;55;15;0;4;0;15;4,5;4;1,2
17,632864;0,5156;2,378150436;832,4053;0,8;0,5;55;15;0;4;0;15;4,5;4;1,2
12,84176;0,5916;2,600764931;841,9435;0,8;0,5;55;15;0;4;0;15;4,5;4;1,2
12,849088;0,5413;2,582132;824,2212;0,8;0,5;55;15;0;4;0;15;4,5;4;1,2
13,110752;0,5662;2,585074041;859,1201;0,8;0,5;55;15;0;4;0;15;4,5;4;1,2
17,08608;0,5411;2,439933314;856,9375;0,8;0,5;55;15;0;4;0;15;4,5;4;1,2
12,137344;0,3672;2,53309797;832,9563;0,8;0,5;55;15;0;4;0;15;4,5;4;1,2
12,522592;0,4609;2,677258017;808,9039;0,8;0,5;55;15;0;4;0;15;4,5;4;1,2
16,662368;0,4005;2,241835834;830,7767;0,8;0,5;55;15;0;4;0;15;4,5;4;1,2
16,873312;0,5043;2,720407963;824,718;0,8;0,5;55;15;0;4;0;15;4,5;4;1,2
16,754304;0,46;2,626262626;844,9901;0,8;0,5;55;15;0;4;0;15;4,5;4;1,2
14,410464;0,3784;2,971462195;804,8696;0,8;0,5;55;15;0;4;0;15;4,5;4;1,2
14,70784;0,4932;2,432087869;855,6036;0,8;0,5;55;15;0;4;0;15;4,5;4;1,2
16,73872;0,3781;2,256546043;857,158;0,8;0,5;55;15;0;4;0;15;4,5;4;1,2
15,6928;0,504;2,711581838;840,839;0,8;0,5;55;15;0;4;0;15;4,5;4;1,2
13,316928;0,4075;2,131018927;852,6205;0,8;0,5;55;15;0;4;0;15;4,5;4;1,2
16,152032;0,4927;2,859664607;816,5668;0,8;0,5;55;15;0;4;0;15;4,5;4;1,2
15,734176;0,5389;2,749828381;862,7653;0,8;0,5;55;15;0;4;0;15;4,5;4;1,2
13,949952;0,4341;2,61645582;839,7479;0,8;0,5;55;15;0;4;0;15;4,5;4;1,2
15,730336;0,4093;2,89693047;811,9041;0,8;0,5;55;15;0;4;0;15;4,5;4;1,2
16,271264;0,5922;2,828282828;865,0668;0,8;0,5;55;15;0;4;0;15;4,5;4;1,2
12,97104;0,4545;2,382073159;838,8654;1;0,5;55;15;0;4;15;5;4,5;0;0
15,268704;0,3734;2,274198294;845,3082;1;0,5;55;15;0;4;15;5;4,5;0;0
16,571744;0,4801;2,293811905;825,6693;1;0,5;55;15;0;4;15;5;4,5;0;0
15,462432;0,5164;2,254584682;829,3003;1;0,5;55;15;0;4;15;5;4,5;0;0
14,369088;0,3712;2,225164264;830,9374;1;0,5;55;15;0;4;15;5;4,5;0;0
16,887776;0,5202;2,740021575;839,3958;1;0,5;55;15;0;4;15;5;4,5;0;0
17,946528;0,5384;2,545846818;828,2158;1;0,5;55;15;0;4;15;5;4,5;0;0
13,993888;0,3093;2,683142101;805,8258;1;0,5;55;15;0;4;15;5;4,5;0;0
15,406048;0,3018;2,755712464;833,6851;1;0,5;55;15;0;4;15;5;4,5;0;0
16,29248;0,4363;2,69785231;820,8535;1;0,5;55;15;0;4;15;5;4,5;0;0
17,89344;0,5128;2,18593704;838,3156;1;0,5;55;15;0;4;15;5;4,5;0;0
12,755136;0,5221;2,894969109;820,65;1;0,5;55;15;0;4;15;5;4,5;0;0
13,869184;0,5126;2,16828479;840,8359;1;0,5;55;15;0;4;15;5;4,5;0;0
17,963552;0,4339;2,181033637;829,6906;1;0,5;55;15;0;4;15;5;4,5;0;0
17,134816;0,5293;2,470334412;835,3291;1;0,5;55;15;0;4;15;5;4,5;0;0
14,006336;0,3;2,623320584;821,1659;1;0,5;55;15;0;4;15;5;4,5;0;0
16,603776;0,5112;2,785132882;823,4778;1;0,5;55;15;0;4;15;5;4,5;0;0
16,128608;0,5631;2,675296656;850,561;1;0,5;55;15;0;4;15;5;4,5;0;0
13,826528;0,4989;2,991075807;836,8151;1;0,5;55;15;0;4;15;5;4,5;0;0
16,129344;0,5702;2,664509169;827,9476;1;0,5;55;15;0;4;15;5;4,5;0;0
16,263552;0,4338;2,16926547;861,1088;1;0,5;55;15;0;4;15;5;4,5;0;0
13,510656;0,5;2,740021575;830,3872;1;0,5;55;15;0;4;15;5;4,5;0;0
16,308224;0,305;2,687064823;809,4348;1;0,5;55;15;0;4;15;5;4,5;0;0
14,376416;0,329;2,290869864;832,3352;1;0,5;55;15;0;4;15;5;4,5;0;0
16,061408;0,3329;2,239874473;821,0436;1;0,5;55;15;0;4;15;5;4,5;0;0
16,07952;0,3335;2,614494459;818,2216;1;0,5;55;15;0;4;15;5;4,5;0;0
13,853088;0,591;2,659605766;840,0491;1;0,5;55;15;0;4;15;5;4,5;0;0
13,62144;0,43;2,962636069;807,5585;1;0,5;55;15;0;4;15;5;4,5;0;0
12,518208;0,3647;2,182014318;843,75;1;0,5;55;15;0;4;15;5;4,5;0;0
15,80048;0,4531;2,534078651;837,3561;1;0,5;55;15;0;4;15;5;4,5;0;0
13,417824;0,5479;2,681180739;821,1813;1;0,5;55;15;0;4;15;5;4,5;0;0
17,109536;0,4706;2,141806414;828,158;1;0,5;55;15;0;4;15;5;4,5;0;0
14,213984;0,3767;2,159458664;826,4951;1;0,5;55;15;0;4;15;5;4,5;0;0
15,384992;0,5364;2,839070315;853,3315;1;0,5;55;15;0;4;15;5;4,5;0;0
16,392832;0,5014;2,208492694;859,1075;1;0,5;55;15;0;4;15;5;4,5;0;0
15,20592;0,4804;2,403648132;820,9565;1;0,5;55;15;0;4;15;5;4,5;0;0
12,537056;0,3949;2,527213886;824,8833;1;0,5;55;15;0;4;15;5;4,5;0;0
17,041056;0,3367;2,292831225;856,9214;1;0,5;55;15;0;4;15;5;4,5;0;0
13,351552;0,5998;2,299695989;848,5782;1;0,5;55;15;0;4;15;5;4,5;0;0
16,148192;0,5083;2,54976954;857,5344;1;0,5;55;15;0;4;15;5;4,5;0;0
12,434528;0,5117;2,145729136;827,3977;0,75;0,75;55;15;5;8;5;5;0;4;1,5
17,222336;0,4703;2,688045504;819,9147;0,75;0,75;55;15;5;8;5;5;0;4;1,5
14,802144;0,4014;2,120231441;855,5609;0,75;0,75;55;15;5;8;5;5;0;4;1,5
16,794208;0,5098;2,21928018;830,6827;0,75;0,75;55;15;5;8;5;5;0;4;1,5
15,161792;0,4732;2,990095126;809,9135;0,75;0,75;55;15;5;8;5;5;0;4;1,5
13,378656;0,504;2,663528489;831,0986;0,75;0,75;55;15;5;8;5;5;0;4;1,5
15,935424;0,5618;2,659605766;860,4478;0,75;0,75;55;15;5;8;5;5;0;4;1,5
15,373088;0,5351;2,903795234;826,636;0,75;0,75;55;15;5;8;5;5;0;4;1,5
13,032736;0,4665;2,166323428;833,4174;0,75;0,75;55;15;5;8;5;5;0;4;1,5
16,706144;0,3429;2,316367559;838,4501;0,75;0,75;55;15;5;8;5;5;0;4;1,5
15,37584;0,3218;2,341865254;818,6024;0,75;0,75;55;15;5;8;5;5;0;4;1,5
12,235296;0,3158;2,655683044;827,2563;0,75;0,75;55;15;5;8;5;5;0;4;1,5
14,170592;0,4076;2,822398745;807,8988;0,75;0,75;55;15;5;8;5;5;0;4;1,5
16,896768;0,4175;2,410512896;821,1533;0,75;0,75;55;15;5;8;5;5;0;4;1,5
15,932128;0,3945;2,538982054;819,328;0,75;0,75;55;15;5;8;5;5;0;4;1,5
16,602144;0,3532;2,506619594;820,2698;0,75;0,75;55;15;5;8;5;5;0;4;1,5
13,25632;0,4287;2,557614985;854,1289;0,75;0,75;55;15;5;8;5;5;0;4;1,5
12,888448;0,3715;2,693929587;815,2278;0,75;0,75;55;15;5;8;5;5;0;4;1,5
13,345696;0,453;2,28498578;817,3993;0,75;0,75;55;15;5;8;5;5;0;4;1,5
17,316096;0,3053;2,975384917;828,9224;0,75;0,75;55;15;5;8;5;5;0;4;1,5
16,280224;0,4658;2,540943415;823,729;0,75;0,75;55;15;5;8;5;5;0;4;1,5
13,616128;0,4491;2,910659998;803,2971;0,75;0,75;55;15;5;8;5;5;0;4;1,5
15,0424;0,5178;2,885162303;835,2725;0,75;0,75;55;15;5;8;5;5;0;4;1,5
13,590496;0,3744;2,380111798;813,2227;0,75;0,75;55;15;5;8;5;5;0;4;1,5
17,290432;0,4458;2,2182995;850,6118;0,75;0,75;55;15;5;8;5;5;0;4;1,5
14,75968;0,4826;2,908698637;845,4977;0,75;0,75;55;15;5;8;5;5;0;4;1,5
16,881376;0,5444;2,631166029;839,0919;0,75;0,75;55;15;5;8;5;5;0;4;1,5
15,760384;0,5948;2,353633422;857,6467;0,75;0,75;55;15;5;8;5;5;0;4;1,5
17,14432;0,4747;2,128076885;851,2675;0,75;0,75;55;15;5;8;5;5;0;4;1,5
17,49552;0,3799;2,757673826;821,818;0,75;0,75;55;15;5;8;5;5;0;4;1,5
15,904832;0,3109;2,309502795;817,28;0,75;0,75;55;15;5;8;5;5;0;4;1,5
16,03136;0,4198;2,557614985;824,072;0,75;0,75;55;15;5;8;5;5;0;4;1,5
12,25728;0,4244;2,213396097;820,7605;0,75;0,75;55;15;5;8;5;5;0;4;1,5
17,246496;0,312;2,860645288;824,0271;0,75;0,75;55;15;5;8;5;5;0;4;1,5
17,089376;0,5051;2,622339904;826,3369;0,75;0,75;55;15;5;8;5;5;0;4;1,5
13,229952;0,4099;2,586054722;823,7173;0,75;0,75;55;15;5;8;5;5;0;4;1,5
13,354112;0,4206;2,833186231;821,0114;0,75;0,75;55;15;5;8;5;5;0;4;1,5
16,430912;0,3005;2,262430127;820,1638;0,75;0,75;55;15;5;8;5;5;0;4;1,5
16,09472;0,5124;2,488967343;831,6652;0,75;0,75;55;15;5;8;5;5;0;4;1,5
13,554624;0,3197;2,990095126;798,1976;0,75;0,75;55;15;5;8;5;5;0;4;1,5
16,217408;0,4303;2,175149554;833,6489;0;1;60;15;0;7;15;0;0;2;0
13,213664;0,4051;2,36834363;815,7898;0;1;60;15;0;7;15;0;0;2;0
12,014464;0,4033;2,769441993;828,4907;0;1;60;15;0;7;15;0;0;2;0
13,324064;0,4859;2,681180739;817,9403;0;1;60;15;0;7;15;0;0;2;0
14,438496;0,4492;2,668431892;837,7322;0;1;60;15;0;7;15;0;0;2;0
14,255552;0,311;2,54976954;809,1172;0;1;60;15;0;7;15;0;0;2;0
14,125568;0,5205;2,766499951;838,6708;0;1;60;15;0;7;15;0;0;2;0
17,72864;0,5141;2,645876238;830,1649;0;1;60;15;0;7;15;0;0;2;0
12,167744;0,389;2,998921251;795,7518;0;1;60;15;0;7;15;0;0;2;0
17,46368;0,4165;2,96361675;813,1356;0;1;60;15;0;7;15;0;0;2;0
12,638496;0,4668;2,147690497;829,8674;0;1;60;15;0;7;15;0;0;2;0
17,579392;0,3672;2,461508287;817,4636;0;1;60;15;0;7;15;0;0;2;0
12,863904;0,5655;2,71550456;846,8999;0;1;60;15;0;7;15;0;0;2;0
12,740672;0,5206;2,860645288;805,2008;0;1;60;15;0;7;15;0;0;2;0
15,447808;0,4925;2,850838482;827,0402;0;1;60;15;0;7;15;0;0;2;0
14,058528;0,5521;2,205550652;853,1134;0;1;60;15;0;7;15;0;0;2;0
14,044064;0,3853;2,347749338;826,9315;0;1;60;15;0;7;15;0;0;2;0
12,736096;0,3103;2,496812788;822,6936;0;1;60;15;0;7;15;0;0;2;0
12,88096;0,4827;2,898891831;816,7307;0;1;60;15;0;7;15;0;0;2;0
13,469472;0,5077;2,569383152;843,9924;0;1;60;15;0;7;15;0;0;2;0
14,033984;0,3339;2,617436501;818,1099;0;1;60;15;0;7;15;0;0;2;0
17,594944;0,4482;2,35069138;854,4552;0;1;60;15;0;7;15;0;0;2;0
14,449664;0,4451;2,8145533;827,8275;0;1;60;15;0;7;15;0;0;2;0
15,987072;0,5923;2,26831421;863,3682;0;1;60;15;0;7;15;0;0;2;0
12,718336;0,3631;2,7488477;812,2874;0;1;60;15;0;7;15;0;0;2;0
15,708352;0,3599;2,331077768;828,6396;0;1;60;15;0;7;15;0;0;2;0
13,59856;0,3974;2,130038247;834,4833;0;1;60;15;0;7;15;0;0;2;0
16,406752;0,4707;2,659605766;816,0144;0;1;60;15;0;7;15;0;0;2;0
12,290048;0,3784;2,385995881;826,5518;0;1;60;15;0;7;15;0;0;2;0
14,463936;0,5217;2,791997646;845,9343;0;1;60;15;0;7;15;0;0;2;0
12,456672;0,5546;2,198685888;852,4363;0;1;60;15;0;7;15;0;0;2;0
16,894912;0,5025;2,447778758;824,0697;0;1;60;15;0;7;15;0;0;2;0
12,000928;0,4262;2,597822889;818,7958;0;1;60;15;0;7;15;0;0;2;0
16,995072;0,5481;2,845935079;836,4039;0;1;60;15;0;7;15;0;0;2;0
16,586208;0,3167;2,712562518;826,7766;0;1;60;15;0;7;15;0;0;2;0
15,73968;0,4288;2,302638031;830,0609;0;1;60;15;0;7;15;0;0;2;0
14,911104;0,5819;2,397764048;832,9558;0;1;60;15;0;7;15;0;0;2;0
16,931552;0,5788;2,273217613;859,3898;0;1;60;15;0;7;15;0;0;2;0
17,732672;0,5563;2,708639796;857,1132;0;1;60;15;0;7;15;0;0;2;0
14,099744;0,4602;2,271256252;823,3427;0;1;60;15;0;7;15;0;0;2;0
16,639296;0,5372;2,451701481;824,3743;0,25;1,5;55;15;10;12;0;0;3;2;1,25
17,148544;0,5669;2,538001373;830,5369;0,25;1,5;55;15;10;12;0;0;3;2;1,25
12,575136;0,5059;2,486025302;844,0422;0,25;1,5;55;15;10;12;0;0;3;2;1,25
16,7552;0,5641;2,787094243;848,97;0,25;1,5;55;15;10;12;0;0;3;2;1,25
12,112992;0,3872;2,493870746;820,5044;0,25;1,5;55;15;10;12;0;0;3;2;1,25
12,518208;0,4661;2,397764048;828,667;0,25;1,5;55;15;10;12;0;0;3;2;1,25
15,477472;0,3453;2,8145533;846,7771;0,25;1,5;55;15;10;12;0;0;3;2;1,25
14,856896;0,3521;2,985191723;814,0891;0,25;1,5;55;15;10;12;0;0;3;2;1,25
14,31856;0,5184;2,335981171;829,5364;0,25;1,5;55;15;10;12;0;0;3;2;1,25
14,6584;0,4181;2,518387761;811,7607;0,25;1,5;55;15;10;12;0;0;3;2;1,25
17,23568;0,4896;2,352652741;848,1406;0,25;1,5;55;15;10;12;0;0;3;2;1,25
16,677376;0,4678;2,613513779;834,8138;0,25;1,5;55;15;10;12;0;0;3;2;1,25
13,050144;0,5961;2,883200941;830,2722;0,25;1,5;55;15;10;12;0;0;3;2;1,25
16,683072;0,3401;2,884181622;814,7418;0,25;1,5;55;15;10;12;0;0;3;2;1,25
15,82976;0,5759;2,253604001;832,1385;0,25;1,5;55;15;10;12;0;0;3;2;1,25
12,359264;0,3741;2,148671178;810,0919;0,25;1,5;55;15;10;12;0;0;3;2;1,25
17,661248;0,3515;2,641953516;821,1948;0,25;1,5;55;15;10;12;0;0;3;2;1,25
17,952224;0,4124;2,912621359;843,4414;0,25;1,5;55;15;10;12;0;0;3;2;1,25
17,173984;0,5516;2,683142101;821,6775;0,25;1,5;55;15;10;12;0;0;3;2;1,25
16,66768;0,3408;2,901833873;808,2493;0,25;1,5;55;15;10;12;0;0;3;2;1,25
15,813472;0,3699;2,337942532;861,3052;0,25;1,5;55;15;10;12;0;0;3;2;1,25
12,821632;0,3661;2,46641169;821,3563;0,25;1,5;55;15;10;12;0;0;3;2;1,25
17,865216;0,5616;2,927331568;839,8807;0,25;1,5;55;15;10;12;0;0;3;2;1,25
15,737472;0,4318;2,639011474;841,2852;0,25;1,5;55;15;10;12;0;0;3;2;1,25
16,227296;0,4775;2,324213004;841,3745;0,25;1,5;55;15;10;12;0;0;3;2;1,25
15,394144;0,5702;2,86456801;834,2423;0,25;1,5;55;15;10;12;0;0;3;2;1,25
17,934816;0,5354;2,411493577;858,0806;0,25;1,5;55;15;10;12;0;0;3;2;1,25
15,825568;0,3931;2,886142983;817,8663;0,25;1,5;55;15;10;12;0;0;3;2;1,25
13,431744;0,5293;2,69785231;839,2329;0,25;1,5;55;15;10;12;0;0;3;2;1,25
12,267712;0,4193;2,495832107;844,797;0,25;1,5;55;15;10;12;0;0;3;2;1,25
15,596864;0,3754;2,604687653;842,0482;0,25;1,5;55;15;10;12;0;0;3;2;1,25
14,059072;0,44;2,746886339;822,8158;0,25;1,5;55;15;10;12;0;0;3;2;1,25
12,514368;0,5966;2,505638913;841,3909;0,25;1,5;55;15;10;12;0;0;3;2;1,25
17,287136;0,3212;2,331077768;848,8357;0,25;1,5;55;15;10;12;0;0;3;2;1,25
13,999744;0,4437;2,638030793;825,35;0,25;1,5;55;15;10;12;0;0;3;2;1,25
17,18736;0,5444;2,613513779;831,7654;0,25;1,5;55;15;10;12;0;0;3;2;1,25
17,871648;0,5544;2,56644111;857,6439;0,25;1,5;55;15;10;12;0;0;3;2;1,25
12,292256;0,384;2,436991272;824,0088;0,25;1,5;55;15;10;12;0;0;3;2;1,25
15,975328;0,5499;2,117289399;835,7343;0,25;1,5;55;15;10;12;0;0;3;2;1,25
12,3296;0,3228;2,480141218;816,3318;0,25;1,5;55;15;10;12;0;0;3;2;1,25
15,95776;0,5688;2,873394136;817,1558;0,5;2;55;15;14,6;4;5;0;1,5;2;0,4
13,870304;0,3043;2,986172404;798,2186;0,5;2;55;15;14,6;4;5;0;1,5;2;0,4
12,788832;0,4385;2,131018927;830,838;0,5;2;55;15;14,6;4;5;0;1,5;2;0,4
15,727232;0,4234;2,951848583;820,349;0,5;2;55;15;14,6;4;5;0;1,5;2;0,4
12,036448;0,3846;2,71452388;836,7849;0,5;2;55;15;14,6;4;5;0;1,5;2;0,4
14,103584;0,4539;2,572325194;840,4838;0,5;2;55;15;14,6;4;5;0;1,5;2;0,4
14,88912;0,5767;2,66548985;823,9631;0,5;2;55;15;14,6;4;5;0;1,5;2;0,4
13,491808;0,3138;2,661567128;806,7921;0,5;2;55;15;14,6;4;5;0;1,5;2;0,4
12,929664;0,4129;2,580170638;829,4121;0,5;2;55;15;14,6;4;5;0;1,5;2;0,4
17,321216;0,568;2,820437384;838,0248;0,5;2;55;15;14,6;4;5;0;1,5;2;0,4
16,65872;0,5413;2,719427283;859,1042;0,5;2;55;15;14,6;4;5;0;1,5;2;0,4
16,35696;0,5685;2,879278219;823,5044;0,5;2;55;15;14,6;4;5;0;1,5;2;0,4
15,767872;0,4186;2,478179857;827,5624;0,5;2;55;15;14,6;4;5;0;1,5;2;0,4
16,847872;0,5322;2,198685888;830,5592;0,5;2;55;15;14,6;4;5;0;1,5;2;0,4
15,163616;0,407;2,213396097;850,3894;0,5;2;55;15;14,6;4;5;0;1,5;2;0,4
12,426112;0,3561;2,229086986;826,8702;0,5;2;55;15;14,6;4;5;0;1,5;2;0,4
14,740256;0,3077;2,944983819;808,7578;0,5;2;55;15;14,6;4;5;0;1,5;2;0,4
13,75456;0,5701;2,436010591;824,2562;0,5;2;55;15;14,6;4;5;0;1,5;2;0,4
16,903712;0,333;2,103559871;849,2047;0,5;2;55;15;14,6;4;5;0;1,5;2;0,4
15,925344;0,3272;2,193782485;845,8478;0,5;2;55;15;14,6;4;5;0;1,5;2;0,4
13,84448;0,3148;2,458566245;826,3557;0,5;2;55;15;14,6;4;5;0;1,5;2;0,4
17,608704;0,5312;2,329116407;842,5331;0,5;2;55;15;14,6;4;5;0;1,5;2;0,4
14,56208;0,4513;2,691968226;838,3278;0,5;2;55;15;14,6;4;5;0;1,5;2;0,4
13,950496;0,4018;2,737079533;821,7267;0,5;2;55;15;14,6;4;5;0;1,5;2;0,4
15,63712;0,5909;2,950867902;843,5801;0,5;2;55;15;14,6;4;5;0;1,5;2;0,4
17,22288;0,3777;2,356575463;847,6163;0,5;2;55;15;14,6;4;5;0;1,5;2;0,4
17,755904;0,4537;2,844954398;837,7648;0,5;2;55;15;14,6;4;5;0;1,5;2;0,4
15,219456;0,5566;2,407570854;825,3008;0,5;2;55;15;14,6;4;5;0;1,5;2;0,4
15,982848;0,4905;2,721388644;832,313;0,5;2;55;15;14,6;4;5;0;1,5;2;0,4
17,406528;0,3728;2,992056487;807,0627;0,5;2;55;15;14,6;4;5;0;1,5;2;0,4
17,785408;0,3795;2,796901049;836,0109;0,5;2;55;15;14,6;4;5;0;1,5;2;0,4
14,820288;0,4127;2,955771305;817,6168;0,5;2;55;15;14,6;4;5;0;1,5;2;0,4
16,805376;0,5597;2,848877121;827,4556;0,5;2;55;15;14,6;4;5;0;1,5;2;0,4
15,715328;0,3674;2,116308718;855,5925;0,5;2;55;15;14,6;4;5;0;1,5;2;0,4
12,384544;0,503;2,472295773;811,6569;0,5;2;55;15;14,6;4;5;0;1,5;2;0,4
12,962976;0,323;2,246739237;849,3866;0,5;2;55;15;14,6;4;5;0;1,5;2;0,4
14,836576;0,3229;2,801804452;847,7347;0,5;2;55;15;14,6;4;5;0;1,5;2;0,4
15,200416;0,5883;2,330097087;828,1671;0,5;2;55;15;14,6;4;5;0;1,5;2;0,4
12,471136;0,3209;2,489948024;840,8921;0,5;2;55;15;14,6;4;5;0;1,5;2;0,4
15,72832;0,3598;2,470334412;854,8269;0,5;2;55;15;14,6;4;5;0;1,5;2;0,4
14,367456;0,5708;2,353633422;823,7151;0,7;1;67,5;17,5;0;0;0;5;4,5;3;0,8
13,159456;0,3251;2,966558792;816,5021;0,7;1;67,5;17,5;0;0;0;5;4,5;3;0,8
12,896704;0,5399;2,480141218;821,0381;0,7;1;67,5;17,5;0;0;0;5;4,5;3;0,8
17,817984;0,5023;2,155535942;863,0935;0,7;1;67,5;17,5;0;0;0;5;4,5;3;0,8
15,99712;0,548;2,595861528;834,2811;0,7;1;67,5;17,5;0;0;0;5;4,5;3;0,8
13,88624;0,5182;2,904775914;827,3976;0,7;1;67,5;17,5;0;0;0;5;4,5;3;0,8
17,195968;0,5642;2,99695989;838,3197;0,7;1;67,5;17,5;0;0;0;5;4,5;3;0,8
15,3048;0,5237;2,581151319;860,6591;0,7;1;67,5;17,5;0;0;0;5;4,5;3;0,8
17,383648;0,5402;2,446798078;837,5511;0,7;1;67,5;17,5;0;0;0;5;4,5;3;0,8
17,420256;0,3461;2,477199176;828,8192;0,7;1;67,5;17,5;0;0;0;5;4,5;3;0,8
14,337056;0,4827;2,929292929;822,6731;0,7;1;67,5;17,5;0;0;0;5;4,5;3;0,8
12,383072;0,4794;2,491909385;804,1871;0,7;1;67,5;17,5;0;0;0;5;4,5;3;0,8
13,993152;0,5618;2,36834363;836,473;0,7;1;67,5;17,5;0;0;0;5;4,5;3;0,8
14,297312;0,4126;2,689026184;818,2141;0,7;1;67,5;17,5;0;0;0;5;4,5;3;0,8
15,47216;0,3573;2,312444837;851,639;0,7;1;67,5;17,5;0;0;0;5;4,5;3;0,8
16,117984;0,5941;2,705697754;845,3289;0,7;1;67,5;17,5;0;0;0;5;4,5;3;0,8
17,851136;0,5433;2,675296656;853,0603;0,7;1;67,5;17,5;0;0;0;5;4,5;3;0,8
16,299616;0,535;2,628223987;815,0431;0,7;1;67,5;17,5;0;0;0;5;4,5;3;0,8
12,68704;0,4092;2,443856036;818,0538;0,7;1;67,5;17,5;0;0;0;5;4,5;3;0,8
13,19536;0,5491;2,631166029;834,4923;0,7;1;67,5;17,5;0;0;0;5;4,5;3;0,8
16,29104;0,5191;2,7488477;821,2502;0,7;1;67,5;17,5;0;0;0;5;4,5;3;0,8
15,2048;0,5308;2,276159655;854,8469;0,7;1;67,5;17,5;0;0;0;5;4,5;3;0,8
15,750848;0,3076;2,393841326;816,4204;0,7;1;67,5;17,5;0;0;0;5;4,5;3;0,8
12,672736;0,5702;2,176130234;842,0555;0,7;1;67,5;17,5;0;0;0;5;4,5;3;0,8
14,705088;0,5147;2,950867902;838,6935;0,7;1;67,5;17,5;0;0;0;5;4,5;3;0,8
13,537216;0,4058;2,620378543;806,2891;0,7;1;67,5;17,5;0;0;0;5;4,5;3;0,8
16,866528;0,5564;2,716485241;840,9331;0,7;1;67,5;17,5;0;0;0;5;4,5;3;0,8
16,728672;0,415;2,763557909;827,6598;0,7;1;67,5;17,5;0;0;0;5;4,5;3;0,8
13,2944;0,4344;2,932234971;817,9868;0,7;1;67,5;17,5;0;0;0;5;4,5;3;0,8
13,31712;0,5415;2,171226831;830,4733;0,7;1;67,5;17,5;0;0;0;5;4,5;3;0,8
15,42016;0,582;2,865548691;823,4294;0,7;1;67,5;17,5;0;0;0;5;4,5;3;0,8
15,412448;0,4606;2,940080416;826,5066;0,7;1;67,5;17,5;0;0;0;5;4,5;3;0,8
13,818304;0,5486;2,650779641;838,177;0,7;1;67,5;17,5;0;0;0;5;4,5;3;0,8
16,81088;0,3821;2,46739237;813,8619;0,7;1;67,5;17,5;0;0;0;5;4,5;3;0,8
12,731904;0,4208;2,20260861;830,859;0,7;1;67,5;17,5;0;0;0;5;4,5;3;0,8
17,394624;0,3906;2,993037168;819,9351;0,7;1;67,5;17,5;0;0;0;5;4,5;3;0,8
14,344928;0,4815;2,479160537;813,4454;0,7;1;67,5;17,5;0;0;0;5;4,5;3;0,8
15,280448;0,4228;2,795920369;804,7416;0,7;1;67,5;17,5;0;0;0;5;4,5;3;0,8
12,805696;0,3066;2,816514661;805,6028;0,7;1;67,5;17,5;0;0;0;5;4,5;3;0,8
14,716992;0,5832;2,360498186;834,4125;0,7;1;67,5;17,5;0;0;0;5;4,5;3;0,8
16,0008;0,5985;2,420319702;852,2797;0,5;0;45;25;15;4;0;5;0;4;1,5
13,734624;0,5966;2,999901932;818,6495;0,5;0;45;25;15;4;0;5;0;4;1,5
17,0784;0,5582;2,426203785;840,0869;0,5;0;45;25;15;4;0;5;0;4;1,5
13,542528;0,4983;2,442875355;834,1224;0,5;0;45;25;15;4;0;5;0;4;1,5
17,721312;0,3937;2,217318819;838,4293;0,5;0;45;25;15;4;0;5;0;4;1,5
13,678016;0,4622;2,690006865;837,8806;0,5;0;45;25;15;4;0;5;0;4;1,5
13,170624;0,5668;2,602726292;829,1373;0,5;0;45;25;15;4;0;5;0;4;1,5
16,9048;0,3653;2,217318819;845,3995;0,5;0;45;25;15;4;0;5;0;4;1,5
17,000032;0,4773;2,36736295;847,5508;0,5;0;45;25;15;4;0;5;0;4;1,5
13,861152;0,5914;2,261449446;842,6844;0,5;0;45;25;15;4;0;5;0;4;1,5
17,637248;0,4838;2,575267235;824,5909;0,5;0;45;25;15;4;0;5;0;4;1,5
13,458656;0,4703;2,849857801;818,4639;0,5;0;45;25;15;4;0;5;0;4;1,5
16,63968;0,3634;2,436991272;851,1899;0,5;0;45;25;15;4;0;5;0;4;1,5
17,030976;0,3565;2,104540551;822,6926;0,5;0;45;25;15;4;0;5;0;4;1,5
16,716032;0,5077;2,945964499;827,8386;0,5;0;45;25;15;4;0;5;0;4;1,5
14,230656;0,4437;2,405609493;844,4928;0,5;0;45;25;15;4;0;5;0;4;1,5
13,50096;0,4572;2,967539472;808,9984;0,5;0;45;25;15;4;0;5;0;4;1,5
12,680064;0,518;2,71452388;852,194;0,5;0;45;25;15;4;0;5;0;4;1,5
15,078272;0,4722;2,20260861;835,2405;0,5;0;45;25;15;4;0;5;0;4;1,5
17,367712;0,3479;2,265372168;845,2806;0,5;0;45;25;15;4;0;5;0;4;1,5
17,253824;0,4426;2,895949789;824,1913;0,5;0;45;25;15;4;0;5;0;4;1,5
13,7976;0,412;2,109443954;835,6716;0,5;0;45;25;15;4;0;5;0;4;1,5
12,57936;0,3334;2,231048348;844,7924;0,5;0;45;25;15;4;0;5;0;4;1,5
14,88784;0,5645;2,734137491;839,5099;0,5;0;45;25;15;4;0;5;0;4;1,5
15,12624;0,3697;2,361478866;848,7054;0,5;0;45;25;15;4;0;5;0;4;1,5
15,618656;0,5375;2,235951751;855,3408;0,5;0;45;25;15;4;0;5;0;4;1,5
17,008256;0,3574;2,127096205;855,8387;0,5;0;45;25;15;4;0;5;0;4;1,5
17,43088;0,4819;2,257526724;839,6729;0,5;0;45;25;15;4;0;5;0;4;1,5
14,655104;0,5425;2,819456703;846,6171;0,5;0;45;25;15;4;0;5;0;4;1,5
14,374208;0,3443;2,789055605;809,0649;0,5;0;45;25;15;4;0;5;0;4;1,5
14,836928;0,4077;2,810630578;813,2345;0,5;0;45;25;15;4;0;5;0;4;1,5
13,00656;0,4829;2,93027361;820,0715;0,5;0;45;25;15;4;0;5;0;4;1,5
14,435936;0,506;2,653721683;842,3079;0,5;0;45;25;15;4;0;5;0;4;1,5
14,041696;0,5201;2,2182995;842,7977;0,5;0;45;25;15;4;0;5;0;4;1,5
13,971552;0,4327;2,635088752;831,3713;0,5;0;45;25;15;4;0;5;0;4;1,5
15,7472;0,3323;2,511522997;851,2063;0,5;0;45;25;15;4;0;5;0;4;1,5
16,872576;0,434;2,693929587;852,6836;0,5;0;45;25;15;4;0;5;0;4;1,5
15,094208;0,4783;2,343826616;831,3932;0,5;0;45;25;15;4;0;5;0;4;1,5
14,501472;0,3535;2,903795234;827,924;0,5;0;45;25;15;4;0;5;0;4;1,5
12,654816;0,564;2,636069432;839,0071;0,5;0;45;25;15;4;0;5;0;4;1,5
16,927712;0,4164;2,718446602;859,635;0,8;1,5;45;25;15;4;5;0;1,5;1;1,2
15,251328;0,3454;2,16926547;829,4609;0,8;1,5;45;25;15;4;5;0;1,5;1;1,2
15,450176;0,5508;2,577228597;860,0267;0,8;1,5;45;25;15;4;5;0;1,5;1;1,2
12,353408;0,5687;2,626262626;839,9855;0,8;1,5;45;25;15;4;5;0;1,5;1;1,2
14,872288;0,3469;2,474257134;849,7262;0,8;1,5;45;25;15;4;5;0;1,5;1;1,2
16,228576;0,5484;2,489948024;839,9252;0,8;1,5;45;25;15;4;5;0;1,5;1;1,2
15,52416;0,5532;2,892027067;821,0588;0,8;1,5;45;25;15;4;5;0;1,5;1;1,2
15,838016;0,5818;2,307541434;828,754;0,8;1,5;45;25;15;4;5;0;1,5;1;1,2
17,03648;0,4105;2,690006865;823,0591;0,8;1,5;45;25;15;4;5;0;1,5;1;1,2
12,487264;0,5024;2,411493577;819,7998;0,8;1,5;45;25;15;4;5;0;1,5;1;1,2
13,863712;0,4239;2,968520153;823,0452;0,8;1,5;45;25;15;4;5;0;1,5;1;1,2
17,223968;0,3701;2,116308718;857,4537;0,8;1,5;45;25;15;4;5;0;1,5;1;1,2
12,558112;0,3708;2,482102579;806,1741;0,8;1,5;45;25;15;4;5;0;1,5;1;1,2
15,9856;0,5983;2,158477984;843,9789;0,8;1,5;45;25;15;4;5;0;1,5;1;1,2
16,792736;0,3486;2,625281946;833,5353;0,8;1,5;45;25;15;4;5;0;1,5;1;1,2
16,498688;0,3199;2,31734824;836,4341;0,8;1,5;45;25;15;4;5;0;1,5;1;1,2
16,134656;0,3576;2,174168873;827,3524;0,8;1,5;45;25;15;4;5;0;1,5;1;1,2
14,92704;0,5897;2,286947141;850,0266;0,8;1,5;45;25;15;4;5;0;1,5;1;1,2
14,568864;0,5232;2,491909385;823,951;0,8;1,5;45;25;15;4;5;0;1,5;1;1,2
14,270016;0,4245;2,212415416;824,5895;0,8;1,5;45;25;15;4;5;0;1,5;1;1,2
14,771392;0,4545;2,502696872;827,1216;0,8;1,5;45;25;15;4;5;0;1,5;1;1,2
16,511488;0,3811;2,89693047;814,8942;0,8;1,5;45;25;15;4;5;0;1,5;1;1,2
12,13312;0,4409;2,319309601;819,7694;0,8;1,5;45;25;15;4;5;0;1,5;1;1,2
12,51728;0,4714;2,955771305;817,7472;0,8;1,5;45;25;15;4;5;0;1,5;1;1,2
16,532736;0,5862;2,937138374;825,6122;0,8;1,5;45;25;15;4;5;0;1,5;1;1,2
17,685248;0,515;2,84789644;830,9041;0,8;1,5;45;25;15;4;5;0;1,5;1;1,2
17,860288;0,5798;2,893988428;829,9777;0,8;1,5;45;25;15;4;5;0;1,5;1;1,2
15,341056;0,5298;2,261449446;839,2036;0,8;1,5;45;25;15;4;5;0;1,5;1;1,2
15,29104;0,4061;2,687064823;830,4417;0,8;1,5;45;25;15;4;5;0;1,5;1;1,2
17,88976;0,5593;2,567421791;833,8218;0,8;1,5;45;25;15;4;5;0;1,5;1;1,2
14,30848;0,4906;2,552711582;842,2583;0,8;1,5;45;25;15;4;5;0;1,5;1;1,2
17,71216;0,5384;2,625281946;835,4639;0,8;1,5;45;25;15;4;5;0;1,5;1;1,2
15,477824;0,384;2,614494459;825,3971;0,8;1,5;45;25;15;4;5;0;1,5;1;1,2
13,813728;0,4954;2,365401589;829,0356;0,8;1,5;45;25;15;4;5;0;1,5;1;1,2
12,969568;0,4838;2,689026184;806,9712;0,8;1,5;45;25;15;4;5;0;1,5;1;1,2
12,2232;0,4928;2,425223105;815,6133;0,8;1,5;45;25;15;4;5;0;1,5;1;1,2
14,833088;0,4932;2,651760322;817,7377;0,8;1,5;45;25;15;4;5;0;1,5;1;1,2
12,141184;0,3048;2,547808179;805,3168;0,8;1,5;45;25;15;4;5;0;1,5;1;1,2
13,0192;0,3175;2,472295773;844,223;0,8;1,5;45;25;15;4;5;0;1,5;1;1,2
13,83808;0,3327;2,345787977;811,7643;0,8;1,5;45;25;15;4;5;0;1,5;1;1,2
17,155296;0,3983;2,806707855;840,5448;0;0;25;30;5;0;15;15;6;4;0
12,302688;0,4575;2,626262626;854,9613;0;0;25;30;5;0;15;15;6;4;0
14,066592;0,5848;2,554672943;829,9156;0;0;25;30;5;0;15;15;6;4;0
12,641248;0,43;2,78121016;817,7057;0;0;25;30;5;0;15;15;6;4;0
15,051552;0,5427;2,380111798;837,7319;0;0;25;30;5;0;15;15;6;4;0
13,22464;0,5988;2,333039129;823,8911;0;0;25;30;5;0;15;15;6;4;0
16,904096;0,501;2,488967343;853,437;0;0;25;30;5;0;15;15;6;4;0
16,588384;0,5754;2,153574581;866,238;0;0;25;30;5;0;15;15;6;4;0
14,68752;0,5358;2,777287437;842,4148;0;0;25;30;5;0;15;15;6;4;0
14,079424;0,3372;2,63312739;837,0425;0;0;25;30;5;0;15;15;6;4;0
12,257824;0,4917;2,636069432;809,4103;0;0;25;30;5;0;15;15;6;4;0
16,256416;0,467;2,422281063;835,1202;0;0;25;30;5;0;15;15;6;4;0
12,53744;0,5409;2,220260861;836,6031;0;0;25;30;5;0;15;15;6;4;0
15,035968;0,3318;2,233009709;859,5029;0;0;25;30;5;0;15;15;6;4;0
17,538208;0,5797;2,481121899;867,5857;0;0;25;30;5;0;15;15;6;4;0
15,592992;0,497;2,898891831;854,3492;0;0;25;30;5;0;15;15;6;4;0
14,134528;0,5624;2,158477984;872,1105;0;0;25;30;5;0;15;15;6;4;0
12,008416;0,3797;2,200647249;831,0491;0;0;25;30;5;0;15;15;6;4;0
17,588352;0,5729;2,542904776;852,4822;0;0;25;30;5;0;15;15;6;4;0
14,667744;0,4392;2,157497303;848,3453;0;0;25;30;5;0;15;15;6;4;0
16,820224;0,3335;2,886142983;815,8225;0;0;25;30;5;0;15;15;6;4;0
15,408416;0,5038;2,472295773;833,9702;0;0;25;30;5;0;15;15;6;4;0
13,43504;0,5516;2,690006865;846,2103;0;0;25;30;5;0;15;15;6;4;0
16,420288;0,5371;2,64881828;824,3694;0;0;25;30;5;0;15;15;6;4;0
16,494272;0,4035;2,74786702;845,7285;0;0;25;30;5;0;15;15;6;4;0
14,892224;0,5399;2,86456801;833,7692;0;0;25;30;5;0;15;15;6;4;0
17,039392;0,4561;2,249681279;847,2574;0;0;25;30;5;0;15;15;6;4;0
15,411904;0,4909;2,711581838;820,887;0;0;25;30;5;0;15;15;6;4;0
14,36544;0,5255;2,756693145;823,5538;0;0;25;30;5;0;15;15;6;4;0
16,113216;0,3243;2,291850544;822,8329;0;0;25;30;5;0;15;15;6;4;0
16,04528;0,5741;2,824360106;845,0427;0;0;25;30;5;0;15;15;6;4;0
16,5752;0,5451;2,985191723;826,8337;0;0;25;30;5;0;15;15;6;4;0
17,701344;0,4439;2,205550652;832,8754;0;0;25;30;5;0;15;15;6;4;0
17,470432;0,4816;2,472295773;828,2052;0;0;25;30;5;0;15;15;6;4;0
16,53072;0,5283;2,999901932;852,3196;0;0;25;30;5;0;15;15;6;4;0
17,963392;0,476;2,923408846;856,283;0;0;25;30;5;0;15;15;6;4;0
16,577408;0,3815;2,378150436;822,2557;0;0;25;30;5;0;15;15;6;4;0
16,858848;0,5119;2,647837599;834,5677;0;0;25;30;5;0;15;15;6;4;0
13,75696;0,364;2,959694028;819,9692;0;0;25;30;5;0;15;15;6;4;0
17,500832;0,3794;2,706678435;850,7328;0;0;25;30;5;0;15;15;6;4;0
14,628384;0,3276;2,161420025;854,3926;0,25;1,5;25;30;5;8;10;10;6;3;1,25
12,419872;0,4783;2,388937923;858,0281;0,25;1,5;25;30;5;8;10;10;6;3;1,25
16,919104;0,4362;2,798862411;830,0392;0,25;1,5;25;30;5;8;10;10;6;3;1,25
13,733152;0,5578;2,4507208;828,7546;0,25;1,5;25;30;5;8;10;10;6;3;1,25
17,797312;0,5251;2,659605766;859,9467;0,25;1,5;25;30;5;8;10;10;6;3;1,25
15,291232;0,5947;2,612533098;833,4625;0,25;1,5;25;30;5;8;10;10;6;3;1,25
13,895744;0,3974;2,634108071;813,762;0,25;1,5;25;30;5;8;10;10;6;3;1,25
12,577152;0,5081;2,325193684;823,0801;0,25;1,5;25;30;5;8;10;10;6;3;1,25
17,085728;0,4581;2,807688536;839,1279;0,25;1,5;25;30;5;8;10;10;6;3;1,25
14,355904;0,5128;2,993037168;813,4408;0,25;1,5;25;30;5;8;10;10;6;3;1,25
13,9992;0,5854;2,719427283;857,4392;0,25;1,5;25;30;5;8;10;10;6;3;1,25
16,070912;0,309;2,662547808;810,359;0,25;1,5;25;30;5;8;10;10;6;3;1,25
13,303744;0,5396;2,180052957;842,9557;0,25;1,5;25;30;5;8;10;10;6;3;1,25
12,993728;0,4102;2,974404237;826,5205;0,25;1,5;25;30;5;8;10;10;6;3;1,25
12,72512;0,4099;2,653721683;808,8922;0,25;1,5;25;30;5;8;10;10;6;3;1,25
17,122912;0,5085;2,271256252;837,6398;0,25;1,5;25;30;5;8;10;10;6;3;1,25
17,820736;0,4984;2,904775914;845,9143;0,25;1,5;25;30;5;8;10;10;6;3;1,25
17,830624;0,5773;2,78121016;856,306;0,25;1,5;25;30;5;8;10;10;6;3;1,25
16,50288;0,3411;2,399725409;852,4801;0,25;1,5;25;30;5;8;10;10;6;3;1,25
12,262944;0,5115;2,147690497;822,2375;0,25;1,5;25;30;5;8;10;10;6;3;1,25
17,313504;0,4674;2,579189958;823,0586;0,25;1,5;25;30;5;8;10;10;6;3;1,25
15,487904;0,4052;2,635088752;822,6228;0,25;1,5;25;30;5;8;10;10;6;3;1,25
13,445472;0,5964;2,388937923;848,9694;0,25;1,5;25;30;5;8;10;10;6;3;1,25
14,392544;0,5672;2,890065706;817,012;0,25;1,5;25;30;5;8;10;10;6;3;1,25
16,518272;0,5706;2,477199176;837,7324;0,25;1,5;25;30;5;8;10;10;6;3;1,25
15,333536;0,3732;2,86456801;827,9395;0,25;1,5;25;30;5;8;10;10;6;3;1,25
16,09968;0,4281;2,742963617;827,6703;0,25;1,5;25;30;5;8;10;10;6;3;1,25
17,533792;0,4567;2,108463274;858,2195;0,25;1,5;25;30;5;8;10;10;6;3;1,25
14,979776;0,5107;2,265372168;854,97;0,25;1,5;25;30;5;8;10;10;6;3;1,25
14,231584;0,4361;2,215357458;831,5376;0,25;1,5;25;30;5;8;10;10;6;3;1,25
14,195136;0,4111;2,477199176;818,1488;0,25;1,5;25;30;5;8;10;10;6;3;1,25
15,579648;0,5803;2,639992155;824,0286;0,25;1,5;25;30;5;8;10;10;6;3;1,25
13,801248;0,3564;2,8145533;819,5115;0,25;1,5;25;30;5;8;10;10;6;3;1,25
15,29216;0,5116;2,469353731;829,2805;0,25;1,5;25;30;5;8;10;10;6;3;1,25
17,396288;0,5302;2,319309601;851,6611;0,25;1,5;25;30;5;8;10;10;6;3;1,25
15,044416;0,3453;2,761596548;820,647;0,25;1,5;25;30;5;8;10;10;6;3;1,25
16,394496;0,4306;2,711581838;820,7141;0,25;1,5;25;30;5;8;10;10;6;3;1,25
16,621184;0,3682;2,248700598;833,9712;0,25;1,5;25;30;5;8;10;10;6;3;1,25
14,04976;0,3676;2,11925076;827,3961;0,25;1,5;25;30;5;8;10;10;6;3;1,25
17,814144;0,4533;2,59880357;857,7101;0,25;1,5;25;30;5;8;10;10;6;3;1,25
17,229664;0,5968;2,873394136;855,1274;0,8;2;25;30;10;0;10;15;3;3;1,2
12,070848;0,4126;2,538001373;850,0076;0,8;2;25;30;10;0;10;15;3;3;1,2
13,93712;0,4907;2,763557909;820,1101;0,8;2;25;30;10;0;10;15;3;3;1,2
15,894592;0,3876;2,441894675;861,603;0,8;2;25;30;10;0;10;15;3;3;1,2
14,585888;0,4478;2,157497303;831,2351;0,8;2;25;30;10;0;10;15;3;3;1,2
15,989984;0,3768;2,285966461;821,4984;0,8;2;25;30;10;0;10;15;3;3;1,2
13,022496;0,5391;2,684122781;846,262;0,8;2;25;30;10;0;10;15;3;3;1,2
16,163776;0,401;2,857703246;824,0162;0,8;2;25;30;10;0;10;15;3;3;1,2
17,300896;0,3921;2,876336177;851,8269;0,8;2;25;30;10;0;10;15;3;3;1,2
15,972416;0,406;2,129057566;826,9955;0,8;2;25;30;10;0;10;15;3;3;1,2
12,20416;0,3124;2,476218496;801,2655;0,8;2;25;30;10;0;10;15;3;3;1,2
17,120512;0,503;2,998921251;832,8505;0,8;2;25;30;10;0;10;15;3;3;1,2
15,52048;0,3423;2,806707855;808,74;0,8;2;25;30;10;0;10;15;3;3;1,2
15,60912;0,3461;2,692948907;825,7578;0,8;2;25;30;10;0;10;15;3;3;1,2
12,063904;0,5578;2,304599392;824,9152;0,8;2;25;30;10;0;10;15;3;3;1,2
15,6344;0,3475;2,523291164;854,658;0,8;2;25;30;10;0;10;15;3;3;1,2
17,450112;0,5021;2,508580955;871,4456;0,8;2;25;30;10;0;10;15;3;3;1,2
17,236256;0,5308;2,915563401;828,6741;0,8;2;25;30;10;0;10;15;3;3;1,2
13,617248;0,4574;2,922428165;809,6356;0,8;2;25;30;10;0;10;15;3;3;1,2
13,696352;0,3204;2,597822889;815,6458;0,8;2;25;30;10;0;10;15;3;3;1,2
14,102304;0,3537;2,73119545;810,7864;0,8;2;25;30;10;0;10;15;3;3;1,2
16,686912;0,4697;2,850838482;856,4233;0,8;2;25;30;10;0;10;15;3;3;1,2
13,062592;0,5156;2,180052957;852,7397;0,8;2;25;30;10;0;10;15;3;3;1,2
13,168416;0,5266;2,419339021;860,0222;0,8;2;25;30;10;0;10;15;3;3;1,2
16,049696;0,3459;2,725311366;815,4819;0,8;2;25;30;10;0;10;15;3;3;1,2
16,039616;0,5354;2,887123664;836,4055;0,8;2;25;30;10;0;10;15;3;3;1,2
14,5328;0,3471;2,335981171;845,6971;0,8;2;25;30;10;0;10;15;3;3;1,2
16,534016;0,378;2,919486123;814,9661;0,8;2;25;30;10;0;10;15;3;3;1,2
12,17248;0,5808;2,164362067;824,5013;0,8;2;25;30;10;0;10;15;3;3;1,2
12,369344;0,3509;2,956751986;842,6699;0,8;2;25;30;10;0;10;15;3;3;1,2
12,843776;0,3637;2,975384917;815,739;0,8;2;25;30;10;0;10;15;3;3;1,2
15,646848;0,581;2,383053839;834,8872;0,8;2;25;30;10;0;10;15;3;3;1,2
12,409984;0,4019;2,144748455;824,6323;0,8;2;25;30;10;0;10;15;3;3;1,2
16,497376;0,4776;2,64881828;821,6997;0,8;2;25;30;10;0;10;15;3;3;1,2
12,245376;0,4623;2,91360204;844,7388;0,8;2;25;30;10;0;10;15;3;3;1,2
16,482208;0,3235;2,858683927;848,999;0,8;2;25;30;10;0;10;15;3;3;1,2
12,509792;0,3815;2,608610376;806,1871;0,8;2;25;30;10;0;10;15;3;3;1,2
17,740352;0,5022;2,223202903;849,3994;0,8;2;25;30;10;0;10;15;3;3;1,2
15,170944;0,5124;2,11925076;834,0154;0,8;2;25;30;10;0;10;15;3;3;1,2
15,886912;0,4631;2,170246151;866,6566;0,8;2;25;30;10;0;10;15;3;3;1,2
12,7784;0,4081;2,44974012;809,6045;0,2;0;40;30;10;0;15;0;3;1;0,8
14,661504;0,4245;2,721388644;822,5061;0,2;0;40;30;10;0;15;0;3;1;0,8
16,9872;0,5433;2,718446602;828,9072;0,2;0;40;30;10;0;15;0;3;1;0,8
14,327904;0,4139;2,129057566;850,1627;0,2;0;40;30;10;0;15;0;3;1;0,8
12,830592;0,4737;2,331077768;816,9401;0,2;0;40;30;10;0;15;0;3;1;0,8
15,820416;0,5452;2,479160537;850,8939;0,2;0;40;30;10;0;15;0;3;1;0,8
12,744544;0,3318;2,809649897;813,8956;0,2;0;40;30;10;0;15;0;3;1;0,8
16,644064;0,4346;2,349710699;830,448;0,2;0;40;30;10;0;15;0;3;1;0,8
12,340032;0,5617;2,991075807;837,1958;0,2;0;40;30;10;0;15;0;3;1;0,8
16,522304;0,4528;2,639992155;825,996;0,2;0;40;30;10;0;15;0;3;1;0,8
15,92736;0,4897;2,879278219;821,1716;0,2;0;40;30;10;0;15;0;3;1;0,8
14,795008;0,3155;2,157497303;821,9697;0,2;0;40;30;10;0;15;0;3;1;0,8
17,788864;0,5341;2,663528489;823,7682;0,2;0;40;30;10;0;15;0;3;1;0,8
17,568416;0,4114;2,767480632;815,6121;0,2;0;40;30;10;0;15;0;3;1;0,8
17,202912;0,5512;2,307541434;855,1061;0,2;0;40;30;10;0;15;0;3;1;0,8
12,611392;0,4666;2,506619594;856,2573;0,2;0;40;30;10;0;15;0;3;1;0,8
13,217504;0,3192;2,584093361;831,6539;0,2;0;40;30;10;0;15;0;3;1;0,8
14,006336;0,3482;2,757673826;839,6455;0,2;0;40;30;10;0;15;0;3;1;0,8
15,172768;0,3604;2,188879082;823,035;0,2;0;40;30;10;0;15;0;3;1;0,8
14,545248;0,3042;2,487986663;808,8079;0,2;0;40;30;10;0;15;0;3;1;0,8
14,975552;0,3991;2,605668334;825,2583;0,2;0;40;30;10;0;15;0;3;1;0,8
13,879808;0,3412;2,949887222;802,4871;0,2;0;40;30;10;0;15;0;3;1;0,8
17,121792;0,559;2,740021575;822,1716;0,2;0;40;30;10;0;15;0;3;1;0,8
14,419456;0,5395;2,142787094;865,6907;0,2;0;40;30;10;0;15;0;3;1;0,8
12,470592;0,4968;2,210454055;852,1021;0,2;0;40;30;10;0;15;0;3;1;0,8
14,978848;0,5062;2,440913994;833,2119;0,2;0;40;30;10;0;15;0;3;1;0,8
15,768256;0,3737;2,509561636;816,2045;0,2;0;40;30;10;0;15;0;3;1;0,8
14,177728;0,3651;2,577228597;819,275;0,2;0;40;30;10;0;15;0;3;1;0,8
16,919648;0,3643;2,421300382;841,9419;0,2;0;40;30;10;0;15;0;3;1;0,8
17,588928;0,5847;2,798862411;823,2877;0,2;0;40;30;10;0;15;0;3;1;0,8
14,014048;0,5035;2,998921251;821,1755;0,2;0;40;30;10;0;15;0;3;1;0,8
12,635584;0,3431;2,474257134;813,589;0,2;0;40;30;10;0;15;0;3;1;0,8
14,097344;0,5698;2,315386878;862,3695;0,2;0;40;30;10;0;15;0;3;1;0,8
13,241856;0,4313;2,773364715;829,8582;0,2;0;40;30;10;0;15;0;3;1;0,8
13,695232;0,3074;2,46641169;841,0438;0,2;0;40;30;10;0;15;0;3;1;0,8
12,229056;0,4926;2,702755712;819,3522;0,2;0;40;30;10;0;15;0;3;1;0,8
13,087488;0,5849;2,739040894;849,3397;0,2;0;40;30;10;0;15;0;3;1;0,8
15,46592;0,5011;2,906737276;812,4452;0,2;0;40;30;10;0;15;0;3;1;0,8
16,330752;0,3919;2,343826616;840,4336;0,2;0;40;30;10;0;15;0;3;1;0,8
13,765568;0,4767;2,833186231;830,0514;0,2;0;40;30;10;0;15;0;3;1;0,8
17,032448;0,4728;2,812591939;831,7526;1;0;40;30;15;0;10;0;3;1;0
12,53504;0,5376;2,952829264;820,8602;1;0;40;30;15;0;10;0;3;1;0
17,873664;0,3985;2,849857801;812,8667;1;0;40;30;15;0;10;0;3;1;0
17,17344;0,3906;2,15161322;859,5417;1;0;40;30;15;0;10;0;3;1;0
17,883008;0,4752;2,753751103;818,8789;1;0;40;30;15;0;10;0;3;1;0
16,219808;0,3594;2,8802589;832,035;1;0;40;30;15;0;10;0;3;1;0
15,459872;0,391;2,198685888;820,1013;1;0;40;30;15;0;10;0;3;1;0
16,252192;0,3488;2,46739237;835,2146;1;0;40;30;15;0;10;0;3;1;0
15,148416;0,3;2,180052957;848,972;1;0;40;30;15;0;10;0;3;1;0
14,535904;0,3485;2,994017848;801,8533;1;0;40;30;15;0;10;0;3;1;0
14,159808;0,4435;2,117289399;867,5217;1;0;40;30;15;0;10;0;3;1;0
17,422464;0,3725;2,83122487;831,3612;1;0;40;30;15;0;10;0;3;1;0
16,647168;0,509;2,927331568;847,5181;1;0;40;30;15;0;10;0;3;1;0
14,496352;0,4374;2,240855153;849,5321;1;0;40;30;15;0;10;0;3;1;0
15,727232;0,5271;2,552711582;820,8207;1;0;40;30;15;0;10;0;3;1;0
16,475776;0,5773;2,341865254;835,8312;1;0;40;30;15;0;10;0;3;1;0
15,25552;0,305;2,859664607;804,0566;1;0;40;30;15;0;10;0;3;1;0
12,859168;0,5968;2,827302148;852,9227;1;0;40;30;15;0;10;0;3;1;0
13,3488;0,3982;2,690987545;851,7286;1;0;40;30;15;0;10;0;3;1;0
17,325056;0,4608;2,962636069;842,4618;1;0;40;30;15;0;10;0;3;1;0
13,658976;0,4196;2,28498578;842,0144;1;0;40;30;15;0;10;0;3;1;0
14,87904;0,4228;2,227125625;836,736;1;0;40;30;15;0;10;0;3;1;0
16,395776;0,3856;2,861625968;835,9573;1;0;40;30;15;0;10;0;3;1;0
14,753984;0,5897;2,43306855;821,6561;1;0;40;30;15;0;10;0;3;1;0
13,101216;0,3005;2,262430127;811,3547;1;0;40;30;15;0;10;0;3;1;0
17,056992;0,5247;2,297734628;862,01;1;0;40;30;15;0;10;0;3;1;0
15,172224;0,3779;2,858683927;847,8051;1;0;40;30;15;0;10;0;3;1;0
13,167872;0,3875;2,482102579;842,8284;1;0;40;30;15;0;10;0;3;1;0
14,13472;0,3994;2,919486123;803,7793;1;0;40;30;15;0;10;0;3;1;0
13,889152;0,3123;2,191821124;819,6031;1;0;40;30;15;0;10;0;3;1;0
17,66656;0,3114;2,945964499;840,6565;1;0;40;30;15;0;10;0;3;1;0
15,342688;0,4224;2,638030793;823,7039;1;0;40;30;15;0;10;0;3;1;0
17,370656;0,5589;2,662547808;849,3365;1;0;40;30;15;0;10;0;3;1;0
16,618784;0,5836;2,966558792;850,7493;1;0;40;30;15;0;10;0;3;1;0
14,29968;0,3571;2,175149554;834,8346;1;0;40;30;15;0;10;0;3;1;0
17,175264;0,4941;2,142787094;850,8556;1;0;40;30;15;0;10;0;3;1;0
12,228352;0,5004;2,789055605;839,7435;1;0;40;30;15;0;10;0;3;1;0
17,984992;0,4122;2,302638031;852,7792;1;0;40;30;15;0;10;0;3;1;0
14,67728;0,5088;2,993037168;809,1963;1;0;40;30;15;0;10;0;3;1;0
14,434272;0,4217;2,766499951;814,3462;1;0;40;30;15;0;10;0;3;1;0
13,68608;0,3117;2,200647249;814,5256;0,5;0,5;40;29,6;5;12;0;10;0;2;0,4
16,972384;0,3346;2,710601157;815,91;0,5;0,5;40;29,6;5;12;0;10;0;2;0,4
12,337824;0,4698;2,358536825;824,3239;0,5;0,5;40;29,6;5;12;0;10;0;2;0,4
15,508768;0,5312;2,613513779;819,7278;0,5;0,5;40;29,6;5;12;0;10;0;2;0,4
15,03104;0,334;2,915563401;845,6934;0,5;0,5;40;29,6;5;12;0;10;0;2;0,4
13,562304;0,4381;2,646856919;845,5247;0,5;0,5;40;29,6;5;12;0;10;0;2;0,4
15,504;0,4414;2,653721683;843,7242;0,5;0,5;40;29,6;5;12;0;10;0;2;0,4
12,159296;0,343;2,542904776;832,0771;0,5;0,5;40;29,6;5;12;0;10;0;2;0,4
12,608096;0,4499;2,982249681;829,4761;0,5;0,5;40;29,6;5;12;0;10;0;2;0,4
15,482048;0,5479;2,922428165;834,6829;0,5;0,5;40;29,6;5;12;0;10;0;2;0,4
17,831552;0,4094;2,794939688;845,0228;0,5;0,5;40;29,6;5;12;0;10;0;2;0,4
16,267392;0,5591;2,677258017;837,2974;0,5;0,5;40;29,6;5;12;0;10;0;2;0,4
12,571488;0,5707;2,889085025;852,0856;0,5;0,5;40;29,6;5;12;0;10;0;2;0,4
14,95504;0,4149;2,322251643;858,6411;0,5;0,5;40;29,6;5;12;0;10;0;2;0,4
17,159712;0,3322;2,84691576;814,1943;0,5;0,5;40;29,6;5;12;0;10;0;2;0,4
12,5856;0,551;2,511522997;827,6746;0,5;0,5;40;29,6;5;12;0;10;0;2;0,4
13,633888;0,5239;2,97930764;823,7809;0,5;0,5;40;29,6;5;12;0;10;0;2;0,4
13,450432;0,5031;2,210454055;856,6271;0,5;0,5;40;29,6;5;12;0;10;0;2;0,4
16,26208;0,3284;2,33500049;842,8379;0,5;0,5;40;29,6;5;12;0;10;0;2;0,4
13,487968;0,3472;2,833186231;818,1866;0,5;0,5;40;29,6;5;12;0;10;0;2;0,4
13,816288;0,5407;2,663528489;823,6047;0,5;0,5;40;29,6;5;12;0;10;0;2;0,4
16,433856;0,3771;2,145729136;836,7739;0,5;0,5;40;29,6;5;12;0;10;0;2;0,4
17,595328;0,5638;2,155535942;842,704;0,5;0,5;40;29,6;5;12;0;10;0;2;0,4
17,718912;0,5201;2,228106306;874,4468;0,5;0,5;40;29,6;5;12;0;10;0;2;0,4
17,198528;0,5434;2,330097087;833,4949;0,5;0,5;40;29,6;5;12;0;10;0;2;0,4
16,117056;0,3894;2,696871629;819,1996;0,5;0,5;40;29,6;5;12;0;10;0;2;0,4
12,04944;0,5391;2,893007747;807,4535;0,5;0,5;40;29,6;5;12;0;10;0;2;0,4
17,144512;0,5743;2,596842208;870,4095;0,5;0,5;40;29,6;5;12;0;10;0;2;0,4
16,66896;0,3333;2,559576346;817,9445;0,5;0,5;40;29,6;5;12;0;10;0;2;0,4
16,20752;0,3683;2,848877121;814,6049;0,5;0,5;40;29,6;5;12;0;10;0;2;0,4
15,698656;0,4777;2,229086986;859,9213;0,5;0,5;40;29,6;5;12;0;10;0;2;0,4
15,50144;0,3337;2,965578111;813,5046;0,5;0,5;40;29,6;5;12;0;10;0;2;0,4
12,674592;0,3776;2,436010591;819,9186;0,5;0,5;40;29,6;5;12;0;10;0;2;0,4
14,659136;0,4051;2,822398745;810,7333;0,5;0,5;40;29,6;5;12;0;10;0;2;0,4
16,550496;0,3129;2,253604001;839,6871;0,5;0,5;40;29,6;5;12;0;10;0;2;0,4
17,148352;0,4289;2,298715308;823,9268;0,5;0,5;40;29,6;5;12;0;10;0;2;0,4
13,971008;0,4974;2,361478866;836,1455;0,5;0,5;40;29,6;5;12;0;10;0;2;0,4
16,42176;0,4416;2,379131117;832,0579;0,5;0,5;40;29,6;5;12;0;10;0;2;0,4
17,295936;0,4752;2,381092478;836,1768;0,5;0,5;40;29,6;5;12;0;10;0;2;0,4
15,814208;0,3848;2,312444837;854,9843;0,5;0,5;40;29,6;5;12;0;10;0;2;0,4
14,372192;0,3549;2,366382269;829,1183;0,2;1;40;30;0;8;10;0;6;4;0,8
16,191424;0,4579;2,741002256;823,9064;0,2;1;40;30;0;8;10;0;6;4;0,8
12,059328;0,5805;2,162400706;842,9847;0,2;1;40;30;0;8;10;0;6;4;0,8
13,348992;0,3084;2,18593704;812,2758;0,2;1;40;30;0;8;10;0;6;4;0,8
17,501216;0,5411;2,222222222;832,9315;0,2;1;40;30;0;8;10;0;6;4;0,8
17,160256;0,3595;2,198685888;828,3002;0,2;1;40;30;0;8;10;0;6;4;0,8
17,149824;0,5169;2,293811905;831,573;0,2;1;40;30;0;8;10;0;6;4;0,8
14,47456;0,4758;2,273217613;821,8976;0,2;1;40;30;0;8;10;0;6;4;0,8
13,53888;0,3632;2,455624203;830,7428;0,2;1;40;30;0;8;10;0;6;4;0,8
13,766304;0,4651;2,523291164;841,5488;0,2;1;40;30;0;8;10;0;6;4;0,8
17,80848;0,3323;2,933215652;822,2726;0,2;1;40;30;0;8;10;0;6;4;0,8
15,53312;0,3199;2,419339021;853,1433;0,2;1;40;30;0;8;10;0;6;4;0,8
15,975712;0,4321;2,658625086;828,116;0,2;1;40;30;0;8;10;0;6;4;0,8
16,443936;0,494;2,785132882;832,5242;0,2;1;40;30;0;8;10;0;6;4;0,8
16,961024;0,4225;2,910659998;822,1135;0,2;1;40;30;0;8;10;0;6;4;0,8
17,238272;0,4182;2,967539472;852,3783;0,2;1;40;30;0;8;10;0;6;4;0,8
14,359744;0,4498;2,503677552;838,1464;0,2;1;40;30;0;8;10;0;6;4;0,8
16,37344;0,3533;2,156516623;850,2472;0,2;1;40;30;0;8;10;0;6;4;0,8
17,966848;0,5178;2,543885457;863,6807;0,2;1;40;30;0;8;10;0;6;4;0,8
13,424416;0,5798;2,176130234;836,9344;0,2;1;40;30;0;8;10;0;6;4;0,8
17,048544;0,5972;2,752770423;854,4696;0,2;1;40;30;0;8;10;0;6;4;0,8
16,231328;0,326;2,733156811;809,2021;0,2;1;40;30;0;8;10;0;6;4;0,8
13,368032;0,4714;2,845935079;836,037;0,2;1;40;30;0;8;10;0;6;4;0,8
15,797728;0,3332;2,630185349;822,4042;0,2;1;40;30;0;8;10;0;6;4;0,8
15,957408;0,5212;2,675296656;827,8091;0,2;1;40;30;0;8;10;0;6;4;0,8
12,939904;0,3582;2,441894675;846,7382;0,2;1;40;30;0;8;10;0;6;4;0,8
15,641344;0,446;2,940080416;846,67;0,2;1;40;30;0;8;10;0;6;4;0,8
12,684832;0,3138;2,35167206;849,8065;0,2;1;40;30;0;8;10;0;6;4;0,8
17,310944;0,4227;2,853780524;823,1912;0,2;1;40;30;0;8;10;0;6;4;0,8
16,418272;0,5464;2,352652741;831,238;0,2;1;40;30;0;8;10;0;6;4;0,8
15,9464;0,5022;2,874374816;815,8293;0,2;1;40;30;0;8;10;0;6;4;0,8
17,783936;0,3513;2,113366676;824,0347;0,2;1;40;30;0;8;10;0;6;4;0,8
12,39168;0,3435;2,601745611;802,7871;0,2;1;40;30;0;8;10;0;6;4;0,8
14,330816;0,4253;2,295773267;817,4487;0,2;1;40;30;0;8;10;0;6;4;0,8
14,876864;0,4852;2,83122487;848,5176;0,2;1;40;30;0;8;10;0;6;4;0,8
16,9136;0,5571;2,852799843;818,4893;0,2;1;40;30;0;8;10;0;6;4;0,8
14,291456;0,3543;2,774345396;840,5739;0,2;1;40;30;0;8;10;0;6;4;0,8
14,838592;0,3551;2,769441993;817,2762;0,2;1;40;30;0;8;10;0;6;4;0,8
17,209504;0,5129;2,339903893;857,6744;0,2;1;40;30;0;8;10;0;6;4;0,8
16,764192;0,3122;2,182014318;833,0664;0,2;1;40;30;0;8;10;0;6;4;0,8
16,660352;0,442;2,280082377;829,5992;0,5;1;40;30;15;0;5;5;1,5;2;0
17,34832;0,5091;2,352652741;837,702;0,5;1;40;30;15;0;5;5;1,5;2;0
14,654912;0,5631;2,192801804;831,8243;0,5;1;40;30;15;0;5;5;1,5;2;0
15,646848;0,5542;2,603706973;834,6089;0,5;1;40;30;15;0;5;5;1,5;2;0
12,456864;0,3971;2,694910268;802,1205;0,5;1;40;30;15;0;5;5;1,5;2;0
13,262912;0,4614;2,322251643;825,4496;0,5;1;40;30;15;0;5;5;1,5;2;0
16,607616;0,361;2,751789742;810,6144;0,5;1;40;30;15;0;5;5;1,5;2;0
16,24416;0,3652;2,620378543;834,6075;0,5;1;40;30;15;0;5;5;1,5;2;0
12,6984;0,3015;2,972442875;824,9045;0,5;1;40;30;15;0;5;5;1,5;2;0
16,731776;0,5738;2,260468765;836,4149;0,5;1;40;30;15;0;5;5;1,5;2;0
14,895168;0,4668;2,266352849;822,0471;0,5;1;40;30;15;0;5;5;1,5;2;0
14,3592;0,4589;2,246739237;831,5455;0,5;1;40;30;15;0;5;5;1,5;2;0
17,210784;0,4155;2,259488085;833,9337;0,5;1;40;30;15;0;5;5;1,5;2;0
17,400128;0,384;2,869471413;817,9139;0,5;1;40;30;15;0;5;5;1,5;2;0
14,52912;0,3632;2,382073159;851,7186;0,5;1;40;30;15;0;5;5;1,5;2;0
17,666752;0,3687;2,224183583;859,1167;0,5;1;40;30;15;0;5;5;1,5;2;0
15,3784;0,466;2,706678435;833,5594;0,5;1;40;30;15;0;5;5;1,5;2;0
17,158976;0,5926;2,48406394;839,455;0,5;1;40;30;15;0;5;5;1,5;2;0
16,454368;0,4427;2,857703246;821,8457;0,5;1;40;30;15;0;5;5;1,5;2;0
16,462048;0,4346;2,33500049;828,1287;0,5;1;40;30;15;0;5;5;1,5;2;0
16,894368;0,4333;2,380111798;865,697;0,5;1;40;30;15;0;5;5;1,5;2;0
12,895776;0,551;2,582132;822,9075;0,5;1;40;30;15;0;5;5;1,5;2;0
12,299584;0,3956;2,572325194;805,918;0,5;1;40;30;15;0;5;5;1,5;2;0
14,412128;0,4909;2,408551535;841,7825;0,5;1;40;30;15;0;5;5;1,5;2;0
16,5104;0,4391;2,577228597;822,5365;0,5;1;40;30;15;0;5;5;1,5;2;0
15,244192;0,5485;2,501716191;852,5812;0,5;1;40;30;15;0;5;5;1,5;2;0
15,127168;0,5968;2,340884574;845,6946;0,5;1;40;30;15;0;5;5;1,5;2;0
17,304544;0,3538;2,440913994;841,8597;0,5;1;40;30;15;0;5;5;1,5;2;0
12,786464;0,3337;2,53309797;841,2095;0,5;1;40;30;15;0;5;5;1,5;2;0
13,3336;0,5;2,248700598;826,6709;0,5;1;40;30;15;0;5;5;1,5;2;0
12,18256;0,4938;2,327155046;819,8463;0,5;1;40;30;15;0;5;5;1,5;2;0
15,798272;0,3089;2,702755712;844,3715;0,5;1;40;30;15;0;5;5;1,5;2;0
14,841696;0,4837;2,241835834;822,0963;0,5;1;40;30;15;0;5;5;1,5;2;0
17,540032;0,4335;2,611552417;846,6523;0,5;1;40;30;15;0;5;5;1,5;2;0
13,645248;0,5941;2,153574581;836,3169;0,5;1;40;30;15;0;5;5;1,5;2;0
16,17328;0,3985;2,951848583;830,3993;0,5;1;40;30;15;0;5;5;1,5;2;0
13,103424;0,4592;2,559576346;848,1957;0,5;1;40;30;15;0;5;5;1,5;2;0
12,234752;0,3777;2,572325194;801,6661;0,5;1;40;30;15;0;5;5;1,5;2;0
17,378528;0,5527;2,816514661;845,2928;0,5;1;40;30;15;0;5;5;1,5;2;0
17,080768;0,3094;2,550750221;832,4156;0,5;1;40;30;15;0;5;5;1,5;2;0
16,05792;0,4219;2,626262626;822,3417;0,75;1;40;30;5;4;0;10;4,5;4;0,75
16,536032;0,5493;2,122192802;856,9868;0,75;1;40;30;5;4;0;10;4,5;4;0,75
15,678528;0,5594;2,298715308;864,6735;0,75;1;40;30;5;4;0;10;4,5;4;0,75
16,29248;0,4602;2,370304992;831,3312;0,75;1;40;30;5;4;0;10;4,5;4;0,75
14,99936;0,4118;2,668431892;828,6034;0,75;1;40;30;5;4;0;10;4,5;4;0,75
13,057472;0,3404;2,371285672;831,5411;0,75;1;40;30;5;4;0;10;4,5;4;0,75
14,025376;0,3265;2,878297538;816,1448;0,75;1;40;30;5;4;0;10;4,5;4;0,75
17,452128;0,3886;2,212415416;826,5304;0,75;1;40;30;5;4;0;10;4,5;4;0,75
14,781088;0,5354;2,320290281;859,0977;0,75;1;40;30;5;4;0;10;4,5;4;0,75
14,659328;0,3066;2,962636069;820,0037;0,75;1;40;30;5;4;0;10;4,5;4;0,75
13,833312;0,4764;2,245758556;822,8182;0,75;1;40;30;5;4;0;10;4,5;4;0,75
12,823648;0,4395;2,713543199;816,1938;0,75;1;40;30;5;4;0;10;4,5;4;0,75
16,565152;0,5527;2,532117289;827,0803;0,75;1;40;30;5;4;0;10;4,5;4;0,75
17,197984;0,5538;2,181033637;859,0438;0,75;1;40;30;5;4;0;10;4,5;4;0,75
13,1992;0,3289;2,613513779;825,4373;0,75;1;40;30;5;4;0;10;4,5;4;0,75
14,042784;0,4519;2,76453859;815,4343;0,75;1;40;30;5;4;0;10;4,5;4;0,75
12,571488;0,3652;2,981269001;813,7147;0,75;1;40;30;5;4;0;10;4,5;4;0,75
12,27504;0,3259;2,473276454;817,2832;0,75;1;40;30;5;4;0;10;4,5;4;0,75
13,6544;0,4887;2,730214769;809,2642;0,75;1;40;30;5;4;0;10;4,5;4;0,75
16,865984;0,5467;2,316367559;844,2161;0,75;1;40;30;5;4;0;10;4,5;4;0,75
16,829728;0,5027;2,188879082;868,2061;0,75;1;40;30;5;4;0;10;4,5;4;0,75
17,989568;0,5927;2,451701481;874,5225;0,75;1;40;30;5;4;0;10;4,5;4;0,75
14,91312;0,333;2,491909385;841,2867;0,75;1;40;30;5;4;0;10;4,5;4;0,75
13,920832;0,4141;2,498774149;848,8748;0,75;1;40;30;5;4;0;10;4,5;4;0,75
17,926944;0,5116;2,129057566;861,7379;0,75;1;40;30;5;4;0;10;4,5;4;0,75
13,685184;0,3367;2,413454938;837,6851;0,75;1;40;30;5;4;0;10;4,5;4;0,75
15,623584;0,5989;2,153574581;829,729;0,75;1;40;30;5;4;0;10;4,5;4;0,75
13,455904;0,4012;2,128076885;851,1176;0,75;1;40;30;5;4;0;10;4,5;4;0,75
15,759456;0,3418;2,944003138;828,3578;0,75;1;40;30;5;4;0;10;4,5;4;0,75
12,702976;0,3415;2,64881828;812,7485;0,75;1;40;30;5;4;0;10;4,5;4;0,75
14,117664;0,571;2,444836717;831,9713;0,75;1;40;30;5;4;0;10;4,5;4;0,75
16,091424;0,4994;2,322251643;828,3811;0,75;1;40;30;5;4;0;10;4,5;4;0,75
16,282048;0,5345;2,1525939;866,0869;0,75;1;40;30;5;4;0;10;4,5;4;0,75
15,129536;0,3782;2,656663725;810,5258;0,75;1;40;30;5;4;0;10;4,5;4;0,75
15,160512;0,369;2,8802589;823,7028;0,75;1;40;30;5;4;0;10;4,5;4;0,75
15,567904;0,532;2,112385996;854,8521;0,75;1;40;30;5;4;0;10;4,5;4;0,75
14,258112;0,3094;2,867510052;800,3356;0,75;1;40;30;5;4;0;10;4,5;4;0,75
14,547456;0,5939;2,153574581;836,2529;0,75;1;40;30;5;4;0;10;4,5;4;0,75
12,70096;0,5349;2,772384035;838,1458;0,75;1;40;30;5;4;0;10;4,5;4;0,75
17,497728;0,3414;2,157497303;851,2551;0,75;1;40;30;5;4;0;10;4,5;4;0,75
12,009536;0,4528;2,204569972;855,2125;1;1;40;30;5;8;0;15;0;0;0
16,78544;0,4987;2,991075807;828,7756;1;1;40;30;5;8;0;15;0;0;0
14,621792;0,4206;2,242816515;844,486;1;1;40;30;5;8;0;15;0;0;0
16,113408;0,5772;2,15161322;862,5574;1;1;40;30;5;8;0;15;0;0;0
14,166944;0,5044;2,195743846;846,4435;1;1;40;30;5;8;0;15;0;0;0
16,668416;0,3531;2,96361675;817,6833;1;1;40;30;5;8;0;15;0;0;0
13,488864;0,4756;2,338923213;854,1078;1;1;40;30;5;8;0;15;0;0;0
13,019552;0,483;2,742963617;816,0488;1;1;40;30;5;8;0;15;0;0;0
16,419584;0,4452;2,703736393;847,4955;1;1;40;30;5;8;0;15;0;0;0
16,767488;0,456;2,223202903;826,3363;1;1;40;30;5;8;0;15;0;0;0
17,302176;0,3344;2,438952633;830,213;1;1;40;30;5;8;0;15;0;0;0
17,9416;0,4844;2,942041777;816,7087;1;1;40;30;5;8;0;15;0;0;0
12,264768;0,5848;2,430126508;838,9095;1;1;40;30;5;8;0;15;0;0;0
16,149472;0,4315;2,491909385;828,5077;1;1;40;30;5;8;0;15;0;0;0
14,244576;0,5039;2,174168873;842,9009;1;1;40;30;5;8;0;15;0;0;0
13,475328;0,5765;2,934196332;850,4935;1;1;40;30;5;8;0;15;0;0;0
17,759584;0,5494;2,63312739;826,4767;1;1;40;30;5;8;0;15;0;0;0
17,12784;0,3172;2,673335295;824,4077;1;1;40;30;5;8;0;15;0;0;0
15,433344;0,4508;2,432087869;832,205;1;1;40;30;5;8;0;15;0;0;0
15,838752;0,5108;2,394822006;842,8491;1;1;40;30;5;8;0;15;0;0;0
12,268256;0,3683;2,736098853;800,248;1;1;40;30;5;8;0;15;0;0;0
14,011648;0,451;2,56546043;827,5698;1;1;40;30;5;8;0;15;0;0;0
13,668704;0,5895;2,775326076;828,8724;1;1;40;30;5;8;0;15;0;0;0
15,620288;0,5836;2,398744729;870,0281;1;1;40;30;5;8;0;15;0;0;0
17,214624;0,3627;2,242816515;828,4996;1;1;40;30;5;8;0;15;0;0;0
17,856448;0,459;2,976365598;825,578;1;1;40;30;5;8;0;15;0;0;0
14,184896;0,3692;2,4507208;816,3497;1;1;40;30;5;8;0;15;0;0;0
14,529312;0,3227;2,837108954;849,6693;1;1;40;30;5;8;0;15;0;0;0
12,830592;0,4319;2,647837599;832,4218;1;1;40;30;5;8;0;15;0;0;0
15,2136;0,3428;2,230067667;820,1128;1;1;40;30;5;8;0;15;0;0;0
17,399584;0,5617;2,302638031;868,8208;1;1;40;30;5;8;0;15;0;0;0
14,146976;0,4754;2,524271845;816,0801;1;1;40;30;5;8;0;15;0;0;0
16,907392;0,5417;2,148671178;845,5063;1;1;40;30;5;8;0;15;0;0;0
16,88064;0,3672;2,585074041;855,7871;1;1;40;30;5;8;0;15;0;0;0
13,663552;0,4486;2,187898401;818,3138;1;1;40;30;5;8;0;15;0;0;0
16,6752;0,4959;2,91360204;813,6617;1;1;40;30;5;8;0;15;0;0;0
13,543616;0,3117;2,962636069;799,9772;1;1;40;30;5;8;0;15;0;0;0
16,651008;0,3475;2,243797195;822,5599;1;1;40;30;5;8;0;15;0;0;0
14,012384;0,4092;2,885162303;804,9559;1;1;40;30;5;8;0;15;0;0;0
13,686272;0,5324;2,809649897;815,343;1;1;40;30;5;8;0;15;0;0;0
13,89776;0,4024;2,43306855;837,5433;0;1,5;40;30;10;0;5;9,6;1,5;2;0,4
16,064896;0,4372;2,666470531;830,1434;0;1,5;40;30;10;0;5;9,6;1,5;2;0,4
14,914208;0,3074;2,605668334;849,9486;0;1,5;40;30;10;0;5;9,6;1,5;2;0,4
16,874784;0,4154;2,981269001;833,7507;0;1,5;40;30;10;0;5;9,6;1,5;2;0,4
14,936;0,3034;2,144748455;847,9761;0;1,5;40;30;10;0;5;9,6;1,5;2;0,4
13,157632;0,4151;2,383053839;822,6062;0;1,5;40;30;10;0;5;9,6;1,5;2;0,4
17,020896;0,5799;2,513484358;861,5287;0;1,5;40;30;10;0;5;9,6;1,5;2;0,4
16,80576;0,4443;2,673335295;830,3464;0;1,5;40;30;10;0;5;9,6;1,5;2;0,4
12,183296;0,3203;2,639992155;826,4384;0;1,5;40;30;10;0;5;9,6;1,5;2;0,4
15,211392;0,4735;2,504658233;841,843;0;1,5;40;30;10;0;5;9,6;1,5;2;0,4
13,918272;0,3233;2,329116407;839,9392;0;1,5;40;30;10;0;5;9,6;1,5;2;0,4
13,665216;0,3758;2,41639698;818,4734;0;1,5;40;30;10;0;5;9,6;1,5;2;0,4
12,473696;0,5622;2,624301265;843,1417;0;1,5;40;30;10;0;5;9,6;1,5;2;0,4
15,504384;0,5049;2,337942532;827,2142;0;1,5;40;30;10;0;5;9,6;1,5;2;0,4
16,87552;0,4814;2,246739237;826,3198;0;1,5;40;30;10;0;5;9,6;1,5;2;0,4
12,010624;0,5104;2,345787977;822,5156;0;1,5;40;30;10;0;5;9,6;1,5;2;0,4
16,69936;0,5299;2,684122781;821,9498;0;1,5;40;30;10;0;5;9,6;1,5;2;0,4
12,060256;0,5902;2,196724527;832,4155;0;1,5;40;30;10;0;5;9,6;1,5;2;0,4
13,595456;0,4333;2,148671178;820,274;0;1,5;40;30;10;0;5;9,6;1,5;2;0,4
15,520672;0,3809;2,308522114;837,0289;0;1,5;40;30;10;0;5;9,6;1,5;2;0,4
14,560992;0,5025;2,695890948;814,1998;0;1,5;40;30;10;0;5;9,6;1,5;2;0,4
14,39968;0,5857;2,614494459;820,7743;0;1,5;40;30;10;0;5;9,6;1,5;2;0,4
16,964512;0,5804;2,610571737;826,2241;0;1,5;40;30;10;0;5;9,6;1,5;2;0,4
15,744256;0,4392;2,876336177;833,5829;0;1,5;40;30;10;0;5;9,6;1,5;2;0,4
15,318336;0,5255;2,842012357;816,7787;0;1,5;40;30;10;0;5;9,6;1,5;2;0,4
14,288512;0,3107;2,657644405;847,4655;0;1,5;40;30;10;0;5;9,6;1,5;2;0,4
17,802784;0,4339;2,321270962;837,0773;0;1,5;40;30;10;0;5;9,6;1,5;2;0,4
16,852448;0,4441;2,762577229;825,8209;0;1,5;40;30;10;0;5;9,6;1,5;2;0,4
12,53888;0,598;2,820437384;819,1796;0;1,5;40;30;10;0;5;9,6;1,5;2;0,4
16,489504;0,3355;2,736098853;808,4391;0;1,5;40;30;10;0;5;9,6;1,5;2;0,4
15,613504;0,3029;2,691968226;815,8022;0;1,5;40;30;10;0;5;9,6;1,5;2;0,4
12,38656;0,5487;2,528194567;823,6666;0;1,5;40;30;10;0;5;9,6;1,5;2;0,4
14,849952;0,5605;2,858683927;855,5579;0;1,5;40;30;10;0;5;9,6;1,5;2;0,4
15,510976;0,3679;2,917524762;831,9218;0;1,5;40;30;10;0;5;9,6;1,5;2;0,4
13,334144;0,581;2,569383152;846,5045;0;1,5;40;30;10;0;5;9,6;1,5;2;0,4
16,00976;0,5879;2,899872512;851,1011;0;1,5;40;30;10;0;5;9,6;1,5;2;0,4
16,68656;0,582;2,924389526;819,395;0;1,5;40;30;10;0;5;9,6;1,5;2;0,4
14,357568;0,3418;2,138864372;814,6703;0;1,5;40;30;10;0;5;9,6;1,5;2;0,4
12,085504;0,4346;2,848877121;832,6605;0;1,5;40;30;10;0;5;9,6;1,5;2;0,4
14,255552;0,5661;2,180052957;862,1371;0;1,5;40;30;10;0;5;9,6;1,5;2;0,4
17,042336;0,4478;2,841031676;827,0477;0,2;1,5;40;30;10;0;15;0;1,5;1;0,8
13,279776;0,3038;2,821418064;813,4962;0,2;1,5;40;30;10;0;15;0;1,5;1;0,8
17,922368;0,3898;2,982249681;818,3364;0,2;1,5;40;30;10;0;15;0;1,5;1;0,8
15,279328;0,5444;2,657644405;833,0676;0,2;1,5;40;30;10;0;15;0;1,5;1;0,8
14,21984;0,3469;2,399725409;831,3656;0,2;1,5;40;30;10;0;15;0;1,5;1;0,8
16,524672;0,3015;2,878297538;823,0782;0,2;1,5;40;30;10;0;15;0;1,5;1;0,8
12,581728;0,4203;2,899872512;811,4163;0,2;1,5;40;30;10;0;15;0;1,5;1;0,8
13,606784;0,5282;2,626262626;842,7548;0,2;1,5;40;30;10;0;15;0;1,5;1;0,8
12,580096;0,4596;2,366382269;815,9393;0,2;1,5;40;30;10;0;15;0;1,5;1;0,8
15,084864;0,5701;2,131018927;836,9316;0,2;1,5;40;30;10;0;15;0;1,5;1;0,8
14,235968;0,4348;2,212415416;834,1443;0,2;1,5;40;30;10;0;15;0;1,5;1;0,8
14,88528;0,3549;2,790036285;851,5319;0,2;1,5;40;30;10;0;15;0;1,5;1;0,8
17,292832;0,5448;2,802785133;860,2141;0,2;1,5;40;30;10;0;15;0;1,5;1;0,8
17,449568;0,5208;2,421300382;831,3618;0,2;1,5;40;30;10;0;15;0;1,5;1;0,8
12,239872;0,4643;2,132980288;836,7389;0,2;1,5;40;30;10;0;15;0;1,5;1;0,8
12,632832;0,4811;2,778268118;842,0254;0,2;1,5;40;30;10;0;15;0;1,5;1;0,8
17,08608;0,4276;2,273217613;849,3643;0,2;1,5;40;30;10;0;15;0;1,5;1;0,8
14,353344;0,4276;2,322251643;832,8677;0,2;1,5;40;30;10;0;15;0;1,5;1;0,8
15,882496;0,55;2,8802589;816,015;0,2;1,5;40;30;10;0;15;0;1,5;1;0,8
12,988992;0,3703;2,162400706;825,415;0,2;1,5;40;30;10;0;15;0;1,5;1;0,8
14,996608;0,4869;2,459546926;856,8599;0,2;1,5;40;30;10;0;15;0;1,5;1;0,8
15,527808;0,4153;2,653721683;812,1407;0,2;1,5;40;30;10;0;15;0;1,5;1;0,8
13,13584;0,3303;2,899872512;842,3683;0,2;1,5;40;30;10;0;15;0;1,5;1;0,8
17,464416;0,4802;2,361478866;836,9978;0,2;1,5;40;30;10;0;15;0;1,5;1;0,8
17,12016;0,3428;2,869471413;814,9181;0,2;1,5;40;30;10;0;15;0;1,5;1;0,8
14,449856;0,3466;2,989114445;826,5122;0,2;1,5;40;30;10;0;15;0;1,5;1;0,8
13,406112;0,4288;2,569383152;813,9768;0,2;1,5;40;30;10;0;15;0;1,5;1;0,8
17,690176;0,3505;2,260468765;821,9625;0,2;1,5;40;30;10;0;15;0;1,5;1;0,8
15,360256;0,5439;2,755712464;820,7892;0,2;1,5;40;30;10;0;15;0;1,5;1;0,8
13,093184;0,31;2,675296656;806,3357;0,2;1,5;40;30;10;0;15;0;1,5;1;0,8
12,282528;0,5413;2,518387761;834,1765;0,2;1,5;40;30;10;0;15;0;1,5;1;0,8
14,16896;0,5903;2,818476022;841,9849;0,2;1,5;40;30;10;0;15;0;1,5;1;0,8
12,179808;0,3554;2,125134844;839,5731;0,2;1,5;40;30;10;0;15;0;1,5;1;0,8
16,676832;0,5068;2,738060214;847,5637;0,2;1,5;40;30;10;0;15;0;1,5;1;0,8
16,288832;0,5238;2,832205551;817,0259;0,2;1,5;40;30;10;0;15;0;1,5;1;0,8
17,024736;0,3652;2,683142101;829,3265;0,2;1,5;40;30;10;0;15;0;1,5;1;0,8
15,350016;0,3459;2,7488477;809,1975;0,2;1,5;40;30;10;0;15;0;1,5;1;0,8
16,41664;0,5392;2,401686771;836,8021;0,2;1,5;40;30;10;0;15;0;1,5;1;0,8
13,631168;0,5796;2,272236932;841,6543;0,2;1,5;40;30;10;0;15;0;1,5;1;0,8
16,752096;0,5856;2,804746494;844,9645;0,2;1,5;40;30;10;0;15;0;1,5;1;0,8
14,700512;0,4753;2,878297538;809,9406;1;1,5;40;30;15;0;0;10;1,5;1;0
14,274048;0,4972;2,793959008;846,7892;1;1,5;40;30;15;0;0;10;1,5;1;0
16,95024;0,5471;2,883200941;831,5393;1;1,5;40;30;15;0;0;10;1,5;1;0
14,967136;0,4933;2,945964499;829,8022;1;1,5;40;30;15;0;0;10;1,5;1;0
12,8696;0,5822;2,756693145;849,4907;1;1,5;40;30;15;0;0;10;1,5;1;0
17,706848;0,5467;2,564479749;831,9221;1;1,5;40;30;15;0;0;10;1,5;1;0
16,069472;0,3871;2,909679317;825,8619;1;1,5;40;30;15;0;0;10;1,5;1;0
13,156704;0,5496;2,693929587;815,27;1;1,5;40;30;15;0;0;10;1,5;1;0
14,054336;0,5715;2,932234971;841,4591;1;1,5;40;30;15;0;0;10;1,5;1;0
16,418464;0,5163;2,494851427;837,6239;1;1,5;40;30;15;0;0;10;1,5;1;0
14,746848;0,3703;2,304599392;814,325;1;1,5;40;30;15;0;0;10;1,5;1;0
13,428992;0,5229;2,478179857;831,5963;1;1,5;40;30;15;0;0;10;1,5;1;0
12,760288;0,3018;2,567421791;817,8871;1;1,5;40;30;15;0;0;10;1,5;1;0
13,10928;0,3855;2,910659998;797,4945;1;1,5;40;30;15;0;0;10;1,5;1;0
13,423328;0,3649;2,845935079;801,2391;1;1,5;40;30;15;0;0;10;1,5;1;0
13,263104;0,5754;2,775326076;830,1321;1;1,5;40;30;15;0;0;10;1,5;1;0
12,551712;0,3726;2,254584682;814,6135;1;1,5;40;30;15;0;0;10;1,5;1;0
12,225056;0,4718;2,895949789;811,704;1;1,5;40;30;15;0;0;10;1,5;1;0
15,973504;0,324;2,844954398;812,963;1;1,5;40;30;15;0;0;10;1,5;1;0
12,259296;0,5517;2,427184466;838,65;1;1,5;40;30;15;0;0;10;1,5;1;0
14,801248;0,5127;2,330097087;848,9337;1;1,5;40;30;15;0;0;10;1,5;1;0
14,708032;0,4182;2,203589291;859,9463;1;1,5;40;30;15;0;0;10;1,5;1;0
12,455776;0,4734;2,661567128;822,7957;1;1,5;40;30;15;0;0;10;1,5;1;0
12,889184;0,4653;2,352652741;824,5172;1;1,5;40;30;15;0;0;10;1,5;1;0
13,44;0,3665;2,98028832;815,4796;1;1,5;40;30;15;0;0;10;1,5;1;0
12,746176;0,5808;2,269294891;833,7491;1;1,5;40;30;15;0;0;10;1,5;1;0
15,861984;0,5987;2,116308718;841,7384;1;1,5;40;30;15;0;0;10;1,5;1;0
15,245088;0,3867;2,955771305;838,8197;1;1,5;40;30;15;0;0;10;1,5;1;0
13,708256;0,5825;2,562518388;816,8433;1;1,5;40;30;15;0;0;10;1,5;1;0
14,523808;0,4165;2,721388644;836,2681;1;1,5;40;30;15;0;0;10;1,5;1;0
14,86752;0,5328;2,402667451;859,8059;1;1,5;40;30;15;0;0;10;1,5;1;0
17,790528;0,3308;2,444836717;833,4969;1;1,5;40;30;15;0;0;10;1,5;1;0
14,90432;0,3003;2,209473375;833,8104;1;1,5;40;30;15;0;0;10;1,5;1;0
14,971328;0,47;2,398744729;820,5084;1;1,5;40;30;15;0;0;10;1,5;1;0
16,581792;0,3437;2,597822889;818,5693;1;1,5;40;30;15;0;0;10;1,5;1;0
12,109856;0,4443;2,339903893;848,9259;1;1,5;40;30;15;0;0;10;1,5;1;0
17,13552;0,3382;2,347749338;847,6344;1;1,5;40;30;15;0;0;10;1,5;1;0
14,5152;0,4617;2,157497303;830,7236;1;1,5;40;30;15;0;0;10;1,5;1;0
17,297024;0,522;2,480141218;828,27;1;1,5;40;30;15;0;0;10;1,5;1;0
13,65952;0,5932;2,187898401;824,2184;1;1,5;40;30;15;0;0;10;1,5;1;0
16,067264;0,3807;2,806707855;813,7585;0,5;2;40;30;0;12;5;5;1,5;4;0
13,827808;0,3752;2,287927822;854,2627;0,5;2;40;30;0;12;5;5;1,5;4;0
15,239616;0,3681;2,634108071;838,8083;0,5;2;40;30;0;12;5;5;1,5;4;0
14,515776;0,5503;2,373247033;826,9769;0,5;2;40;30;0;12;5;5;1,5;4;0
15,673952;0,366;2,933215652;853,6182;0,5;2;40;30;0;12;5;5;1,5;4;0
14,578016;0,3445;2,622339904;852,7314;0,5;2;40;30;0;12;5;5;1,5;4;0
17,319552;0,58;2,770422673;865,3278;0,5;2;40;30;0;12;5;5;1,5;4;0
14,126848;0,4828;2,43306855;830,3286;0,5;2;40;30;0;12;5;5;1,5;4;0
16,988672;0,3736;2,603706973;840,5433;0,5;2;40;30;0;12;5;5;1,5;4;0
14,18048;0,5418;2,652741002;840,8131;0,5;2;40;30;0;12;5;5;1,5;4;0
15,88032;0,4403;2,735118172;824,3893;0,5;2;40;30;0;12;5;5;1,5;4;0
14,061632;0,5397;2,965578111;817,8451;0,5;2;40;30;0;12;5;5;1,5;4;0
12,852736;0,5117;2,33401981;835,0659;0,5;2;40;30;0;12;5;5;1,5;4;0
12,545856;0,4647;2,539962734;811,2122;0,5;2;40;30;0;12;5;5;1,5;4;0
13,448576;0,4045;2,618417182;832,8019;0,5;2;40;30;0;12;5;5;1,5;4;0
12,760288;0,4395;2,146709817;826,637;0,5;2;40;30;0;12;5;5;1,5;4;0
12,666336;0,5045;2,496812788;825,2183;0,5;2;40;30;0;12;5;5;1,5;4;0
12,83152;0,3243;2,327155046;827,6305;0,5;2;40;30;0;12;5;5;1,5;4;0
17,485472;0,4879;2,875355497;831,512;0,5;2;40;30;0;12;5;5;1,5;4;0
12,284192;0,5572;2,139845052;863,6835;0,5;2;40;30;0;12;5;5;1,5;4;0
13,138048;0,4802;2,529175248;815,6343;0,5;2;40;30;0;12;5;5;1,5;4;0
16,190144;0,3318;2,952829264;824,0909;0,5;2;40;30;0;12;5;5;1,5;4;0
17,134816;0,4531;2,631166029;839,5908;0,5;2;40;30;0;12;5;5;1,5;4;0
13,065344;0,3124;2,910659998;827,2195;0,5;2;40;30;0;12;5;5;1,5;4;0
17,03536;0,5581;2,84789644;833,0103;0,5;2;40;30;0;12;5;5;1,5;4;0
16,52064;0,5868;2,760615867;821,1521;0,5;2;40;30;0;12;5;5;1,5;4;0
13,974496;0,598;2,496812788;822,3324;0,5;2;40;30;0;12;5;5;1,5;4;0
14,657504;0,4565;2,336961852;829,8158;0,5;2;40;30;0;12;5;5;1,5;4;0
15,933952;0,4361;2,263410807;827,5033;0,5;2;40;30;0;12;5;5;1,5;4;0
13,218592;0,3644;2,115328038;824,9969;0,5;2;40;30;0;12;5;5;1,5;4;0
16,766208;0,4426;2,882220261;838,9586;0,5;2;40;30;0;12;5;5;1,5;4;0
16,484928;0,5602;2,623320584;865,6624;0,5;2;40;30;0;12;5;5;1,5;4;0
14,968032;0,4785;2,586054722;832,6158;0,5;2;40;30;0;12;5;5;1,5;4;0
17,92528;0,4028;2,61547514;845,8131;0,5;2;40;30;0;12;5;5;1,5;4;0
12,204544;0,4171;2,306560753;817,5122;0,5;2;40;30;0;12;5;5;1,5;4;0
12,59328;0,401;2,312444837;850,2137;0,5;2;40;30;0;12;5;5;1,5;4;0
15,581088;0,4031;2,447778758;857,3893;0,5;2;40;30;0;12;5;5;1,5;4;0
13,277568;0,3907;2,701775032;841,2316;0,5;2;40;30;0;12;5;5;1,5;4;0
13,66832;0,549;2,912621359;838,3895;0,5;2;40;30;0;12;5;5;1,5;4;0
16,399232;0,4508;2,69883299;830,1307;0,5;2;40;30;0;12;5;5;1,5;4;0
16,27472;0,3691;2,804746494;815,3293;0,8;1,5;55;30;0;0;10;0;1,5;0;1,2
13,659712;0,355;2,273217613;832,7101;0,8;1,5;55;30;0;0;10;0;1,5;0;1,2
13,96992;0,351;2,477199176;825,772;0,8;1,5;55;30;0;0;10;0;1,5;0;1,2
13,440544;0,5632;2,538001373;819,9117;0,8;1,5;55;30;0;0;10;0;1,5;0;1,2
13,35888;0,5644;2,558595665;821,3854;0,8;1,5;55;30;0;0;10;0;1,5;0;1,2
17,950912;0,5482;2,79788173;845,3088;0,8;1,5;55;30;0;0;10;0;1,5;0;1,2
16,104992;0,5079;2,627243307;826,2294;0,8;1,5;55;30;0;0;10;0;1,5;0;1,2
16,12624;0,4614;2,664509169;813,9955;0,8;1,5;55;30;0;0;10;0;1,5;0;1,2
13,702752;0,4929;2,262430127;819,3655;0,8;1,5;55;30;0;0;10;0;1,5;0;1,2
16,276736;0,4357;2,928312249;808,8678;0,8;1,5;55;30;0;0;10;0;1,5;0;1,2
16,002816;0,3649;2,646856919;824,4043;0,8;1,5;55;30;0;0;10;0;1,5;0;1,2
16,486048;0,5252;2,49975483;830,1503;0,8;1,5;55;30;0;0;10;0;1,5;0;1,2
17,483616;0,3625;2,437971953;818,0328;0,8;1,5;55;30;0;0;10;0;1,5;0;1,2
14,758944;0,3836;2,208492694;845,3185;0,8;1,5;55;30;0;0;10;0;1,5;0;1,2
15,276224;0,5143;2,295773267;852,8833;0,8;1,5;55;30;0;0;10;0;1,5;0;1,2
16,92112;0,4788;2,866529371;851,7101;0,8;1,5;55;30;0;0;10;0;1,5;0;1,2
12,937152;0,3721;2,784152202;805,2976;0,8;1,5;55;30;0;0;10;0;1,5;0;1,2
12,265696;0,3462;2,992056487;809,3792;0,8;1,5;55;30;0;0;10;0;1,5;0;1,2
15,972224;0,5834;2,818476022;821,9379;0,8;1,5;55;30;0;0;10;0;1,5;0;1,2
12,953472;0,4783;2,50073551;822,9817;0,8;1,5;55;30;0;0;10;0;1,5;0;1,2
13,108544;0,5995;2,292831225;858,7789;0,8;1,5;55;30;0;0;10;0;1,5;0;1,2
13,160736;0,3532;2,451701481;811,4614;0,8;1,5;55;30;0;0;10;0;1,5;0;1,2
15,320544;0,3222;2,556634304;814,5393;0,8;1,5;55;30;0;0;10;0;1,5;0;1,2
17,976928;0,3991;2,664509169;824,3772;0,8;1,5;55;30;0;0;10;0;1,5;0;1,2
14,600896;0,5884;2,960674708;828,5857;0,8;1,5;55;30;0;0;10;0;1,5;0;1,2
16,05408;0,3976;2,591938806;847,3872;0,8;1,5;55;30;0;0;10;0;1,5;0;1,2
12,485248;0,3905;2,462488967;839,3954;0,8;1,5;55;30;0;0;10;0;1,5;0;1,2
16,005184;0,3234;2,759635187;805,475;0,8;1,5;55;30;0;0;10;0;1,5;0;1,2
16,325824;0,4365;2,69785231;813,0144;0,8;1,5;55;30;0;0;10;0;1,5;0;1,2
14,552032;0,3227;2,263410807;833,6428;0,8;1,5;55;30;0;0;10;0;1,5;0;1,2
15,313568;0,4455;2,610571737;836,9457;0,8;1,5;55;30;0;0;10;0;1,5;0;1,2
16,423968;0,4277;2,235951751;820,1846;0,8;1,5;55;30;0;0;10;0;1,5;0;1,2
14,253536;0,3826;2,647837599;834,7505;0,8;1,5;55;30;0;0;10;0;1,5;0;1,2
16,006656;0,3101;2,670393253;808,929;0,8;1,5;55;30;0;0;10;0;1,5;0;1,2
17,086656;0,5295;2,312444837;827,4271;0,8;1,5;55;30;0;0;10;0;1,5;0;1,2
12,739584;0,5705;2,508580955;811,8845;0,8;1,5;55;30;0;0;10;0;1,5;0;1,2
14,163456;0,3942;2,791016966;827,9984;0,8;1,5;55;30;0;0;10;0;1,5;0;1,2
12,266048;0,4669;2,992056487;822,2809;0,8;1,5;55;30;0;0;10;0;1,5;0;1,2
15,268544;0,3571;2,926350888;827,491;0,8;1,5;55;30;0;0;10;0;1,5;0;1,2
13,330112;0,4794;2,570363832;852,9373;0,8;1,5;55;30;0;0;10;0;1,5;0;1,2
14,392896;0,3552;2,966558792;811,5646;0;2;55;30;0;8;5;0;0;0;0
16,42544;0,4134;2,28498578;853,2959;0;2;55;30;0;8;5;0;0;0;0
12,257632;0,4031;2,570363832;825,8082;0;2;55;30;0;8;5;0;0;0;0
12,19392;0,5391;2,699813671;818,674;0;2;55;30;0;8;5;0;0;0;0
12,587968;0,5528;2,977346278;825,4418;0;2;55;30;0;8;5;0;0;0;0
15,574496;0,3703;2,303618711;825,0679;0;2;55;30;0;8;5;0;0;0;0
16,136128;0,5895;2,537020692;850,5406;0;2;55;30;0;8;5;0;0;0;0
13,700736;0,4785;2,776306757;815,7146;0;2;55;30;0;8;5;0;0;0;0
12,45392;0,3659;2,705697754;829,1469;0;2;55;30;0;8;5;0;0;0;0
13,550208;0,4465;2,209473375;833,3127;0;2;55;30;0;8;5;0;0;0;0
17,418624;0,4734;2,902814553;844,5515;0;2;55;30;0;8;5;0;0;0;0
15,341952;0,4582;2,395802687;835,8835;0;2;55;30;0;8;5;0;0;0;0
12,503552;0,5517;2,226144945;837,5995;0;2;55;30;0;8;5;0;0;0;0
13,685184;0,5265;2,281063058;816,6908;0;2;55;30;0;8;5;0;0;0;0
13,804192;0,3344;2,641953516;805,9175;0;2;55;30;0;8;5;0;0;0;0
14,478944;0,3584;2,776306757;825,1727;0;2;55;30;0;8;5;0;0;0;0
12,809152;0,4338;2,817495342;844,0256;0;2;55;30;0;8;5;0;0;0;0
13,558464;0,4579;2,232029028;821,84;0;2;55;30;0;8;5;0;0;0;0
16,925696;0,4619;2,439933314;843,88;0;2;55;30;0;8;5;0;0;0;0
15,095136;0,566;2,378150436;824,4138;0;2;55;30;0;8;5;0;0;0;0
15,751392;0,4895;2,574286555;818,0209;0;2;55;30;0;8;5;0;0;0;0
17,744736;0,5387;2,220260861;835,7186;0;2;55;30;0;8;5;0;0;0;0
17,098912;0,4429;2,104540551;868,4041;0;2;55;30;0;8;5;0;0;0;0
16,544832;0,3622;2,409532215;838,843;0;2;55;30;0;8;5;0;0;0;0
14,768992;0,4374;2,820437384;836,7889;0;2;55;30;0;8;5;0;0;0;0
14,56464;0,5053;2,959694028;811,7683;0;2;55;30;0;8;5;0;0;0;0
14,073536;0,5493;2,480141218;821,7764;0;2;55;30;0;8;5;0;0;0;0
14,302976;0,5101;2,442875355;817,1364;0;2;55;30;0;8;5;0;0;0;0
13,109824;0,3246;2,822398745;807,2123;0;2;55;30;0;8;5;0;0;0;0
12,835904;0,3193;2,23497107;850,0087;0;2;55;30;0;8;5;0;0;0;0
17,7832;0,4256;2,856722565;852,9301;0;2;55;30;0;8;5;0;0;0;0
12,71616;0,4421;2,328135726;826,5966;0;2;55;30;0;8;5;0;0;0;0
12,580448;0,4146;2,59880357;840,8901;0;2;55;30;0;8;5;0;0;0;0
12,62128;0,3559;2,211434736;844,1146;0;2;55;30;0;8;5;0;0;0;0
13,094272;0,476;2,886142983;807,1488;0;2;55;30;0;8;5;0;0;0;0
13,751808;0,5475;2,302638031;839,4874;0;2;55;30;0;8;5;0;0;0;0
14,295648;0,4745;2,137883691;831,1495;0;2;55;30;0;8;5;0;0;0;0
17,980416;0,3903;2,35167206;826,519;0;2;55;30;0;8;5;0;0;0;0
14,557696;0,5524;2,692948907;836,6663;0;2;55;30;0;8;5;0;0;0;0
17,748768;0,5598;2,204569972;846,137;0;2;55;30;0;8;5;0;0;0;0
13,428992;0,5627;2,402667451;840,6372;1;2;55;30;10;0;0;0;0;2;0
13,717952;0,3862;2,224183583;811,7371;1;2;55;30;10;0;0;0;0;2;0
13,157248;0,4414;2,987153084;846,7761;1;2;55;30;10;0;0;0;0;2;0
12,16608;0,3446;2,485044621;804,0508;1;2;55;30;10;0;0;0;0;2;0
17,962656;0,3161;2,752770423;856,6843;1;2;55;30;10;0;0;0;0;2;0
14,136;0,3827;2,5164264;826,5566;1;2;55;30;10;0;0;0;0;2;0
13,060768;0,3525;2,476218496;821,3638;1;2;55;30;10;0;0;0;0;2;0
14,33504;0,3865;2,522310483;815,2776;1;2;55;30;10;0;0;0;0;2;0
13,437056;0,3382;2,84789644;809,7404;1;2;55;30;10;0;0;0;0;2;0
15,781984;0,3822;2,44974012;850,9839;1;2;55;30;10;0;0;0;0;2;0
14,36928;0,5046;2,477199176;856,6014;1;2;55;30;10;0;0;0;0;2;0
12,207104;0,4771;2,532117289;826,4238;1;2;55;30;10;0;0;0;0;2;0
17,701888;0,5858;2,76551927;849,8395;1;2;55;30;10;0;0;0;0;2;0
16,199456;0,5373;2,588016083;841,7994;1;2;55;30;10;0;0;0;0;2;0
13,867904;0,4146;2,532117289;836,9208;1;2;55;30;10;0;0;0;0;2;0
13,10544;0,5025;2,78219084;835,4595;1;2;55;30;10;0;0;0;0;2;0
15,664608;0,5571;2,213396097;823,6538;1;2;55;30;10;0;0;0;0;2;0
14,677984;0,4391;2,254584682;841,0836;1;2;55;30;10;0;0;0;0;2;0
17,775136;0,5839;2,31734824;829,2394;1;2;55;30;10;0;0;0;0;2;0
14,474208;0,3303;2,803765813;840,0824;1;2;55;30;10;0;0;0;0;2;0
14,042048;0,3791;2,440913994;808,6846;1;2;55;30;10;0;0;0;0;2;0
13,003616;0,504;2,340884574;829,266;1;2;55;30;10;0;0;0;0;2;0
12,492384;0,5867;2,655683044;814,6309;1;2;55;30;10;0;0;0;0;2;0
16,628128;0,5977;2,402667451;827,8475;1;2;55;30;10;0;0;0;0;2;0
12,109312;0,3948;2,7488477;805,1648;1;2;55;30;10;0;0;0;0;2;0
16,208448;0,3616;2,722369324;808,3811;1;2;55;30;10;0;0;0;0;2;0
13,356128;0,457;2,93125429;807,8582;1;2;55;30;10;0;0;0;0;2;0
17,503776;0,4986;2,674315975;830,5227;1;2;55;30;10;0;0;0;0;2;0
14,450016;0,4511;2,406590174;814,4397;1;2;55;30;10;0;0;0;0;2;0
15,32;0,5421;2,36736295;831,7903;1;2;55;30;10;0;0;0;0;2;0
17,38512;0,5762;2,10257919;855,3765;1;2;55;30;10;0;0;0;0;2;0
13,40832;0,3712;2,514465039;844,4352;1;2;55;30;10;0;0;0;0;2;0
13,70624;0,3861;2,564479749;833,069;1;2;55;30;10;0;0;0;0;2;0
12,1128;0,5637;2,1525939;815,5812;1;2;55;30;10;0;0;0;0;2;0
16,032288;0,3609;2,411493577;812,2717;1;2;55;30;10;0;0;0;0;2;0
17,770208;0,3858;2,333039129;849,8851;1;2;55;30;10;0;0;0;0;2;0
15,329152;0,5164;2,760615867;840,4877;1;2;55;30;10;0;0;0;0;2;0
13,856736;0,3203;2,273217613;845,8143;1;2;55;30;10;0;0;0;0;2;0
13,933824;0,5499;2,298715308;839,1129;1;2;55;30;10;0;0;0;0;2;0
13,888608;0,4317;2,365401589;842,5043;1;2;55;30;10;0;0;0;0;2;0
14,327904;0,325;2,839070315;828,0808;0,5;0;30;39,6;15;8;5;0;1,5;0;0,4
16,068544;0,5689;2,357556144;853,2008;0,5;0;30;39,6;15;8;5;0;1,5;0;0,4
17,66032;0,3922;2,815533981;852,0811;0,5;0;30;39,6;15;8;5;0;1,5;0;0,4
15,684736;0,3053;2,786113563;843,3285;0,5;0;30;39,6;15;8;5;0;1,5;0;0,4
14,0208;0,4486;2,160439345;847,7417;0,5;0;30;39,6;15;8;5;0;1,5;0;0,4
15,260096;0,4169;2,480141218;848,469;0,5;0;30;39,6;15;8;5;0;1,5;0;0,4
12,464544;0,534;2,33401981;825,4293;0,5;0;30;39,6;15;8;5;0;1,5;0;0,4
14,449856;0,4971;2,920466804;843,8108;0,5;0;30;39,6;15;8;5;0;1,5;0;0,4
14,784384;0,465;2,415416299;825,6599;0,5;0;30;39,6;15;8;5;0;1,5;0;0,4
15,69024;0,5099;2,369324311;844,6158;0,5;0;30;39,6;15;8;5;0;1,5;0;0,4
17,034464;0,5066;2,96361675;855,4607;0,5;0;30;39,6;15;8;5;0;1,5;0;0,4
15,596864;0,5797;2,255565362;865,1031;0,5;0;30;39,6;15;8;5;0;1,5;0;0,4
14,803968;0,5809;2,33500049;843,1498;0,5;0;30;39,6;15;8;5;0;1,5;0;0,4
12,113344;0,5192;2,426203785;821,7225;0,5;0;30;39,6;15;8;5;0;1,5;0;0,4
12,240256;0,4139;2,562518388;840,443;0,5;0;30;39,6;15;8;5;0;1,5;0;0,4
15,409696;0,5947;2,356575463;837,4269;0,5;0;30;39,6;15;8;5;0;1,5;0;0,4
16,823328;0,3191;2,303618711;828,1169;0,5;0;30;39,6;15;8;5;0;1,5;0;0,4
14,53024;0,5289;2,932234971;827,7015;0,5;0;30;39,6;15;8;5;0;1,5;0;0,4
13,886944;0,5194;2,945964499;811,156;0,5;0;30;39,6;15;8;5;0;1,5;0;0,4
13,793024;0,3409;2,477199176;815,9673;0,5;0;30;39,6;15;8;5;0;1,5;0;0,4
16,894752;0,506;2,675296656;836,3787;0,5;0;30;39,6;15;8;5;0;1,5;0;0,4
12,937536;0,3241;2,364420908;837,364;0,5;0;30;39,6;15;8;5;0;1,5;0;0,4
13,461952;0,5345;2,805727175;811,7388;0,5;0;30;39,6;15;8;5;0;1,5;0;0,4
15,02336;0,4612;2,370304992;864,6398;0,5;0;30;39,6;15;8;5;0;1,5;0;0,4
17,129504;0,4594;2,97930764;834,2222;0,5;0;30;39,6;15;8;5;0;1,5;0;0,4
14,078304;0,4775;2,906737276;820,9622;0,5;0;30;39,6;15;8;5;0;1,5;0;0,4
14,887104;0,4052;2,315386878;822,0785;0,5;0;30;39,6;15;8;5;0;1,5;0;0,4
16,497568;0,5304;2,404628812;855,6201;0,5;0;30;39,6;15;8;5;0;1,5;0;0,4
14,447104;0,5757;2,938119055;833,5974;0,5;0;30;39,6;15;8;5;0;1,5;0;0,4
12,191168;0,4378;2,464450329;847,0259;0,5;0;30;39,6;15;8;5;0;1,5;0;0,4
17,267552;0,5002;2,349710699;846,6464;0,5;0;30;39,6;15;8;5;0;1,5;0;0,4
15,483872;0,4427;2,771403354;832,0735;0,5;0;30;39,6;15;8;5;0;1,5;0;0,4
13,325536;0,4176;2,580170638;823,0952;0,5;0;30;39,6;15;8;5;0;1,5;0;0,4
13,761696;0,5165;2,871432774;834,3254;0,5;0;30;39,6;15;8;5;0;1,5;0;0,4
15,641888;0,598;2,791997646;843,9459;0,5;0;30;39,6;15;8;5;0;1,5;0;0,4
15,871872;0,599;2,704717074;835,0935;0,5;0;30;39,6;15;8;5;0;1,5;0;0,4
14,552192;0,4014;2,348730019;841,9893;0,5;0;30;39,6;15;8;5;0;1,5;0;0,4
14,2704;0,5759;2,809649897;838,2585;0,5;0;30;39,6;15;8;5;0;1,5;0;0,4
13,732608;0,3746;2,647837599;839,5627;0,5;0;30;39,6;15;8;5;0;1,5;0;0,4
16,921664;0,5946;2,385995881;837,5929;0,5;0;30;39,6;15;8;5;0;1,5;0;0,4
15,972032;0,4847;2,315386878;825,9906;0,5;0,5;30;40;10;0;0;15;0;4;0
16,945088;0,5162;2,41737766;863,0809;0,5;0,5;30;40;10;0;0;15;0;4;0
12,695648;0,4909;2,859664607;841,8301;0,5;0,5;30;40;10;0;0;15;0;4;0
14,014944;0,3066;2,162400706;828,5116;0,5;0,5;30;40;10;0;0;15;0;4;0
13,238944;0,3537;2,294792586;823,3184;0,5;0,5;30;40;10;0;0;15;0;4;0
15,508576;0,4634;2,501716191;824,675;0,5;0,5;30;40;10;0;0;15;0;4;0
17,870528;0,3806;2,816514661;856,9259;0,5;0,5;30;40;10;0;0;15;0;4;0
17,404512;0,3817;2,655683044;834,2339;0,5;0,5;30;40;10;0;0;15;0;4;0
12,565824;0,5109;2,854761204;831,8113;0,5;0,5;30;40;10;0;0;15;0;4;0
12,93056;0,3564;2,852799843;796,4807;0,5;0,5;30;40;10;0;0;15;0;4;0
15,530368;0,5369;2,269294891;862,1924;0,5;0,5;30;40;10;0;0;15;0;4;0
16,963776;0,323;2,176130234;841,9482;0,5;0,5;30;40;10;0;0;15;0;4;0
13,473664;0,3626;2,730214769;807,9436;0,5;0,5;30;40;10;0;0;15;0;4;0
16,176768;0,4347;2,356575463;828,9564;0,5;0,5;30;40;10;0;0;15;0;4;0
15,632;0,3007;2,340884574;858,5945;0,5;0,5;30;40;10;0;0;15;0;4;0
12,937696;0,4782;2,236932431;819,7277;0,5;0,5;30;40;10;0;0;15;0;4;0
15,542272;0,5062;2,536040012;860,3004;0,5;0,5;30;40;10;0;0;15;0;4;0
12,958208;0,526;2,702755712;811,816;0,5;0,5;30;40;10;0;0;15;0;4;0
16,565696;0,4479;2,938119055;830,2592;0,5;0,5;30;40;10;0;0;15;0;4;0
16,692224;0,4268;2,262430127;845,351;0,5;0,5;30;40;10;0;0;15;0;4;0
13,16;0,5177;2,176130234;824,985;0,5;0,5;30;40;10;0;0;15;0;4;0
14,483168;0,5335;2,203589291;842,4402;0,5;0,5;30;40;10;0;0;15;0;4;0
17,905152;0,3767;2,867510052;834,7461;0,5;0,5;30;40;10;0;0;15;0;4;0
15,464288;0,3677;2,403648132;814,722;0,5;0,5;30;40;10;0;0;15;0;4;0
14,274048;0,3395;2,761596548;814,3607;0,5;0,5;30;40;10;0;0;15;0;4;0
14,205216;0,3234;2,204569972;839,6512;0,5;0,5;30;40;10;0;0;15;0;4;0
15,158112;0,3954;2,646856919;827,7076;0,5;0,5;30;40;10;0;0;15;0;4;0
15,111968;0,4065;2,750809061;834,8131;0,5;0,5;30;40;10;0;0;15;0;4;0
17,139744;0,4677;2,2182995;838,1255;0,5;0,5;30;40;10;0;0;15;0;4;0
12,57424;0,5128;2,691968226;810,7802;0,5;0,5;30;40;10;0;0;15;0;4;0
12,515648;0,4097;2,813572619;815,152;0,5;0,5;30;40;10;0;0;15;0;4;0
16,864544;0,4432;2,543885457;838,2567;0,5;0,5;30;40;10;0;0;15;0;4;0
17,071072;0,3394;2,601745611;825,2307;0,5;0,5;30;40;10;0;0;15;0;4;0
17,786304;0,5565;2,413454938;845,6084;0,5;0,5;30;40;10;0;0;15;0;4;0
17,602464;0,4103;2,242816515;829,9752;0,5;0,5;30;40;10;0;0;15;0;4;0
12,07216;0,3596;2,988133765;799,0476;0,5;0,5;30;40;10;0;0;15;0;4;0
13,190944;0,3207;2,108463274;827,1171;0,5;0,5;30;40;10;0;0;15;0;4;0
16,53328;0,4351;2,584093361;828,5378;0,5;0,5;30;40;10;0;0;15;0;4;0
12,226688;0,3603;2,757673826;828,2131;0,5;0,5;30;40;10;0;0;15;0;4;0
12,956192;0,5069;2,862606649;812,4441;0,5;0,5;30;40;10;0;0;15;0;4;0
15,180992;0,3938;2,388937923;819,9701;0,2;0;25;45;5;8;5;10;0;1;0,8
16,753376;0,5424;2,50073551;844,6774;0,2;0;25;45;5;8;5;10;0;1;0,8
13,130336;0,3828;2,940080416;836,176;0,2;0;25;45;5;8;5;10;0;1;0,8
17,359488;0,3931;2,235951751;866,3561;0,2;0;25;45;5;8;5;10;0;1;0,8
14,030528;0,3444;2,362459547;811,267;0,2;0;25;45;5;8;5;10;0;1;0,8
12,381056;0,3724;2,357556144;854,5691;0,2;0;25;45;5;8;5;10;0;1;0,8
12,738848;0,3483;2,746886339;824,4635;0,2;0;25;45;5;8;5;10;0;1;0,8
15,49504;0,3706;2,578209277;854,611;0,2;0;25;45;5;8;5;10;0;1;0,8
12,788672;0,5498;2,824360106;826,6311;0,2;0;25;45;5;8;5;10;0;1;0,8
14,096608;0,5076;2,452682161;821,4045;0,2;0;25;45;5;8;5;10;0;1;0,8
15,911616;0,3623;2,717465921;823,2816;0,2;0;25;45;5;8;5;10;0;1;0,8
14,69776;0,3235;2,371285672;845,454;0,2;0;25;45;5;8;5;10;0;1;0,8
15,312128;0,3657;2,962636069;815,4523;0,2;0;25;45;5;8;5;10;0;1;0,8
14,076288;0,4058;2,406590174;849,5042;0,2;0;25;45;5;8;5;10;0;1;0,8
16,690752;0,353;2,291850544;818,9202;0,2;0;25;45;5;8;5;10;0;1;0,8
16,173664;0,4553;2,626262626;847,7195;0,2;0;25;45;5;8;5;10;0;1;0,8
15,016768;0,4142;2,272236932;825,36;0,2;0;25;45;5;8;5;10;0;1;0,8
16,743136;0,3881;2,170246151;856,9241;0,2;0;25;45;5;8;5;10;0;1;0,8
17,052768;0,558;2,618417182;847,3143;0,2;0;25;45;5;8;5;10;0;1;0,8
15,749024;0,5764;2,488967343;828,4093;0,2;0;25;45;5;8;5;10;0;1;0,8
13,626944;0,3709;2,459546926;826,1277;0,2;0;25;45;5;8;5;10;0;1;0,8
15,515168;0,326;2,140825733;824,8682;0,2;0;25;45;5;8;5;10;0;1;0,8
15,657472;0,513;2,16926547;842,3325;0,2;0;25;45;5;8;5;10;0;1;0,8
16,622272;0,5915;2,958713347;823,984;0,2;0;25;45;5;8;5;10;0;1;0,8
15,925536;0,3528;2,164362067;848,6504;0,2;0;25;45;5;8;5;10;0;1;0,8
17,5576;0,4291;2,371285672;838,2926;0,2;0;25;45;5;8;5;10;0;1;0,8
14,598528;0,4382;2,253604001;822,8531;0,2;0;25;45;5;8;5;10;0;1;0,8
12,112064;0,387;2,496812788;821,3193;0,2;0;25;45;5;8;5;10;0;1;0,8
12,503744;0,5056;2,465431009;824,1727;0,2;0;25;45;5;8;5;10;0;1;0,8
14,530784;0,5328;2,686084142;836,4471;0,2;0;25;45;5;8;5;10;0;1;0,8
14,15264;0,5264;2,624301265;831,6023;0,2;0;25;45;5;8;5;10;0;1;0,8
16,40912;0,3189;2,540943415;847,3408;0,2;0;25;45;5;8;5;10;0;1;0,8
16,512224;0,5911;2,496812788;836,1835;0,2;0;25;45;5;8;5;10;0;1;0,8
13,342016;0,5853;2,789055605;817,9562;0,2;0;25;45;5;8;5;10;0;1;0,8
13,530624;0,5305;2,497793469;821,288;0,2;0;25;45;5;8;5;10;0;1;0,8
17,323968;0,4998;2,21928018;853,2096;0,2;0;25;45;5;8;5;10;0;1;0,8
16,409312;0,4749;2,259488085;847,3281;0,2;0;25;45;5;8;5;10;0;1;0,8
12,894304;0,5357;2,382073159;844,3901;0,2;0;25;45;5;8;5;10;0;1;0,8
17,626816;0,5506;2,462488967;836,4216;0,2;0;25;45;5;8;5;10;0;1;0,8
13,039168;0,3868;2,956751986;828,0176;0,2;0;25;45;5;8;5;10;0;1;0,8
12,712128;0,3138;2,73217613;798,2001;0,7;0;25;45;10;4;10;0;1,5;3;0,8
16,836864;0,5208;2,172207512;844,1141;0,7;0;25;45;10;4;10;0;1,5;3;0,8
13,768672;0,322;2,792978327;843,4451;0,7;0;25;45;10;4;10;0;1,5;3;0,8
12,85824;0,4688;2,295773267;846,2622;0,7;0;25;45;10;4;10;0;1,5;3;0,8
12,74672;0,4432;2,387957242;836,5336;0,7;0;25;45;10;4;10;0;1,5;3;0,8
16,314464;0,4533;2,18593704;852,8196;0,7;0;25;45;10;4;10;0;1,5;3;0,8
14,467968;0,3023;2,660586447;842,849;0,7;0;25;45;10;4;10;0;1,5;3;0,8
13,955616;0,3538;2,10257919;819,5759;0,7;0;25;45;10;4;10;0;1,5;3;0,8
13,397696;0,365;2,699813671;828,8102;0,7;0;25;45;10;4;10;0;1,5;3;0,8
14,718656;0,5089;2,784152202;853,7297;0,7;0;25;45;10;4;10;0;1,5;3;0,8
16,169632;0,3592;2,945964499;813,981;0,7;0;25;45;10;4;10;0;1,5;3;0,8
14,126848;0,457;2,383053839;824,0786;0,7;0;25;45;10;4;10;0;1,5;3;0,8
13,857856;0,4344;2,860645288;834,7231;0,7;0;25;45;10;4;10;0;1,5;3;0,8
16,43696;0,4139;2,970481514;848,2556;0,7;0;25;45;10;4;10;0;1,5;3;0,8
12,001824;0,5577;2,755712464;808,5032;0,7;0;25;45;10;4;10;0;1,5;3;0,8
12,538528;0,3878;2,293811905;828,777;0,7;0;25;45;10;4;10;0;1,5;3;0,8
16,379104;0,5482;2,590958125;857,2141;0,7;0;25;45;10;4;10;0;1,5;3;0,8
15,60272;0,5325;2,305580073;846,2295;0,7;0;25;45;10;4;10;0;1,5;3;0,8
16,527616;0,448;2,229086986;857,953;0,7;0;25;45;10;4;10;0;1,5;3;0,8
16,478912;0,3373;2,952829264;836,6672;0,7;0;25;45;10;4;10;0;1,5;3;0,8
15,021344;0,3316;2,254584682;848,5459;0,7;0;25;45;10;4;10;0;1,5;3;0,8
14,845376;0,5548;2,821418064;850,043;0,7;0;25;45;10;4;10;0;1,5;3;0,8
12,492032;0,4524;2,654702363;816,364;0,7;0;25;45;10;4;10;0;1,5;3;0,8
12,106208;0,3661;2,156516623;843,0143;0,7;0;25;45;10;4;10;0;1,5;3;0,8
14,40352;0,5262;2,966558792;853,8021;0,7;0;25;45;10;4;10;0;1,5;3;0,8
14,040768;0,5837;2,832205551;843,5494;0,7;0;25;45;10;4;10;0;1,5;3;0,8
17,575008;0,5534;2,98028832;821,3124;0,7;0;25;45;10;4;10;0;1,5;3;0,8
13,200832;0,5916;2,589977444;823,3057;0,7;0;25;45;10;4;10;0;1,5;3;0,8
12,453184;0,4774;2,211434736;841,0469;0,7;0;25;45;10;4;10;0;1,5;3;0,8
17,06064;0,4229;2,444836717;838,6951;0,7;0;25;45;10;4;10;0;1,5;3;0,8
13,138752;0,4811;2,628223987;812,3262;0,7;0;25;45;10;4;10;0;1,5;3;0,8
13,913696;0,4754;2,938119055;806,8612;0,7;0;25;45;10;4;10;0;1,5;3;0,8
13,156544;0,4214;2,950867902;805,984;0,7;0;25;45;10;4;10;0;1,5;3;0,8
14,52272;0,364;2,774345396;848,911;0,7;0;25;45;10;4;10;0;1,5;3;0,8
16,9808;0,5003;2,504658233;832,9917;0,7;0;25;45;10;4;10;0;1,5;3;0,8
13,517088;0,5112;2,49975483;859,8022;0,7;0;25;45;10;4;10;0;1,5;3;0,8
15,307904;0,4736;2,939099735;849,6517;0,7;0;25;45;10;4;10;0;1,5;3;0,8
14,541216;0,4744;2,456604884;819,2458;0,7;0;25;45;10;4;10;0;1,5;3;0,8
12,080384;0,3982;2,412474257;822,3674;0,7;0;25;45;10;4;10;0;1,5;3;0,8
17,154016;0,3118;2,198685888;839,9475;0,7;0;25;45;10;4;10;0;1,5;3;0,8
13,260352;0,5154;2,934196332;819,0706;0,75;0,25;25;45;5;8;0;10;1,5;3;1,5
13,476064;0,4844;2,259488085;861,4808;0,75;0,25;25;45;5;8;0;10;1,5;3;1,5
13,352096;0,5724;2,969500834;825,6759;0,75;0,25;25;45;5;8;0;10;1,5;3;1,5
12,588896;0,5969;2,89791115;822,8508;0,75;0,25;25;45;5;8;0;10;1,5;3;1,5
15,676128;0,3817;2,310483476;849,2579;0,75;0,25;25;45;5;8;0;10;1,5;3;1,5
14,683296;0,575;2,493870746;820,8663;0,75;0,25;25;45;5;8;0;10;1,5;3;1,5
14,392704;0,4174;2,110424635;831,038;0,75;0,25;25;45;5;8;0;10;1,5;3;1,5
12,957312;0,3807;2,812591939;802,8677;0,75;0,25;25;45;5;8;0;10;1,5;3;1,5
16,275264;0,349;2,772384035;822,2998;0,75;0,25;25;45;5;8;0;10;1,5;3;1,5
17,265344;0,3651;2,230067667;864,5264;0,75;0,25;25;45;5;8;0;10;1,5;3;1,5
12,233472;0,3131;2,410512896;817,4783;0,75;0,25;25;45;5;8;0;10;1,5;3;1,5
15,515904;0,4589;2,120231441;840,1305;0,75;0,25;25;45;5;8;0;10;1,5;3;1,5
12,58688;0,4223;2,165342748;830,6289;0,75;0,25;25;45;5;8;0;10;1,5;3;1,5
16,820384;0,5996;2,105521232;835,9691;0,75;0,25;25;45;5;8;0;10;1,5;3;1,5
14,088736;0,3116;2,188879082;827,2289;0,75;0,25;25;45;5;8;0;10;1,5;3;1,5
14,391808;0,5969;2,173188193;846,5549;0,75;0,25;25;45;5;8;0;10;1,5;3;1,5
12,69856;0,5227;2,688045504;836,7816;0,75;0,25;25;45;5;8;0;10;1,5;3;1,5
12,1928;0,3359;2,642934196;806,464;0,75;0,25;25;45;5;8;0;10;1,5;3;1,5
14,106688;0,3251;2,828282828;831,5894;0,75;0,25;25;45;5;8;0;10;1,5;3;1,5
13,334144;0,3167;2,91458272;799,9969;0,75;0,25;25;45;5;8;0;10;1,5;3;1,5
12,006592;0,3753;2,906737276;836,8132;0,75;0,25;25;45;5;8;0;10;1,5;3;1,5
12,2232;0,4325;2,558595665;814,0432;0,75;0,25;25;45;5;8;0;10;1,5;3;1,5
12,1192;0,3133;2,582132;805,2512;0,75;0,25;25;45;5;8;0;10;1,5;3;1,5
14,462656;0,5847;2,986172404;818,5637;0,75;0,25;25;45;5;8;0;10;1,5;3;1,5
17,96576;0,5963;2,36736295;852,4961;0,75;0,25;25;45;5;8;0;10;1,5;3;1,5
12,49824;0,4357;2,473276454;829,7081;0,75;0,25;25;45;5;8;0;10;1,5;3;1,5
14,391424;0,4706;2,990095126;837,7443;0,75;0,25;25;45;5;8;0;10;1,5;3;1,5
13,018112;0,3991;2,545846818;841,032;0,75;0,25;25;45;5;8;0;10;1,5;3;1,5
14,839136;0,4804;2,606649014;841,9991;0,75;0,25;25;45;5;8;0;10;1,5;3;1,5
14,10048;0,5675;2,333039129;863,228;0,75;0,25;25;45;5;8;0;10;1,5;3;1,5
16,37232;0,5142;2,689026184;862,5781;0,75;0,25;25;45;5;8;0;10;1,5;3;1,5
16,112672;0,5776;2,476218496;842,9431;0,75;0,25;25;45;5;8;0;10;1,5;3;1,5
12,4488;0,5888;2,76453859;813,6758;0,75;0,25;25;45;5;8;0;10;1,5;3;1,5
12,358912;0,4129;2,410512896;848,1305;0,75;0,25;25;45;5;8;0;10;1,5;3;1,5
15,44432;0,4709;2,926350888;834,1306;0,75;0,25;25;45;5;8;0;10;1,5;3;1,5
13,47936;0,3444;2,696871629;806,7242;0,75;0,25;25;45;5;8;0;10;1,5;3;1,5
16,925504;0,5362;2,398744729;837,7742;0,75;0,25;25;45;5;8;0;10;1,5;3;1,5
15,598304;0,3077;2,526233206;833,0292;0,75;0,25;25;45;5;8;0;10;1,5;3;1,5
17,673696;0,5654;2,273217613;854,1163;0,75;0,25;25;45;5;8;0;10;1,5;3;1,5
14,22224;0,5185;2,280082377;830,6665;0,75;0,25;25;45;5;8;0;10;1,5;3;1,5
13,458112;0,3787;2,496812788;813,6459;0;0,5;25;45;0;12;5;10;0;1;1,5
15,889472;0,3255;2,157497303;832,6058;0;0,5;25;45;0;12;5;10;0;1;1,5
14,559904;0,507;2,13494165;833,7472;0;0,5;25;45;0;12;5;10;0;1;1,5
17,566944;0,4003;2,262430127;826,8912;0;0,5;25;45;0;12;5;10;0;1;1,5
15,044576;0,501;2,886142983;816,223;0;0,5;25;45;0;12;5;10;0;1;1,5
13,799808;0,4656;2,35167206;825,0527;0;0,5;25;45;0;12;5;10;0;1;1,5
13,786432;0,5776;2,366382269;824,4596;0;0,5;25;45;0;12;5;10;0;1;1,5
13,609376;0,3598;2,153574581;837,9601;0;0,5;25;45;0;12;5;10;0;1;1,5
15,241248;0,3039;2,349710699;823,4778;0;0,5;25;45;0;12;5;10;0;1;1,5
13,14224;0,5404;2,236932431;843,6462;0;0,5;25;45;0;12;5;10;0;1;1,5
15,970208;0,319;2,280082377;830,001;0;0,5;25;45;0;12;5;10;0;1;1,5
14,06752;0,5237;2,754731784;845,6842;0;0,5;25;45;0;12;5;10;0;1;1,5
12,912992;0,4922;2,335981171;816,2255;0;0,5;25;45;0;12;5;10;0;1;1,5
15,726304;0,3629;2,738060214;857,043;0;0,5;25;45;0;12;5;10;0;1;1,5
15,411552;0,5205;2,563499068;863,3884;0;0,5;25;45;0;12;5;10;0;1;1,5
17,029504;0,3631;2,66548985;848,2103;0;0,5;25;45;0;12;5;10;0;1;1,5
12,983136;0,5617;2,572325194;817,1543;0;0,5;25;45;0;12;5;10;0;1;1,5
16,107008;0,5342;2,183975679;841,1439;0;0,5;25;45;0;12;5;10;0;1;1,5
12,844512;0,4065;2,689026184;822,7217;0;0,5;25;45;0;12;5;10;0;1;1,5
13,70512;0,381;2,900853192;836,3455;0;0,5;25;45;0;12;5;10;0;1;1,5
15,184128;0,4869;2,97930764;846,1462;0;0,5;25;45;0;12;5;10;0;1;1,5
14,335936;0,531;2,727272727;820,7308;0;0,5;25;45;0;12;5;10;0;1;1,5
16,187008;0,5235;2,826321467;837,0653;0;0,5;25;45;0;12;5;10;0;1;1,5
13,1752;0,4996;2,50073551;831,8538;0;0,5;25;45;0;12;5;10;0;1;1,5
14,806528;0,3087;2,879278219;822,7671;0;0,5;25;45;0;12;5;10;0;1;1,5
16,710912;0,393;2,35069138;847,8711;0;0,5;25;45;0;12;5;10;0;1;1,5
17,289888;0,5284;2,156516623;867,6276;0;0,5;25;45;0;12;5;10;0;1;1,5
13,141504;0,5481;2,243797195;858,1688;0;0,5;25;45;0;12;5;10;0;1;1,5
15,449632;0,3214;2,91458272;809,1532;0;0,5;25;45;0;12;5;10;0;1;1,5
12,525152;0,3105;2,181033637;833,6865;0;0,5;25;45;0;12;5;10;0;1;1,5
16,688384;0,5753;2,58311268;827,3217;0;0,5;25;45;0;12;5;10;0;1;1,5
12,67696;0,4497;2,960674708;826,4548;0;0,5;25;45;0;12;5;10;0;1;1,5
17,771488;0,3608;2,453662842;852,7502;0;0,5;25;45;0;12;5;10;0;1;1,5
16,818752;0,5119;2,104540551;830,8334;0;0,5;25;45;0;12;5;10;0;1;1,5
12,350656;0,3031;2,542904776;817,2042;0;0,5;25;45;0;12;5;10;0;1;1,5
12,975808;0,4099;2,944003138;802,7351;0;0,5;25;45;0;12;5;10;0;1;1,5
14,238176;0,5912;2,407570854;836,5964;0;0,5;25;45;0;12;5;10;0;1;1,5
17,127296;0,5512;2,674315975;834,7623;0;0,5;25;45;0;12;5;10;0;1;1,5
12,428832;0,5237;2,524271845;828,1904;0;0,5;25;45;0;12;5;10;0;1;1,5
12,102912;0,5032;2,562518388;822,9241;0;0,5;25;45;0;12;5;10;0;1;1,5
13,875072;0,4934;2,640972835;832,0942;1;0,5;25;45;10;12;5;0;1,5;0;0
16,2328;0,3956;2,528194567;853,5776;1;0,5;25;45;10;12;5;0;1,5;0;0
12,0088;0,4084;2,474257134;814,1498;1;0,5;25;45;10;12;5;0;1,5;0;0
17,744736;0,561;2,574286555;853,0762;1;0,5;25;45;10;12;5;0;1,5;0;0
13,015904;0,5515;2,986172404;835,4908;1;0,5;25;45;10;12;5;0;1,5;0;0
14,91312;0,3126;2,99695989;821,6068;1;0,5;25;45;10;12;5;0;1,5;0;0
17,859552;0,3763;2,810630578;829,4799;1;0,5;25;45;10;12;5;0;1,5;0;0
17,95824;0,3592;2,437971953;828,3513;1;0,5;25;45;10;12;5;0;1,5;0;0
14,052864;0,3412;2,452682161;819,2505;1;0,5;25;45;10;12;5;0;1,5;0;0
12,692512;0,4581;2,819456703;812,349;1;0,5;25;45;10;12;5;0;1,5;0;0
13,183808;0,4813;2,741002256;838,0709;1;0,5;25;45;10;12;5;0;1,5;0;0
17,921984;0,4054;2,226144945;839,4825;1;0,5;25;45;10;12;5;0;1,5;0;0
14,18688;0,5167;2,944983819;809,5178;1;0,5;25;45;10;12;5;0;1,5;0;0
14,591392;0,4634;2,755712464;848,604;1;0,5;25;45;10;12;5;0;1,5;0;0
12,368064;0,5998;2,165342748;838,8485;1;0,5;25;45;10;12;5;0;1,5;0;0
16,685632;0,3264;2,735118172;856,9006;1;0,5;25;45;10;12;5;0;1,5;0;0
12,17744;0,5985;2,16926547;835,8904;1;0,5;25;45;10;12;5;0;1,5;0;0
13,875776;0,523;2,994998529;819,3389;1;0,5;25;45;10;12;5;0;1,5;0;0
13,732608;0,3182;2,699813671;814,4689;1;0,5;25;45;10;12;5;0;1,5;0;0
13,91936;0,5562;2,903795234;813,2606;1;0,5;25;45;10;12;5;0;1,5;0;0
15,092384;0,3606;2,746886339;852,488;1;0,5;25;45;10;12;5;0;1,5;0;0
16,808128;0,3817;2,373247033;821,7299;1;0,5;25;45;10;12;5;0;1,5;0;0
12,280512;0,3203;2,378150436;846,1442;1;0,5;25;45;10;12;5;0;1,5;0;0
16,665472;0,4227;2,618417182;837,5439;1;0,5;25;45;10;12;5;0;1,5;0;0
15,058496;0,3186;2,431107188;812,0377;1;0,5;25;45;10;12;5;0;1,5;0;0
13,396768;0,4228;2,983230362;825,5648;1;0,5;25;45;10;12;5;0;1,5;0;0
12,449344;0,475;2,973423556;811,4067;1;0,5;25;45;10;12;5;0;1,5;0;0
16,086496;0,4361;2,829263509;849,895;1;0,5;25;45;10;12;5;0;1,5;0;0
14,011104;0,4164;2,316367559;818,4827;1;0,5;25;45;10;12;5;0;1,5;0;0
14,146624;0,355;2,186917721;825,7227;1;0,5;25;45;10;12;5;0;1,5;0;0
16,859936;0,3234;2,903795234;839,1859;1;0,5;25;45;10;12;5;0;1,5;0;0
12,215872;0,3755;2,964597431;808,9838;1;0,5;25;45;10;12;5;0;1,5;0;0
12,443872;0,5144;2,4507208;812,8893;1;0,5;25;45;10;12;5;0;1,5;0;0
14,808;0,5999;2,629204668;857,0923;1;0,5;25;45;10;12;5;0;1,5;0;0
15,06656;0,4669;2,749828381;829,277;1;0,5;25;45;10;12;5;0;1,5;0;0
14,709312;0,3771;2,839070315;814,4921;1;0,5;25;45;10;12;5;0;1,5;0;0
16,159552;0,5766;2,84691576;846,286;1;0,5;25;45;10;12;5;0;1,5;0;0
15,127904;0,38;2,44974012;814,5044;1;0,5;25;45;10;12;5;0;1,5;0;0
14,307008;0,354;2,664509169;847,708;1;0,5;25;45;10;12;5;0;1,5;0;0
13,59216;0,5213;2,770422673;811,2511;1;0,5;25;45;10;12;5;0;1,5;0;0
13,018656;0,5582;2,699813671;857,1595;1;1;25;45;5;12;5;0;6;0;0
13,599104;0,3058;2,594880847;806,3647;1;1;25;45;5;12;5;0;6;0;0
16,25312;0,5685;2,48406394;848,5776;1;1;25;45;5;12;5;0;6;0;0
16,01216;0,4206;2,787094243;812,1841;1;1;25;45;5;12;5;0;6;0;0
15,691168;0,5932;2,294792586;862,7097;1;1;25;45;5;12;5;0;6;0;0
14,210528;0,4632;2,431107188;851,7744;1;1;25;45;5;12;5;0;6;0;0
17,759936;0,3163;2,744924978;856,7607;1;1;25;45;5;12;5;0;6;0;0
16,9872;0,3064;2,744924978;819,2389;1;1;25;45;5;12;5;0;6;0;0
14,405152;0,5816;2,221241542;838,8376;1;1;25;45;5;12;5;0;6;0;0
15,197312;0,3013;2,556634304;836,2954;1;1;25;45;5;12;5;0;6;0;0
17,616192;0,3137;2,994017848;818,1328;1;1;25;45;5;12;5;0;6;0;0
12,156736;0,3173;2,439933314;805,7156;1;1;25;45;5;12;5;0;6;0;0
13,69744;0,3774;2,584093361;818,4135;1;1;25;45;5;12;5;0;6;0;0
15,790592;0,3199;2,215357458;849,1942;1;1;25;45;5;12;5;0;6;0;0
17,294304;0,5741;2,798862411;831,8253;1;1;25;45;5;12;5;0;6;0;0
16,531264;0,3861;2,61547514;831,8076;1;1;25;45;5;12;5;0;6;0;0
15,163616;0,5756;2,21928018;846,4493;1;1;25;45;5;12;5;0;6;0;0
16,967616;0,4568;2,107482593;836,1558;1;1;25;45;5;12;5;0;6;0;0
15,700128;0,5959;2,76453859;856,2507;1;1;25;45;5;12;5;0;6;0;0
17,242272;0,4274;2,382073159;863,649;1;1;25;45;5;12;5;0;6;0;0
12,207296;0,6;2,403648132;849,9777;1;1;25;45;5;12;5;0;6;0;0
16,201472;0,5753;2,703736393;823,0935;1;1;25;45;5;12;5;0;6;0;0
15,923168;0,4502;2,842993037;817,9858;1;1;25;45;5;12;5;0;6;0;0
16,29232;0,5252;2,923408846;862,0021;1;1;25;45;5;12;5;0;6;0;0
14,79152;0,3905;2,46739237;826,745;1;1;25;45;5;12;5;0;6;0;0
14,211808;0,3519;2,554672943;830,962;1;1;25;45;5;12;5;0;6;0;0
13,986752;0,3678;2,446798078;818,7819;1;1;25;45;5;12;5;0;6;0;0
13,305024;0,5203;2,212415416;864,3074;1;1;25;45;5;12;5;0;6;0;0
14,187072;0,5909;2,607629695;843,9423;1;1;25;45;5;12;5;0;6;0;0
15,71424;0,3636;2,910659998;814,0397;1;1;25;45;5;12;5;0;6;0;0
17,597696;0,3271;2,361478866;837,8362;1;1;25;45;5;12;5;0;6;0;0
12,275584;0,498;2,325193684;830,2683;1;1;25;45;5;12;5;0;6;0;0
13,724;0,3361;2,20162793;843,5216;1;1;25;45;5;12;5;0;6;0;0
12,16992;0,4756;2,423261744;858,1334;1;1;25;45;5;12;5;0;6;0;0
16,896032;0,5415;2,157497303;845,8253;1;1;25;45;5;12;5;0;6;0;0
16,319584;0,375;2,347749338;821,8132;1;1;25;45;5;12;5;0;6;0;0
17,540576;0,4397;2,61645582;822,6838;1;1;25;45;5;12;5;0;6;0;0
12,537056;0,3286;2,667451211;802,8911;1;1;25;45;5;12;5;0;6;0;0
15,205536;0,4467;2,103559871;827,657;1;1;25;45;5;12;5;0;6;0;0
16,42416;0,3879;2,994017848;808,4814;1;1;25;45;5;12;5;0;6;0;0
13,333408;0,5815;2,825340787;817,5809;0;1,494023904;24,90039841;44,82071713;0;0;14,94023904;9,960159363;1,494023904;1,992031873;0,398406375
14,01936;0,4264;2,850838482;839,9182;0;1,494023904;24,90039841;44,82071713;0;0;14,94023904;9,960159363;1,494023904;1,992031873;0,398406375
17,784288;0,3884;2,378150436;821,9806;0;1,494023904;24,90039841;44,82071713;0;0;14,94023904;9,960159363;1,494023904;1,992031873;0,398406375
16,19728;0,3798;2,216338139;840,4758;0;1,494023904;24,90039841;44,82071713;0;0;14,94023904;9,960159363;1,494023904;1,992031873;0,398406375
15,108672;0,3951;2,216338139;820,8965;0;1,494023904;24,90039841;44,82071713;0;0;14,94023904;9,960159363;1,494023904;1,992031873;0,398406375
14,816416;0,5235;2,623320584;847,4283;0;1,494023904;24,90039841;44,82071713;0;0;14,94023904;9,960159363;1,494023904;1,992031873;0,398406375
14,572896;0,3099;2,283024419;828,4399;0;1,494023904;24,90039841;44,82071713;0;0;14,94023904;9,960159363;1,494023904;1,992031873;0,398406375
14,618112;0,5881;2,518387761;859,4336;0;1,494023904;24,90039841;44,82071713;0;0;14,94023904;9,960159363;1,494023904;1,992031873;0,398406375
15,930304;0,5552;2,507600275;824,4243;0;1,494023904;24,90039841;44,82071713;0;0;14,94023904;9,960159363;1,494023904;1,992031873;0,398406375
14,874656;0,4121;2,192801804;854,3389;0;1,494023904;24,90039841;44,82071713;0;0;14,94023904;9,960159363;1,494023904;1,992031873;0,398406375
16,946208;0,5394;2,156516623;844,9304;0;1,494023904;24,90039841;44,82071713;0;0;14,94023904;9,960159363;1,494023904;1,992031873;0,398406375
12,7872;0,3322;2,966558792;822,0465;0;1,494023904;24,90039841;44,82071713;0;0;14,94023904;9,960159363;1,494023904;1,992031873;0,398406375
12,67072;0,5653;2,457585564;825,1765;0;1,494023904;24,90039841;44,82071713;0;0;14,94023904;9,960159363;1,494023904;1,992031873;0,398406375
16,635808;0,4105;2,437971953;840,5306;0;1,494023904;24,90039841;44,82071713;0;0;14,94023904;9,960159363;1,494023904;1,992031873;0,398406375
16,462592;0,4774;2,581151319;861,1619;0;1,494023904;24,90039841;44,82071713;0;0;14,94023904;9,960159363;1,494023904;1,992031873;0,398406375
14,675808;0,3007;2,902814553;825,1542;0;1,494023904;24,90039841;44,82071713;0;0;14,94023904;9,960159363;1,494023904;1,992031873;0,398406375
12,761568;0,4451;2,481121899;826,4917;0;1,494023904;24,90039841;44,82071713;0;0;14,94023904;9,960159363;1,494023904;1,992031873;0,398406375
13,787904;0,3498;2,320290281;812,3254;0;1,494023904;24,90039841;44,82071713;0;0;14,94023904;9,960159363;1,494023904;1,992031873;0,398406375
15,613696;0,5846;2,704717074;856,6101;0;1,494023904;24,90039841;44,82071713;0;0;14,94023904;9,960159363;1,494023904;1,992031873;0,398406375
15,876096;0,3392;2,958713347;811,454;0;1,494023904;24,90039841;44,82071713;0;0;14,94023904;9,960159363;1,494023904;1,992031873;0,398406375
16,942912;0,3179;2,957732666;817,2255;0;1,494023904;24,90039841;44,82071713;0;0;14,94023904;9,960159363;1,494023904;1,992031873;0,398406375
16,015616;0,3618;2,592919486;819,3386;0;1,494023904;24,90039841;44,82071713;0;0;14,94023904;9,960159363;1,494023904;1,992031873;0,398406375
16,5752;0,4691;2,142787094;846,5752;0;1,494023904;24,90039841;44,82071713;0;0;14,94023904;9,960159363;1,494023904;1,992031873;0,398406375
16,352;0,5375;2,46641169;828,6718;0;1,494023904;24,90039841;44,82071713;0;0;14,94023904;9,960159363;1,494023904;1,992031873;0,398406375
14,012768;0,5984;2,547808179;832,1115;0;1,494023904;24,90039841;44,82071713;0;0;14,94023904;9,960159363;1,494023904;1,992031873;0,398406375
13,749088;0,4661;2,31832892;847,9154;0;1,494023904;24,90039841;44,82071713;0;0;14,94023904;9,960159363;1,494023904;1,992031873;0,398406375
15,956288;0,5738;2,901833873;827,6025;0;1,494023904;24,90039841;44,82071713;0;0;14,94023904;9,960159363;1,494023904;1,992031873;0,398406375
15,18816;0,5173;2,271256252;828,8599;0;1,494023904;24,90039841;44,82071713;0;0;14,94023904;9,960159363;1,494023904;1,992031873;0,398406375
17,578848;0,3798;2,799843091;830,7402;0;1,494023904;24,90039841;44,82071713;0;0;14,94023904;9,960159363;1,494023904;1,992031873;0,398406375
14,914944;0,4583;2,580170638;837,5791;0;1,494023904;24,90039841;44,82071713;0;0;14,94023904;9,960159363;1,494023904;1,992031873;0,398406375
17,549376;0,5642;2,281063058;838,0118;0;1,494023904;24,90039841;44,82071713;0;0;14,94023904;9,960159363;1,494023904;1,992031873;0,398406375
17,340064;0,5195;2,144748455;850,3074;0;1,494023904;24,90039841;44,82071713;0;0;14,94023904;9,960159363;1,494023904;1,992031873;0,398406375
12,80624;0,3217;2,871432774;813,8263;0;1,494023904;24,90039841;44,82071713;0;0;14,94023904;9,960159363;1,494023904;1,992031873;0,398406375
15,685664;0,3968;2,990095126;827,8325;0;1,494023904;24,90039841;44,82071713;0;0;14,94023904;9,960159363;1,494023904;1,992031873;0,398406375
15,080672;0,4157;2,892027067;828,916;0;1,494023904;24,90039841;44,82071713;0;0;14,94023904;9,960159363;1,494023904;1,992031873;0,398406375
16,384768;0,3921;2,69785231;845,2977;0;1,494023904;24,90039841;44,82071713;0;0;14,94023904;9,960159363;1,494023904;1,992031873;0,398406375
17,16976;0,4373;2,332058449;859,6719;0;1,494023904;24,90039841;44,82071713;0;0;14,94023904;9,960159363;1,494023904;1,992031873;0,398406375
13,2296;0,4908;2,708639796;808,8533;0;1,494023904;24,90039841;44,82071713;0;0;14,94023904;9,960159363;1,494023904;1,992031873;0,398406375
16,960288;0,3013;2,871432774;830,3541;0;1,494023904;24,90039841;44,82071713;0;0;14,94023904;9,960159363;1,494023904;1,992031873;0,398406375
13,270048;0,3772;2,790036285;809,0773;0;1,494023904;24,90039841;44,82071713;0;0;14,94023904;9,960159363;1,494023904;1,992031873;0,398406375
15,20224;0,581;2,182994999;834,9514;0,502008032;1,506024096;30,12048193;45,18072289;0;7,02811245;9,638554217;0;6,024096386;0;0
12,461632;0,3874;2,352652741;817,9034;0,502008032;1,506024096;30,12048193;45,18072289;0;7,02811245;9,638554217;0;6,024096386;0;0
17,031712;0,4788;2,286947141;830,3242;0,502008032;1,506024096;30,12048193;45,18072289;0;7,02811245;9,638554217;0;6,024096386;0;0
17,065216;0,3989;2,345787977;843,9498;0,502008032;1,506024096;30,12048193;45,18072289;0;7,02811245;9,638554217;0;6,024096386;0;0
13,2448;0,336;2,267333529;817,4508;0,502008032;1,506024096;30,12048193;45,18072289;0;7,02811245;9,638554217;0;6,024096386;0;0
14,792992;0,5592;2,305580073;857,2162;0,502008032;1,506024096;30,12048193;45,18072289;0;7,02811245;9,638554217;0;6,024096386;0;0
13,321504;0,5786;2,357556144;824,5485;0,502008032;1,506024096;30,12048193;45,18072289;0;7,02811245;9,638554217;0;6,024096386;0;0
15,710016;0,5505;2,46641169;860,1985;0,502008032;1,506024096;30,12048193;45,18072289;0;7,02811245;9,638554217;0;6,024096386;0;0
16,198016;0,4016;2,281063058;863,6882;0,502008032;1,506024096;30,12048193;45,18072289;0;7,02811245;9,638554217;0;6,024096386;0;0
12,880032;0,3923;2,838089634;804,3843;0,502008032;1,506024096;30,12048193;45,18072289;0;7,02811245;9,638554217;0;6,024096386;0;0
14,790784;0,3908;2,860645288;820,8358;0,502008032;1,506024096;30,12048193;45,18072289;0;7,02811245;9,638554217;0;6,024096386;0;0
12,76576;0,3821;2,841031676;818,8053;0,502008032;1,506024096;30,12048193;45,18072289;0;7,02811245;9,638554217;0;6,024096386;0;0
16,270144;0,381;2,786113563;823,7758;0,502008032;1,506024096;30,12048193;45,18072289;0;7,02811245;9,638554217;0;6,024096386;0;0
15,376192;0,4729;2,411493577;860,3512;0,502008032;1,506024096;30,12048193;45,18072289;0;7,02811245;9,638554217;0;6,024096386;0;0
12,083488;0,3533;2,247719918;810,7041;0,502008032;1,506024096;30,12048193;45,18072289;0;7,02811245;9,638554217;0;6,024096386;0;0
16,165216;0,5884;2,758654506;836,7555;0,502008032;1,506024096;30,12048193;45,18072289;0;7,02811245;9,638554217;0;6,024096386;0;0
17,7288;0,4684;2,626262626;841,4062;0,502008032;1,506024096;30,12048193;45,18072289;0;7,02811245;9,638554217;0;6,024096386;0;0
17,68048;0,3757;2,295773267;837,0602;0,502008032;1,506024096;30,12048193;45,18072289;0;7,02811245;9,638554217;0;6,024096386;0;0
14,277728;0,5387;2,254584682;839,1093;0,502008032;1,506024096;30,12048193;45,18072289;0;7,02811245;9,638554217;0;6,024096386;0;0
14,96128;0,4956;2,123173482;846,9316;0,502008032;1,506024096;30,12048193;45,18072289;0;7,02811245;9,638554217;0;6,024096386;0;0
13,649632;0,4368;2,63312739;836,355;0,502008032;1,506024096;30,12048193;45,18072289;0;7,02811245;9,638554217;0;6,024096386;0;0
14,687712;0,3506;2,181033637;825,7852;0,502008032;1,506024096;30,12048193;45,18072289;0;7,02811245;9,638554217;0;6,024096386;0;0
13,634624;0,5423;2,61547514;829,4717;0,502008032;1,506024096;30,12048193;45,18072289;0;7,02811245;9,638554217;0;6,024096386;0;0
16,078624;0,3496;2,463469648;824,2498;0,502008032;1,506024096;30,12048193;45,18072289;0;7,02811245;9,638554217;0;6,024096386;0;0
16,667136;0,4255;2,146709817;824,9192;0,502008032;1,506024096;30,12048193;45,18072289;0;7,02811245;9,638554217;0;6,024096386;0;0
13,539584;0,3109;2,990095126;843,9896;0,502008032;1,506024096;30,12048193;45,18072289;0;7,02811245;9,638554217;0;6,024096386;0;0
16,34944;0,5691;2,975384917;823,2166;0,502008032;1,506024096;30,12048193;45,18072289;0;7,02811245;9,638554217;0;6,024096386;0;0
15,06272;0,3027;2,547808179;815,667;0,502008032;1,506024096;30,12048193;45,18072289;0;7,02811245;9,638554217;0;6,024096386;0;0
17,724608;0,5272;2,719427283;833,4242;0,502008032;1,506024096;30,12048193;45,18072289;0;7,02811245;9,638554217;0;6,024096386;0;0
16,3736;0,3204;2,487986663;824,8737;0,502008032;1,506024096;30,12048193;45,18072289;0;7,02811245;9,638554217;0;6,024096386;0;0
13,300256;0,4217;2,101598509;863,1069;0,502008032;1,506024096;30,12048193;45,18072289;0;7,02811245;9,638554217;0;6,024096386;0;0
14,830528;0,302;2,994017848;842,7863;0,502008032;1,506024096;30,12048193;45,18072289;0;7,02811245;9,638554217;0;6,024096386;0;0
16,823136;0,3762;2,836128273;847,6694;0,502008032;1,506024096;30,12048193;45,18072289;0;7,02811245;9,638554217;0;6,024096386;0;0
15,0728;0,4809;2,600764931;840,663;0,502008032;1,506024096;30,12048193;45,18072289;0;7,02811245;9,638554217;0;6,024096386;0;0
16,800064;0,5877;2,495832107;835,9113;0,502008032;1,506024096;30,12048193;45,18072289;0;7,02811245;9,638554217;0;6,024096386;0;0
14,419456;0,576;2,785132882;820,2037;0,502008032;1,506024096;30,12048193;45,18072289;0;7,02811245;9,638554217;0;6,024096386;0;0
17,773504;0,5353;2,522310483;838,288;0,502008032;1,506024096;30,12048193;45,18072289;0;7,02811245;9,638554217;0;6,024096386;0;0
16,017088;0,5198;2,320290281;852,4191;0,502008032;1,506024096;30,12048193;45,18072289;0;7,02811245;9,638554217;0;6,024096386;0;0
13,344032;0,3271;2,410512896;811,9147;0,502008032;1,506024096;30,12048193;45,18072289;0;7,02811245;9,638554217;0;6,024096386;0;0
15,738752;0,3229;2,98028832;804,6605;0,502008032;1,506024096;30,12048193;45,18072289;0;7,02811245;9,638554217;0;6,024096386;0;0
16,944352;0,5836;2,554672943;839,8945;0,7;1,5;25;45;15;0;0;5;6;1;0,8
16,832128;0,5776;2,323232323;861,9729;0,7;1,5;25;45;15;0;0;5;6;1;0,8
12,361824;0,5598;2,254584682;823,6667;0,7;1,5;25;45;15;0;0;5;6;1;0,8
12,318048;0,5975;2,324213004;827,2516;0,7;1,5;25;45;15;0;0;5;6;1;0,8
16,013056;0,5037;2,78121016;835,5048;0,7;1,5;25;45;15;0;0;5;6;1;0,8
13,139488;0,4956;2,379131117;821,7439;0,7;1,5;25;45;15;0;0;5;6;1;0,8
16,966336;0,4532;2,912621359;830,4655;0,7;1,5;25;45;15;0;0;5;6;1;0,8
14,05872;0,5991;2,766499951;857,4298;0,7;1,5;25;45;15;0;0;5;6;1;0,8
16,715648;0,5698;2,226144945;829,4409;0,7;1,5;25;45;15;0;0;5;6;1;0,8
17,307296;0,3027;2,36834363;862,7487;0,7;1,5;25;45;15;0;0;5;6;1;0,8
12,704064;0,3099;2,254584682;810,6774;0,7;1,5;25;45;15;0;0;5;6;1;0,8
17,982976;0,5586;2,366382269;870,1681;0,7;1,5;25;45;15;0;0;5;6;1;0,8
15,596864;0,3343;2,806707855;819,8409;0,7;1,5;25;45;15;0;0;5;6;1;0,8
17,199264;0,404;2,385995881;824,3676;0,7;1,5;25;45;15;0;0;5;6;1;0,8
16,305312;0,5545;2,446798078;824,238;0,7;1,5;25;45;15;0;0;5;6;1;0,8
14,983616;0,4265;2,612533098;847,7349;0,7;1,5;25;45;15;0;0;5;6;1;0,8
16,759968;0,3164;2,241835834;833,3931;0,7;1,5;25;45;15;0;0;5;6;1;0,8
12,92544;0,5672;2,86358733;851,4723;0,7;1,5;25;45;15;0;0;5;6;1;0,8
16,433856;0,422;2,865548691;816,1055;0,7;1,5;25;45;15;0;0;5;6;1;0,8
14,575104;0,3601;2,230067667;831,228;0,7;1,5;25;45;15;0;0;5;6;1;0,8
14,61648;0,3885;2,269294891;826,3331;0,7;1,5;25;45;15;0;0;5;6;1;0,8
17,592224;0,4107;2,874374816;854,434;0,7;1,5;25;45;15;0;0;5;6;1;0,8
16,436768;0,5445;2,912621359;841,6472;0,7;1,5;25;45;15;0;0;5;6;1;0,8
15,64336;0,3107;2,694910268;821,576;0,7;1,5;25;45;15;0;0;5;6;1;0,8
12,636864;0,5644;2,456604884;833,4719;0,7;1,5;25;45;15;0;0;5;6;1;0,8
16,05152;0,4911;2,950867902;847,6077;0,7;1,5;25;45;15;0;0;5;6;1;0,8
17,095424;0,4394;2,122192802;828,3497;0,7;1,5;25;45;15;0;0;5;6;1;0,8
13,19424;0,512;2,948906541;840,9358;0,7;1,5;25;45;15;0;0;5;6;1;0,8
12,100352;0,5868;2,110424635;833,6425;0,7;1,5;25;45;15;0;0;5;6;1;0,8
13,65184;0,3906;2,494851427;815,676;0,7;1,5;25;45;15;0;0;5;6;1;0,8
17,373952;0,4963;2,97930764;818,1862;0,7;1,5;25;45;15;0;0;5;6;1;0,8
17,105856;0,4665;2,206531333;856,3594;0,7;1,5;25;45;15;0;0;5;6;1;0,8
12,84432;0,4143;2,192801804;843,941;0,7;1,5;25;45;15;0;0;5;6;1;0,8
12,98752;0,4043;2,588996764;806,3466;0,7;1,5;25;45;15;0;0;5;6;1;0,8
15,17056;0,3649;2,926350888;817,0302;0,7;1,5;25;45;15;0;0;5;6;1;0,8
16,8768;0,3339;2,772384035;809,5596;0,7;1,5;25;45;15;0;0;5;6;1;0,8
14,014944;0,4094;2,733156811;825,0781;0,7;1,5;25;45;15;0;0;5;6;1;0,8
14,64944;0,5281;2,512503678;823,3473;0,7;1,5;25;45;15;0;0;5;6;1;0,8
14,067328;0,3423;2,580170638;844,3386;0,7;1,5;25;45;15;0;0;5;6;1;0,8
12,376672;0,518;2,951848583;846,728;0,7;1,5;25;45;15;0;0;5;6;1;0,8
14,817344;0,3257;2,938119055;814,6388;0,75;1,5;25;45;0;0;10;15;0;2;0,75
17,973632;0,3458;2,550750221;824,9662;0,75;1,5;25;45;0;0;10;15;0;2;0,75
12,079104;0,3606;2,241835834;827,4335;0,75;1,5;25;45;0;0;10;15;0;2;0,75
14,596704;0,3546;2,56546043;826,9208;0,75;1,5;25;45;0;0;10;15;0;2;0,75
15,26432;0,3957;2,207512013;832,709;0,75;1,5;25;45;0;0;10;15;0;2;0,75
15,793152;0,4169;2,308522114;822,5444;0,75;1,5;25;45;0;0;10;15;0;2;0,75
14,405152;0,4742;2,91360204;812,4581;0,75;1,5;25;45;0;0;10;15;0;2;0,75
16,398688;0,3989;2,156516623;841,4364;0,75;1,5;25;45;0;0;10;15;0;2;0,75
16,928256;0,3178;2,944983819;825,6183;0,75;1,5;25;45;0;0;10;15;0;2;0,75
13,18656;0,3639;2,625281946;818,6206;0,75;1,5;25;45;0;0;10;15;0;2;0,75
16,177856;0,4478;2,802785133;837,6635;0,75;1,5;25;45;0;0;10;15;0;2;0,75
17,26592;0,5125;2,209473375;865,9698;0,75;1,5;25;45;0;0;10;15;0;2;0,75
17,689632;0,3444;2,570363832;831,9197;0,75;1,5;25;45;0;0;10;15;0;2;0,75
16,22912;0,5601;2,982249681;833,965;0,75;1,5;25;45;0;0;10;15;0;2;0,75
15,213248;0,5432;2,843973718;814,2344;0,75;1,5;25;45;0;0;10;15;0;2;0,75
12,052192;0,352;2,357556144;814,0449;0,75;1,5;25;45;0;0;10;15;0;2;0,75
12,487264;0,569;2,63214671;813,244;0,75;1,5;25;45;0;0;10;15;0;2;0,75
14,741536;0,5165;2,518387761;848,6221;0,75;1,5;25;45;0;0;10;15;0;2;0,75
12,761024;0,5074;2,305580073;838,7855;0,75;1,5;25;45;0;0;10;15;0;2;0,75
15,73328;0,4552;2,399725409;819,9401;0,75;1,5;25;45;0;0;10;15;0;2;0,75
12,069216;0,5138;2,621359223;808,1372;0,75;1,5;25;45;0;0;10;15;0;2;0,75
13,0408;0,5701;2,843973718;820,9841;0,75;1,5;25;45;0;0;10;15;0;2;0,75
14,254656;0,3598;2,503677552;815,5256;0,75;1,5;25;45;0;0;10;15;0;2;0,75
16,155168;0,3297;2,409532215;824,2201;0,75;1,5;25;45;0;0;10;15;0;2;0,75
13,74192;0,5173;2,784152202;829,8167;0,75;1,5;25;45;0;0;10;15;0;2;0,75
12,690336;0,5708;2,749828381;843,1781;0,75;1,5;25;45;0;0;10;15;0;2;0,75
12,0608;0,5797;2,413454938;820,5266;0,75;1,5;25;45;0;0;10;15;0;2;0,75
16,78544;0,4396;2,848877121;819,2799;0,75;1,5;25;45;0;0;10;15;0;2;0,75
14,120064;0,4215;2,430126508;813,3158;0,75;1,5;25;45;0;0;10;15;0;2;0,75
13,249376;0,3689;2,822398745;829,7231;0,75;1,5;25;45;0;0;10;15;0;2;0,75
16,23024;0,494;2,385995881;836,9768;0,75;1,5;25;45;0;0;10;15;0;2;0,75
13,462688;0,5936;2,88123958;855,814;0,75;1,5;25;45;0;0;10;15;0;2;0,75
15,877376;0,3598;2,749828381;824,2374;0,75;1,5;25;45;0;0;10;15;0;2;0,75
13,023232;0,3032;2,855741885;806,3242;0,75;1,5;25;45;0;0;10;15;0;2;0,75
13,246624;0,5643;2,455624203;851,2679;0,75;1,5;25;45;0;0;10;15;0;2;0,75
13,146464;0,4322;2,2840051;852,4742;0,75;1,5;25;45;0;0;10;15;0;2;0,75
16,495744;0,3443;2,426203785;824,8136;0,75;1,5;25;45;0;0;10;15;0;2;0,75
15,81328;0,4877;2,862606649;816,035;0,75;1,5;25;45;0;0;10;15;0;2;0,75
14,777984;0,4749;2,454643523;816,8837;0,75;1,5;25;45;0;0;10;15;0;2;0,75
16,667872;0,515;2,459546926;857,9785;0,75;1,5;25;45;0;0;10;15;0;2;0,75
15,016032;0,4532;2,245758556;866,584;0;2;25;45;0;0;15;10;3;0;0
13,66704;0,3997;2,288908503;827,7783;0;2;25;45;0;0;15;10;3;0;0
16,425248;0,52;2,126115524;862,7445;0;2;25;45;0;0;15;10;3;0;0
13,47824;0,4086;2,948906541;839,6277;0;2;25;45;0;0;15;10;3;0;0
12,787392;0,4185;2,510542316;824,0334;0;2;25;45;0;0;15;10;3;0;0
17,62848;0,567;2,824360106;827,384;0;2;25;45;0;0;15;10;3;0;0
16,4736;0,5912;2,13494165;835,0895;0;2;25;45;0;0;15;10;3;0;0
12,401024;0,3741;2,444836717;843,2899;0;2;25;45;0;0;15;10;3;0;0
14,217856;0,4134;2,252623321;818,6216;0;2;25;45;0;0;15;10;3;0;0
16,486784;0,3556;2,216338139;834,7838;0;2;25;45;0;0;15;10;3;0;0
16,641312;0,3652;2,38403452;823,384;0;2;25;45;0;0;15;10;3;0;0
12,379776;0,3541;2,502696872;808,8312;0;2;25;45;0;0;15;10;3;0;0
15,523968;0,3399;2,944983819;843,4237;0;2;25;45;0;0;15;10;3;0;0
13,528064;0,5569;2,481121899;863,2087;0;2;25;45;0;0;15;10;3;0;0
16,830272;0,391;2,121212121;848,4934;0;2;25;45;0;0;15;10;3;0;0
15,23008;0,4608;2,253604001;828,9447;0;2;25;45;0;0;15;10;3;0;0
17,480896;0,3159;2,316367559;836,5873;0;2;25;45;0;0;15;10;3;0;0
15,284448;0,5755;2,819456703;817,1763;0;2;25;45;0;0;15;10;3;0;0
15,876448;0,4776;2,756693145;846,8455;0;2;25;45;0;0;15;10;3;0;0
14,387776;0,5631;2,118270079;831,7289;0;2;25;45;0;0;15;10;3;0;0
14,171872;0,5635;2,560557027;843,8915;0;2;25;45;0;0;15;10;3;0;0
14,283584;0,4166;2,425223105;844,2013;0;2;25;45;0;0;15;10;3;0;0
12,298656;0,4816;2,571344513;820,6522;0;2;25;45;0;0;15;10;3;0;0
13,660256;0,4744;2,118270079;835,5077;0;2;25;45;0;0;15;10;3;0;0
17,739616;0,3954;2,35069138;859,4133;0;2;25;45;0;0;15;10;3;0;0
13,799808;0,5734;2,399725409;822,3281;0;2;25;45;0;0;15;10;3;0;0
17,0504;0,4944;2,233990389;834,3805;0;2;25;45;0;0;15;10;3;0;0
15,976064;0,4396;2,887123664;826,7771;0;2;25;45;0;0;15;10;3;0;0
17,134816;0,5036;2,35167206;860,7526;0;2;25;45;0;0;15;10;3;0;0
16,603424;0,4149;2,262430127;825,2728;0;2;25;45;0;0;15;10;3;0;0
12,267168;0,4299;2,209473375;845,1281;0;2;25;45;0;0;15;10;3;0;0
12,134592;0,4233;2,18593704;819,2225;0;2;25;45;0;0;15;10;3;0;0
14,866784;0,446;2,63312739;826,8145;0;2;25;45;0;0;15;10;3;0;0
13,710432;0,4729;2,769441993;844,076;0;2;25;45;0;0;15;10;3;0;0
12,019776;0,512;2,873394136;842,3257;0;2;25;45;0;0;15;10;3;0;0
17,556704;0,5967;2,214376777;875,0404;0;2;25;45;0;0;15;10;3;0;0
15,753952;0,3342;2,779248799;807,0282;0;2;25;45;0;0;15;10;3;0;0
15,133408;0,53;2,415416299;855,7985;0;2;25;45;0;0;15;10;3;0;0
15,06144;0,5619;2,825340787;821,1396;0;2;25;45;0;0;15;10;3;0;0
13,033472;0,3255;2,521329803;826,858;0;2;25;45;0;0;15;10;3;0;0
15,672672;0,4211;2,906737276;817,9962;0,5;2;25;45;5;8;5;0;6;2;1,5
14,630752;0,4066;2,958713347;835,8792;0,5;2;25;45;5;8;5;0;6;2;1,5
17,579392;0,4861;2,597822889;866,1779;0,5;2;25;45;5;8;5;0;6;2;1,5
17,478304;0,4571;2,821418064;848,0513;0,5;2;25;45;5;8;5;0;6;2;1,5
14,308288;0,3884;2,869471413;834,264;0,5;2;25;45;5;8;5;0;6;2;1,5
14,456992;0,4492;2,322251643;819,4796;0,5;2;25;45;5;8;5;0;6;2;1,5
13,944288;0,4633;2,973423556;827,8632;0,5;2;25;45;5;8;5;0;6;2;1,5
16,674656;0,5084;2,20260861;872,8573;0,5;2;25;45;5;8;5;0;6;2;1,5
15,904672;0,4337;2,380111798;831,3621;0,5;2;25;45;5;8;5;0;6;2;1,5
14,113088;0,5168;2,813572619;834,2422;0,5;2;25;45;5;8;5;0;6;2;1,5
15,460992;0,5321;2,393841326;834,7799;0,5;2;25;45;5;8;5;0;6;2;1,5
12,027648;0,3529;2,844954398;811,2039;0,5;2;25;45;5;8;5;0;6;2;1,5
12,01392;0,5587;2,915563401;813,6569;0,5;2;25;45;5;8;5;0;6;2;1,5
17,095616;0,4694;2,233990389;834,3917;0,5;2;25;45;5;8;5;0;6;2;1,5
15,116928;0,4788;2,475237815;859,291;0,5;2;25;45;5;8;5;0;6;2;1,5
15,313568;0,4086;2,925370207;843,4606;0,5;2;25;45;5;8;5;0;6;2;1,5
12,247552;0,456;2,430126508;819,6344;0,5;2;25;45;5;8;5;0;6;2;1,5
13,647072;0,355;2,994998529;815,1058;0,5;2;25;45;5;8;5;0;6;2;1,5
12,333824;0,3245;2,716485241;839,7628;0,5;2;25;45;5;8;5;0;6;2;1,5
13,429184;0,3254;2,137883691;839,1539;0,5;2;25;45;5;8;5;0;6;2;1,5
15,025184;0,5971;2,673335295;845,8663;0,5;2;25;45;5;8;5;0;6;2;1,5
17,507264;0,5969;2,322251643;832,2013;0,5;2;25;45;5;8;5;0;6;2;1,5
13,717024;0,5127;2,41737766;845,4641;0,5;2;25;45;5;8;5;0;6;2;1,5
17,14304;0,3722;2,699813671;817,1672;0,5;2;25;45;5;8;5;0;6;2;1,5
14,324608;0,3196;2,99597921;820,8119;0,5;2;25;45;5;8;5;0;6;2;1,5
12,660288;0,382;2,279101697;833,9238;0,5;2;25;45;5;8;5;0;6;2;1,5
15,805216;0,5972;2,585074041;823,9875;0,5;2;25;45;5;8;5;0;6;2;1,5
13,844096;0,4253;2,26831421;834,2987;0,5;2;25;45;5;8;5;0;6;2;1,5
12,432704;0,4149;2,266352849;846,2356;0,5;2;25;45;5;8;5;0;6;2;1,5
14,088;0,5473;2,670393253;828,6167;0,5;2;25;45;5;8;5;0;6;2;1,5
17,820736;0,3288;2,451701481;833,3997;0,5;2;25;45;5;8;5;0;6;2;1,5
16,293408;0,4547;2,15161322;825,934;0,5;2;25;45;5;8;5;0;6;2;1,5
14,6952;0,3155;2,58311268;820,7378;0,5;2;25;45;5;8;5;0;6;2;1,5
14,517408;0,4682;2,959694028;835,8153;0,5;2;25;45;5;8;5;0;6;2;1,5
16,419392;0,4436;2,2840051;826,1708;0,5;2;25;45;5;8;5;0;6;2;1,5
15,372;0,4128;2,919486123;815,5466;0,5;2;25;45;5;8;5;0;6;2;1,5
12,265696;0,3828;2,18495636;819,7428;0,5;2;25;45;5;8;5;0;6;2;1,5
15,17168;0,3455;2,379131117;836,3308;0,5;2;25;45;5;8;5;0;6;2;1,5
12,440736;0,4501;2,596842208;816,9062;0,5;2;25;45;5;8;5;0;6;2;1,5
16,832672;0,4209;2,721388644;858,99;0,5;2;25;45;5;8;5;0;6;2;1,5
12,857152;0,5941;2,76453859;844,9272;1;2;25;45;0;12;0;10;3;2;0
14,520352;0,4932;2,743944297;834,4208;1;2;25;45;0;12;0;10;3;2;0
17,658144;0,3165;2,464450329;821,2064;1;2;25;45;0;12;0;10;3;2;0
12,048896;0,3573;2,791997646;813,6284;1;2;25;45;0;12;0;10;3;2;0
17,490592;0,4307;2,382073159;839,5635;1;2;25;45;0;12;0;10;3;2;0
15,028832;0,3259;2,263410807;819,2031;1;2;25;45;0;12;0;10;3;2;0
13,528064;0,3588;2,335981171;818,0536;1;2;25;45;0;12;0;10;3;2;0
14,765888;0,3449;2,16828479;838,722;1;2;25;45;0;12;0;10;3;2;0
15,245472;0,5651;2,776306757;836,3472;1;2;25;45;0;12;0;10;3;2;0
17,909184;0,3462;2,855741885;827,7053;1;2;25;45;0;12;0;10;3;2;0
17,941216;0,5278;2,342845935;832,0505;1;2;25;45;0;12;0;10;3;2;0
13,849408;0,3379;2,30067667;811,4214;1;2;25;45;0;12;0;10;3;2;0
14,01056;0,3482;2,279101697;834,4751;1;2;25;45;0;12;0;10;3;2;0
17,868512;0,5322;2,156516623;872,8939;1;2;25;45;0;12;0;10;3;2;0
13,970816;0,5969;2,41737766;821,5031;1;2;25;45;0;12;0;10;3;2;0
16,036512;0,3103;2,664509169;808,7844;1;2;25;45;0;12;0;10;3;2;0
17,23296;0,3976;2,223202903;830,3798;1;2;25;45;0;12;0;10;3;2;0
15,860896;0,5254;2,634108071;850,6184;1;2;25;45;0;12;0;10;3;2;0
16,625216;0,3491;2,399725409;836,0098;1;2;25;45;0;12;0;10;3;2;0
16,685088;0,4427;2,675296656;819,0918;1;2;25;45;0;12;0;10;3;2;0
12,667616;0,3841;2,560557027;827,006;1;2;25;45;0;12;0;10;3;2;0
13,836064;0,4175;2,702755712;848,8806;1;2;25;45;0;12;0;10;3;2;0
13,594912;0,3653;2,155535942;819,1439;1;2;25;45;0;12;0;10;3;2;0
12,524256;0,4101;2,69785231;821,8123;1;2;25;45;0;12;0;10;3;2;0
15,129184;0,4201;2,871432774;813,3041;1;2;25;45;0;12;0;10;3;2;0
15,490272;0,3387;2,233990389;824,2095;1;2;25;45;0;12;0;10;3;2;0
14,004704;0,4112;2,584093361;851,0654;1;2;25;45;0;12;0;10;3;2;0
14,404608;0,4694;2,362459547;819,9691;1;2;25;45;0;12;0;10;3;2;0
13,240224;0,3465;2,478179857;812,957;1;2;25;45;0;12;0;10;3;2;0
15,015488;0,3443;2,667451211;826,9454;1;2;25;45;0;12;0;10;3;2;0
13,163136;0,5248;2,131999608;820,6782;1;2;25;45;0;12;0;10;3;2;0
12,047424;0,4466;2,473276454;830,9371;1;2;25;45;0;12;0;10;3;2;0
12,182208;0,5205;2,357556144;832,735;1;2;25;45;0;12;0;10;3;2;0
15,84992;0,3032;2,626262626;849,7781;1;2;25;45;0;12;0;10;3;2;0
17,311872;0,3043;2,308522114;831,0088;1;2;25;45;0;12;0;10;3;2;0
16,795328;0,5249;2,425223105;852,0188;1;2;25;45;0;12;0;10;3;2;0
16,444832;0,5029;2,550750221;820,8461;1;2;25;45;0;12;0;10;3;2;0
13,42752;0,3845;2,527213886;824,0599;1;2;25;45;0;12;0;10;3;2;0
14,376224;0,5952;2,391879965;843,9172;1;2;25;45;0;12;0;10;3;2;0
14,361408;0,5316;2,110424635;831,3905;1;2;25;45;0;12;0;10;3;2;0
12,5768;0,446;2,279101697;817,9971;0;0;39,6;45;0;4;0;10;0;1;0,4
13,929088;0,3455;2,89693047;798,426;0;0;39,6;45;0;4;0;10;0;1;0,4
16,71584;0,378;2,250661959;818,8112;0;0;39,6;45;0;4;0;10;0;1;0,4
13,580608;0,4257;2,939099735;847,4382;0;0;39,6;45;0;4;0;10;0;1;0,4
17,935168;0,3804;2,758654506;819,7332;0;0;39,6;45;0;4;0;10;0;1;0,4
17,030976;0,3192;2,677258017;832,6024;0;0;39,6;45;0;4;0;10;0;1;0,4
13,872672;0,5556;2,447778758;853,6912;0;0;39,6;45;0;4;0;10;0;1;0,4
17,158784;0,4859;2,544866137;831,662;0;0;39,6;45;0;4;0;10;0;1;0,4
15,43552;0,4032;2,803765813;805,7842;0;0;39,6;45;0;4;0;10;0;1;0,4
16,655424;0,4015;2,94694518;813,7904;0;0;39,6;45;0;4;0;10;0;1;0,4
15,323456;0,5412;2,556634304;836,6636;0;0;39,6;45;0;4;0;10;0;1;0,4
16,422688;0,5975;2,998921251;817,7694;0;0;39,6;45;0;4;0;10;0;1;0,4
14,302432;0,5652;2,550750221;816,6289;0;0;39,6;45;0;4;0;10;0;1;0,4
13,721248;0,5391;2,526233206;820,889;0;0;39,6;45;0;4;0;10;0;1;0,4
15,228064;0,5449;2,175149554;839,504;0;0;39,6;45;0;4;0;10;0;1;0,4
16,070208;0,4402;2,826321467;830,9457;0;0;39,6;45;0;4;0;10;0;1;0,4
14,818624;0,4582;2,661567128;817,6527;0;0;39,6;45;0;4;0;10;0;1;0,4
16,893472;0,4165;2,594880847;824,6312;0;0;39,6;45;0;4;0;10;0;1;0,4
17,179648;0,5623;2,835147592;835,5938;0;0;39,6;45;0;4;0;10;0;1;0,4
16,920384;0,5755;2,513484358;850,5583;0;0;39,6;45;0;4;0;10;0;1;0,4
15,075712;0,3029;2,640972835;811,2333;0;0;39,6;45;0;4;0;10;0;1;0,4
13,332512;0,5441;2,30067667;850,4038;0;0;39,6;45;0;4;0;10;0;1;0,4
16,95536;0,561;2,717465921;852,9579;0;0;39,6;45;0;4;0;10;0;1;0,4
16,663296;0,5342;2,823379425;832,3207;0;0;39,6;45;0;4;0;10;0;1;0,4
17,723488;0,5363;2,7488477;827,5978;0;0;39,6;45;0;4;0;10;0;1;0,4
17,445536;0,3451;2,473276454;830,7021;0;0;39,6;45;0;4;0;10;0;1;0,4
15,265792;0,3689;2,163381387;823,8477;0;0;39,6;45;0;4;0;10;0;1;0,4
16,610368;0,504;2,206531333;846,9735;0;0;39,6;45;0;4;0;10;0;1;0,4
12,720896;0,4987;2,309502795;832,4705;0;0;39,6;45;0;4;0;10;0;1;0,4
17,635424;0,4436;2,139845052;828,3765;0;0;39,6;45;0;4;0;10;0;1;0,4
12,505216;0,4613;2,884181622;804,1489;0;0;39,6;45;0;4;0;10;0;1;0,4
16,443552;0,3171;2,316367559;815,1399;0;0;39,6;45;0;4;0;10;0;1;0,4
14,08528;0,4222;2,528194567;812,1235;0;0;39,6;45;0;4;0;10;0;1;0,4
13,051232;0,4514;2,231048348;815,7692;0;0;39,6;45;0;4;0;10;0;1;0,4
15,501632;0,3483;2,680200059;845,5223;0;0;39,6;45;0;4;0;10;0;1;0,4
14,966592;0,5372;2,718446602;853,9657;0;0;39,6;45;0;4;0;10;0;1;0,4
12,642176;0,417;2,100617829;824,1543;0;0;39,6;45;0;4;0;10;0;1;0,4
14,338336;0,3563;2,100617829;819,8119;0;0;39,6;45;0;4;0;10;0;1;0,4
14,266176;0,5626;2,74786702;828,0153;0;0;39,6;45;0;4;0;10;0;1;0,4
16,85392;0,5475;2,803765813;839,7257;0;0;39,6;45;0;4;0;10;0;1;0,4
12,776384;0,36;2,727272727;820,9523;0,3;0,5;40;45;10;0;0;0;3;0;1,2
14,387936;0,4088;2,332058449;854,7301;0,3;0,5;40;45;10;0;0;0;3;0;1,2
12,743968;0,4468;2,394822006;816,8263;0,3;0,5;40;45;10;0;0;0;3;0;1,2
15,400928;0,5381;2,804746494;811,9451;0,3;0,5;40;45;10;0;0;0;3;0;1,2
15,180832;0,3816;2,925370207;841,8513;0,3;0,5;40;45;10;0;0;0;3;0;1,2
13,087488;0,4103;2,155535942;825,4893;0,3;0,5;40;45;10;0;0;0;3;0;1,2
17,563648;0,441;2,7488477;834,5033;0,3;0,5;40;45;10;0;0;0;3;0;1,2
17,274688;0,4933;2,100617829;851,6219;0,3;0,5;40;45;10;0;0;0;3;0;1,2
17,607232;0,4533;2,640972835;827,4885;0,3;0,5;40;45;10;0;0;0;3;0;1,2
12,070304;0,5001;2,256546043;850,5369;0,3;0,5;40;45;10;0;0;0;3;0;1,2
14,787328;0,4702;2,378150436;819,0591;0,3;0,5;40;45;10;0;0;0;3;0;1,2
13,262368;0,3794;2,936157693;818,6505;0,3;0,5;40;45;10;0;0;0;3;0;1,2
15,61552;0,5756;2,460527606;823,0703;0,3;0,5;40;45;10;0;0;0;3;0;1,2
15,466304;0,4432;2,192801804;831,4584;0,3;0,5;40;45;10;0;0;0;3;0;1,2
12,660832;0,432;2,792978327;799,213;0,3;0,5;40;45;10;0;0;0;3;0;1,2
15,02352;0,3319;2,43404923;855,9207;0,3;0,5;40;45;10;0;0;0;3;0;1,2
15,324736;0,3649;2,827302148;831,931;0,3;0,5;40;45;10;0;0;0;3;0;1,2
12,650784;0,4175;2,30067667;816,813;0,3;0,5;40;45;10;0;0;0;3;0;1,2
12,363648;0,3838;2,26831421;848,9357;0,3;0,5;40;45;10;0;0;0;3;0;1,2
13,837696;0,5432;2,601745611;834,5916;0,3;0,5;40;45;10;0;0;0;3;0;1,2
16,162496;0,4416;2,347749338;853,411;0,3;0,5;40;45;10;0;0;0;3;0;1,2
14,995872;0,3016;2,91458272;796,9973;0,3;0,5;40;45;10;0;0;0;3;0;1,2
14,75856;0,4306;2,250661959;818,5234;0,3;0,5;40;45;10;0;0;0;3;0;1,2
17,356352;0,5499;2,349710699;851,8834;0,3;0,5;40;45;10;0;0;0;3;0;1,2
17,61472;0,5171;2,410512896;861,5516;0,3;0,5;40;45;10;0;0;0;3;0;1,2
14,61904;0,4624;2,674315975;833,5048;0,3;0,5;40;45;10;0;0;0;3;0;1,2
15,142368;0,3122;2,970481514;834,8303;0,3;0,5;40;45;10;0;0;0;3;0;1,2
14,350976;0,3207;2,101598509;822,5422;0,3;0,5;40;45;10;0;0;0;3;0;1,2
13,975776;0,4815;2,794939688;828,6685;0,3;0,5;40;45;10;0;0;0;3;0;1,2
15,134496;0,442;2,239874473;834,8704;0,3;0,5;40;45;10;0;0;0;3;0;1,2
15,994944;0,491;2,657644405;814,5889;0,3;0,5;40;45;10;0;0;0;3;0;1,2
17,465504;0,4435;2,107482593;831,4415;0,3;0,5;40;45;10;0;0;0;3;0;1,2
13,09904;0,5914;2,683142101;842,3569;0,3;0,5;40;45;10;0;0;0;3;0;1,2
14,402048;0,3458;2,604687653;838,5875;0,3;0,5;40;45;10;0;0;0;3;0;1,2
15,730336;0,5394;2,1525939;867,708;0,3;0,5;40;45;10;0;0;0;3;0;1,2
15,963808;0,5129;2,554672943;824,004;0,3;0,5;40;45;10;0;0;0;3;0;1,2
13,146464;0,4567;2,575267235;838,0643;0,3;0,5;40;45;10;0;0;0;3;0;1,2
17,278368;0,4298;2,504658233;826,5706;0,3;0,5;40;45;10;0;0;0;3;0;1,2
15,4456;0,5269;2,31734824;846,5895;0,3;0,5;40;45;10;0;0;0;3;0;1,2
12,481408;0,518;2,783171521;808,2802;0,3;0,5;40;45;10;0;0;0;3;0;1,2
15,338304;0,4289;2,59978425;815,6486;0;0;25;60;5;0;0;5;3;2;0
12,364928;0,388;2,133960969;849,3074;0;0;25;60;5;0;0;5;3;2;0
13,672;0,3085;2,349710699;803,8092;0;0;25;60;5;0;0;5;3;2;0
17,775136;0,4297;2,295773267;826,8268;0;0;25;60;5;0;0;5;3;2;0
12,70352;0,5879;2,627243307;825,3083;0;0;25;60;5;0;0;5;3;2;0
14,760768;0,44;2,357556144;819,6492;0;0;25;60;5;0;0;5;3;2;0
13,123744;0,3113;2,596842208;829,1445;0;0;25;60;5;0;0;5;3;2;0
15,47232;0,3883;2,670393253;826,3927;0;0;25;60;5;0;0;5;3;2;0
14,829792;0,3299;2,382073159;828,2334;0;0;25;60;5;0;0;5;3;2;0
12,809728;0,3186;2,121212121;815,3245;0;0;25;60;5;0;0;5;3;2;0
15,449248;0,5225;2,86358733;833,397;0;0;25;60;5;0;0;5;3;2;0
16,821696;0,5907;2,273217613;832,9392;0;0;25;60;5;0;0;5;3;2;0
12,613248;0,355;2,454643523;821,239;0;0;25;60;5;0;0;5;3;2;0
16,8528;0,3571;2,165342748;823,4275;0;0;25;60;5;0;0;5;3;2;0
15,980288;0,3766;2,530155928;837,8798;0;0;25;60;5;0;0;5;3;2;0
13,443104;0,5785;2,673335295;828,1401;0;0;25;60;5;0;0;5;3;2;0
15,008704;0,4542;2,617436501;816,6938;0;0;25;60;5;0;0;5;3;2;0
17,976384;0,4768;2,438952633;843,7896;0;0;25;60;5;0;0;5;3;2;0
16,481824;0,4433;2,459546926;820,2073;0;0;25;60;5;0;0;5;3;2;0
14,077568;0,3248;2,452682161;831,2574;0;0;25;60;5;0;0;5;3;2;0
13,779488;0,5974;2,830244189;838,0984;0;0;25;60;5;0;0;5;3;2;0
12,763008;0,3747;2,209473375;827,9423;0;0;25;60;5;0;0;5;3;2;0
13,90288;0,5145;2,415416299;845,2012;0;0;25;60;5;0;0;5;3;2;0
15,337184;0,4223;2,717465921;830,0752;0;0;25;60;5;0;0;5;3;2;0
14,24752;0,5208;2,459546926;820,8209;0;0;25;60;5;0;0;5;3;2;0
16,041824;0,3108;2,877316858;840,1157;0;0;25;60;5;0;0;5;3;2;0
13,126144;0,3924;2,969500834;824,989;0;0;25;60;5;0;0;5;3;2;0
14,454592;0,4703;2,71452388;816,7771;0;0;25;60;5;0;0;5;3;2;0
12,0432;0,5141;2,186917721;828,3483;0;0;25;60;5;0;0;5;3;2;0
13,637376;0,3958;2,686084142;846,9471;0;0;25;60;5;0;0;5;3;2;0
15,717696;0,3763;2,917524762;803,3068;0;0;25;60;5;0;0;5;3;2;0
16,034496;0,4626;2,639992155;835,4191;0;0;25;60;5;0;0;5;3;2;0
17,856256;0,4084;2,326174365;834,7563;0;0;25;60;5;0;0;5;3;2;0
17,121056;0,4785;2,239874473;832,3373;0;0;25;60;5;0;0;5;3;2;0
14,677088;0,5507;2,991075807;816,5796;0;0;25;60;5;0;0;5;3;2;0
14,801792;0,3747;2,854761204;844,0574;0;0;25;60;5;0;0;5;3;2;0
16,183712;0,3632;2,928312249;854,2153;0;0;25;60;5;0;0;5;3;2;0
16,559456;0,3331;2,809649897;810,6023;0;0;25;60;5;0;0;5;3;2;0
13,187648;0,3724;2,36834363;813,9485;0;0;25;60;5;0;0;5;3;2;0
14,352992;0,3517;2,195743846;833,9097;0;0;25;60;5;0;0;5;3;2;0
14,082336;0,4546;2,101598509;834,9552;1;0;25;60;0;0;0;10;0;4;0
17,26608;0,4471;2,848877121;823,7628;1;0;25;60;0;0;0;10;0;4;0
13,366368;0,3583;2,387957242;824,28;1;0;25;60;0;0;0;10;0;4;0
15,905568;0,5952;2,587035403;851,6265;1;0;25;60;0;0;0;10;0;4;0
17,917248;0,5622;2,420319702;837,4445;1;0;25;60;0;0;0;10;0;4;0
16,550112;0,4084;2,607629695;829,5983;1;0;25;60;0;0;0;10;0;4;0
17,01376;0,4727;2,161420025;826,6611;1;0;25;60;0;0;0;10;0;4;0
13,048128;0,3513;2,853780524;839,6234;1;0;25;60;0;0;0;10;0;4;0
16,1112;0,5569;2,936157693;846,5409;1;0;25;60;0;0;0;10;0;4;0
16,467008;0,5931;2,439933314;864,8275;1;0;25;60;0;0;0;10;0;4;0
14,363584;0,3148;2,286947141;853,6248;1;0;25;60;0;0;0;10;0;4;0
16,490432;0,4979;2,436010591;833,1068;1;0;25;60;0;0;0;10;0;4;0
15,89696;0,4881;2,894969109;822,0631;1;0;25;60;0;0;0;10;0;4;0
12,56784;0,5528;2,922428165;811,2611;1;0;25;60;0;0;0;10;0;4;0
14,833824;0,5065;2,260468765;856,0758;1;0;25;60;0;0;0;10;0;4;0
12,81264;0,4324;2,399725409;814,1298;1;0;25;60;0;0;0;10;0;4;0
14,06512;0,4717;2,744924978;828,4642;1;0;25;60;0;0;0;10;0;4;0
12,650592;0,4023;2,264391488;808,1926;1;0;25;60;0;0;0;10;0;4;0
17,77552;0,4793;2,385015201;856,5918;1;0;25;60;0;0;0;10;0;4;0
13,217504;0,3588;2,84789644;816,6177;1;0;25;60;0;0;0;10;0;4;0
15,714944;0,5772;2,451701481;842,9919;1;0;25;60;0;0;0;10;0;4;0
13,50864;0,407;2,716485241;808,9224;1;0;25;60;0;0;0;10;0;4;0
13,223552;0,4624;2,991075807;831,0542;1;0;25;60;0;0;0;10;0;4;0
12,277216;0,5756;2,13494165;830,4635;1;0;25;60;0;0;0;10;0;4;0
17,004416;0,4152;2,509561636;849,713;1;0;25;60;0;0;0;10;0;4;0
13,682048;0,5702;2,588996764;812,9314;1;0;25;60;0;0;0;10;0;4;0
12,64656;0,47;2,740021575;807,9462;1;0;25;60;0;0;0;10;0;4;0
12,686112;0,463;2,379131117;816,4912;1;0;25;60;0;0;0;10;0;4;0
17,89984;0,5251;2,254584682;841,9885;1;0;25;60;0;0;0;10;0;4;0
14,206304;0,5209;2,663528489;822,2948;1;0;25;60;0;0;0;10;0;4;0
13,696352;0,4886;2,345787977;842,4706;1;0;25;60;0;0;0;10;0;4;0
14,009472;0,4706;2,375208395;837,5079;1;0;25;60;0;0;0;10;0;4;0
16,92624;0,4626;2,676277336;821,6548;1;0;25;60;0;0;0;10;0;4;0
13,363264;0,3013;2,69883299;816,9995;1;0;25;60;0;0;0;10;0;4;0
12,958784;0,3646;2,879278219;834,7397;1;0;25;60;0;0;0;10;0;4;0
13,433216;0,5049;2,205550652;852,848;1;0;25;60;0;0;0;10;0;4;0
17,9176;0,4869;2,932234971;814,0245;1;0;25;60;0;0;0;10;0;4;0
13,431392;0,5539;2,453662842;859,2899;1;0;25;60;0;0;0;10;0;4;0
12,702784;0,5923;2,28498578;832,7659;1;0;25;60;0;0;0;10;0;4;0
12,51472;0,4166;2,453662842;820,0028;1;0;25;60;0;0;0;10;0;4;0
12,76576;0,5486;2,257526724;829,3038;0,2;0,5;25;60;0;0;10;0;1,5;2;0,8
15,434432;0,3097;2,690987545;824,4792;0,2;0,5;25;60;0;0;10;0;1,5;2;0,8
15,631648;0,4003;2,692948907;826,5554;0,2;0,5;25;60;0;0;10;0;1,5;2;0,8
17,9328;0,4884;2,5164264;868,3807;0,2;0,5;25;60;0;0;10;0;1,5;2;0,8
12,172128;0,477;2,779248799;810,9926;0,2;0,5;25;60;0;0;10;0;1,5;2;0,8
13,89264;0,4748;2,594880847;832,098;0,2;0,5;25;60;0;0;10;0;1,5;2;0,8
13,631168;0,3403;2,431107188;823,9174;0,2;0,5;25;60;0;0;10;0;1,5;2;0,8
12,236032;0,4223;2,517407081;823,921;0,2;0,5;25;60;0;0;10;0;1,5;2;0,8
16,396128;0,4675;2,430126508;842,2277;0,2;0,5;25;60;0;0;10;0;1,5;2;0,8
15,57232;0,4188;2,580170638;818,9862;0,2;0,5;25;60;0;0;10;0;1,5;2;0,8
12,521856;0,3735;2,437971953;819,3772;0,2;0,5;25;60;0;0;10;0;1,5;2;0,8
14,595968;0,4269;2,518387761;829,0875;0,2;0,5;25;60;0;0;10;0;1,5;2;0,8
16,005184;0,3693;2,258507404;861,7048;0,2;0,5;25;60;0;0;10;0;1,5;2;0,8
16,236096;0,5616;2,607629695;822,6339;0,2;0,5;25;60;0;0;10;0;1,5;2;0,8
14,807104;0,3588;2,774345396;807,0645;0,2;0,5;25;60;0;0;10;0;1,5;2;0,8
15,553824;0,5054;2,630185349;815,0073;0,2;0,5;25;60;0;0;10;0;1,5;2;0,8
16,626496;0,4727;2,940080416;811,5933;0,2;0,5;25;60;0;0;10;0;1,5;2;0,8
13,39184;0,4613;2,295773267;814,5997;0,2;0,5;25;60;0;0;10;0;1,5;2;0,8
14,424032;0,54;2,737079533;853,3777;0,2;0,5;25;60;0;0;10;0;1,5;2;0,8
13,77232;0,3428;2,231048348;834,7214;0,2;0,5;25;60;0;0;10;0;1,5;2;0,8
15,695168;0,4969;2,193782485;840,4358;0,2;0,5;25;60;0;0;10;0;1,5;2;0,8
13,044832;0,5018;2,83122487;827,6791;0,2;0,5;25;60;0;0;10;0;1,5;2;0,8
15,493568;0,5334;2,769441993;826,0265;0,2;0,5;25;60;0;0;10;0;1,5;2;0,8
16,7856;0,3935;2,772384035;813,7621;0,2;0,5;25;60;0;0;10;0;1,5;2;0,8
15,204992;0,3771;2,994017848;819,2045;0,2;0,5;25;60;0;0;10;0;1,5;2;0,8
12,445312;0,5796;2,584093361;842,1818;0,2;0,5;25;60;0;0;10;0;1,5;2;0,8
15,070208;0,4151;2,778268118;843,6809;0,2;0,5;25;60;0;0;10;0;1,5;2;0,8
17,748576;0,5684;2,493870746;860,2656;0,2;0,5;25;60;0;0;10;0;1,5;2;0,8
16,45856;0,4523;2,879278219;817,4467;0,2;0,5;25;60;0;0;10;0;1,5;2;0,8
12,840288;0,5922;2,618417182;830,1013;0,2;0,5;25;60;0;0;10;0;1,5;2;0,8
15,891648;0,3088;2,238893792;816,2108;0,2;0,5;25;60;0;0;10;0;1,5;2;0,8
14,187072;0,423;2,837108954;822,248;0,2;0,5;25;60;0;0;10;0;1,5;2;0,8
14,816608;0,4529;2,16926547;844,9;0,2;0,5;25;60;0;0;10;0;1,5;2;0,8
14,222592;0,325;2,306560753;825,3832;0,2;0,5;25;60;0;0;10;0;1,5;2;0,8
15,129536;0,5732;2,115328038;872,0929;0,2;0,5;25;60;0;0;10;0;1,5;2;0,8
14,748512;0,5448;2,256546043;855,8843;0,2;0,5;25;60;0;0;10;0;1,5;2;0,8
12,4488;0,5876;2,272236932;821,5635;0,2;0,5;25;60;0;0;10;0;1,5;2;0,8
16,081184;0,5391;2,138864372;845,0275;0,2;0,5;25;60;0;0;10;0;1,5;2;0,8
17,1392;0,4894;2,267333529;868,536;0,2;0,5;25;60;0;0;10;0;1,5;2;0,8
15,950976;0,3402;2,635088752;808,7086;0,2;0,5;25;60;0;0;10;0;1,5;2;0,8
13,083648;0,5317;2,203589291;817,3784;0,2;2;25;60;5;4;0;0;3;0;0,8
12,150688;0,4586;2,939099735;813,1968;0,2;2;25;60;5;4;0;0;3;0;0,8
16,209184;0,5485;2,46739237;854,7806;0,2;2;25;60;5;4;0;0;3;0;0,8
14,933792;0,3229;2,189859763;836,1763;0,2;2;25;60;5;4;0;0;3;0;0,8
16,75776;0,514;2,294792586;828,8959;0,2;2;25;60;5;4;0;0;3;0;0,8
15,16288;0,3581;2,375208395;832,1195;0,2;2;25;60;5;4;0;0;3;0;0,8
15,311936;0,5389;2,507600275;827,2863;0,2;2;25;60;5;4;0;0;3;0;0,8
16,207712;0,5005;2,791997646;852,6022;0,2;2;25;60;5;4;0;0;3;0;0,8
14,566496;0,3045;2,505638913;837,1687;0,2;2;25;60;5;4;0;0;3;0;0,8
15,594464;0,5505;2,274198294;833,468;0,2;2;25;60;5;4;0;0;3;0;0,8
14,853408;0,3341;2,319309601;836,9526;0,2;2;25;60;5;4;0;0;3;0;0,8
14,403872;0,5628;2,876336177;830,1489;0,2;2;25;60;5;4;0;0;3;0;0,8
13,413792;0,3021;2,537020692;839,6902;0,2;2;25;60;5;4;0;0;3;0;0,8
12,419136;0,3742;2,429145827;847,392;0,2;2;25;60;5;4;0;0;3;0;0,8
13,423136;0,3802;2,978326959;809,8082;0,2;2;25;60;5;4;0;0;3;0;0,8
13,025056;0,3687;2,950867902;812,7247;0,2;2;25;60;5;4;0;0;3;0;0,8
12,762464;0,5217;2,844954398;849,5054;0,2;2;25;60;5;4;0;0;3;0;0,8
13,856192;0,4805;2,519368442;810,3556;0,2;2;25;60;5;4;0;0;3;0;0,8
14,54416;0,3829;2,322251643;836,71;0,2;2;25;60;5;4;0;0;3;0;0,8
13,194976;0,434;2,115328038;820,6869;0,2;2;25;60;5;4;0;0;3;0;0,8
17,383648;0,4821;2,951848583;837,4789;0,2;2;25;60;5;4;0;0;3;0;0,8
14,12096;0,3216;2,216338139;813,1779;0,2;2;25;60;5;4;0;0;3;0;0,8
15,423456;0,3957;2,262430127;820,0079;0,2;2;25;60;5;4;0;0;3;0;0,8
14,408448;0,3189;2,667451211;822,5907;0,2;2;25;60;5;4;0;0;3;0;0,8
14,10688;0,593;2,460527606;828,1576;0,2;2;25;60;5;4;0;0;3;0;0,8
12,175424;0,4376;2,199666569;832,9274;0,2;2;25;60;5;4;0;0;3;0;0,8
13,701088;0,4069;2,592919486;827,1489;0,2;2;25;60;5;4;0;0;3;0;0,8
15,281536;0,3154;2,122192802;828,2236;0,2;2;25;60;5;4;0;0;3;0;0,8
14,570688;0,5433;2,961655389;836,0651;0,2;2;25;60;5;4;0;0;3;0;0,8
12,476992;0,5442;2,468373051;857,8383;0,2;2;25;60;5;4;0;0;3;0;0,8
14,200992;0,5273;2,907717956;818,7262;0,2;2;25;60;5;4;0;0;3;0;0,8
14,30096;0,4348;2,316367559;817,7687;0,2;2;25;60;5;4;0;0;3;0;0,8
13,971936;0,3876;2,753751103;819,8889;0,2;2;25;60;5;4;0;0;3;0;0,8
13,729472;0,3202;2,454643523;828,6226;0,2;2;25;60;5;4;0;0;3;0;0,8
17,681024;0,5776;2,711581838;824,585;0,2;2;25;60;5;4;0;0;3;0;0,8
16,57504;0,5953;2,327155046;837,427;0,2;2;25;60;5;4;0;0;3;0;0,8
15,816416;0,4346;2,35069138;816,4105;0,2;2;25;60;5;4;0;0;3;0;0,8
15,63312;0,495;2,932234971;829,7679;0,2;2;25;60;5;4;0;0;3;0;0,8
15,581824;0,5761;2,431107188;839,2332;0,2;2;25;60;5;4;0;0;3;0;0,8
16,58272;0,5093;2,183975679;842,1277;0,2;2;25;60;5;4;0;0;3;0;0,8
